-2,0,0,-7.0341796875,-4.861718654632568,3.56494140625,8,-2,0,-7.5126953125,4.206152439117432,4.009961128234863
-2,1,0,-7.091601848602295,-4.914355754852295,3.598437547683716,10,-3,0,-7.507910251617432,4.172656536102295,4.000390529632568
-1,1,0,-7.101171970367432,-4.957421779632568,3.6080079078674316,11,-2,-1,-7.460058689117432,4.230078220367432,3.9764649868011475
0,1,0,-7.139453411102295,-4.880859375,3.61279296875,12,-2,-1,-7.426562786102295,4.297070503234863,4.009961128234863
-1,0,0,-7.125097751617432,-4.8330078125,3.603222608566284,12,-2,-1,-7.493555068969727,4.397558689117432,4.014746189117432
-3,0,0,-7.110742092132568,-4.847363471984863,3.622363328933716,10,-2,0,-7.46484375,4.431054592132568,4.005176067352295
-3,0,0,-7.115527629852295,-4.866504192352295,3.579296827316284,8,-2,0,-7.445703506469727,4.368847846984863,3.9716796875
-3,0,1,-7.10595703125,-4.885644435882568,3.5697267055511475,8,-2,0,-7.483984470367432,4.268359661102295,3.981250047683716
-1,0,0,-7.120312690734863,-4.900000095367432,3.6175782680511475,10,-3,0,-7.498340129852295,4.239648342132568,3.981250047683716
-2,0,0,-7.115527629852295,-4.837792873382568,3.579296827316284,10,-2,0,-7.522265911102295,4.268359661102295,4.005176067352295
-5,0,1,-7.15380859375,-4.9765625,3.5218751430511475,6,-3,0,-7.708887100219727,4.373632907867432,4.167870998382568
-2,4,-1,-6.890625,-5.158398628234863,3.196484327316284,1,-4,0,-7.7041015625,4.100879192352295,4.301855564117432
1,10,-5,-6.359472751617432,-4.732519626617432,2.79931640625,6,-3,0,-7.196875095367432,3.923828125,4.268359661102295
8,12,1,-6.881054878234863,-5.3115234375,2.8280274868011475,-18,2,2,-7.522265911102295,4.04345703125,5.340234279632568
31,8,17,-7.675390720367432,-5.038769721984863,3.167773485183716,-31,-3,2,-7.603613376617432,2.976367235183716,6.258984565734863
3,-4,31,-7.771093845367432,-4.603320598602295,3.167773485183716,2,-8,-2,-7.311718940734863,2.904589891433716,5.163183689117432
0,-4,32,-7.431347846984863,-4.990918159484863,2.99072265625,24,-5,1,-6.814062595367432,3.2108399868011475,4.368847846984863
32,3,33,-7.63232421875,-4.880859375,3.3208985328674316,29,0,3,-6.536523342132568,3.2251954078674316,4.775586128234863
46,4,38,-7.962500095367432,-4.612890720367432,3.454882860183716,26,-3,-4,-6.780566692352295,3.3065431118011475,5.86181640625
32,0,40,-7.637109756469727,-4.2587890625,3.340039014816284,31,-7,-5,-6.828418254852295,3.4644532203674316,5.866601467132568
15,-3,38,-7.283008098602295,-4.311425685882568,3.1103515625,23,-2,4,-6.541308879852295,3.072070360183716,5.388085842132568
14,-2,36,-7.402637004852295,-4.622460842132568,2.89501953125,21,2,11,-6.995898723602295,3.2586915493011475,5.230175971984863
25,1,36,-7.809375286102295,-4.871289253234863,3.0433595180511475,2,2,6,-7.6083984375,2.9380860328674316,4.938281536102295
10,3,27,-8.326171875,-4.526757717132568,3.048144578933716,10,-3,-25,-8.450586318969727,3.627148389816284,4.493261814117432
-30,5,-11,-10.326367378234863,-4.885644435882568,4.603320598602295,18,-23,-50,-11.17333984375,6.24462890625,3.9381837844848633
-54,13,-94,-9.910058975219727,-4.885644435882568,5.282812595367432,11,-26,-39,-10.302441596984863,5.837890625,2.7227540016174316
76,26,-204,-10.90537166595459,-3.861621141433716,5.656054973602295,56,-12,-25,-7.5126953125,4.919140815734863,1.8757812976837158
151,3,-212,-10.221094131469727,2.019335985183716,5.469433784484863,86,7,-12,-5.565136909484863,4.966992378234863,1.1819336414337158
0,-39,-114,-7.7998046875,2.89501953125,5.19189453125,16,22,5,-6.14892578125,5.656054973602295,1.4211914539337158
-37,-23,-15,-6.641797065734863,1.0623047351837158,3.89990234375,-49,17,14,-6.981543064117432,4.957421779632568,1.765722632408142
-89,-8,64,-6.900195598602295,-1.02880859375,3.9046876430511475,-62,5,19,-7.311718940734863,3.837695360183716,2.17724609375
-78,2,97,-7.354785442352295,-3.502734422683716,3.483593702316284,-10,-2,8,-8.077343940734863,3.483593702316284,2.60791015625
2,16,103,-8.263964653015137,-4.694238185882568,3.6654298305511475,49,-5,-5,-9.01523494720459,4.340137004852295,2.856738328933716
47,19,97,-9.46982479095459,-4.311425685882568,4.670312404632568,36,8,0,-9.704297065734863,4.823437690734863,3.1629884243011475
21,-4,70,-8.54150390625,-3.741992235183716,4.837792873382568,20,26,11,-8.75205135345459,4.297070503234863,3.072070360183716
-57,-31,47,-7.87158203125,-2.6844727993011475,4.392773628234863,44,36,11,-7.790234565734863,4.172656536102295,2.861523389816284
-99,-47,39,-7.330859661102295,-2.8423829078674316,3.9429688453674316,-34,41,15,-7.842871189117432,4.507617473602295,2.8232421875
-92,-49,57,-6.900195598602295,-2.2059571743011475,4.2587890625,-79,23,-1,-7.809375286102295,4.038671970367432,2.65576171875
-111,-46,71,-6.823632717132568,-2.9859375953674316,4.995703220367432,-75,-1,-19,-7.780664443969727,3.5458009243011475,2.65576171875
-68,-30,41,-6.421679973602295,-4.340137004852295,5.794824123382568,-25,-25,-36,-7.684961318969727,3.732421875,2.48828125
13,-4,1,-6.297265529632568,-3.478808641433716,5.450293064117432,12,-36,-41,-7.952929973602295,4.196582317352295,2.3973634243011475
39,6,-16,-6.550879001617432,-2.0767579078674316,4.900000095367432,20,-39,-34,-8.163476943969727,4.560254096984863,2.186816453933716
28,9,-20,-6.871484279632568,-1.6413086652755737,4.900000095367432,24,-35,-19,-8.311816215515137,4.40234375,1.98583984375
20,11,-28,-7.2255859375,-1.464257836341858,5.086621284484863,57,-28,-4,-8.79990291595459,3.7037110328674316,1.7848633527755737
18,13,-31,-7.828516006469727,-1.670019507408142,5.182324409484863,61,-14,16,-9.321484565734863,3.555371046066284,1.870996117591858
13,12,-21,-9.723437309265137,-2.574414014816284,5.368945598602295,48,3,14,-10.422070503234863,2.9380860328674316,1.89013671875
-5,-3,-4,-10.78574275970459,-4.0673828125,5.62255859375,25,12,-2,-9.800000190734863,4.153515815734863,3.3543946743011475
-13,-10,2,-9.23056697845459,-3.5840821266174316,4.148730754852295,-5,32,7,-7.804590225219727,4.397558689117432,3.789843797683716
-37,-9,12,-7.689746379852295,-3.5362305641174316,3.25390625,-77,23,40,-8.689844131469727,1.3015625476837158,10.3359375
-26,0,26,-6.263769626617432,-4.0673828125,2.646191358566284,19,-27,13,-6.1728515625,-0.59814453125,9.847851753234863
32,14,34,-5.756543159484863,-4.588964939117432,2.48828125,87,-30,-8,-6.522168159484863,2.167675733566284,5.689550876617432
79,19,37,-6.885839939117432,-4.52197265625,3.0146484375,63,-22,-4,-6.957617282867432,3.158203125,3.08642578125
54,5,46,-8.235254287719727,-3.8472657203674316,3.3926758766174316,4,-10,-3,-7.072461128234863,4.201367378234863,2.8902344703674316
-38,-12,49,-8.555859565734863,-3.7946290969848633,3.2826173305511475,-16,1,-4,-7.043750286102295,3.9046876430511475,3.63671875
-99,-13,27,-7.914648532867432,-4.636816501617432,2.9141602516174316,0,10,-1,-7.24951171875,4.01953125,3.9764649868011475
-61,12,-18,-7.086816310882568,-5.57470703125,2.646191358566284,-6,13,7,-7.134667873382568,4.062597751617432,4.368847846984863
20,40,-65,-7.163379192352295,-5.134472846984863,2.8663086891174316,-37,11,15,-7.517480850219727,3.61279296875,5.057910442352295
51,50,-80,-9.101366996765137,-4.655957221984863,3.8472657203674316,-31,2,4,-9.412402153015137,3.2826173305511475,6.139355659484863
42,39,-81,-8.814257621765137,-3.66064453125,4.206152439117432,-24,-9,2,-8.39794921875,3.5362305641174316,5.43115234375
44,31,-98,-7.8955078125,-2.8423829078674316,3.8089845180511475,-9,-14,9,-7.302148342132568,2.5552735328674316,4.421484470367432
53,28,-97,-8.34531307220459,-2.201171875,4.062597751617432,31,-16,2,-7.373926162719727,2.976367235183716,4.096093654632568
28,20,-49,-8.407519340515137,-2.0863282680511475,4.306640625,44,-11,0,-7.388281345367432,3.4453125,3.8664064407348633
-15,7,17,-8.35009765625,-3.0625,3.9046876430511475,25,-7,9,-7.962500095367432,3.6845703125,4.311425685882568
-9,3,55,-7.809375286102295,-4.23486328125,3.42138671875,29,-11,16,-7.675390720367432,3.25390625,4.823437690734863
41,9,55,-7.952929973602295,-4.775586128234863,3.6319336891174316,53,-21,10,-6.981543064117432,2.311230421066284,5.43115234375
52,4,38,-8.0869140625,-4.28271484375,3.8759765625,105,-33,-16,-6.589160442352295,2.933300733566284,5.086621284484863
31,-8,22,-8.091699600219727,-3.861621141433716,3.66064453125,131,-36,-41,-6.469531536102295,3.8664064407348633,4.37841796875
-4,-24,17,-7.91943359375,-3.8472657203674316,3.5123047828674316,99,-24,-42,-6.512597560882568,5.33544921875,4.177441596984863
-28,-33,22,-7.445703506469727,-3.9381837844848633,2.957226514816284,40,-9,-26,-6.608300685882568,5.4072265625,4.268359661102295
-32,-32,31,-7.101171970367432,-4.191796779632568,2.5313477516174316,8,3,-3,-6.622656345367432,5.23974609375,4.502831935882568
-11,-23,38,-6.794921875,-4.622460842132568,2.478710889816284,-22,14,19,-6.407324314117432,4.526757717132568,4.512402534484863
29,-13,42,-8.06298828125,-5.029199123382568,2.8663086891174316,-21,19,22,-7.158593654632568,4.081738471984863,5.368945598602295
14,-16,43,-8.914746284484863,-4.2587890625,3.072070360183716,15,6,5,-7.8955078125,4.244433879852295,5.100976467132568
-79,-18,33,-10.532129287719727,-3.9381837844848633,3.923828125,6,-5,-27,-9.54638671875,6.129785060882568,4.072167873382568
-181,-8,-10,-8.68505859375,-4.009961128234863,4.789941310882568,-91,-25,-19,-10.943652153015137,7.20166015625,3.3017578125
-72,36,-109,-6.450390815734863,-5.746972560882568,6.067578315734863,-91,-24,0,-8.06298828125,3.7994141578674316,1.775292992591858
124,63,-179,-8.240038871765137,-2.9955079555511475,5.368945598602295,17,-6,4,-6.38818359375,3.220410108566284,1.703515648841858
156,49,-162,-8.819043159484863,0.46894532442092896,6.704003810882568,54,2,4,-6.976758003234863,4.895215034484863,1.717871069908142
71,11,-76,-7.603613376617432,2.138964891433716,7.244726657867432,-17,1,15,-7.876367568969727,5.0244140625,1.60302734375
-27,-4,12,-6.412109375,0.27275392413139343,5.459863185882568,-45,-2,23,-8.235254287719727,3.7994141578674316,2.0289063453674316
-45,-5,54,-6.86669921875,-2.1102540493011475,4.90478515625,60,-11,2,-8.263964653015137,2.5169923305511475,2.1246094703674316
-19,-6,67,-7.015038967132568,-3.2969727516174316,4.014746189117432,114,-5,-17,-8.077343940734863,4.053027629852295,2.354296922683716
-6,-5,66,-7.263867378234863,-3.387890577316284,3.6750001907348633,57,6,-20,-7.555761814117432,5.105762004852295,2.473925828933716
-21,-2,64,-7.378711223602295,-3.5458009243011475,3.51708984375,-10,17,-13,-7.555761814117432,5.148828029632568,2.8998048305511475
-19,10,58,-7.8955078125,-4.340137004852295,3.5697267055511475,-50,26,0,-8.32138729095459,4.6416015625,3.454882860183716
15,26,50,-8.89560604095459,-4.995703220367432,4.335351467132568,-34,27,4,-9.082226753234863,4.813867092132568,4.6416015625
21,28,25,-7.283008098602295,-4.029101848602295,4.316211223602295,-11,18,15,-6.852344036102295,3.861621141433716,5.172753810882568
-27,11,8,-7.287793159484863,-3.03857421875,5.47900390625,9,12,15,-6.837988376617432,3.94775390625,4.392773628234863
-20,-5,5,-7.842871189117432,-3.4453125,5.632129192352295,-4,7,5,-7.316504001617432,4.440625190734863,3.732421875
16,-6,-6,-7.972070693969727,-3.1390626430511475,5.105762004852295,-27,-5,-10,-7.483984470367432,4.277929782867432,3.363964796066284
12,-7,-23,-8.244824409484863,-3.2347657680511475,4.4501953125,-15,-21,-29,-7.885937690734863,4.201367378234863,3.268261671066284
34,-5,-38,-8.196972846984863,-2.6844727993011475,3.981250047683716,-17,-27,-25,-8.220898628234863,4.40234375,3.143847703933716
29,-6,-31,-7.986425876617432,-1.2919921875,4.249218940734863,3,-22,-9,-8.22568416595459,4.1630859375,2.8758790493011475
-15,-7,0,-7.493555068969727,-0.44501954317092896,4.799511909484863,27,-9,9,-8.311816215515137,4.301855564117432,2.8041017055511475
-64,-10,33,-7.134667873382568,-1.153222680091858,5.330664157867432,29,2,25,-8.125195503234863,4.220508098602295,2.641406297683716
-69,-11,44,-7.101171970367432,-3.08642578125,5.378515720367432,28,8,29,-8.101269721984863,3.909472703933716,2.5791993141174316
-25,-4,29,-7.019824504852295,-3.9142580032348633,5.19189453125,33,8,21,-7.804590225219727,3.8089845180511475,2.550488233566284
27,9,0,-6.986328125,-3.7372071743011475,4.823437690734863,22,2,9,-7.598828315734863,4.024316310882568,2.6126954555511475
72,20,-29,-7.235156536102295,-2.904589891433716,4.684668064117432,9,-6,-6,-7.708887100219727,4.029101848602295,2.665332078933716
80,21,-43,-7.354785442352295,-1.2297852039337158,4.699023723602295,4,-15,-20,-7.838086128234863,4.220508098602295,2.784960985183716
49,12,-43,-7.517480850219727,-0.36845704913139343,4.6416015625,1,-22,-29,-8.216113090515137,4.536328315734863,2.8902344703674316
10,2,-30,-7.976855754852295,-0.13876953721046448,4.804296970367432,-9,-28,-29,-8.809473037719727,4.655957221984863,3.03857421875
-27,-4,-11,-8.39794921875,-1.2537109851837158,4.789941310882568,5,-33,-27,-9.27841854095459,4.397558689117432,3.1869142055511475
-48,-6,6,-9.584668159484863,-2.311230421066284,4.8330078125,41,-28,-22,-10.422070503234863,4.368847846984863,3.2347657680511475
-75,-20,27,-9.03916072845459,-3.5697267055511475,4.574609279632568,68,-9,-11,-8.84775447845459,4.517187595367432,3.363964796066284
-61,-27,21,-7.651464939117432,-3.7372071743011475,3.335253953933716,58,32,26,-6.014941692352295,4.622460842132568,2.8423829078674316
-60,-25,19,-7.192090034484863,-3.435742139816284,3.052929639816284,1,72,65,-6.96240234375,5.00048828125,3.3926758766174316
-61,-18,35,-7.407422065734863,-4.1630859375,3.1055665016174316,-56,76,87,-8.503222465515137,4.431054592132568,4.364062786102295
-13,-5,54,-7.627539157867432,-5.09619140625,2.957226514816284,-129,58,97,-7.718457221984863,4.273144721984863,7.292578220367432
48,5,62,-7.804590225219727,-4.923925876617432,3.0194337368011475,-130,27,77,-6.809277534484863,1.047949194908142,7.933789253234863
40,2,58,-7.962500095367432,-4.143945217132568,3.3687500953674316,-18,-2,14,-6.637012004852295,0.6268554925918579,5.924023628234863
-20,-14,41,-8.20654296875,-3.813769578933716,3.531445264816284,82,-25,-42,-6.971972942352295,2.4595704078674316,4.249218940734863
-73,-27,15,-7.842871189117432,-4.072167873382568,2.904589891433716,94,-37,-66,-6.799706935882568,3.8089845180511475,3.215625047683716
-89,-22,-8,-7.84765625,-4.359277248382568,2.574414014816284,33,-28,-63,-6.957617282867432,4.770801067352295,3.3304688930511475
-83,-3,-13,-8.790331840515137,-4.828222751617432,2.717968702316284,-37,-19,-56,-8.8046875,5.268456935882568,3.9142580032348633
-46,26,-16,-7.771093845367432,-5.00048828125,2.7083985805511475,-33,-16,-40,-8.359667778015137,4.297070503234863,3.85205078125
18,62,-43,-7.08203125,-4.923925876617432,3.4740235805511475,-10,-8,-11,-7.732812881469727,3.70849609375,3.732421875
84,69,-57,-7.87158203125,-1.9284180402755737,7.048535346984863,24,-3,5,-8.01513671875,4.100879192352295,3.8664064407348633
35,24,-8,-7.718457221984863,-1.201074242591858,6.306836128234863,54,0,11,-7.641894817352295,4.167870998382568,3.9668946266174316
50,14,-6,-7.527050971984863,-3.718066453933716,4.565039157867432,32,12,24,-7.211230754852295,4.42626953125,4.320996284484863
59,4,-2,-8.25439453125,-3.9046876430511475,4.048242092132568,-36,7,36,-7.995996475219727,3.5123047828674316,6.632226467132568
37,-14,10,-8.30224609375,-3.7276368141174316,3.5218751430511475,22,-24,6,-7.46484375,1.670019507408142,6.646582126617432
-11,-29,16,-8.149121284484863,-3.6415040493011475,2.7562501430511475,114,-42,-26,-6.857129096984863,2.6796875,4.919140815734863
-42,-30,11,-7.646679878234863,-3.9286134243011475,2.3160157203674316,85,-38,-32,-6.742285251617432,4.225293159484863,4.239648342132568
-30,-18,5,-7.665820598602295,-4.397558689117432,2.03369140625,42,-26,-27,-6.637012004852295,4.694238185882568,4.024316310882568
0,-1,5,-7.699316501617432,-4.3544921875,2.067187547683716,32,-14,-18,-6.5556640625,4.971777439117432,4.584179878234863
12,12,12,-7.790234565734863,-4.287499904632568,2.359081983566284,22,-5,-4,-6.718359470367432,4.966992378234863,5.330664157867432
21,21,17,-7.58447265625,-4.392773628234863,2.5791993141174316,7,-2,10,-6.57958984375,4.273144721984863,5.402441501617432
31,27,12,-7.833301067352295,-4.483691692352295,3.029003858566284,-1,-1,16,-6.876269817352295,3.478808641433716,5.426367282867432
28,21,4,-8.20654296875,-4.057812690734863,3.3926758766174316,13,0,6,-7.053320407867432,3.4405274391174316,5.129687786102295
-4,11,1,-9.843066215515137,-4.053027629852295,3.7994141578674316,24,0,-14,-8.809473037719727,3.8472657203674316,5.368945598602295
-22,4,-11,-10.278515815734863,-3.6845703125,4.459765911102295,40,-12,-32,-9.32627010345459,5.325879096984863,3.8903322219848633
66,24,-51,-8.15869140625,-0.5263671875,5.493359565734863,3,-12,-16,-8.484082221984863,5.234961032867432,2.5409181118011475
59,0,-15,-8.72812557220459,3.7372071743011475,6.814062595367432,4,-1,-13,-7.436132907867432,4.105664253234863,1.8087891340255737
-78,-32,28,-8.886034965515137,0.22490234673023224,4.947851657867432,10,6,-22,-7.110742092132568,4.469336032867432,1.751367211341858
-117,-35,30,-7.560546875,-2.9476563930511475,3.148632764816284,-26,3,-21,-7.474414348602295,4.818652629852295,1.8518555164337158
-23,-6,1,-6.426465034484863,-3.579296827316284,3.4979493618011475,-33,-6,-16,-7.804590225219727,4.153515815734863,2.1246094703674316
24,6,-9,-6.584374904632568,-2.641406297683716,4.938281536102295,10,-13,-16,-8.22568416595459,3.5840821266174316,2.32080078125
49,11,-16,-7.852441787719727,-2.41650390625,4.655957221984863,55,-17,-23,-8.72812557220459,4.344922065734863,2.665332078933716
29,7,-23,-7.53662109375,-1.8087891340255737,4.1630859375,53,-9,-18,-7.96728515625,4.574609279632568,2.5074219703674316
-11,4,-20,-7.187304973602295,-2.4212892055511475,3.7611329555511475,31,5,-1,-7.718457221984863,4.7373046875,2.713183641433716
5,10,-12,-8.6611328125,-3.5218751430511475,4.215722560882568,18,16,14,-9.058300971984863,4.684668064117432,3.244335889816284
21,6,-3,-8.30224609375,-2.583984375,4.770801067352295,6,25,33,-8.216113090515137,4.062597751617432,3.268261671066284
12,-2,-1,-7.976855754852295,-2.3877930641174316,4.502831935882568,19,38,43,-6.991113185882568,3.7611329555511475,3.1151368618011475
13,-5,0,-8.5654296875,-2.521777391433716,4.206152439117432,4,43,35,-7.474414348602295,4.033886909484863,3.1869142055511475
2,-3,0,-8.077343940734863,-2.545703172683716,3.6319336891174316,-28,36,18,-7.65625,3.8568360805511475,3.029003858566284
17,8,-4,-7.828516006469727,-1.84228515625,3.7372071743011475,-26,16,-3,-8.364453315734863,3.56494140625,2.9141602516174316
17,8,8,-8.125195503234863,-0.8182617425918579,4.612890720367432,-6,-5,-20,-9.024805068969727,3.6175782680511475,2.775390625
-13,-2,25,-7.785449504852295,-0.732128918170929,4.90478515625,0,-16,-26,-8.89560604095459,3.7754883766174316,2.526562452316284
-36,-10,32,-7.58447265625,-1.60302734375,4.76123046875,4,-18,-24,-8.39316463470459,3.8759765625,2.3973634243011475
-30,-9,28,-7.48876953125,-2.5169923305511475,4.555469036102295,6,-19,-23,-8.15869140625,4.000390529632568,2.3877930641174316
-12,-5,12,-7.436132907867432,-2.765820264816284,4.804296970367432,1,-26,-25,-7.943359375,4.048242092132568,2.32080078125
14,0,-6,-7.29736328125,-1.847070336341858,5.04833984375,7,-36,-31,-8.005566596984863,4.115234375,2.2681641578674316
32,4,-18,-7.34521484375,-1.033593773841858,4.85693359375,20,-43,-35,-8.383593559265137,4.268359661102295,2.0863282680511475
18,1,-18,-7.522265911102295,-0.2679687440395355,4.646386623382568,17,-36,-20,-8.330957412719727,4.349707126617432,1.775292992591858
1,-1,-17,-8.01513671875,-0.4976562559604645,4.411914348602295,13,-21,1,-8.87168025970459,4.124804973602295,1.823144555091858
-24,-5,-14,-8.742480278015137,-0.779980480670929,4.263574123382568,26,-10,19,-9.197070121765137,3.5458009243011475,2.1341798305511475
-37,-4,-1,-9.866991996765137,-1.693945288658142,4.770801067352295,50,-2,20,-9.914843559265137,3.598437547683716,2.7706055641174316
-70,-14,23,-10.06796932220459,-2.9859375953674316,5.081836223602295,43,2,11,-10.09189510345459,3.550585985183716,3.8424806594848633
-49,-16,20,-8.22568416595459,-4.081738471984863,3.718066453933716,47,17,12,-6.895410060882568,2.9859375953674316,3.8807618618011475
-6,-6,8,-7.187304973602295,-3.603222608566284,3.215625047683716,7,39,27,-6.584374904632568,3.646289110183716,4.627246379852295
3,-1,19,-7.44091796875,-3.7802734375,3.37353515625,-69,28,32,-8.000781059265137,2.761035203933716,7.043750286102295
16,-3,33,-7.359570503234863,-4.09130859375,3.27783203125,-1,2,17,-7.206445217132568,2.784960985183716,7.981640815734863
8,-11,41,-7.503125190734863,-3.85205078125,3.1629884243011475,25,-4,8,-6.857129096984863,3.70849609375,6.637012004852295
-32,-23,40,-7.613183975219727,-3.7276368141174316,2.957226514816284,-3,0,2,-6.737500190734863,3.4979493618011475,4.56982421875
-72,-27,30,-7.9912109375,-4.191796779632568,2.7323243618011475,-28,4,-1,-7.235156536102295,3.765918016433716,3.550585985183716
-75,-13,13,-7.833301067352295,-4.708593845367432,2.4212892055511475,-54,6,5,-7.479199409484863,3.885546922683716,3.5601563453674316
-37,12,-7,-7.570117473602295,-5.00048828125,2.545703172683716,-24,3,8,-7.594043254852295,3.411816358566284,3.7132813930511475
0,35,-27,-7.91943359375,-4.727734565734863,2.880664110183716,2,5,9,-7.929004192352295,3.6175782680511475,4.105664253234863
15,50,-42,-8.579785346984863,-4.560254096984863,3.5123047828674316,-15,2,12,-8.407519340515137,3.8664064407348633,4.3544921875
30,60,-58,-8.292675971984863,-4.61767578125,4.100879192352295,1,-9,10,-8.283105850219727,2.9141602516174316,4.59375
84,63,-78,-7.617969036102295,-3.03857421875,5.278027534484863,45,-21,4,-7.790234565734863,2.761035203933716,4.689453125
73,33,-47,-7.68017578125,-1.41162109375,5.330664157867432,46,-25,-1,-7.732812881469727,3.095996141433716,4.943066596984863
39,5,-15,-7.885937690734863,-3.08642578125,4.555469036102295,39,-23,-14,-7.5126953125,2.9141602516174316,5.263671875
17,-18,6,-8.49365234375,-3.6750001907348633,3.8233399391174316,57,-25,-30,-7.149023532867432,3.837695360183716,5.273242473602295
-15,-39,20,-8.20654296875,-3.6797852516174316,3.3687500953674316,51,-24,-30,-6.632226467132568,4.603320598602295,4.612890720367432
-46,-45,23,-7.96728515625,-4.000390529632568,2.9476563930511475,22,-21,-20,-6.660937786102295,4.655957221984863,4.411914348602295
-43,-37,18,-7.732812881469727,-4.541113376617432,2.521777391433716,10,-19,-11,-6.890625,4.292285442352295,4.66552734375
-6,-18,13,-7.565332412719727,-4.756445407867432,2.258593797683716,13,-9,0,-6.689648628234863,4.2587890625,4.871289253234863
23,-1,13,-7.527050971984863,-4.52197265625,2.426074266433716,-10,0,12,-6.574804782867432,3.7132813930511475,5.392871379852295
31,7,19,-7.436132907867432,-4.42626953125,2.5361328125,-12,1,14,-6.330761909484863,2.761035203933716,5.684765815734863
31,10,25,-7.795019626617432,-4.541113376617432,2.856738328933716,16,2,8,-6.641797065734863,2.8663086891174316,5.464648723602295
21,8,28,-8.12998104095459,-4.507617473602295,3.0194337368011475,28,4,3,-6.981543064117432,3.5218751430511475,4.957421779632568
-7,9,24,-10.292871475219727,-4.971777439117432,3.4931640625,31,3,-11,-8.94345760345459,3.9142580032348633,4.923925876617432
-47,13,-2,-9.45068359375,-4.349707126617432,3.8903322219848633,39,-12,-28,-8.407519340515137,4.900000095367432,4.2109375
-77,27,-58,-7.742383003234863,-3.22998046875,5.211035251617432,1,-26,-28,-9.2353515625,5.005273342132568,3.66064453125
30,39,-84,-6.967187404632568,-2.454785108566284,6.038867473602295,0,-19,-22,-8.627636909484863,3.8568360805511475,2.7945313453674316
118,27,-61,-8.426660537719727,0.607714831829071,6.278125286102295,39,6,-11,-7.828516006469727,3.8233399391174316,2.641406297683716
17,-8,-22,-9.321484565734863,1.1580078601837158,6.536523342132568,5,23,2,-7.718457221984863,4.990918159484863,2.502636671066284
-75,-34,16,-7.675390720367432,-0.3875976502895355,4.780371189117432,-65,23,19,-7.450488567352295,4.387988567352295,2.27294921875
-59,-31,34,-7.029394626617432,-2.928515672683716,4.1630859375,-36,8,14,-7.766308784484863,2.8663086891174316,2.4212892055511475
15,-12,27,-7.125097751617432,-3.7994141578674316,4.081738471984863,35,-4,-4,-7.933789253234863,3.387890577316284,2.497851610183716
40,0,12,-7.259082317352295,-3.2251954078674316,4.143945217132568,50,-4,-11,-8.10605525970459,4.40234375,2.5887696743011475
15,4,3,-7.072461128234863,-3.1773438453674316,3.9716796875,9,3,0,-8.11083984375,4.727734565734863,2.79931640625
11,10,-2,-6.665722846984863,-3.598437547683716,3.7802734375,4,6,9,-7.862011909484863,3.99560546875,3.005078077316284
28,20,-10,-6.718359470367432,-3.7467775344848633,3.694140672683716,35,8,13,-7.689746379852295,4.04345703125,3.03857421875
37,24,-17,-8.56064510345459,-3.8759765625,4.47412109375,6,13,17,-8.929101943969727,4.789941310882568,3.3783204555511475
21,13,-19,-8.7568359375,-3.292187452316284,4.608105659484863,-7,19,15,-8.58457088470459,4.359277248382568,3.435742139816284
-3,3,-24,-7.570117473602295,-3.03857421875,4.143945217132568,4,31,21,-7.096386909484863,3.732421875,3.08642578125
31,6,-24,-7.866796970367432,-2.27294921875,4.651172161102295,-4,37,23,-7.498340129852295,4.225293159484863,3.18212890625
28,4,-2,-8.20654296875,-0.8900390863418579,5.493359565734863,-49,27,17,-8.091699600219727,4.416699409484863,3.215625047683716
1,4,17,-7.962500095367432,-1.6173828840255737,5.09619140625,-55,0,1,-8.39316463470459,3.7132813930511475,3.22998046875
6,3,20,-7.421777725219727,-2.32080078125,4.66552734375,5,-24,-19,-8.17783260345459,3.03857421875,2.909374952316284
5,-2,18,-7.474414348602295,-2.7945313453674316,4.134375095367432,57,-32,-30,-8.149121284484863,3.7754883766174316,2.765820264816284
-13,-10,12,-7.972070693969727,-2.784960985183716,3.89990234375,42,-26,-26,-8.173047065734863,4.679883003234863,2.574414014816284
-29,-10,-1,-7.900293350219727,-2.7945313453674316,3.9908204078674316,-5,-18,-16,-8.173047065734863,4.694238185882568,2.593554735183716
-5,2,-16,-7.550976753234863,-1.74658203125,4.502831935882568,0,-22,-19,-8.17783260345459,4.053027629852295,2.5648438930511475
-14,0,-4,-7.46484375,-0.42109376192092896,5.665625095367432,-2,-25,-13,-8.30224609375,4.440625190734863,2.5313477516174316
-39,-10,11,-7.172949314117432,-1.4211914539337158,5.057910442352295,-7,-26,-5,-8.173047065734863,4.373632907867432,2.473925828933716
-39,-8,6,-6.881054878234863,-2.574414014816284,4.47412109375,7,-25,5,-8.08212947845459,4.18701171875,2.4930665493011475
-2,3,-14,-6.995898723602295,-2.9189453125,4.598535060882568,30,-24,11,-8.12998104095459,4.172656536102295,2.51220703125
17,6,-25,-8.15390682220459,-2.1963868141174316,5.340234279632568,31,-22,12,-8.986523628234863,4.268359661102295,2.7706055641174316
-21,-8,-10,-9.752148628234863,-1.8279297351837158,5.833105564117432,61,-22,-2,-10.106249809265137,3.828125,2.832812547683716
-80,-30,14,-8.58935546875,-3.4022462368011475,4.33056640625,79,-1,-2,-8.283105850219727,3.8664064407348633,2.7083985805511475
-47,-29,28,-8.44580078125,-4.555469036102295,3.550585985183716,60,47,22,-6.823632717132568,4.947851657867432,3.363964796066284
-22,-21,42,-7.455273628234863,-3.9046876430511475,3.048144578933716,-17,84,61,-7.072461128234863,5.507714748382568,4.215722560882568
-22,-10,51,-7.283008098602295,-4.134375095367432,2.9237306118011475,-121,78,94,-7.292578220367432,5.330664157867432,6.857129096984863
10,0,53,-7.378711223602295,-4.794726848602295,2.8519532680511475,-135,31,75,-7.283008098602295,2.210742235183716,9.536816596984863
37,5,51,-7.555761814117432,-4.3544921875,2.981152296066284,-19,1,8,-7.053320407867432,0.995312511920929,6.335546970367432
0,-2,49,-7.684961318969727,-3.6989259719848633,3.029003858566284,77,-13,-32,-6.933691501617432,3.263476610183716,4.541113376617432
-57,-9,42,-7.766308784484863,-4.100879192352295,2.7466797828674316,43,-23,-41,-7.149023532867432,4.254004001617432,3.579296827316284
-66,-1,28,-7.795019626617432,-4.986133098602295,2.65576171875,-18,-20,-36,-7.091601848602295,4.029101848602295,3.5697267055511475
-27,18,6,-7.675390720367432,-5.316308498382568,2.808886766433716,-4,-17,-45,-7.254296779632568,3.7994141578674316,3.8472657203674316
7,36,-20,-8.460156440734863,-5.23974609375,3.3974609375,19,-16,-53,-7.838086128234863,4.368847846984863,4.000390529632568
16,44,-49,-8.73291015625,-4.986133098602295,4.048242092132568,-8,-11,-41,-8.067773818969727,4.751660346984863,4.120019435882568
52,47,-87,-7.938574314117432,-3.70849609375,4.914355754852295,-13,-6,-18,-7.641894817352295,4.387988567352295,4.120019435882568
103,35,-75,-8.06298828125,1.0431641340255737,5.699120998382568,0,-3,3,-7.948144912719727,4.09130859375,4.301855564117432
9,8,-30,-8.01513671875,-1.4738281965255737,5.134472846984863,27,0,18,-7.7041015625,3.8568360805511475,4.230078220367432
0,-5,-4,-8.484082221984863,-3.4740235805511475,3.861621141433716,22,9,32,-7.780664443969727,4.129590034484863,4.411914348602295
13,-17,11,-8.75205135345459,-4.421484470367432,3.574511766433716,-21,10,39,-7.761523723602295,3.70849609375,5.263671875
2,-27,18,-8.211328506469727,-3.933398485183716,3.22998046875,-19,-6,21,-7.373926162719727,1.8087891340255737,6.029296875
-24,-32,13,-7.766308784484863,-4.005176067352295,2.904589891433716,57,-22,-13,-6.919335842132568,1.9619140625,5.086621284484863
-25,-24,0,-7.546191692352295,-4.435840129852295,2.5169923305511475,89,-27,-31,-6.924121379852295,3.2012696266174316,4.373632907867432
4,-9,-10,-7.737597942352295,-4.579394817352295,2.4834961891174316,68,-26,-31,-7.302148342132568,4.215722560882568,4.344922065734863
20,2,-9,-7.751953125,-4.254004001617432,2.6509766578674316,38,-18,-21,-7.498340129852295,4.421484470367432,4.90478515625
21,8,-1,-7.560546875,-4.23486328125,2.741894483566284,29,-12,-5,-7.259082317352295,4.383203029632568,5.536426067352295
21,11,2,-7.168164253234863,-4.153515815734863,2.737109422683716,26,-10,8,-6.727929592132568,3.923828125,5.349804878234863
21,11,2,-7.005468845367432,-4.177441596984863,2.8758790493011475,38,-6,9,-6.235058784484863,3.5936524868011475,4.861718654632568
19,7,4,-7.87158203125,-4.359277248382568,3.196484327316284,13,3,10,-6.603515625,3.99560546875,4.947851657867432
2,1,13,-9.029589653015137,-4.37841796875,3.42138671875,1,5,1,-7.641894817352295,4.120019435882568,5.273242473602295
-35,2,22,-10.536913871765137,-4.871289253234863,3.8807618618011475,12,-9,-16,-9.1875,4.732519626617432,5.38330078125
-49,15,-10,-7.627539157867432,-4.526757717132568,3.483593702316284,0,-23,-19,-7.771093845367432,4.454980373382568,3.8472657203674316
-1,43,-81,-7.0341796875,-4.512402534484863,3.789843797683716,4,-29,-28,-7.646679878234863,3.923828125,3.311328172683716
130,63,-124,-9.08701229095459,-3.80419921875,4.986133098602295,22,-28,-38,-8.101269721984863,4.053027629852295,3.1103515625
185,43,-90,-9.536816596984863,2.1533203125,6.751855373382568,17,-22,-37,-8.077343940734863,4.608105659484863,2.957226514816284
33,0,-16,-8.508008003234863,2.9380860328674316,5.723046779632568,5,-17,-22,-7.306933879852295,4.230078220367432,2.402148485183716
-97,-32,29,-7.866796970367432,-1.0910156965255737,4.478906154632568,1,-9,-6,-7.522265911102295,3.9716796875,2.4404296875
-79,-39,39,-7.756738662719727,-3.18212890625,3.4405274391174316,21,-8,-3,-7.96728515625,3.7850587368011475,2.454785108566284
-37,-29,35,-7.397851943969727,-3.4022462368011475,3.349609375,40,-8,-10,-8.23046875,4.110449314117432,2.502636671066284
-21,-11,26,-6.952832221984863,-3.4261720180511475,3.387890577316284,46,-5,-16,-7.943359375,4.364062786102295,2.450000047683716
1,5,19,-7.01025390625,-3.6989259719848633,3.6080079078674316,49,5,-12,-7.881152629852295,4.3544921875,2.5791993141174316
-1,6,24,-7.627539157867432,-3.765918016433716,4.033886909484863,44,25,1,-8.378808975219727,4.770801067352295,2.8902344703674316
6,7,28,-8.34531307220459,-4.081738471984863,4.2587890625,9,47,19,-8.84775447845459,4.947851657867432,3.411816358566284
1,3,20,-7.732812881469727,-3.6415040493011475,4.220508098602295,-10,66,40,-7.550976753234863,4.349707126617432,3.27783203125
1,0,6,-8.0390625,-3.51708984375,4.28271484375,-29,77,53,-7.421777725219727,4.517187595367432,3.555371046066284
17,-1,5,-8.330957412719727,-1.8375000953674316,5.349804878234863,-60,64,52,-7.943359375,3.9860353469848633,3.5362305641174316
1,0,16,-7.905078411102295,-1.478613257408142,5.392871379852295,-48,29,28,-8.646777153015137,3.3783204555511475,3.435742139816284
11,4,21,-7.426562786102295,-2.1963868141174316,4.933495998382568,4,-10,-6,-8.546289443969727,3.03857421875,2.933300733566284
18,5,19,-7.2255859375,-2.478710889816284,4.411914348602295,51,-33,-30,-8.263964653015137,3.27783203125,2.4452149868011475
10,2,12,-7.278222560882568,-2.51220703125,4.201367378234863,53,-36,-40,-8.091699600219727,4.143945217132568,2.3495118618011475
8,2,-1,-7.44091796875,-2.545703172683716,4.325781345367432,16,-36,-41,-8.235254287719727,4.627246379852295,2.354296922683716
13,5,-17,-7.646679878234863,-1.775292992591858,4.531543254852295,1,-41,-43,-8.412304878234863,4.368847846984863,2.454785108566284
16,4,-25,-7.881152629852295,-0.5790039300918579,4.914355754852295,-5,-44,-36,-8.78076171875,4.493261814117432,2.378222703933716
0,-2,-16,-7.82373046875,0.03828125074505806,4.919140815734863,-17,-43,-24,-8.742480278015137,4.445410251617432,2.234668016433716
-12,-6,-9,-7.804590225219727,-0.588574230670929,4.541113376617432,6,-40,-13,-8.618066787719727,4.325781345367432,2.2538087368011475
-17,-7,-8,-7.857226848602295,-1.1388672590255737,4.6416015625,37,-37,0,-8.622851371765137,4.18701171875,2.201171875
-16,-9,-11,-8.44101619720459,-1.9810547828674316,4.541113376617432,62,-32,9,-9.08701229095459,3.8424806594848633,2.4691407680511475
-17,-12,-10,-8.665918350219727,-2.1533203125,4.387988567352295,118,-30,5,-8.914746284484863,3.579296827316284,2.622265577316284
-31,-16,3,-8.742480278015137,-2.6318359375,4.13916015625,108,-5,19,-8.53671932220459,4.861718654632568,3.454882860183716
-36,-16,17,-8.36923885345459,-3.263476610183716,3.8089845180511475,43,21,44,-7.015038967132568,5.124902248382568,4.359277248382568
-36,-11,23,-7.6083984375,-3.2491211891174316,3.268261671066284,-14,34,50,-6.163281440734863,4.660742282867432,4.900000095367432
-41,-1,35,-7.555761814117432,-3.732421875,3.1773438453674316,-48,30,33,-7.091601848602295,4.344922065734863,5.603417873382568
-6,8,51,-7.689746379852295,-4.742089748382568,3.3543946743011475,-45,28,12,-7.206445217132568,3.99560546875,5.837890625
30,8,58,-7.412207126617432,-4.3544921875,3.3543946743011475,-23,31,5,-6.369042873382568,4.048242092132568,5.402441501617432
-6,-5,55,-7.65625,-3.454882860183716,3.3208985328674316,-35,37,4,-6.115429878234863,4.215722560882568,4.914355754852295
-75,-18,45,-8.17783260345459,-3.813769578933716,3.287402391433716,-54,31,-4,-6.680078029632568,4.220508098602295,4.880859375
-103,-16,27,-8.096484184265137,-4.727734565734863,2.9859375953674316,-52,14,-14,-7.038964748382568,4.024316310882568,4.943066596984863
-63,2,1,-7.503125190734863,-5.225390911102295,2.8232421875,-20,0,-22,-6.756640911102295,3.933398485183716,4.42626953125
-15,22,-23,-7.838086128234863,-4.866504192352295,3.18212890625,-13,-4,-20,-7.302148342132568,4.349707126617432,4.28271484375
0,33,-41,-8.819043159484863,-4.708593845367432,3.9286134243011475,-29,-5,-15,-8.24960994720459,4.823437690734863,4.469336032867432
26,40,-62,-8.24960994720459,-4.143945217132568,4.550683498382568,-23,-7,4,-7.905078411102295,3.9286134243011475,4.196582317352295
77,34,-65,-7.790234565734863,-0.5311523675918579,5.804394721984863,23,-5,26,-7.751953125,3.3974609375,4.177441596984863
37,12,-24,-8.019922256469727,-1.5216797590255737,5.297168254852295,52,0,37,-7.747168064117432,3.598437547683716,4.1630859375
2,-6,5,-8.30224609375,-2.856738328933716,4.392773628234863,32,7,36,-7.622754096984863,3.885546922683716,4.37841796875
-15,-21,22,-8.187402725219727,-4.038671970367432,3.63671875,-12,8,24,-7.20166015625,3.0672852993011475,5.545996189117432
-4,-26,21,-7.7998046875,-4.201367378234863,3.3208985328674316,18,-12,-5,-6.981543064117432,2.5074219703674316,6.115429878234863
-6,-25,14,-7.589258193969727,-4.057812690734863,3.1390626430511475,57,-30,-27,-6.881054878234863,3.502734422683716,5.177539348602295
-10,-21,7,-7.522265911102295,-4.177441596984863,2.9189453125,57,-32,-31,-7.168164253234863,4.273144721984863,4.565039157867432
-1,-14,3,-7.579687595367432,-4.301855564117432,2.808886766433716,37,-23,-24,-7.283008098602295,4.708593845367432,4.454980373382568
5,-6,5,-7.594043254852295,-4.268359661102295,2.8041017055511475,25,-11,-9,-6.995898723602295,4.679883003234863,4.861718654632568
9,0,9,-7.4169921875,-4.340137004852295,2.8184571266174316,16,-4,7,-6.622656345367432,4.627246379852295,5.249316692352295
14,5,10,-7.39306640625,-4.42626953125,2.9380860328674316,0,-1,16,-6.526953220367432,3.9860353469848633,5.378515720367432
17,7,10,-7.790234565734863,-4.531543254852295,3.1773438453674316,5,0,13,-6.799706935882568,3.61279296875,5.249316692352295
11,6,7,-8.15869140625,-4.498046875,3.3783204555511475,11,-1,4,-7.388281345367432,3.8807618618011475,4.947851657867432
-8,7,0,-9.608593940734863,-4.627246379852295,3.6654298305511475,9,-6,-11,-8.77597713470459,4.368847846984863,4.962207317352295
-41,8,-16,-9.25927734375,-4.053027629852295,4.09130859375,4,-19,-25,-8.503222465515137,4.775586128234863,4.407128810882568
-51,21,-54,-7.369140625,-3.5458009243011475,4.220508098602295,-2,-26,-26,-7.53662109375,4.206152439117432,3.4883790016174316
41,42,-99,-8.0390625,-2.957226514816284,5.019629001617432,14,-25,-35,-7.77587890625,4.048242092132568,3.2730469703674316
127,39,-98,-9.58945369720459,-0.27753907442092896,5.651269435882568,17,-18,-41,-8.01513671875,4.61767578125,3.1869142055511475
57,13,-47,-9.144433975219727,2.0576171875,6.062793254852295,-13,-12,-31,-7.426562786102295,4.9765625,2.957226514816284
-61,-18,10,-7.87158203125,0.11484375596046448,5.627343654632568,-34,-8,-9,-7.220800876617432,4.411914348602295,2.880664110183716
-93,-32,38,-6.909765720367432,-2.7801759243011475,4.603320598602295,-4,-10,7,-7.522265911102295,3.478808641433716,2.761035203933716
-54,-25,38,-7.091601848602295,-4.990918159484863,4.01953125,59,-14,4,-8.20175838470459,3.646289110183716,2.8184571266174316
49,1,18,-6.665722846984863,-4.383203029632568,3.598437547683716,97,-14,-4,-7.96728515625,3.9621095657348633,2.4404296875
85,18,7,-7.144238471984863,-3.1151368618011475,3.6654298305511475,83,-3,-8,-7.7041015625,4.464550971984863,2.2538087368011475
34,8,13,-7.737597942352295,-2.65576171875,3.9142580032348633,69,11,-12,-7.981640815734863,4.507617473602295,2.4404296875
-12,-3,23,-7.933789253234863,-3.359179735183716,4.0673828125,19,35,0,-8.211328506469727,4.684668064117432,2.6605470180511475
-13,-1,18,-7.885937690734863,-3.789843797683716,3.957324266433716,-18,53,11,-8.30224609375,4.76123046875,3.0625
-1,4,7,-8.01035213470459,-3.3783204555511475,4.172656536102295,-52,65,25,-8.20175838470459,4.909570217132568,3.541015625
0,6,1,-7.723242282867432,-2.583984375,4.416699409484863,-69,62,35,-8.173047065734863,4.756445407867432,3.9860353469848633
-13,-4,12,-7.546191692352295,-1.1149414777755737,5.751758098602295,-72,39,34,-8.17783260345459,3.8568360805511475,4.708593845367432
-33,-14,27,-7.335644721984863,-1.9571290016174316,5.412011623382568,-20,7,11,-8.06298828125,3.1773438453674316,4.316211223602295
-6,-10,27,-7.58447265625,-2.4834961891174316,4.866504192352295,38,-18,-14,-8.024706840515137,3.5362305641174316,3.1629884243011475
-1,-6,22,-7.603613376617432,-2.5361328125,4.407128810882568,48,-34,-31,-7.909863471984863,3.9908204078674316,2.3160157203674316
-8,-4,12,-7.39306640625,-2.502636671066284,4.440625190734863,23,-39,-39,-8.048632621765137,4.335351467132568,1.8997070789337158
-3,-1,-1,-7.426562786102295,-2.258593797683716,4.651172161102295,0,-36,-37,-8.326171875,4.4501953125,1.9140625
5,0,-11,-7.369140625,-1.5168945789337158,4.9287109375,7,-29,-28,-8.354883193969727,4.311425685882568,1.8757812976837158
3,0,-11,-7.479199409484863,-0.9187500476837158,5.206250190734863,10,-18,-9,-8.3740234375,4.454980373382568,1.8662109375
-11,-5,-4,-7.493555068969727,-0.564648449420929,5.4072265625,0,-9,5,-8.101269721984863,4.325781345367432,1.8566406965255737
-32,-10,0,-7.914648532867432,-1.583886742591858,5.23974609375,0,-2,14,-8.718554496765137,4.143945217132568,2.0624024868011475
-24,-8,-2,-7.986425876617432,-2.392578125,4.560254096984863,5,3,20,-8.689844131469727,3.8424806594848633,2.402148485183716
-11,-3,-2,-8.479296684265137,-2.3447265625,4.608105659484863,26,3,17,-9.144433975219727,3.32568359375,3.37353515625
-28,-8,13,-8.49365234375,-2.6796875,4.502831935882568,51,-4,3,-8.450586318969727,2.832812547683716,4.249218940734863
-34,-11,26,-8.72812557220459,-4.148730754852295,4.053027629852295,45,0,-2,-7.254296779632568,2.8998048305511475,4.703808784484863
-13,-5,22,-7.790234565734863,-4.072167873382568,3.4166016578674316,9,9,-2,-7.550976753234863,3.18212890625,5.124902248382568
-5,5,23,-7.5126953125,-4.124804973602295,3.1390626430511475,-13,10,-2,-8.216113090515137,3.167773485183716,5.804394721984863
13,11,30,-7.383496284484863,-4.325781345367432,2.9955079555511475,-9,6,-7,-7.474414348602295,3.541015625,5.76611328125
12,9,29,-7.402637004852295,-4.01953125,3.1055665016174316,-19,8,-5,-7.115527629852295,3.9381837844848633,4.966992378234863
-18,2,13,-7.53662109375,-3.6989259719848633,3.2586915493011475,-15,11,2,-6.986328125,3.9142580032348633,4.316211223602295
-42,0,-1,-7.96728515625,-3.9429688453674316,3.3687500953674316,-32,11,5,-7.39306640625,4.244433879852295,4.287499904632568
-34,6,-5,-7.862011909484863,-4.292285442352295,3.6175782680511475,-41,11,10,-7.6083984375,3.651074171066284,4.110449314117432
-4,13,-7,-7.48876953125,-4.158300876617432,3.7515625953674316,-36,12,17,-7.670605659484863,3.459667921066284,3.9908204078674316
7,15,-13,-8.335741996765137,-3.8329102993011475,4.220508098602295,-39,9,18,-8.426660537719727,3.167773485183716,4.268359661102295
0,11,-19,-8.364453315734863,-3.268261671066284,4.526757717132568,-38,-2,11,-8.77597713470459,2.258593797683716,4.536328315734863
3,11,-23,-7.421777725219727,-2.8280274868011475,4.172656536102295,0,-16,0,-8.211328506469727,1.416406273841858,4.230078220367432
9,9,-15,-7.560546875,-3.052929639816284,3.813769578933716,23,-18,-8,-8.383593559265137,1.607812523841858,4.254004001617432
11,3,-1,-8.019922256469727,-3.541015625,3.4405274391174316,31,-18,-20,-8.546289443969727,1.406835913658142,4.943066596984863
11,1,3,-8.311816215515137,-3.8233399391174316,3.1534180641174316,70,-22,-31,-7.929004192352295,2.383007764816284,5.005273342132568
7,2,-1,-8.01513671875,-3.8233399391174316,3.1629884243011475,84,-27,-34,-7.3212890625,3.4261720180511475,4.565039157867432
10,4,-6,-7.909863471984863,-3.9764649868011475,3.292187452316284,48,-23,-27,-7.216015815734863,3.4931640625,4.28271484375
15,1,-7,-8.000781059265137,-3.7946290969848633,3.4453125,32,-19,-23,-7.283008098602295,3.1294922828674316,4.746875286102295
0,-5,-1,-7.914648532867432,-3.741992235183716,3.4740235805511475,23,-15,-14,-7.254296779632568,3.143847703933716,5.196679592132568
1,-6,3,-7.708887100219727,-4.129590034484863,3.268261671066284,39,-15,-9,-7.1298828125,2.9141602516174316,5.349804878234863
14,-3,5,-7.531836032867432,-4.110449314117432,3.2012696266174316,45,-13,-6,-6.909765720367432,2.7275390625,5.268456935882568
12,-5,8,-7.316504001617432,-3.85205078125,2.880664110183716,34,-6,-1,-6.641797065734863,2.784960985183716,5.100976467132568
6,-6,11,-8.0390625,-3.8089845180511475,2.87109375,42,-5,-3,-7.254296779632568,3.143847703933716,5.392871379852295
-6,-7,16,-8.747265815734863,-3.7228517532348633,3.0098633766174316,13,3,6,-7.909863471984863,3.909472703933716,4.938281536102295
-16,-4,7,-8.723340034484863,-3.2251954078674316,3.316113233566284,-28,6,14,-8.603711128234863,3.541015625,4.053027629852295
-13,8,-7,-10.14453125,-2.9237306118011475,4.469336032867432,-48,1,8,-10.469922065734863,3.4740235805511475,3.8759765625
-6,17,-18,-8.359667778015137,-1.6604492664337158,5.019629001617432,-14,-2,1,-9.369336128234863,3.3926758766174316,2.6509766578674316
48,19,-19,-7.708887100219727,0.21054688096046448,6.383398532867432,33,6,0,-7.809375286102295,3.292187452316284,1.727441430091858
0,-7,2,-8.125195503234863,0.5933594107627869,6.230273723602295,32,17,-1,-7.708887100219727,3.9190430641174316,1.894921898841858
-57,-21,11,-7.613183975219727,-1.129296898841858,4.76123046875,-11,20,1,-7.445703506469727,4.129590034484863,1.9810547828674316
-15,-11,1,-7.340429782867432,-2.4212892055511475,4.029101848602295,-16,13,0,-8.25439453125,3.741992235183716,2.296875
15,2,-5,-7.206445217132568,-2.138964891433716,4.086523532867432,15,3,-4,-8.35009765625,3.603222608566284,2.3160157203674316
13,6,-1,-7.560546875,-2.239453077316284,4.454980373382568,24,7,0,-8.41709041595459,4.143945217132568,2.617480516433716
4,4,0,-7.5126953125,-2.32080078125,4.325781345367432,10,14,9,-7.91943359375,4.335351467132568,2.87109375
-4,2,0,-7.574902534484863,-2.41650390625,4.411914348602295,-15,14,16,-7.976855754852295,3.732421875,3.7515625953674316
1,5,4,-8.235254287719727,-2.717968702316284,4.780371189117432,-28,4,12,-8.75205135345459,3.0816407203674316,3.813769578933716
7,5,4,-8.120409965515137,-2.3495118618011475,4.842578411102295,17,-1,4,-8.594141006469727,3.13427734375,2.8758790493011475
2,-3,6,-8.10605525970459,-1.60302734375,4.880859375,47,4,4,-8.08212947845459,3.526660203933716,2.296875
-20,-14,12,-7.943359375,-1.464257836341858,4.397558689117432,18,9,5,-7.948144912719727,4.220508098602295,2.210742235183716
-22,-15,13,-8.06298828125,-1.55517578125,4.297070503234863,-20,6,4,-8.340527534484863,3.9190430641174316,2.186816453933716
-22,-12,19,-7.82373046875,-1.052734375,4.612890720367432,-14,-1,-2,-8.65634822845459,3.732421875,2.3495118618011475
-21,-9,25,-7.5126953125,-1.550390601158142,4.789941310882568,2,-2,-1,-8.555859565734863,3.885546922683716,2.330371141433716
-20,-6,25,-7.206445217132568,-1.9523438215255737,4.751660346984863,1,0,6,-8.32138729095459,4.057812690734863,2.406933546066284
-8,-2,17,-7.091601848602295,-2.234668016433716,5.105762004852295,-4,-4,7,-8.23046875,3.9142580032348633,2.402148485183716
5,1,4,-7.038964748382568,-1.6604492664337158,5.445508003234863,0,-14,1,-8.0869140625,3.7132813930511475,2.1533203125
3,1,-7,-7.20166015625,-1.358984351158142,5.301953315734863,3,-20,-3,-8.053418159484863,3.7372071743011475,1.8757812976837158
4,3,-17,-7.08203125,-1.191503882408142,4.871289253234863,5,-23,-6,-8.125195503234863,3.7611329555511475,1.7322266101837158
16,7,-24,-7.713672161102295,-0.9043945670127869,4.895215034484863,8,-22,-4,-8.70419979095459,3.7276368141174316,1.741796851158142
0,6,-22,-8.766406059265137,-0.8565430045127869,4.938281536102295,26,-18,0,-9.16357421875,3.25390625,2.1485352516174316
-25,4,-12,-9.44589900970459,-1.823144555091858,4.61767578125,66,-16,-4,-9.85263729095459,2.8663086891174316,2.94287109375
-29,0,6,-10.297656059265137,-3.0577149391174316,4.85693359375,72,-16,-23,-10.292871475219727,3.6080079078674316,4.076953411102295
-22,-4,16,-8.646777153015137,-3.3448243141174316,3.828125,39,-1,-19,-7.68017578125,4.01953125,4.756445407867432
-17,-2,18,-7.192090034484863,-3.3065431118011475,3.2491211891174316,-37,10,8,-6.799706935882568,3.3065431118011475,6.503027439117432
6,3,20,-7.263867378234863,-3.9525392055511475,3.0672852993011475,-24,-9,9,-7.283008098602295,1.502539038658142,7.641894817352295
29,5,21,-7.507910251617432,-3.957324266433716,3.0146484375,35,-24,-7,-6.952832221984863,2.2681641578674316,6.029296875
14,-2,23,-7.742383003234863,-3.646289110183716,2.94287109375,52,-24,-15,-7.043750286102295,3.1390626430511475,4.584179878234863
-18,-11,23,-8.08212947845459,-3.923828125,2.9955079555511475,0,-12,-8,-7.335644721984863,3.4500977993011475,4.062597751617432
-36,-12,15,-8.000781059265137,-4.325781345367432,2.84716796875,-22,-4,-6,-7.383496284484863,2.94287109375,4.048242092132568
-27,-3,0,-7.857226848602295,-4.411914348602295,2.813671827316284,20,0,-11,-7.149023532867432,3.048144578933716,4.2109375
-20,5,-19,-7.924219131469727,-4.009961128234863,2.957226514816284,-12,8,-1,-7.15380859375,3.4644532203674316,4.13916015625
-21,14,-32,-8.718554496765137,-3.7515625953674316,3.42138671875,-15,5,-2,-8.187402725219727,3.263476610183716,4.536328315734863
-18,25,-40,-8.39794921875,-3.4500977993011475,3.507519483566284,3,0,-4,-8.426660537719727,2.957226514816284,4.71337890625
4,37,-46,-7.976855754852295,-3.167773485183716,3.7467775344848633,8,-2,3,-8.15390682220459,2.861523389816284,4.85693359375
37,41,-43,-8.139551162719727,-2.856738328933716,4.09130859375,12,-7,8,-8.149121284484863,2.08154296875,5.278027534484863
37,27,-22,-8.101269721984863,-2.56005859375,4.124804973602295,19,-16,-3,-8.019922256469727,1.07666015625,6.201562404632568
23,6,0,-8.1826171875,-3.13427734375,4.072167873382568,57,-27,-26,-7.699316501617432,1.8375000953674316,6.062793254852295
10,-10,12,-8.12998104095459,-3.4022462368011475,3.837695360183716,50,-30,-29,-7.144238471984863,3.2491211891174316,5.321094036102295
-6,-23,19,-7.96728515625,-3.718066453933716,3.555371046066284,13,-22,-19,-6.780566692352295,3.2347657680511475,4.742089748382568
-6,-27,22,-7.699316501617432,-4.009961128234863,3.2347657680511475,6,-15,-14,-6.680078029632568,3.1534180641174316,4.780371189117432
4,-25,23,-7.795019626617432,-4.230078220367432,3.0433595180511475,8,-6,-3,-6.53173828125,3.292187452316284,4.933495998382568
10,-22,26,-7.852441787719727,-4.239648342132568,2.880664110183716,12,2,9,-6.383398532867432,2.784960985183716,5.005273342132568
10,-19,28,-8.029492378234863,-4.325781345367432,2.784960985183716,15,9,18,-7.158593654632568,2.4930665493011475,5.378515720367432
3,-16,30,-8.426660537719727,-4.277929782867432,2.622265577316284,17,13,21,-7.742383003234863,2.5074219703674316,5.483788967132568
-11,-8,28,-8.5654296875,-4.148730754852295,2.4930665493011475,16,15,22,-8.263964653015137,2.4930665493011475,5.1201171875
-26,12,7,-9.37412166595459,-4.005176067352295,3.0146484375,16,11,11,-9.910058975219727,3.8903322219848633,4.770801067352295
-24,35,-26,-8.517578125,-2.928515672683716,4.636816501617432,-1,-1,9,-9.66123104095459,4.096093654632568,3.6175782680511475
32,51,-61,-7.909863471984863,-1.9619140625,6.067578315734863,12,-8,5,-9.029589653015137,3.0912110805511475,2.6749024391174316
156,55,-85,-9.034375190734863,1.0431641340255737,6.254199504852295,60,-6,-14,-8.216113090515137,3.2826173305511475,2.36865234375
64,12,-55,-8.44580078125,3.1869142055511475,6.665722846984863,45,0,-23,-7.168164253234863,4.201367378234863,1.9284180402755737
-72,-22,-10,-7.723242282867432,0.39716798067092896,5.091406345367432,-28,8,-12,-7.177734375,4.383203029632568,1.7848633527755737
-65,-24,7,-7.498340129852295,-1.6604492664337158,3.8759765625,-48,4,-8,-7.981640815734863,3.89990234375,2.115039110183716
-13,-2,5,-7.431347846984863,-3.148632764816284,3.6989259719848633,-38,-4,0,-8.699414253234863,3.51708984375,2.383007764816284
42,21,-6,-7.168164253234863,-2.9859375953674316,3.8424806594848633,28,-13,-4,-8.39316463470459,3.3783204555511475,2.497851610183716
49,22,-9,-7.455273628234863,-2.3255860805511475,3.9764649868011475,83,-11,-4,-8.307031631469727,4.033886909484863,2.5791993141174316
10,8,1,-8.101269721984863,-2.2681641578674316,4.431054592132568,62,0,6,-8.77597713470459,4.703808784484863,2.87109375
-15,-5,9,-8.01513671875,-2.526562452316284,4.196582317352295,34,17,14,-8.531933784484863,4.325781345367432,2.981152296066284
-26,-15,13,-8.36923885345459,-2.296875,4.01953125,54,31,12,-8.139551162719727,4.249218940734863,2.84716796875
-49,-24,22,-8.44580078125,-1.8853516578674316,3.981250047683716,-37,54,32,-7.833301067352295,4.708593845367432,2.8184571266174316
-56,-25,27,-8.216113090515137,-2.0528321266174316,4.120019435882568,-93,50,32,-8.139551162719727,3.9716796875,2.8280274868011475
-25,-14,29,-7.862011909484863,-1.416406273841858,4.880859375,-101,29,16,-8.412304878234863,3.244335889816284,2.7083985805511475
-41,-16,34,-7.522265911102295,-1.8757812976837158,5.0244140625,-54,3,-3,-8.378808975219727,3.1773438453674316,2.4930665493011475
-43,-15,34,-7.259082317352295,-2.6796875,4.708593845367432,-13,-12,-12,-8.35009765625,3.541015625,2.354296922683716
-18,-6,24,-7.091601848602295,-2.8758790493011475,4.517187595367432,0,-17,-8,-8.35009765625,3.5601563453674316,2.2203125953674316
7,5,9,-7.244726657867432,-2.8663086891174316,4.823437690734863,15,-21,-8,-8.340527534484863,3.32568359375,2.0289063453674316
28,11,-10,-7.235156536102295,-2.3447265625,4.909570217132568,40,-27,-13,-8.0390625,3.4740235805511475,1.9092774391174316
26,11,-24,-7.431347846984863,-1.416406273841858,4.986133098602295,46,-32,-16,-8.120409965515137,3.80419921875,1.8853516578674316
1,5,-27,-7.929004192352295,-1.4690430164337158,4.799511909484863,29,-31,-10,-8.723340034484863,4.081738471984863,2.234668016433716
-15,1,-28,-8.077343940734863,-2.282519578933716,4.153515815734863,16,-26,0,-9.053515434265137,4.014746189117432,2.75146484375
-5,3,-28,-8.914746284484863,-3.1773438453674316,4.024316310882568,44,-18,0,-9.82871150970459,4.081738471984863,3.172558546066284
6,0,-19,-9.388476371765137,-3.7707033157348633,4.335351467132568,39,-1,6,-8.99130916595459,4.612890720367432,4.005176067352295
1,-11,-9,-8.976953506469727,-3.4261720180511475,3.7994141578674316,27,21,27,-6.593945503234863,3.8089845180511475,4.206152439117432
-35,-18,6,-8.06298828125,-3.0433595180511475,3.167773485183716,15,22,33,-6.330761909484863,3.3448243141174316,5.301953315734863
-49,-9,21,-7.053320407867432,-3.6654298305511475,2.837597608566284,-21,7,26,-7.369140625,2.258593797683716,5.632129192352295
15,11,26,-7.412207126617432,-5.029199123382568,2.9955079555511475,8,-8,3,-8.340527534484863,2.497851610183716,6.024511814117432
78,19,24,-8.01513671875,-4.349707126617432,3.3017578125,40,-12,-8,-7.661035537719727,3.6750001907348633,5.986230373382568
28,1,29,-7.838086128234863,-3.0433595180511475,3.435742139816284,34,-12,-8,-6.718359470367432,4.493261814117432,5.330664157867432
-45,-17,30,-7.546191692352295,-3.6558594703674316,3.143847703933716,-1,-8,-2,-6.637012004852295,4.431054592132568,4.230078220367432
-53,-18,22,-7.77587890625,-4.655957221984863,2.87109375,-2,-2,-5,-7.015038967132568,3.981250047683716,3.732421875
-30,-7,12,-7.421777725219727,-4.555469036102295,2.670117139816284,-25,8,0,-6.86669921875,4.335351467132568,3.507519483566284
-20,4,2,-7.747168064117432,-4.61767578125,2.8663086891174316,-42,16,4,-7.316504001617432,4.47412109375,3.70849609375
-8,18,-5,-9.0439453125,-5.019629001617432,3.478808641433716,-36,13,2,-8.503222465515137,4.531543254852295,4.320996284484863
0,31,-30,-7.866796970367432,-4.574609279632568,3.6845703125,-16,7,9,-7.445703506469727,4.115234375,3.9860353469848633
51,44,-74,-7.598828315734863,-3.574511766433716,5.086621284484863,2,0,15,-7.517480850219727,4.096093654632568,4.029101848602295
62,26,-46,-8.01513671875,0.631640613079071,6.215918064117432,10,-10,12,-8.12998104095459,3.8664064407348633,4.09130859375
-4,6,-8,-7.450488567352295,-1.55517578125,4.876074314117432,24,-14,13,-7.924219131469727,3.335253953933716,3.9860353469848633
-22,0,7,-7.507910251617432,-3.70849609375,3.7467775344848633,47,-7,16,-7.737597942352295,3.287402391433716,3.9429688453674316
39,0,12,-8.665918350219727,-5.354589939117432,3.555371046066284,40,0,16,-8.11083984375,3.7707033157348633,4.37841796875
71,-6,19,-8.87646484375,-4.23486328125,3.7946290969848633,9,-3,13,-7.555761814117432,3.2251954078674316,5.292382717132568
4,-24,20,-8.005566596984863,-3.3926758766174316,3.478808641433716,68,-23,-11,-6.53173828125,3.191699266433716,5.4072265625
-42,-31,4,-7.421777725219727,-4.038671970367432,2.928515672683716,104,-33,-31,-6.3642578125,4.263574123382568,4.335351467132568
-22,-23,-15,-7.594043254852295,-4.550683498382568,2.737109422683716,77,-29,-35,-6.641797065734863,5.445508003234863,3.923828125
-4,-15,-21,-7.474414348602295,-3.9908204078674316,2.741894483566284,35,-18,-26,-6.622656345367432,5.904882907867432,4.033886909484863
-10,-12,-9,-7.316504001617432,-3.7994141578674316,2.6509766578674316,16,-2,-10,-6.488671779632568,5.756543159484863,4.23486328125
-13,-6,10,-7.2255859375,-3.99560546875,2.5169923305511475,-36,16,18,-6.727929592132568,5.201465129852295,4.416699409484863
0,6,33,-7.929004192352295,-4.507617473602295,2.761035203933716,-58,20,28,-7.407422065734863,4.325781345367432,4.660742282867432
10,20,41,-8.019922256469727,-4.66552734375,3.1103515625,-34,13,19,-7.541406631469727,3.6989259719848633,3.9860353469848633
17,30,20,-9.388476371765137,-4.909570217132568,4.684668064117432,-7,-4,-5,-8.976953506469727,4.4501953125,4.177441596984863
-10,29,-31,-8.49365234375,-4.134375095367432,5.971875190734863,-20,-27,-17,-9.359766006469727,4.880859375,3.7994141578674316
69,31,-118,-7.5126953125,-3.6797852516174316,5.852246284484863,3,-42,-31,-8.364453315734863,3.5601563453674316,3.1055665016174316
85,7,-110,-8.263964653015137,1.024023413658142,6.38818359375,75,-38,-48,-7.747168064117432,3.6750001907348633,2.8519532680511475
-80,-44,-41,-8.48886775970459,-0.27753907442092896,5.62255859375,62,-22,-44,-7.244726657867432,5.412011623382568,2.713183641433716
-83,-43,-14,-8.144335746765137,-2.574414014816284,4.397558689117432,-29,-10,-17,-7.455273628234863,5.498144626617432,2.502636671066284
-10,-17,-12,-7.53662109375,-1.942773461341858,4.287499904632568,-82,-5,4,-7.795019626617432,4.40234375,2.7323243618011475
-14,-5,11,-7.086816310882568,-2.201171875,4.397558689117432,-45,-11,7,-7.885937690734863,3.4740235805511475,2.775390625
-3,4,30,-6.546093940734863,-3.005078077316284,4.029101848602295,38,-19,0,-7.833301067352295,3.622363328933716,2.6126954555511475
22,15,43,-7.125097751617432,-3.66064453125,4.225293159484863,83,-12,-1,-8.000781059265137,4.115234375,2.5169923305511475
39,19,45,-7.378711223602295,-3.8089845180511475,4.397558689117432,69,6,6,-7.455273628234863,4.311425685882568,2.3973634243011475
37,22,36,-7.857226848602295,-3.6654298305511475,4.464550971984863,80,17,1,-8.024706840515137,4.201367378234863,2.622265577316284
25,20,22,-8.067773818969727,-3.8329102993011475,4.598535060882568,44,31,0,-8.747265815734863,4.689453125,2.837597608566284
19,15,9,-7.63232421875,-3.828125,4.555469036102295,-24,49,15,-8.36923885345459,4.387988567352295,3.005078077316284
14,2,0,-7.306933879852295,-3.124706983566284,4.493261814117432,-19,60,21,-7.665820598602295,4.507617473602295,3.349609375
-6,-14,-1,-7.795019626617432,-2.521777391433716,4.708593845367432,-57,64,29,-7.957715034484863,4.85693359375,3.8711915016174316
-30,-20,-11,-7.866796970367432,-2.5791993141174316,4.660742282867432,-72,44,23,-8.05820369720459,4.670312404632568,4.335351467132568
-3,-9,-24,-7.675390720367432,-2.067187547683716,4.574609279632568,-49,7,9,-8.043848037719727,4.316211223602295,4.167870998382568
-12,-8,-10,-7.306933879852295,-1.047949194908142,4.90478515625,-13,-23,-11,-8.168261528015137,3.789843797683716,3.5218751430511475
-47,-13,12,-7.220800876617432,-1.655664086341858,4.828222751617432,12,-39,-25,-8.115625381469727,3.765918016433716,2.8184571266174316
-53,-11,21,-7.239941596984863,-2.3447265625,4.981347560882568,24,-47,-32,-8.05820369720459,3.957324266433716,2.3877930641174316
-32,-2,12,-7.20166015625,-3.072070360183716,4.9287109375,22,-48,-33,-7.9912109375,4.072167873382568,2.048046827316284
2,8,-6,-7.072461128234863,-3.048144578933716,4.770801067352295,17,-44,-28,-7.91943359375,4.086523532867432,1.9810547828674316
23,14,-19,-7.096386909484863,-2.502636671066284,4.80908203125,23,-40,-22,-8.263964653015137,4.196582317352295,2.138964891433716
16,11,-20,-7.804590225219727,-2.0576171875,5.072265625,21,-32,-13,-8.570215225219727,4.383203029632568,2.330371141433716
-7,3,-14,-8.2783203125,-2.4404296875,4.7373046875,29,-24,-7,-8.7568359375,4.053027629852295,2.5552735328674316
-28,-2,-1,-9.536816596984863,-3.1390626430511475,4.789941310882568,62,-12,-6,-10.058398246765137,4.148730754852295,3.048144578933716
-31,-13,15,-9.0439453125,-3.9190430641174316,4.387988567352295,75,10,0,-8.618066787719727,4.435840129852295,3.363964796066284
-18,-20,24,-7.7041015625,-3.598437547683716,3.4166016578674316,48,52,25,-5.8857421875,4.244433879852295,3.789843797683716
-32,-20,38,-7.517480850219727,-3.454882860183716,2.713183641433716,-32,78,39,-6.311621189117432,4.627246379852295,5.211035251617432
-42,-12,61,-7.761523723602295,-4.072167873382568,1.823144555091858,-105,52,33,-7.675390720367432,1.9475586414337158,8.58457088470459
-8,0,78,-8.39794921875,-5.153613567352295,1.6173828840255737,-30,4,2,-8.139551162719727,2.70361328125,8.795117378234863
21,14,71,-8.000781059265137,-5.091406345367432,1.775292992591858,16,-15,-9,-7.192090034484863,3.507519483566284,5.593847751617432
12,24,41,-7.804590225219727,-4.574609279632568,2.4356446266174316,7,-16,-9,-6.9384765625,3.56494140625,3.8568360805511475
-18,24,8,-7.7998046875,-4.555469036102295,2.694042921066284,-10,-9,-9,-6.847558498382568,3.7132813930511475,3.4022462368011475
-20,22,-16,-7.9912109375,-4.651172161102295,3.2060546875,2,2,-5,-6.928906440734863,3.6558594703674316,3.828125
-20,16,-24,-7.909863471984863,-4.292285442352295,3.407031297683716,19,10,0,-7.20166015625,4.100879192352295,3.9860353469848633
3,14,-27,-8.92431640625,-4.244433879852295,4.349707126617432,-18,16,6,-8.39316463470459,4.387988567352295,4.359277248382568
63,14,-23,-8.646777153015137,-1.488183617591858,5.010058879852295,-32,12,13,-8.15869140625,3.732421875,4.435840129852295
45,7,-15,-7.795019626617432,-0.684277355670929,4.201367378234863,-30,3,15,-7.756738662719727,2.7083985805511475,4.866504192352295
4,-2,-13,-8.49365234375,-1.9714844226837158,3.5601563453674316,-7,-11,3,-8.263964653015137,2.1246094703674316,4.923925876617432
-54,-20,4,-9.072656631469727,-3.1629884243011475,3.18212890625,17,-19,-7,-8.474512100219727,2.4404296875,4.957421779632568
-44,-23,10,-8.359667778015137,-4.579394817352295,2.4452149868011475,50,-27,-18,-7.943359375,2.4691407680511475,5.206250190734863
3,-10,3,-7.852441787719727,-4.42626953125,2.32080078125,81,-33,-27,-7.158593654632568,3.143847703933716,4.818652629852295
26,1,-6,-7.838086128234863,-4.311425685882568,2.51220703125,75,-33,-26,-6.780566692352295,3.541015625,4.368847846984863
31,2,-16,-7.995996475219727,-3.9621095657348633,2.6988282203674316,79,-30,-28,-6.742285251617432,3.8711915016174316,4.287499904632568
16,-2,-19,-8.24960994720459,-3.8185548782348633,2.928515672683716,41,-19,-17,-7.0341796875,4.493261814117432,4.876074314117432
7,-6,-15,-8.01035213470459,-3.885546922683716,2.856738328933716,16,-9,-5,-6.957617282867432,3.9908204078674316,5.536426067352295
8,-6,-12,-7.637109756469727,-3.8233399391174316,2.641406297683716,21,-2,4,-6.48388671875,3.9381837844848633,5.445508003234863
6,-6,-4,-7.818945407867432,-3.627148389816284,2.4691407680511475,11,0,6,-6.6513671875,3.7132813930511475,5.388085842132568
-1,-7,6,-8.364453315734863,-3.6558594703674316,2.430859327316284,4,3,8,-7.158593654632568,3.7515625953674316,5.177539348602295
-16,-7,13,-8.881250381469727,-3.550585985183716,2.5552735328674316,-8,7,8,-8.101269721984863,3.94775390625,4.9765625
-28,0,10,-9.886133193969727,-3.6845703125,3.0098633766174316,-25,4,3,-9.460253715515137,3.9908204078674316,4.871289253234863
-32,10,-9,-9.244921684265137,-2.861523389816284,3.9429688453674316,-19,-9,-4,-9.268847465515137,4.78515625,3.828125
3,23,-31,-7.287793159484863,-2.378222703933716,4.651172161102295,-6,-11,-4,-7.804590225219727,3.5888671875,2.550488233566284
5,-2,0,-7.952929973602295,0.6986328363418579,7.689746379852295,21,-3,-9,-7.498340129852295,3.7228517532348633,2.306445360183716
-35,-15,15,-8.326171875,-1.65087890625,6.1728515625,12,2,-15,-7.646679878234863,4.392773628234863,2.215527296066284
-17,-13,5,-7.637109756469727,-3.024218797683716,4.632031440734863,-18,4,-6,-7.622754096984863,4.148730754852295,2.2298829555511475
19,-2,-4,-6.809277534484863,-2.694042921066284,4.000390529632568,7,4,-2,-7.594043254852295,3.435742139816284,2.296875
26,3,-7,-7.239941596984863,-2.737109422683716,3.8664064407348633,31,5,0,-8.125195503234863,4.062597751617432,2.5648438930511475
18,5,-9,-7.598828315734863,-2.784960985183716,3.9286134243011475,22,7,1,-8.30224609375,4.435840129852295,2.7945313453674316
17,12,-14,-7.364355564117432,-2.8041017055511475,4.009961128234863,16,11,4,-8.08212947845459,4.273144721984863,2.9189453125
25,14,-11,-7.469629287719727,-2.27294921875,4.550683498382568,15,17,12,-7.862011909484863,4.230078220367432,3.119921922683716
8,3,1,-7.924219131469727,-2.2059571743011475,4.469336032867432,18,19,18,-8.316601753234863,4.268359661102295,3.387890577316284
-1,-1,8,-8.723340034484863,-2.784960985183716,4.579394817352295,1,18,18,-8.79990291595459,4.292285442352295,3.8089845180511475
-3,-4,5,-8.378808975219727,-2.3734376430511475,4.2587890625,0,12,11,-8.01035213470459,3.6319336891174316,3.8759765625
-18,-8,8,-7.876367568969727,-1.655664086341858,3.8807618618011475,6,8,0,-7.550976753234863,3.981250047683716,3.407031297683716
-29,-9,19,-7.857226848602295,-1.8757812976837158,3.885546922683716,-20,4,-4,-7.890722751617432,4.277929782867432,3.0816407203674316
-27,-5,26,-7.814160346984863,-2.167675733566284,4.478906154632568,-37,-3,-7,-8.335741996765137,3.94775390625,2.99072265625
-16,-3,23,-7.565332412719727,-2.473925828933716,4.837792873382568,-5,-16,-13,-8.259180068969727,3.5458009243011475,2.8041017055511475
-7,-2,17,-7.474414348602295,-2.4404296875,4.900000095367432,26,-20,-15,-8.0390625,3.7850587368011475,2.583984375
-5,-3,11,-7.493555068969727,-2.48828125,4.804296970367432,24,-19,-13,-7.952929973602295,4.172656536102295,2.454785108566284
9,1,0,-7.598828315734863,-2.311230421066284,4.823437690734863,7,-20,-12,-8.08212947845459,4.1630859375,2.4452149868011475
21,5,-8,-7.522265911102295,-1.550390601158142,4.8330078125,12,-23,-13,-8.096484184265137,4.014746189117432,2.287304639816284
24,5,-12,-7.651464939117432,-0.9618164300918579,4.847363471984863,20,-21,-8,-8.024706840515137,4.0673828125,2.186816453933716
15,3,-11,-7.828516006469727,-0.44501954317092896,4.794726848602295,12,-14,5,-8.354883193969727,3.9764649868011475,2.32080078125
-14,-1,-8,-8.522363662719727,-1.105371117591858,4.804296970367432,24,-13,10,-9.25449275970459,3.6989259719848633,2.837597608566284
-27,-4,-8,-8.689844131469727,-2.1533203125,4.153515815734863,50,-22,0,-9.173144340515137,3.0625,3.2730469703674316
-16,-2,-5,-9.465039253234863,-3.08642578125,4.459765911102295,57,-30,-18,-9.56552791595459,3.6845703125,4.306640625
-7,-4,-3,-8.101269721984863,-3.1151368618011475,3.8185548782348633,67,-20,-17,-6.957617282867432,3.0625,3.9286134243011475
-1,-4,0,-7.637109756469727,-3.244335889816284,3.531445264816284,48,6,-1,-6.536523342132568,3.909472703933716,4.598535060882568
0,-3,7,-7.737597942352295,-3.483593702316284,3.383105516433716,-9,22,9,-7.53662109375,3.579296827316284,5.057910442352295
6,-2,19,-8.067773818969727,-4.096093654632568,3.407031297683716,-18,17,10,-7.651464939117432,4.167870998382568,6.72314453125
12,-4,24,-7.661035537719727,-4.014746189117432,3.172558546066284,-12,8,16,-6.617871284484863,4.215722560882568,6.799706935882568
-8,-10,19,-7.570117473602295,-3.9286134243011475,3.052929639816284,-12,3,16,-6.565234661102295,3.923828125,5.880957126617432
-30,-11,10,-7.603613376617432,-4.096093654632568,2.8758790493011475,-25,-2,11,-7.115527629852295,3.7372071743011475,4.957421779632568
-34,-5,1,-7.603613376617432,-4.416699409484863,2.79931640625,-32,0,11,-7.115527629852295,3.311328172683716,4.115234375
-19,4,-7,-7.4169921875,-4.392773628234863,2.7706055641174316,-30,5,13,-7.340429782867432,3.459667921066284,4.3544921875
-17,13,-15,-7.44091796875,-4.225293159484863,2.904589891433716,-11,6,11,-7.369140625,3.359179735183716,4.364062786102295
-21,20,-24,-8.024706840515137,-4.37841796875,3.2730469703674316,-9,5,8,-7.723242282867432,3.5123047828674316,4.579394817352295
-8,30,-35,-8.92431640625,-4.608105659484863,3.7611329555511475,-6,3,0,-8.17783260345459,3.63671875,4.842578411102295
14,38,-49,-8.388379096984863,-4.096093654632568,3.89990234375,0,0,-2,-7.694531440734863,3.25390625,4.90478515625
42,40,-56,-7.866796970367432,-2.789746046066284,4.502831935882568,8,-4,-2,-7.421777725219727,3.0672852993011475,5.091406345367432
13,19,-24,-7.866796970367432,-2.210742235183716,4.990918159484863,13,-9,-3,-7.46484375,2.8041017055511475,5.368945598602295
9,0,3,-7.838086128234863,-3.6845703125,4.201367378234863,25,-15,-9,-7.302148342132568,2.928515672683716,5.273242473602295
14,-10,17,-8.03427791595459,-3.9046876430511475,3.765918016433716,31,-16,-14,-7.254296779632568,3.3783204555511475,5.057910442352295
6,-18,25,-7.905078411102295,-3.957324266433716,3.4740235805511475,28,-16,-14,-7.086816310882568,3.6415040493011475,4.966992378234863
0,-21,28,-7.780664443969727,-4.1630859375,3.2060546875,24,-11,-8,-6.991113185882568,3.8089845180511475,5.100976467132568
3,-21,29,-7.699316501617432,-4.340137004852295,3.000293016433716,13,-5,0,-6.895410060882568,3.4979493618011475,5.445508003234863
8,-19,30,-7.661035537719727,-4.411914348602295,2.8902344703674316,13,-2,2,-6.751855373382568,3.100781202316284,5.531640529632568
9,-17,30,-7.718457221984863,-4.464550971984863,2.84716796875,5,0,3,-6.919335842132568,3.076855421066284,5.76611328125
7,-15,29,-7.756738662719727,-4.5458984375,2.7706055641174316,9,1,6,-6.919335842132568,2.933300733566284,5.732617378234863
-1,-12,26,-7.890722751617432,-4.536328315734863,2.8041017055511475,23,1,7,-6.928906440734863,3.2730469703674316,5.364160060882568
-22,-10,16,-7.838086128234863,-4.440625190734863,2.7083985805511475,10,0,5,-7.134667873382568,3.732421875,4.823437690734863
-37,0,-3,-8.546289443969727,-4.694238185882568,2.784960985183716,0,-4,0,-8.364453315734863,3.981250047683716,4.766015529632568
-28,22,-30,-8.63720703125,-4.588964939117432,3.08642578125,4,-11,-4,-8.58457088470459,3.85205078125,4.196582317352295
-5,47,-65,-8.39316463470459,-4.100879192352295,3.75634765625,21,-14,-6,-8.938672065734863,3.9046876430511475,3.7802734375
63,63,-105,-9.082226753234863,-4.311425685882568,4.895215034484863,42,-11,-13,-8.455370903015137,3.89990234375,3.2826173305511475
215,59,-112,-9.766504287719727,2.6749024391174316,8.17783260345459,48,-6,-22,-7.694531440734863,4.172656536102295,2.861523389816284
60,1,-40,-8.89560604095459,4.498046875,6.761425971984863,16,-1,-25,-6.766211032867432,4.531543254852295,2.521777391433716
-127,-42,28,-8.077343940734863,0.05263672024011612,4.459765911102295,-19,-1,-18,-7.005468845367432,4.344922065734863,2.5409181118011475
-98,-43,44,-7.603613376617432,-3.263476610183716,3.411816358566284,-20,-9,-9,-8.17783260345459,4.086523532867432,2.9141602516174316
-19,-22,37,-7.086816310882568,-3.8951172828674316,3.1294922828674316,22,-11,-2,-8.30224609375,3.5888671875,2.8184571266174316
19,0,28,-7.450488567352295,-3.8759765625,3.4644532203674316,72,-6,-1,-8.211328506469727,4.120019435882568,2.909374952316284
32,13,14,-7.292578220367432,-3.6989259719848633,3.541015625,60,6,6,-7.426562786102295,4.574609279632568,2.717968702316284
19,18,2,-7.206445217132568,-3.349609375,3.7228517532348633,17,18,15,-7.531836032867432,4.622460842132568,2.9715821743011475
13,21,-1,-7.914648532867432,-3.7276368141174316,4.2109375,17,15,9,-9.024805068969727,4.541113376617432,3.4405274391174316
23,20,-2,-8.216113090515137,-3.46923828125,4.794726848602295,-6,21,16,-9.101366996765137,4.431054592132568,3.6558594703674316
3,0,0,-7.785449504852295,-2.426074266433716,5.038769721984863,9,30,21,-7.857226848602295,4.086523532867432,3.7228517532348633
-19,-16,3,-7.58447265625,-2.306445360183716,4.574609279632568,-2,37,25,-7.402637004852295,4.531543254852295,3.7707033157348633
-34,-19,7,-7.737597942352295,-2.5648438930511475,4.100879192352295,-54,31,20,-7.866796970367432,4.536328315734863,3.6750001907348633
-18,-7,7,-7.579687595367432,-2.32080078125,4.177441596984863,-69,11,6,-8.11083984375,4.029101848602295,3.4931640625
-11,-1,11,-7.460058689117432,-2.2442383766174316,4.6416015625,-29,-15,-9,-8.32138729095459,3.363964796066284,3.32568359375
-17,-3,14,-7.421777725219727,-2.4356446266174316,4.818652629852295,23,-32,-18,-8.115625381469727,3.5840821266174316,3.0672852993011475
-17,-2,9,-7.369140625,-2.957226514816284,4.823437690734863,40,-37,-22,-7.862011909484863,4.076953411102295,2.8663086891174316
5,3,-4,-7.354785442352295,-2.880664110183716,4.804296970367432,31,-38,-23,-7.651464939117432,4.249218940734863,2.6031250953674316
26,7,-17,-7.531836032867432,-2.2777345180511475,4.90478515625,18,-39,-25,-7.689746379852295,4.2109375,2.4691407680511475
19,3,-20,-7.684961318969727,-1.4259766340255737,4.938281536102295,24,-43,-32,-7.948144912719727,4.048242092132568,2.3399415016174316
-10,-3,-16,-8.15390682220459,-1.751367211341858,4.651172161102295,19,-39,-28,-8.517578125,4.47412109375,2.478710889816284
-25,-6,-6,-8.10605525970459,-2.0767579078674316,4.301855564117432,25,-26,-16,-8.44101619720459,4.239648342132568,2.526562452316284
-54,-14,10,-8.17783260345459,-2.9237306118011475,4.407128810882568,54,-1,0,-8.641992568969727,4.244433879852295,2.8758790493011475
-34,-16,21,-8.670702934265137,-4.359277248382568,3.828125,51,34,20,-8.508008003234863,4.866504192352295,3.3208985328674316
-4,-12,32,-8.77597713470459,-4.182226657867432,3.7037110328674316,19,70,46,-7.909863471984863,4.914355754852295,3.732421875
-16,-10,40,-7.646679878234863,-3.861621141433716,3.268261671066284,-59,93,83,-7.828516006469727,6.278125286102295,5.5986328125
-8,-2,36,-7.268652439117432,-4.37841796875,3.0098633766174316,-163,45,98,-7.20166015625,2.1246094703674316,11.43173885345459
19,2,30,-7.254296779632568,-4.316211223602295,3.1294922828674316,-69,1,35,-7.10595703125,0.24404297769069672,6.766211032867432
6,-7,30,-7.53662109375,-3.75634765625,3.220410108566284,76,-16,-16,-6.995898723602295,3.158203125,4.66552734375
-45,-23,34,-7.814160346984863,-3.765918016433716,2.99072265625,45,-14,-28,-6.780566692352295,4.373632907867432,3.287402391433716
-81,-26,31,-7.842871189117432,-4.244433879852295,2.60791015625,-44,0,-18,-6.737500190734863,4.565039157867432,3.603222608566284
-76,-14,23,-7.689746379852295,-4.828222751617432,2.3973634243011475,-63,10,-9,-7.110742092132568,3.8759765625,3.8711915016174316
-39,9,9,-7.986425876617432,-5.100976467132568,2.521777391433716,6,7,-9,-7.6083984375,3.8185548782348633,4.158300876617432
-7,34,-7,-8.53671932220459,-5.100976467132568,3.143847703933716,-16,9,5,-8.11083984375,4.421484470367432,4.23486328125
17,52,-34,-7.866796970367432,-4.794726848602295,3.550585985183716,-17,4,16,-7.565332412719727,3.8951172828674316,4.129590034484863
54,58,-67,-7.498340129852295,-3.4261720180511475,5.603417873382568,11,0,18,-7.369140625,3.5362305641174316,4.129590034484863
21,12,-25,-7.924219131469727,0.18183593451976776,7.077246189117432,18,-2,16,-8.024706840515137,3.8903322219848633,4.47412109375
12,-5,-3,-7.809375286102295,-3.3974609375,5.010058879852295,5,-4,14,-7.7998046875,3.4022462368011475,4.7373046875
23,-7,-3,-7.65625,-3.7372071743011475,3.828125,16,-10,2,-7.665820598602295,2.583984375,5.105762004852295
33,-8,-4,-8.048632621765137,-4.526757717132568,3.531445264816284,76,-30,-31,-8.10605525970459,3.2060546875,5.799609661102295
36,-15,-3,-8.072558403015137,-4.057812690734863,3.430957078933716,114,-44,-50,-7.555761814117432,4.488476753234863,5.124902248382568
-5,-28,-2,-7.948144912719727,-3.61279296875,3.0146484375,89,-41,-43,-6.660937786102295,5.450293064117432,4.263574123382568
-49,-31,-5,-7.718457221984863,-3.828125,2.5409181118011475,21,-26,-24,-6.517383098602295,5.589062690734863,3.670214891433716
-53,-20,-8,-7.63232421875,-4.33056640625,2.263378858566284,-19,-13,-8,-6.91455078125,5.182324409484863,3.8472657203674316
-21,0,-7,-7.560546875,-4.636816501617432,2.258593797683716,-26,-3,2,-6.952832221984863,4.684668064117432,4.383203029632568
7,19,-3,-7.603613376617432,-4.373632907867432,2.4356446266174316,-36,5,16,-6.861914157867432,4.239648342132568,4.95263671875
16,29,2,-7.507910251617432,-4.268359661102295,2.7323243618011475,-37,7,26,-6.756640911102295,3.459667921066284,5.234961032867432
25,34,6,-7.589258193969727,-4.42626953125,3.076855421066284,-11,6,26,-6.943261623382568,2.885449171066284,5.139257907867432
35,35,9,-7.943359375,-4.579394817352295,3.4883790016174316,11,5,18,-7.350000381469727,2.928515672683716,5.330664157867432
38,29,11,-8.168261528015137,-4.52197265625,3.8903322219848633,16,0,6,-7.455273628234863,2.79931640625,5.732617378234863
21,19,4,-7.598828315734863,-4.148730754852295,3.9668946266174316,37,-9,-5,-6.890625,2.9715821743011475,4.871289253234863
19,12,-9,-8.077343940734863,-4.349707126617432,4.220508098602295,52,-13,-20,-7.383496284484863,3.574511766433716,4.23486328125
26,6,-17,-8.785547256469727,-3.9668946266174316,4.541113376617432,52,-16,-37,-7.972070693969727,4.158300876617432,4.076953411102295
12,0,-35,-7.924219131469727,-3.718066453933716,3.8472657203674316,36,-17,-41,-7.661035537719727,4.445410251617432,3.7467775344848633
5,0,-62,-7.613183975219727,-3.4500977993011475,3.6989259719848633,27,-19,-37,-7.493555068969727,4.478906154632568,3.5697267055511475
14,1,-74,-7.890722751617432,-3.3304688930511475,3.51708984375,33,-17,-29,-7.718457221984863,4.454980373382568,3.622363328933716
12,-1,-57,-8.173047065734863,-3.292187452316284,3.579296827316284,40,-12,-22,-8.03427791595459,4.670312404632568,3.603222608566284
7,-5,-30,-7.976855754852295,-3.220410108566284,3.3687500953674316,26,-3,-14,-7.881152629852295,5.077050685882568,3.4979493618011475
4,-5,-10,-7.962500095367432,-3.100781202316284,3.263476610183716,-7,10,0,-7.622754096984863,5.04833984375,3.42138671875
-16,-4,9,-7.972070693969727,-3.0194337368011475,3.478808641433716,-23,19,12,-7.637109756469727,4.517187595367432,3.4740235805511475
-26,-3,22,-7.857226848602295,-3.3208985328674316,3.5218751430511475,-20,19,18,-7.637109756469727,4.273144721984863,3.5936524868011475
-23,0,32,-7.689746379852295,-3.502734422683716,3.837695360183716,-16,15,19,-7.651464939117432,4.206152439117432,3.6175782680511475
-17,0,39,-7.493555068969727,-3.70849609375,3.9525392055511475,-5,11,17,-7.684961318969727,4.072167873382568,3.5936524868011475
-22,-7,43,-7.574902534484863,-4.014746189117432,4.311425685882568,-1,9,17,-7.756738662719727,4.158300876617432,3.5218751430511475
-36,-22,38,-7.460058689117432,-4.789941310882568,4.718163967132568,-4,9,16,-8.01513671875,4.182226657867432,3.5218751430511475
-32,-27,27,-7.364355564117432,-4.61767578125,4.502831935882568,-2,7,11,-8.139551162719727,4.158300876617432,3.4979493618011475
-24,-22,18,-7.172949314117432,-4.445410251617432,4.01953125,-3,7,9,-7.957715034484863,4.191796779632568,3.454882860183716
-12,-14,12,-7.015038967132568,-4.349707126617432,3.8568360805511475,-2,8,8,-7.718457221984863,4.167870998382568,3.387890577316284
-4,-8,8,-7.019824504852295,-4.072167873382568,3.8903322219848633,0,8,7,-7.694531440734863,4.076953411102295,3.3687500953674316
-10,-7,5,-7.306933879852295,-4.033886909484863,4.13916015625,0,6,2,-7.87158203125,4.177441596984863,3.454882860183716
-6,-7,0,-7.397851943969727,-4.0673828125,4.373632907867432,0,3,-1,-7.857226848602295,4.13916015625,3.4261720180511475
0,-4,-3,-7.39306640625,-3.4883790016174316,4.454980373382568,3,2,-5,-7.699316501617432,4.230078220367432,3.3974609375
-8,-3,-3,-7.244726657867432,-3.22998046875,4.28271484375,-1,1,-5,-7.522265911102295,4.33056640625,3.3543946743011475
-22,-2,1,-7.029394626617432,-3.3304688930511475,4.373632907867432,0,-2,-5,-7.665820598602295,4.249218940734863,3.4166016578674316
-36,-3,7,-6.670507907867432,-3.718066453933716,4.627246379852295,9,-9,-6,-7.8955078125,4.268359661102295,3.483593702316284
-33,-1,9,-6.550879001617432,-4.42626953125,4.938281536102295,24,-16,-6,-8.03427791595459,4.249218940734863,3.4405274391174316
-15,3,2,-6.503027439117432,-4.947851657867432,4.990918159484863,33,-18,-4,-8.072558403015137,4.273144721984863,3.3783204555511475
4,6,-5,-7.125097751617432,-5.244531154632568,5.014843940734863,36,-19,-6,-8.479296684265137,4.387988567352295,3.5218751430511475
32,7,-15,-6.976758003234863,-5.110547065734863,4.201367378234863,38,-17,-6,-7.890722751617432,4.263574123382568,3.4931640625
67,11,-27,-7.086816310882568,-4.421484470367432,3.5697267055511475,39,-12,0,-7.043750286102295,4.287499904632568,3.387890577316284
64,9,-28,-7.751953125,-3.670214891433716,3.5840821266174316,23,-7,2,-6.957617282867432,4.359277248382568,3.4883790016174316
29,0,-22,-7.852441787719727,-3.215625047683716,3.63671875,14,-8,-1,-7.125097751617432,4.225293159484863,3.6175782680511475
5,-2,-17,-7.914648532867432,-3.61279296875,3.531445264816284,13,-10,-2,-7.421777725219727,4.297070503234863,3.70849609375
11,0,-11,-8.072558403015137,-3.7276368141174316,3.411816358566284,15,-3,4,-7.862011909484863,4.454980373382568,3.80419921875
-1,-2,2,-8.192187309265137,-3.4740235805511475,3.3543946743011475,6,5,16,-8.364453315734863,4.292285442352295,4.053027629852295
-18,-2,14,-7.828516006469727,-3.7515625953674316,3.167773485183716,11,10,23,-8.077343940734863,4.129590034484863,4.134375095367432
-15,2,21,-7.550976753234863,-4.029101848602295,3.1103515625,-5,8,27,-7.455273628234863,4.033886909484863,5.100976467132568
-10,6,24,-7.397851943969727,-3.9381837844848633,3.22998046875,-5,-4,13,-6.991113185882568,3.4453125,5.541211128234863
-18,7,27,-7.483984470367432,-3.9525392055511475,3.3208985328674316,7,-13,-2,-7.316504001617432,4.057812690734863,4.56982421875
-18,10,31,-7.737597942352295,-4.263574123382568,3.4405274391174316,11,-14,-6,-7.622754096984863,4.215722560882568,3.8903322219848633
-13,13,35,-7.785449504852295,-4.421484470367432,3.9429688453674316,4,-8,-3,-7.637109756469727,4.115234375,3.6319336891174316
-7,10,29,-7.570117473602295,-4.478906154632568,4.349707126617432,8,-2,-4,-7.431347846984863,4.04345703125,3.63671875
0,6,15,-7.527050971984863,-4.273144721984863,4.387988567352295,12,0,-4,-7.216015815734863,4.215722560882568,3.8903322219848633
-4,-2,2,-7.65625,-4.129590034484863,4.177441596984863,21,0,-4,-7.053320407867432,4.598535060882568,4.28271484375
-11,-9,-5,-7.82373046875,-4.196582317352295,3.9046876430511475,21,-2,-3,-7.072461128234863,5.033984661102295,4.584179878234863
-14,-11,-10,-7.785449504852295,-4.110449314117432,3.627148389816284,4,0,1,-7.244726657867432,4.90478515625,4.397558689117432
-14,-7,-14,-7.627539157867432,-4.038671970367432,3.3208985328674316,-9,2,6,-7.373926162719727,4.478906154632568,4.072167873382568
-7,0,-16,-7.651464939117432,-4.029101848602295,3.2586915493011475,-17,3,9,-7.507910251617432,4.148730754852295,4.038671970367432
