0,1,0.1,-8.665918350219727,-2.832812547683716,3.2730469703674316,1.1,0.2,0.3,-8.675488471984863,3.7228517532348633,1.119726538658142,2
0,1,0,-8.63720703125,-2.8519532680511475,3.25390625,0,0,0,-8.670702934265138,3.6750001907348633,1.095800757408142,2
-1,1,0,-8.6611328125,-2.89501953125,3.3017578125,0,0,0,-8.699414253234862,3.689355611801148,1.119726538658142,2
-1,1,0,-8.651562690734862,-2.9237306118011475,3.3113281726837163,0,0,0,-8.68027400970459,3.6750001907348633,1.1580078601837158,2
0,1,0,-8.65634822845459,-2.89501953125,3.3017578125,0,0,0,-8.70419979095459,3.689355611801148,1.143652319908142,2
0,1,0,-8.670702934265138,-2.890234470367432,3.296972751617432,0,0,0,-8.718554496765138,3.689355611801148,1.119726538658142,2
0,2,0,-8.665918350219728,-2.9715821743011475,3.3161132335662837,3,0,2,-8.790331840515138,3.808984518051148,1.105371117591858,2
-9,1,-6,-8.953027725219727,-3.153418064117432,3.6989259719848633,11,-3,17,-9.316699028015137,4.684668064117432,1.6700195074081419,2
-17,-13,-40,-10.005762100219727,-4.368847846984863,4.3544921875,26,-16,66,-10.154101371765137,6.67529296875,2.043261766433716,2
-70,-41,-140,-11.45566463470459,-8.890820503234863,4.488476753234863,0,-27,154,-10.134961128234863,10.0966796875,2.507421970367432,2
-21,-67,-251,-10.9580078125,-11.60400390625,5.593847751617432,-43,-32,237,-9.364550590515137,11.93896484375,2.765820264816284,2
54,-74,-300,-5.967090129852295,-11.07285213470459,5.498144626617432,-82,-30,297,-6.517383098602295,11.771484375,2.6126954555511475,2
108,-74,-302,-2.6844727993011475,-8.546289443969728,4.488476753234863,-109,-26,310,-3.3783204555511475,9.11572265625,3.1247069835662837,2
120,-69,-271,-1.6843750476837158,-5.2158203125,5.7230467796325675,-116,-23,261,-2.1581056118011475,5.627343654632568,5.110547065734863,2
140,-108,-199,-0.7943359613418579,-5.9766602516174325,7.9385743141174325,-113,-46,192,-1.024023413658142,7.120312690734862,6.029296875,2
182,-89,-157,1.8135741949081419,-5.292382717132568,5.416797161102295,-140,-48,142,1.995410203933716,8.326171875,3.1725585460662837,2
132,-30,-141,2.9333007335662837,-4.383203029632568,8.436230659484862,-89,-34,116,2.8280274868011475,5.038769721984863,1.2537109851837158,2
120,-40,-105,3.4453125,-0.29667970538139343,12.24521541595459,-17,5,88,4.076953411102295,4.062597751617432,-0.6029297113418579,2
38,-5,-100,4.789941310882568,-2.383007764816284,10.249804496765137,50,36,87,2.162890672683716,4.000390529632568,5.14404296875,2
-14,43,-91,3.8903322219848633,-1.851855516433716,9.101366996765137,18,37,64,1.6078125238418581,4.488476753234863,8.421875,2
-106,63,-51,3.18212890625,-0.7847656607627869,5.072265625,-13,43,31,2.100683689117432,5.038769721984863,10.632616996765137,2
-153,110,1,4.23486328125,-1.5121093988418581,-3.344824314117432,-46,80,14,5.100976467132568,5.225390911102295,10.268945693969727,2
7,87,-7,4.383203029632568,-3.928613424301148,0.861328125,-35,23,-16,3.158203125,1.7274414300918581,11.991601943969727,2
185,19,-31,8.196972846984862,-0.4258789122104645,3.6462891101837163,-28,-39,-31,7.1490235328674325,3.689355611801148,4.550683498382568,2
152,-21,-4,7.1729493141174325,8.646777153015138,14.144922256469727,-66,-38,-12,8.101269721984862,4.292285442352295,-0.7704101800918579,2
4,-69,34,2.497851610183716,5.488574504852295,21.614551544189453,-31,-5,-3,6.5987305641174325,1.7513672113418581,0.6412109732627869,2
-97,-74,17,2.028906345367432,0.7177734375,15.757519721984865,34,1,13,5.55078125,3.2921874523162837,7.096386909484862,2
-34,0,9,2.196386814117432,-1.5743163824081419,10.278515815734863,81,-27,33,3.6702148914337163,5.660840034484862,9.460253715515137,2
-56,44,22,1.60302734375,-0.6268554925918579,9.364550590515137,46,6,26,2.579199314117432,5.124902248382568,8.522363662719728,2
-118,48,40,2.75146484375,-1.7083008289337158,4.670312404632568,0,73,10,2.430859327316284,5.33544921875,10.240234375,2
-113,90,28,3.5888671875,-6.067578315734862,-1.4164062738418581,-7,107,14,2.000195264816284,4.0673828125,12.183008193969727,2
-15,55,-32,4.244433879852295,-4.18701171875,3.880761861801148,-16,74,-17,0.39238283038139343,2.818457126617432,13.7333984375,2
95,-16,-64,6.876269817352295,-2.770605564117432,4.675097942352295,5,-25,-50,2.6366212368011475,2.36865234375,13.39365291595459,2
210,-49,-15,10.130175590515137,3.9621095657348633,6.3833985328674325,-43,-108,-49,6.8714842796325675,4.675097942352295,5.62255859375,2
57,-88,40,7.91943359375,4.909570217132568,17.030370712280273,-55,-79,-24,8.402734756469728,2.60791015625,-1.899707078933716,2
25,-127,58,3.808984518051148,2.789746046066284,20.882421493530273,32,-14,-7,7.3212890625,1.837500095367432,-1.60302734375,2
-89,-111,44,3.1390626430511475,1.358984351158142,16.59492301940918,32,11,13,6.53173828125,4.995703220367432,4.756445407867432,2
-71,-11,23,3.732421875,-3.0194337368011475,9.704297065734863,102,-25,54,3.7707033157348633,6.6944336891174325,10.245019912719727,2
-13,65,19,3.5075194835662837,-3.3065431118011475,9.364550590515137,52,-14,49,3.1486327648162837,6.134570598602295,8.354883193969728,2
-51,78,43,4.04345703125,-2.842382907867432,6.522168159484862,14,44,32,2.746679782867432,5.163183689117432,9.5224609375,2
-93,118,53,4.134375095367432,-4.80908203125,-1.4786132574081419,-16,95,28,3.2634766101837163,5.077050685882568,11.063281059265137,2
-25,124,16,3.3352539539337163,-3.51708984375,2.6796875,-19,86,8,0.5790039300918579,2.866308689117432,11.79541015625,2
1,91,-21,5.536426067352295,-1.5982421636581419,3.70849609375,30,47,-28,2.287304639816284,2.9763672351837163,11.737988471984865,2
100,50,-36,6.8619141578674325,-1.6891602277755735,7.0533204078674325,6,-51,-75,3.7659180164337163,4.80908203125,9.8095703125,2
235,-31,-12,7.043750286102295,5.995800971984862,14.11142635345459,-83,-119,-76,6.904980659484862,4.66552734375,3.3017578125,2
40,-117,25,4.320996284484863,2.713183641433716,17.83906364440918,-53,-111,-57,7.46484375,2.670117139816284,-0.3158203065395355,2
-10,-161,43,1.7274414300918581,0.7560546994209291,19.121484756469727,46,-64,-22,8.546289443969728,4.660742282867432,-0.17705078423023224,2
-113,-100,17,1.861425876617432,-0.961816430091858,14.90576171875,37,-25,7,8.024706840515138,4.828222751617432,5.14404296875,2
-38,5,-12,2.435644626617432,-3.8185548782348633,11.068066596984863,37,-35,33,4.71337890625,6.8858399391174325,9.106152534484863,2
-48,58,-7,2.095898389816284,-1.72265625,9.240137100219727,23,-30,42,4.550683498382568,6.1919922828674325,7.5414066314697275,2
-101,59,22,2.435644626617432,-1.6078125238418581,5.967090129852295,4,8,44,5.522070407867432,5.656054973602295,7.617969036102295,2
-108,94,33,3.9094727039337163,-5.3115234375,-0.74169921875,-20,78,48,5.263671875,3.6702148914337163,10.149316787719727,2
-6,88,2,4.684668064117432,-5.09619140625,3.0002930164337163,7,87,22,2.306445360183716,2.234668016433716,11.14462947845459,2
10,41,-22,6.5748047828674325,-1.8231445550918581,3.99560546875,35,60,-14,2.60791015625,3.2443358898162837,12.05380916595459,2
92,-4,-41,8.570215225219728,-3.081640720367432,5.254101753234863,-2,-19,-56,3.70849609375,4.33056640625,10.316797256469727,2
258,-54,0,9.627734184265137,4.072167873382568,8.579785346984862,-66,-88,-62,6.737500190734862,3.928613424301148,4.373632907867432,2
76,-80,60,7.646679878234862,7.3643555641174325,14.723926544189453,-85,-75,-46,7.3882813453674325,3.9094727039337163,-0.8804687857627869,2
-50,-103,72,3.6750001907348633,0.9187500476837158,20.107227325439453,-11,-30,-47,6.570019721984862,0.3780273497104645,-0.01435546949505806,2
-105,-98,35,3.7228517532348633,-0.8948242068290709,16.575780868530273,94,1,-8,6.756640911102295,6.373828411102295,3.856836080551148,2
-98,-13,-7,4.493261814117432,-5.679980754852295,10.3837890625,66,0,27,5.579492092132568,8.326171875,8.479296684265138,2
40,71,-24,4.603320598602295,-4.531543254852295,8.326171875,15,21,44,4.249218940734863,7.3260741233825675,8.9482421875,2
-3,107,-11,4.962207317352295,-2.7275390625,7.144238471984862,-27,69,40,3.46923828125,5.852246284484862,9.5703125,2
-68,135,18,4.158300876617432,-2.8998048305511475,2.330371141433716,-53,115,34,2.9189453125,4.981347560882568,10.80966854095459,2
-47,145,19,3.0768554210662837,-4.191796779632568,2.268164157867432,-30,116,19,1.3781250715255735,2.483496189117432,11.26904296875,2
-11,79,-6,3.2634766101837163,-1.7417968511581419,4.555469036102295,-35,71,-19,1.7178710699081419,1.9523438215255735,11.919824600219727,2
57,-8,-25,4.416699409484863,-0.679492175579071,5.569921970367432,-6,-8,-48,2.5887696743011475,1.1867188215255735,10.685254096984863,2
190,-69,-16,6.971972942352295,-0.4354492127895355,6.794921875,-42,-75,-59,5.569921970367432,2.4930665493011475,5.124902248382568,2
178,-115,22,7.306933879852295,5.345019817352295,12.211718559265135,-36,-70,-34,6.5269532203674325,2.03369140625,1.4786132574081419,2
9,-148,52,4.708593845367432,4.153515815734863,16.614063262939453,31,-47,-11,5.9288086891174325,2.138964891433716,2.08154296875,2
-75,-172,60,4.598535060882568,1.8087891340255735,17.55195426940918,61,-38,10,6.86669921875,5.943164348602295,3.871191501617432,2
-102,-105,22,6.7997069358825675,-1.26806640625,12.403124809265135,82,-16,44,6.8427734375,6.4168944358825675,7.3500003814697275,2
-29,13,-8,6.780566692352295,-3.0768554210662837,10.087109565734863,59,-33,54,4.177441596984863,6.278125286102295,10.45556640625,2
0,87,-10,5.703906536102295,-2.8328125476837163,9.297558784484863,33,-4,56,3.4788086414337163,5.321094036102295,9.599023818969727,2
-34,115,14,4.76123046875,-1.7752929925918581,6.6800780296325675,-22,65,38,3.3400390148162837,3.7802734375,10.0009765625,2
-78,146,46,3.66064453125,-2.770605564117432,1.191503882408142,-20,110,30,3.4118163585662837,2.8998048305511475,10.45078182220459,2
-40,152,49,3.3352539539337163,-2.789746046066284,2.46435546875,-2,121,2,2.646191358566284,2.17724609375,10.780957221984863,2
-9,87,12,4.316211223602295,-2.0384767055511475,5.091406345367432,-9,75,-40,2.4691407680511475,1.9140625,11.95810604095459,2
90,23,-14,5.3115234375,-1.7130860090255735,5.7374024391174325,24,-31,-61,3.0242187976837163,3.0625,10.632616996765137,2
201,-43,0,6.948047161102295,3.6989259719848633,11.12548828125,-52,-112,-47,6.493457317352295,5.010058879852295,4.024316310882568,2
31,-119,31,4.95263671875,2.9285156726837163,16.67626953125,-43,-102,-20,7.01025390625,2.234668016433716,-0.8326172232627869,2
-13,-173,49,3.08642578125,1.8949218988418581,19.078418731689453,88,-62,10,7.091601848602295,4.517187595367432,-0.14833985269069672,2
-111,-143,25,4.086523532867432,0.3780273497104645,14.585156440734865,46,-10,27,7.84765625,4.947851657867432,4.947851657867432,2
-71,-29,-12,4.206152439117432,-4.201367378234863,10.130175590515137,69,-21,46,3.3639647960662837,6.5748047828674325,11.608789443969727,2
-14,48,-19,3.761132955551148,-2.650976657867432,9.723437309265137,29,-13,44,2.9237306118011475,6.14892578125,9.627734184265137,2
-72,80,10,4.3544921875,-1.971484422683716,6.6705079078674325,-21,61,20,3.2204101085662837,4.9287109375,9.603808403015137,2
-101,145,52,4.919140815734863,-4.407128810882568,-1.5982421636581419,-31,113,16,3.5888671875,3.6750001907348633,10.52255916595459,2
-32,169,45,3.5984375476837163,-4.029101848602295,2.722754001617432,-11,107,-7,1.009667992591858,2.0576171875,10.78574275970459,2
6,113,7,5.967090129852295,-1.7322266101837158,4.80908203125,0,64,-40,1.6317383050918581,2.1581056118011475,11.824121475219727,2
69,38,-34,5.852246284484862,-2.5887696743011475,7.091601848602295,32,-20,-56,2.095898389816284,2.99072265625,11.43173885345459,2
253,-41,-25,6.9432616233825675,1.3015625476837158,9.560742378234863,-54,-109,-55,4.861718654632568,4.933495998382568,7.550976753234862,2
91,-113,25,5.440722942352295,4.684668064117432,16.934667587280273,-63,-123,-21,6.139355659484862,4.28271484375,1.7417968511581419,2
16,-172,50,3.2634766101837163,1.6795898675918581,17.700292587280273,-49,-92,-16,6.7757811546325675,0.703417956829071,0.564648449420929,2
-30,-175,46,3.1869142055511475,0.9187500476837158,16.43701171875,62,-38,12,7.8524417877197275,4.742089748382568,1.6652344465255735,2
-100,-93,8,3.7659180164337163,-1.2919921875,11.71884822845459,54,2,33,7.3739261627197275,4.421484470367432,5.95751953125,2
-8,8,-19,3.808984518051148,-3.5984375476837163,8.54150390625,50,-17,53,4.598535060882568,6.43603515625,9.11572265625,2
28,71,-22,4.072167873382568,-2.99072265625,7.8763675689697275,14,5,48,4.4501953125,4.8330078125,8.36923885345459,2
-7,98,-6,4.512402534484863,-1.9762696027755735,7.77587890625,-22,52,32,3.416601657867432,3.201269626617432,9.407617568969727,2
-57,110,20,5.388085842132568,-1.0383789539337158,4.000390529632568,-18,102,30,3.631933689117432,3.751562595367432,9.512890815734863,2
-66,144,26,4.703808784484863,-2.60791015625,1.5791015625,-39,113,16,2.258593797683716,1.6365234851837158,11.211621284484863,2
3,102,-6,5.139257907867432,-1.50732421875,5.292382717132568,-15,42,-20,1.4307616949081419,-0.16748046875,12.517969131469727,2
138,23,-31,6.426465034484862,0.27753907442092896,5.828320503234862,51,-54,-43,3.08642578125,1.081445336341858,11.446093559265135,2
126,-33,6,7.5174808502197275,6.378613471984862,7.742383003234862,19,-140,-43,5.62255859375,3.871191501617432,6.852344036102295,2
-6,-100,39,6.3594727516174325,1.2058594226837158,14.168848037719727,-25,-137,-24,7.976855754852295,3.25390625,0.9283203482627868,2
21,-150,54,4.962207317352295,1.3876953125,15.279004096984865,44,-77,-5,8.63242244720459,2.411718845367432,0.2918945252895355,2
-60,-156,39,3.832910299301148,0.6507812738418579,16.657129287719727,63,-3,7,9.220995903015137,5.603417873382568,0.22490234673023224,2
-55,-109,9,3.7707033157348633,-0.8326172232627869,13.723828315734865,23,65,19,7.330859661102295,4.42626953125,5.5986328125,2
-11,-11,-23,4.679883003234863,-1.79443359375,10.71396541595459,12,9,29,3.1869142055511475,5.9383788108825675,10.948437690734863,2
2,54,-32,5.9766602516174325,-1.6795898675918581,9.431543350219727,0,26,31,4.431054592132568,4.411914348602295,6.96240234375,2
-27,96,-24,6.7470703125,-2.1533203125,7.3643555641174325,-39,72,10,3.7228517532348633,3.75634765625,6.924121379852295,2
-61,127,4,6.828418254852295,-0.7129883170127869,4.37841796875,-51,113,9,3.7419922351837163,3.631933689117432,7.885937690734862,2
-83,166,20,5.1201171875,-2.46435546875,0.74169921875,-49,120,18,3.4070312976837163,2.2777345180511475,9.790430068969727,2
-28,147,9,2.6605470180511475,-1.1819336414337158,5.392871379852295,0,82,1,0.765625,0.5550781488418579,11.800195693969727,2
0,67,-11,3.1438477039337163,-0.8278320431709291,6.5556640625,54,11,-26,1.406835913658142,0.12441406399011612,12.427050590515135,2
106,-14,-17,4.933495998382568,0.07177734375,6.9911131858825675,77,-85,-52,2.306445360183716,2.9333007335662837,12.41748046875,2
122,-53,18,7.5174808502197275,3.94775390625,9.584668159484863,-22,-152,-54,6.450390815734862,4.986133098602295,6.325976848602295,2
48,-104,42,6.378613471984862,1.5695313215255735,15.063672065734865,-40,-111,-30,8.718554496765138,3.5314452648162837,1.052734375,2
7,-131,50,4.086523532867432,1.5838867425918581,16.42744255065918,12,-45,-7,8.330957412719728,2.7275390625,0.6890625357627869,2
-67,-137,28,1.6795898675918581,-0.12919922173023224,17.64765739440918,20,16,9,7.9625000953674325,5.292382717132568,2.115039110183716,2
-63,-71,0,2.22509765625,-1.311132788658142,12.254785537719727,39,34,36,5.426367282867432,4.392773628234863,8.268750190734862,2
-5,2,-13,3.737207174301148,-1.53125,10.345507621765137,20,-12,37,3.560156345367432,5.134472846984863,8.51279354095459,2
-16,52,-4,5.115332126617432,-0.9761719107627868,9.15878963470459,20,10,31,4.6416015625,4.684668064117432,5.9288086891174325,2
-53,60,21,6.493457317352295,-1.8231445550918581,8.019922256469728,-2,58,18,3.847265720367432,3.7707033157348633,6.6944336891174325,2
-68,61,43,5.8091797828674325,-2.201171875,4.172656536102295,-7,90,14,2.8615233898162837,3.6032226085662837,9.06308650970459,2
-53,102,35,3.488379001617432,-4.612890720367432,1.22021484375,-17,76,12,1.406835913658142,2.9045898914337163,11.484375,2
-11,76,1,2.7275390625,-2.51220703125,5.230175971984863,-13,32,-10,-0.3158203065395355,2.574414014816284,11.924609184265135,2
-18,47,-22,4.90478515625,-1.6939452886581419,3.5075194835662837,25,-6,-30,1.9044922590255735,2.339941501617432,11.71884822845459,2
103,-3,-32,6.637012004852295,-2.339941501617432,5.38330078125,58,-61,-59,4.344922065734863,2.4404296875,10.61826229095459,2
165,-54,2,10.16845703125,2.287304639816284,7.235156536102295,1,-109,-74,6.4408202171325675,4.488476753234863,6.254199504852295,2
48,-81,46,9.11093807220459,3.990820407867432,15.24072265625,-25,-128,-41,7.9242191314697275,5.345019817352295,0.88525390625,2
4,-118,56,5.211035251617432,1.7274414300918581,19.21240234375,26,-93,-6,7.833301067352295,3.641504049301148,-0.7608398795127869,2
-80,-136,26,2.7275390625,-0.631640613079071,18.60468864440918,48,-12,15,8.87646484375,7.0389647483825675,0.09091796725988388,2
-94,-68,-10,3.1151368618011475,-1.2584961652755735,11.709277153015135,13,56,38,7.311718940734862,7.1585936546325675,5.43115234375,2
5,12,-29,4.086523532867432,-4.2587890625,9.608593940734863,14,44,53,2.569628953933716,5.9288086891174325,9.938769340515137,2
29,41,-14,6.0580077171325675,-3.4500977993011475,8.953027725219727,-30,65,33,3.009863376617432,4.732519626617432,7.4935550689697275,2
-32,70,4,6.5987305641174325,-1.4690430164337158,4.943066596984863,-42,94,24,3.158203125,4.124804973602295,8.383593559265138,2
-88,134,27,5.124902248382568,-3.4548828601837163,-0.095703125,-32,92,30,2.6366212368011475,3.512304782867432,10.297656059265137,2
-13,131,18,4.220508098602295,-3.033789157867432,3.51708984375,-9,64,-2,0.564648449420929,1.9188476800918581,10.1923828125,2
-44,65,0,5.450293064117432,0.34931641817092896,4.143945217132568,-26,34,-36,1.1340820789337158,3.273046970367432,10.651758193969727,2
-31,-27,-22,6.397754192352295,-0.14833985269069672,6.952832221984862,21,-18,-50,1.8327149152755735,1.5360351800918581,12.3935546875,2
26,-113,-25,8.63720703125,-1.36376953125,7.3021483421325675,12,-108,-63,3.4835937023162837,3.18212890625,10.30722713470459,2
13,-110,-7,11.197265625,-1.7657226324081419,7.9385743141174325,-27,-160,-56,7.05810546875,3.7946290969848633,3.679785251617432,2
119,-74,4,9.699511528015137,-3.4740235805511475,11.7236328125,-6,-100,-15,9.37412166595459,4.225293159484863,-1.311132788658142,2
59,-49,12,4.990918159484863,-0.8278320431709291,17.31269645690918,1,-18,12,8.359667778015138,4.76123046875,0.478515625,2
3,-40,-10,2.258593797683716,-2.0576171875,16.279102325439453,71,40,38,6.187207221984862,3.368750095367432,6.57958984375,2
8,3,-36,3.1438477039337163,-2.0863282680511475,11.781054496765135,16,4,35,4.029101848602295,6.5748047828674325,9.819140434265137,2
30,38,-49,5.110547065734863,-2.201171875,10.245019912719727,-5,46,31,3.828125,4.239648342132568,7.833301067352295,2
-9,55,-31,6.6944336891174325,-0.478515625,7.814160346984862,-59,87,8,3.3878905773162837,3.416601657867432,7.6131839752197275,2
-90,97,13,7.7041015625,0.13398437201976776,2.2538087368011475,-30,118,12,3.61279296875,3.158203125,8.10605525970459,2
-91,170,43,5.225390911102295,-3.2826173305511475,0.25361329317092896,-19,110,15,1.4020508527755735,1.6078125238418581,9.99619197845459,2
-31,145,27,3.8759765625,-2.234668016433716,4.847363471984863,7,55,-11,-0.34931641817092896,1.3015625476837158,11.900683403015135,2
22,83,-6,5.115332126617432,-2.392578125,6.139355659484862,57,-30,-37,0.8661133050918579,1.5934571027755735,13.221386909484865,2
184,14,-21,5.483788967132568,-0.39716798067092896,8.15390682220459,24,-132,-50,3.4309570789337163,4.086523532867432,11.130273818969727,2
109,-70,21,6.522168159484862,6.306836128234862,13.32187557220459,-22,-158,-12,7.383496284484862,5.364160060882568,3.6510741710662837,2
-3,-137,34,4.502831935882568,0.6507812738418579,15.369922637939453,-36,-106,2,8.244824409484862,2.713183641433716,1.0192383527755735,2
-9,-165,37,2.8375976085662837,1.31591796875,16.64277458190918,1,-31,15,8.378808975219728,4.215722560882568,0.9091796875,2
-29,-151,28,2.813671827316284,0.07656250149011612,14.51816463470459,-13,25,27,7.9146485328674325,2.813671827316284,3.751562595367432,2
-37,-73,-10,4.799511909484863,-1.0670899152755735,10.048828125,38,25,41,4.914355754852295,3.8376953601837163,8.244824409484862,2
-3,-2,-25,4.981347560882568,-1.191503882408142,8.460156440734862,32,-4,41,3.5936524868011475,4.105664253234863,8.708984375,2
-2,28,-16,5.804394721984862,-0.9953125119209291,7.905078411102295,29,17,37,3.2634766101837163,3.6223633289337163,8.240038871765138,2
-53,50,5,5.9288086891174325,-0.8565430045127869,5.7613282203674325,-5,58,18,2.8758790493011475,2.7323243618011475,9.201855659484863,2
-85,96,29,5.388085842132568,-1.818359375,0.8661133050918579,-13,74,17,4.096093654632568,3.641504049301148,10.245019912719727,2
-40,119,29,4.541113376617432,-2.87109375,3.1677734851837163,-7,60,10,2.46435546875,1.320703148841858,10.656542778015137,2
-6,84,13,6.0101561546325675,-1.3972656726837158,4.694238185882568,29,14,-15,3.3831055164337163,1.167578101158142,11.07763671875,2
57,38,-3,7.72802734375,-0.69384765625,5.780468940734862,55,-54,-33,4.550683498382568,2.138964891433716,10.556055068969727,2
141,-4,4,8.68505859375,2.426074266433716,7.8955078125,-6,-113,-35,6.3690428733825675,4.09130859375,7.0293946266174325,2
63,-50,37,8.115625381469728,4.143945217132568,13.173535346984865,-31,-119,-18,7.53662109375,4.273144721984863,2.08154296875,2
36,-105,61,5.6895508766174325,2.6126954555511475,15.302929878234865,-6,-76,-11,8.15390682220459,2.7323243618011475,0.4737304747104645,2
-31,-139,63,3.679785251617432,0.7991210818290709,17.413183212280273,-1,-6,-4,9.02001953125,4.531543254852295,1.1484375,2
-99,-123,35,3.847265720367432,-1.0144531726837158,13.379297256469727,36,45,8,8.15390682220459,2.4691407680511475,4.76123046875,2
-59,-44,0,5.493359565734863,-3.0720703601837163,8.144335746765138,25,27,17,4.598535060882568,5.560351848602295,9.091796875,2
15,35,-20,5.7613282203674325,-3.3783204555511475,7.0628905296325675,16,26,27,4.076953411102295,5.57470703125,7.598828315734862,2
-15,73,-20,6.230273723602295,-2.4691407680511475,6.5269532203674325,-14,54,27,3.7802734375,4.392773628234863,7.1346678733825675,2
-44,93,-8,6.3929686546325675,-2.555273532867432,4.325781345367432,-12,76,30,3.3065431118011475,3.536230564117432,8.292675971984862,2
-49,120,0,4.943066596984863,-2.674902439117432,1.875781297683716,-12,67,31,3.617578268051148,3.3065431118011475,9.311914443969727,2
-27,104,-15,4.335351467132568,-1.885351657867432,4.277929782867432,6,39,21,2.292089939117432,1.9427734613418581,10.039258003234863,2
8,61,-33,5.555566310882568,-1.1580078601837158,5.019629001617432,38,5,-3,3.641504049301148,1.6748046875,10.230664253234863,2
99,6,-41,6.756640911102295,-0.4354492127895355,5.8905272483825675,49,-51,-39,4.407128810882568,2.000195264816284,10.79052734375,2
144,-27,8,9.130078315734863,5.483788967132568,6.665722846984862,-12,-113,-50,6.637012004852295,4.957421779632568,7.479199409484862,2
25,-33,57,8.766406059265138,3.8424806594848633,12.288281440734865,-57,-109,-38,8.790331840515138,4.268359661102295,2.0624024868011475,2
6,-72,58,6.665722846984862,0.5215820670127869,16.097265243530273,-42,-45,-25,9.11093807220459,3.1725585460662837,0.5933594107627869,2
-76,-111,28,4.005176067352295,-0.6986328363418579,17.523242950439453,-30,6,-4,8.555859565734862,4.47412109375,2.6844727993011475,2
-88,-92,-2,3.75634765625,-1.93798828125,12.862500190734865,11,22,22,7.2542967796325675,3.3783204555511475,6.3833985328674325,2
-34,-17,-20,4.565039157867432,-2.172461032867432,9.283203125,11,0,36,4.828222751617432,4.579394817352295,8.56064510345459,2
25,27,-19,4.311425685882568,-2.5648438930511475,9.034375190734863,12,15,39,4.349707126617432,3.56494140625,8.431445121765138,2
18,37,-5,5.115332126617432,-1.5408203601837158,7.455273628234862,-19,49,21,4.900000095367432,3.3161132335662837,7.24951171875,2
-22,63,17,5.8331055641174325,-1.4977539777755735,4.880859375,2,84,26,4.699023723602295,3.2108399868011475,7.9242191314697275,2
-61,106,34,5.9288086891174325,-2.282519578933716,1.1484375,-14,96,27,4.320996284484863,2.6318359375,8.330957412719728,2
-42,116,28,4.61767578125,-2.622265577316284,4.009961128234863,11,71,20,1.8566406965255735,1.3015625476837158,10.034472465515137,2
-12,85,2,5.8666014671325675,-2.359081983566284,4.890429973602295,68,22,2,2.4404296875,0.9426758289337158,10.465136528015137,2
54,41,-25,6.924121379852295,-1.626953125,6.5269532203674325,91,-39,-24,3.3400390148162837,2.17724609375,10.374218940734863,2
149,3,-11,7.943359375,1.9044922590255735,7.7710938453674325,22,-112,-41,5.005273342132568,4.679883003234863,8.25439453125,2
55,-28,18,7.4600586891174325,4.143945217132568,13.929590225219727,-38,-126,-29,7.5796875953674325,5.3115234375,2.4212892055511475,2
23,-86,31,4.646386623382568,1.1627930402755735,16.829395294189453,-30,-81,-21,8.072558403015138,3.1151368618011475,1.1580078601837158,2
-20,-127,39,3.225195407867432,1.244140625,16.982519149780273,-17,-18,-2,8.914746284484863,5.55078125,1.4738281965255735,2
-106,-101,15,3.2443358898162837,-1.6173828840255735,12.661523818969727,-13,31,11,8.316601753234862,2.531347751617432,4.789941310882568,2
-41,-26,-10,4.105664253234863,-2.9572265148162837,8.579785346984862,33,27,30,5.110547065734863,5.412011623382568,8.41709041595459,2
15,25,-12,3.4118163585662837,-2.617480516433716,8.96738338470459,33,15,34,4.201367378234863,4.636816501617432,8.25439453125,2
22,29,-6,3.85205078125,-1.8709961175918581,8.522363662719728,7,33,21,4.01953125,3.990820407867432,7.7328128814697275,2
-20,30,5,4.933495998382568,-2.100683689117432,5.555566310882568,6,59,16,4.2587890625,3.737207174301148,8.54150390625,2
-38,72,3,5.187109470367432,-3.737207174301148,1.6939452886581419,-27,67,13,4.660742282867432,4.076953411102295,8.833398818969727,2
-9,87,-14,4.852148532867432,-2.32080078125,5.507714748382568,-29,41,6,2.27294921875,2.89501953125,9.953125,2
-13,79,-27,6.110644817352295,-0.9713867306709291,4.718163967132568,17,11,3,3.799414157867432,2.5409181118011475,9.51767635345459,2
28,48,-37,6.794921875,0.03828125074505806,6.6800780296325675,45,-26,-11,4.440625190734863,2.0624024868011475,9.479394912719727,2
100,-9,-15,7.2542967796325675,1.9284180402755735,7.383496284484862,37,-83,-26,5.148828029632568,3.61279296875,9.15878963470459,2
56,-39,27,8.39316463470459,3.85205078125,9.68515682220459,-29,-122,-21,7.2064452171325675,5.493359565734863,4.053027629852295,2
35,-89,42,6.924121379852295,0.8086914420127869,15.015820503234865,-72,-85,-11,8.27353572845459,3.75634765625,0.6268554925918579,2
0,-109,46,5.110547065734863,1.6173828840255735,16.3173828125,-25,-8,1,9.106152534484863,3.4548828601837163,-0.03349609300494194,2
-68,-107,17,3.9716796875,-0.13876953721046448,15.154590606689453,-67,63,-2,8.65634822845459,2.574414014816284,2.4691407680511475,2
-71,-38,-10,4.1630859375,-2.282519578933716,10.245019912719727,26,75,22,5.301953315734863,2.550488233566284,8.641992568969728,2
11,27,-9,4.411914348602295,-1.6365234851837158,8.63720703125,20,21,15,3.880761861801148,3.99560546875,9.532031059265137,2
14,42,12,5.16796875,-0.7129883170127869,8.75205135345459,27,17,12,4.2587890625,3.5266602039337163,7.9912109375,2
-4,32,42,5.871387004852295,-0.7273437380790709,6.684863567352295,27,40,9,4.689453125,3.46923828125,7.1968750953674325,2
-70,38,54,5.589062690734863,-2.4404296875,4.340137004852295,13,58,10,3.3639647960662837,3.63671875,9.11093807220459,2
-57,62,38,5.086621284484863,-4.507617473602295,2.60791015625,-12,41,9,2.583984375,3.5888671875,9.776074409484863,2
-36,60,6,4.71337890625,-3.3831055164337163,5.469433784484863,-8,14,2,2.019335985183716,3.201269626617432,9.933984756469727,2
-36,52,-13,5.7900390625,-2.9763672351837163,4.804296970367432,31,-11,5,3.3543946743011475,2.713183641433716,9.68515682220459,2
-2,38,-42,6.498242378234862,-3.5458009243011475,5.775683879852295,66,-44,-4,4.699023723602295,2.41650390625,9.407617568969727,2
126,8,-53,7.6036133766174325,-2.330371141433716,6.182422161102295,43,-89,-21,5.6895508766174325,3.9621095657348633,8.211328506469728,2
136,-4,-16,8.962597846984863,4.818652629852295,8.115625381469728,2,-119,-8,7.2686524391174325,5.263671875,4.28271484375,2
21,-45,10,6.986328125,1.5886719226837158,14.642578125,-70,-93,-3,7.570117473602295,4.632031440734863,1.000097632408142,2
28,-98,37,5.507714748382568,0.9474609494209291,15.19287109375,-36,-46,0,8.25439453125,3.13427734375,1.33984375,2
-33,-114,25,4.478906154632568,-0.3301757872104645,14.910547256469727,-43,20,-2,9.25449275970459,3.966894626617432,1.1388672590255735,2
-47,-69,2,4.502831935882568,-1.79443359375,10.88623046875,-18,71,12,7.522265911102295,2.306445360183716,6.302051067352295,2
-5,-1,-12,4.2109375,-2.473925828933716,9.393261909484863,34,29,25,4.120019435882568,4.732519626617432,9.666015625,2
9,36,-11,4.852148532867432,-1.5695313215255735,9.412402153015137,19,27,25,4.531543254852295,3.904687643051148,6.8427734375,2
-27,56,3,5.871387004852295,-1.5743163824081419,7.2782225608825675,0,63,16,4.789941310882568,3.488379001617432,6.43603515625,2
-64,81,31,5.6656250953674325,-1.9666992425918581,4.8330078125,-9,91,11,3.808984518051148,3.1677734851837163,8.627636909484862,2
-68,108,47,5.182324409484863,-3.2060546875,1.7705078125,-12,87,9,3.8616211414337163,3.0672852993011475,9.034375190734863,2
-34,107,25,4.66552734375,-3.2874023914337163,4.177441596984863,-10,56,5,2.0384767055511475,2.5887696743011475,10.900586128234863,2
1,61,-23,5.995800971984862,-3.129492282867432,5.876172065734862,13,15,1,3.0529296398162837,2.0384767055511475,10.704394340515137,2
100,13,-55,6.24462890625,-1.239355444908142,7.0293946266174325,46,-44,-13,3.942968845367432,2.100683689117432,11.55136775970459,2
153,9,-33,8.01513671875,3.0720703601837163,6.77099609375,43,-105,-21,4.957421779632568,3.153418064117432,9.866991996765137,2
44,19,2,7.1585936546325675,5.00048828125,12.10166072845459,-45,-110,-12,6.900195598602295,5.483788967132568,4.129590034484863,2
29,-35,16,4.1630859375,0.4115234315395355,16.40351676940918,-106,-76,-26,6.665722846984862,1.5743163824081419,3.1151368618011475,2
28,-77,33,1.9427734613418581,1.9762696027755735,16.590137481689453,10,-47,-18,6.8954100608825675,3.0194337368011475,2.770605564117432,2
-17,-97,38,1.5503906011581419,1.071874976158142,15.412988662719727,6,9,-7,8.723340034484862,4.277929782867432,1.2919921875,2
-71,-71,25,2.411718845367432,-0.7560546994209291,11.55136775970459,1,70,6,8.048632621765138,3.349609375,4.340137004852295,2
-62,-16,22,3.3878905773162837,-2.028906345367432,7.5892581939697275,58,75,29,4.6416015625,4.383203029632568,8.259180068969728,2
-28,12,26,3.66064453125,-2.94287109375,7.72802734375,24,53,27,2.6126954555511475,4.655957221984863,8.63242244720459,2
-40,24,32,4.454980373382568,-2.4404296875,5.8905272483825675,14,55,34,2.239453077316284,4.268359661102295,8.39316463470459,2
-82,57,28,5.153613567352295,-3.799414157867432,1.7513672113418581,-8,63,34,2.550488233566284,4.134375095367432,9.51767635345459,2
-32,94,-2,5.354589939117432,-4.670312404632568,2.598339796066284,0,45,25,1.1819336414337158,2.41650390625,10.541699409484863,2
-4,79,-41,6.8236327171325675,-1.5456055402755735,5.43115234375,31,-1,13,2.234668016433716,2.354296922683716,10.326367378234863,2
65,42,-69,6.995898723602295,-1.861425876617432,7.0628905296325675,53,-45,-11,3.320898532867432,2.119824171066284,10.445996284484863,2
168,14,-61,7.622754096984862,2.258593797683716,6.928906440734862,26,-109,-36,4.608105659484863,3.7802734375,9.54638671875,2
19,21,-16,7.0772461891174325,6.00537109375,11.039355278015137,-7,-140,-28,6.6322264671325675,5.6895508766174325,5.392871379852295,2
-6,-9,5,4.52197265625,-0.98095703125,15.35556697845459,-60,-120,-30,7.6753907203674325,3.6941406726837163,2.067187547683716,2
24,-53,22,1.827929735183716,0.39716798067092896,16.37959098815918,-27,-75,-18,8.579785346984862,4.081738471984863,0.9713867306709291,2
-42,-84,23,-0.05742187798023224,-0.2823242247104645,16.67626953125,-35,7,-1,10.278515815734863,4.842578411102295,-0.12919922173023224,2
-73,-82,18,0.5694336295127869,-1.7417968511581419,12.259570121765135,-34,83,12,9.249707221984863,2.650976657867432,2.8375976085662837,2
-29,-41,9,2.3734376430511475,-3.5027344226837163,8.4697265625,8,88,28,5.09619140625,3.5888671875,7.8667969703674325,2
-16,-1,8,3.0290038585662837,-3.129492282867432,7.546191692352295,15,64,29,3.9860353469848633,4.287499904632568,7.881152629852295,2
-17,13,27,4.220508098602295,-2.5361328125,6.330761909484862,3,69,29,3.5505859851837163,4.105664253234863,7.2782225608825675,2
-44,39,51,5.86181640625,-3.0146484375,4.660742282867432,3,90,30,2.502636671066284,3.249121189117432,8.359667778015138,2
-42,66,49,6.4791016578674325,-4.263574123382568,2.646191358566284,2,68,21,1.84228515625,2.689257860183716,10.69482421875,2
6,70,12,6.158496379852295,-3.8664064407348633,5.402441501617432,23,10,12,0.9091796875,2.009765625,11.55615234375,2
22,48,-22,6.637012004852295,-1.53125,5.7134766578674325,70,-36,5,2.646191358566284,2.521777391433716,10.90537166595459,2
83,20,-47,6.378613471984862,-1.45947265625,6.1728515625,76,-73,-17,3.89990234375,3.5218751430511475,9.97226619720459,2
124,-10,-22,8.06298828125,3.320898532867432,7.39306640625,10,-110,-21,5.8091797828674325,6.2637696266174325,7.3212890625,2
18,-13,6,7.8285160064697275,1.55517578125,10.59433650970459,-57,-104,-11,7.450488567352295,5.124902248382568,3.249121189117432,2
16,-30,6,4.971777439117432,-0.8182617425918579,16.33173942565918,-59,-61,-14,7.4169921875,3.5745117664337163,1.69873046875,2
4,-75,5,1.3733398914337158,0.11484375596046448,18.50898551940918,-9,-16,4,7.7041015625,4.445410251617432,1.5695313215255735,2
-56,-101,6,0.02871093899011612,-0.583789050579071,16.015918731689453,-42,57,4,9.244921684265137,3.081640720367432,2.091113328933716,2
-27,-64,10,2.32080078125,-2.0624024868011475,10.11582088470459,-7,103,22,6.2876954078674325,2.3973634243011475,5.8857421875,2
-6,-2,3,4.201367378234863,-3.5888671875,7.7567386627197275,12,79,32,3.4835937023162837,4.397558689117432,8.20654296875,2
-8,30,14,5.6656250953674325,-2.761035203933716,7.63232421875,8,54,35,2.196386814117432,4.225293159484863,8.723340034484862,2
-40,40,29,6.3833985328674325,-1.9619140625,5.9527344703674325,1,48,35,2.191601514816284,3.368750095367432,9.130078315734863,2
-62,65,46,5.8809571266174325,-2.450000047683716,2.3255860805511475,1,43,28,2.6844727993011475,3.3352539539337163,10.603906631469727,2
-31,90,31,4.871289253234863,-3.4309570789337163,3.8376953601837163,-2,9,14,0.9283203482627868,1.6604492664337158,11.355175971984865,2
-3,71,7,5.9766602516174325,-1.1627930402755735,5.28759765625,74,-18,3,2.694042921066284,1.9619140625,9.579882621765137,2
39,44,-18,6.067578315734862,-1.6604492664337158,6.565234661102295,73,-38,-26,3.0768554210662837,2.674902439117432,9.68515682220459,2
121,14,-25,7.24951171875,-0.2823242247104645,6.617871284484862,53,-91,-48,3.5218751430511475,5.263671875,9.35498046875,2
77,16,-4,7.838086128234862,2.99072265625,8.579785346984862,3,-134,-26,5.7708983421325675,7.6993165016174325,5.589062690734863,2
14,-5,-12,5.6751952171325675,-1.6317383050918581,15.532617568969727,-84,-107,-14,8.091699600219728,5.62255859375,1.55517578125,2
41,-66,-3,2.46435546875,-0.4976562559604645,16.939453125,-45,-61,-1,7.7950196266174325,3.942968845367432,1.5791015625,2
-10,-129,15,0.08613281697034836,0.6029297113418579,18.59033203125,-49,22,3,9.058300971984863,4.297070503234863,0.2583984434604645,2
-73,-122,11,0.564648449420929,-1.837500095367432,12.48447322845459,-36,92,7,7.9625000953674325,1.9284180402755735,5.148828029632568,2
-41,-55,3,2.292089939117432,-2.5361328125,7.7806644439697275,-16,69,12,4.09130859375,4.325781345367432,8.82382869720459,2
-8,4,6,3.75634765625,-2.866308689117432,7.000683784484862,-8,53,22,4.053027629852295,3.9094727039337163,7.2447266578674325,2
-12,31,11,5.445508003234863,-2.761035203933716,6.890625,-9,62,27,3.847265720367432,3.368750095367432,6.8475584983825675,2
-33,43,20,5.799609661102295,-2.5361328125,6.2685546875,2,68,30,2.51220703125,3.033789157867432,8.953027725219727,2
-57,76,27,6.1537108421325675,-2.5361328125,2.689257860183716,-2,51,25,2.2298829555511475,3.0529296398162837,10.182812690734863,2
-40,110,24,5.091406345367432,-2.99072265625,4.335351467132568,23,11,18,0.98095703125,1.3541992902755735,10.69482421875,2
-16,107,16,5.52685546875,-1.7513672113418581,5.8809571266174325,69,-14,1,2.9093749523162837,2.08154296875,9.723437309265137,2
57,70,-10,6.2876954078674325,-2.411718845367432,7.2734375,76,-47,-30,2.842382907867432,1.8135741949081419,10.1923828125,2
122,36,-17,7.0150389671325675,0.5790039300918579,7.6610355377197275,67,-92,-46,3.785058736801148,4.861718654632568,8.63720703125,2
61,23,-16,5.33544921875,0.961816430091858,11.326464653015135,20,-108,-34,5.292382717132568,6.9576172828674325,4.464550971984863,2
17,-34,-15,2.698828220367432,-0.4354492127895355,16.52314567565918,-34,-63,-31,7.0389647483825675,5.459863185882568,1.8709961175918581,2
2,-95,4,1.335058569908142,-0.34931641817092896,17.068653106689453,-37,3,-26,8.503222465515138,5.455078125,2.387793064117432,2
-24,-104,20,0.512011706829071,-0.6172851920127869,15.800586700439453,-76,36,-12,7.8428711891174325,4.885644435882568,4.804296970367432,2
-11,-73,17,1.65087890625,-2.5887696743011475,12.24521541595459,-22,33,20,5.823535442352295,3.689355611801148,7.594043254852295,2
15,-21,7,2.717968702316284,-2.966796875,9.484179496765137,-7,4,36,4.885644435882568,4.861718654632568,7.216015815734862,2
16,12,0,2.8041017055511475,-3.1103515625,8.77597713470459,-5,8,41,3.737207174301148,4.33056640625,7.570117473602295,2
-15,23,11,3.5458009243011475,-1.5216797590255735,7.6036133766174325,-9,31,37,3.488379001617432,4.249218940734863,8.029492378234862,2
-60,37,25,3.85205078125,-2.191601514816284,5.2158203125,-25,54,32,2.598339796066284,3.895117282867432,9.75693416595459,2
-55,82,21,4.048242092132568,-4.1630859375,1.31591796875,-16,63,30,2.383007764816284,2.79931640625,10.5751953125,2
-3,87,-7,4.1630859375,-2.5409181118011475,4.23486328125,26,45,18,1.9044922590255735,2.306445360183716,11.31689453125,2
50,55,-39,6.4551758766174325,-1.6221679449081419,5.7230467796325675,38,12,-7,3.0959961414337163,2.483496189117432,11.24033260345459,2
168,7,-38,7.527050971984862,2.335156202316284,6.603515625,2,-52,-30,3.4596679210662837,3.6702148914337163,9.508105278015137,2
74,-23,3,7.0054688453674325,6.493457317352295,12.374414443969727,-59,-83,-30,5.6895508766174325,3.856836080551148,4.029101848602295,2
5,-87,9,4.392773628234863,0.8278320431709291,17.03515625,-54,-56,-35,6.493457317352295,1.2776367664337158,1.009667992591858,2
1,-129,20,2.076757907867432,1.5743163824081419,18.547266006469727,23,-5,-21,6.77099609375,3.03857421875,1.3972656726837158,2
-56,-123,23,3.009863376617432,0.703417956829071,14.704785346984865,-13,31,-10,7.139453411102295,3.1486327648162837,5.062695503234863,2
-74,-44,1,4.727734565734863,-1.818359375,8.761621475219728,42,26,15,4.37841796875,3.6750001907348633,9.694726943969727,2
-23,26,4,4.469336032867432,-2.545703172683716,7.211230754852295,41,0,20,2.641406297683716,5.33544921875,10.221094131469727,2
-22,55,12,4.024316310882568,-1.8566406965255735,7.1011719703674325,34,18,22,1.7178710699081419,5.029199123382568,9.49375057220459,2
-62,59,23,4.09130859375,-2.2298829555511475,6.1728515625,1,56,11,1.0862305164337158,4.1630859375,10.21630859375,2
-78,64,22,4.005176067352295,-3.0959961414337163,3.08642578125,9,63,2,1.4929687976837158,4.206152439117432,10.98193359375,2
-53,81,6,4.813867092132568,-3.3591797351837163,3.942968845367432,-19,49,-20,1.0192383527755735,3.4309570789337163,10.891016006469727,2
-24,68,-17,5.656054973602295,-2.7801759243011475,5.81396484375,-8,5,-45,1.804003953933716,2.5169923305511475,11.83847713470459,2
67,44,-35,6.72314453125,-3.2060546875,6.1680665016174325,29,-57,-59,3.3400390148162837,3.320898532867432,10.699609756469727,2
219,12,-27,7.10595703125,1.2824219465255735,8.881250381469727,-30,-114,-48,5.459863185882568,5.182324409484863,6.852344036102295,2
50,-50,0,5.28759765625,4.129590034484863,15.47519588470459,-67,-108,-8,6.091504096984862,4.861718654632568,2.454785108566284,2
-9,-108,17,3.009863376617432,0.9666016101837158,16.81982421875,-67,-68,-12,7.0341796875,0.3828125,0.512011706829071,2
-1,-141,28,1.8087891340255735,0.9474609494209291,16.623632431030273,13,13,0,7.857226848602295,4.431054592132568,1.804003953933716,2
-59,-101,22,3.105566501617432,-0.8948242068290709,12.025097846984865,25,75,30,6.660937786102295,3.03857421875,5.852246284484862,2
-20,-22,2,4.675097942352295,-2.689257860183716,7.4361329078674325,53,70,50,3.0481445789337163,5.00048828125,9.680371284484863,2
-2,35,6,4.756445407867432,-2.1820313930511475,7.407422065734862,38,50,49,1.2824219465255735,4.612890720367432,9.83349609375,2
-27,56,22,4.847363471984863,-1.60302734375,6.637012004852295,17,48,37,0.4641601741313934,3.89990234375,9.742578506469727,2
-88,68,42,4.78515625,-2.287304639816284,3.9333984851837163,13,57,22,-0.06699218600988388,3.9573242664337163,11.225976943969727,2
-69,93,37,4.766015529632568,-4.560254096984863,1.7657226324081419,0,42,1,0.19619141519069672,3.320898532867432,11.388671875,2
-11,76,-1,6.220703125,-3.6032226085662837,4.852148532867432,-10,3,-24,0.7943359613418579,3.1916992664337163,11.537012100219727,2
62,37,-39,7.426562786102295,-2.115039110183716,6.0484375953674325,10,-39,-35,2.741894483566284,2.746679782867432,10.80966854095459,2
137,-1,-40,7.790234565734862,0.8996093869209291,6.876269817352295,2,-95,-37,3.5027344226837163,4.005176067352295,9.843066215515137,2
67,-24,-12,8.17783260345459,3.8376953601837163,11.98681640625,-49,-127,-20,5.545996189117432,4.59375,5.182324409484863,2
12,-76,-2,5.780468940734862,-0.08613281697034836,15.6953125,-50,-110,-14,5.804394721984862,2.000195264816284,3.0050780773162837,2
16,-108,18,3.689355611801148,0.6747070550918579,16.614063262939453,9,-67,-8,6.737500190734862,3.177343845367432,1.5647461414337158,2
-18,-115,23,2.890234470367432,0.01435546949505806,15.33164119720459,-8,17,-7,8.0390625,4.220508098602295,2.550488233566284,2
-68,-72,5,4.3544921875,-1.5695313215255735,10.469922065734863,-22,68,12,7.05810546875,2.737109422683716,5.579492092132568,2
-19,1,-5,5.7708983421325675,-2.94287109375,6.2254881858825675,-1,75,30,4.718163967132568,3.7898437976837163,8.53671932220459,2
4,59,2,6.0484375953674325,-2.65576171875,6.34033203125,12,57,39,2.435644626617432,3.5697267055511475,9.220995903015137,2
-2,74,19,5.6751952171325675,-2.411718845367432,6.7757811546325675,22,43,44,1.4690430164337158,3.0433595180511475,9.335840225219727,2
-14,72,33,4.923925876617432,-1.8662109375,5.919238567352295,12,44,32,0.9187500476837158,2.593554735183716,10.111035346984863,2
-39,85,38,4.153515815734863,-2.603125095367432,3.3831055164337163,12,32,22,1.4929687976837158,2.8998048305511475,10.73789119720459,2
-26,84,23,4.124804973602295,-2.6318359375,5.392871379852295,18,17,13,0.8517578244209291,2.292089939117432,10.278515815734863,2
-26,68,-3,5.440722942352295,-2.263378858566284,5.579492092132568,37,1,-1,2.0863282680511475,2.430859327316284,10.393359184265137,2
0,36,-35,5.8905272483825675,-2.0384767055511475,7.65625,65,-11,-13,3.13427734375,2.746679782867432,10.30722713470459,2
80,-24,-44,6.1058592796325675,-0.8278320431709291,9.25449275970459,53,-38,-35,3.4740235805511475,3.5745117664337163,9.967480659484863,2
83,-56,-21,7.39306640625,0.9761719107627868,8.99609375,4,-88,-46,3.66064453125,5.301953315734863,9.37412166595459,2
47,-47,7,8.421875,1.7417968511581419,10.240234375,-55,-126,-30,5.081836223602295,6.29248046875,5.47900390625,2
12,-49,8,6.5604491233825675,-1.225000023841858,14.489453315734865,-80,-101,-11,6.4791016578674325,3.3831055164337163,1.6365234851837158,2
31,-67,12,3.560156345367432,0.7751953005790709,16.84375,-18,-32,10,8.283105850219728,3.7802734375,-0.3828125,2
-54,-85,7,2.196386814117432,-0.6268554925918579,16.078125,-29,53,15,8.651562690734862,2.579199314117432,2.46435546875,2
-91,-32,-3,3.177343845367432,-2.526562452316284,9.68515682220459,30,76,42,5.158398628234863,3.85205078125,8.259180068969728,2
-6,29,5,3.18212890625,-3.631933689117432,8.149121284484862,20,42,54,2.234668016433716,5.124902248382568,9.393261909484863,2
-3,50,26,3.880761861801148,-2.94287109375,7.192090034484862,11,44,48,1.5647461414337158,3.560156345367432,8.479296684265138,2
-43,76,40,4.943066596984863,-2.4212892055511475,1.9666992425918581,-1,78,34,2.2777345180511475,3.2921874523162837,9.106152534484863,2
-29,126,35,4.359277248382568,-4.493261814117432,1.5599609613418581,-4,62,23,0.8326172232627869,2.593554735183716,11.393457412719727,2
18,86,-13,5.8570313453674325,-1.3302735090255735,5.579492092132568,6,16,2,1.02880859375,1.7896484136581419,11.637499809265135,2
19,24,-43,6.67529296875,0.535937488079071,7.622754096984862,46,-24,-5,2.5361328125,2.052832126617432,10.95322322845459,2
62,-51,-32,6.4791016578674325,1.7083008289337158,8.594141006469728,51,-81,-33,2.670117139816284,2.789746046066284,10.867090225219727,2
65,-82,-1,9.072656631469727,0.7608398795127869,8.436230659484862,-8,-134,-44,4.943066596984863,4.359277248382568,8.077343940734862,2
36,-77,2,8.58457088470459,-0.9283203482627868,13.149609565734865,-45,-125,-23,6.8954100608825675,5.220605373382568,3.6989259719848633,2
34,-65,3,6.230273723602295,-0.22011719644069672,14.561230659484865,-21,-89,-6,7.39306640625,3.7802734375,2.555273532867432,2
12,-45,3,3.56494140625,0.8804687857627869,16.494434356689453,-20,-17,4,9.173144340515137,3.9094727039337163,0.8086914420127869,2
-35,-26,8,2.9333007335662837,0.37324219942092896,13.240527153015135,-59,62,4,8.63720703125,2.646191358566284,2.5169923305511475,2
-35,17,14,3.775488376617432,-2.603125095367432,8.9482421875,-11,80,17,5.493359565734863,1.167578101158142,6.971972942352295,2
18,63,22,4.42626953125,-2.8519532680511475,7.737597942352295,22,33,17,4.555469036102295,3.2108399868011475,7.2303709983825675,2
-4,84,37,4.694238185882568,-1.6460937261581419,7.689746379852295,49,29,29,4.072167873382568,3.713281393051148,6.96240234375,2
-33,74,58,3.942968845367432,-1.899707078933716,7.44091796875,41,51,32,3.3161132335662837,4.033886909484863,7.8667969703674325,2
-50,58,64,3.3974609375,-2.2059571743011475,6.158496379852295,30,82,32,1.41162109375,3.966894626617432,10.063183784484863,2
-75,63,51,3.4500977993011475,-3.1247069835662837,2.9237306118011475,-5,87,17,1.358984351158142,3.4788086414337163,11.02978515625,2
-40,55,1,4.349707126617432,-4.679883003234863,5.512500286102295,-24,52,1,-0.31103515625,2.8041017055511475,11.900683403015135,2
-9,18,-45,5.76611328125,-1.9284180402755735,6.689648628234862,4,20,-8,1.2058594226837158,2.646191358566284,11.43173885345459,2
63,-21,-67,6.134570598602295,-2.722754001617432,7.665820598602295,54,-28,-29,1.5599609613418581,2.076757907867432,11.962890625,2
165,-27,-37,8.06298828125,1.55517578125,7.115527629852295,47,-91,-57,3.847265720367432,4.306640625,10.54648494720459,2
9,5,-8,8.024706840515138,2.4404296875,11.69970703125,-35,-115,-49,6.402539253234862,6.5748047828674325,5.09619140625,2
38,-21,-9,4.387988567352295,-2.459570407867432,16.7958984375,-95,-88,-27,6.48388671875,4.18701171875,2.215527296066284,2
31,-75,-5,1.4977539777755735,-0.2679687440395355,18.073535919189453,-13,-59,-5,6.378613471984862,2.4212892055511475,1.6604492664337158,2
-5,-116,-6,0.7799804806709291,0.01914062537252903,15.88671875,1,-22,13,7.7806644439697275,4.249218940734863,3.2395508289337163,2
-51,-84,-4,2.7323243618011475,-0.04306640848517418,10.55126953125,-11,-3,23,7.909863471984862,2.138964891433716,5.134472846984863,2
-47,-13,-7,3.9860353469848633,-2.162890672683716,7.187304973602295,35,1,39,5.28759765625,3.5266602039337163,8.603711128234862,2
-21,26,0,3.3974609375,-2.402148485183716,7.9864258766174325,45,-2,34,3.66064453125,3.904687643051148,9.225781440734863,2
-27,28,15,3.7802734375,-2.545703172683716,8.455370903015138,11,24,20,2.87109375,3.56494140625,9.6181640625,2
-32,27,27,4.28271484375,-2.043261766433716,6.091504096984862,0,50,5,3.4309570789337163,3.2204101085662837,10.0966796875,2
-89,84,42,5.172753810882568,-2.148535251617432,-0.20576171576976776,4,77,8,5.014843940734863,4.292285442352295,8.886034965515137,2
-43,126,34,4.689453125,-3.9812500476837163,3.1916992664337163,27,58,0,2.473925828933716,1.981054782867432,10.326367378234863,2
51,111,-9,6.732715129852295,-4.33056640625,5.679980754852295,30,13,-22,3.89990234375,2.8567383289337163,9.790430068969727,2
260,71,-49,6.5748047828674325,0.0,6.9336915016174325,17,-61,-25,4.933495998382568,3.2443358898162837,9.15878963470459,2
83,15,-22,5.636914253234862,9.149218559265137,11.89111328125,-3,-115,-7,6.05322265625,3.732421875,5.440722942352295,2
-54,-52,-4,2.689257860183716,0.287109375,16.901172637939453,-24,-139,-8,5.9288086891174325,3.0050780773162837,2.8375976085662837,2
-7,-107,19,0.5311523675918579,-0.540722668170929,15.872364044189453,19,-120,-4,6.6944336891174325,2.9763672351837163,1.7848633527755735,2
0,-108,21,-0.2440429776906967,-0.6412109732627869,15.66660213470459,0,-56,-11,8.981738090515137,5.263671875,-0.30146485567092896,2
1,-85,30,0.9666016101837158,0.985742211341858,12.910351753234865,-44,21,-5,9.800000190734863,5.81396484375,2.296875,2
-36,-46,29,3.0433595180511475,-1.4403320550918581,9.795214653015137,-67,79,2,8.407519340515138,2.6796875,4.85693359375,2
14,7,17,4.3544921875,-3.70849609375,6.498242378234862,9,95,21,5.0244140625,4.04345703125,8.531933784484862,2
19,34,16,3.832910299301148,-2.311230421066284,7.9385743141174325,40,81,36,2.2490234375,4.01953125,10.173242568969727,2
-18,32,19,4.0673828125,-1.033593773841858,7.53662109375,23,74,34,1.981054782867432,4.029101848602295,9.981836318969727,2
-68,31,19,4.431054592132568,-2.287304639816284,5.780468940734862,10,73,22,2.48828125,3.440527439117432,10.302441596984863,2
-64,65,10,5.440722942352295,-2.985937595367432,2.4452149868011475,9,73,15,3.2204101085662837,3.904687643051148,9.622949600219727,2
-26,92,-15,5.7469725608825675,-2.8232421875,4.95263671875,23,65,-3,1.6939452886581419,2.65576171875,10.245019912719727,2
3,103,-41,6.3642578125,-1.909277439117432,5.775683879852295,53,44,-29,2.36865234375,3.42138671875,10.1923828125,2
106,93,-58,5.321094036102295,-0.8278320431709291,8.192187309265138,36,-5,-59,3.0912110805511475,4.727734565734863,10.3837890625,2
70,30,-42,4.024316310882568,4.344922065734863,13.111328125,-28,-62,-49,4.636816501617432,6.3642578125,7.498340129852295,2
11,-56,-16,2.402148485183716,1.311132788658142,15.752735137939453,-91,-126,-18,4.368847846984863,4.01953125,4.636816501617432,2
41,-126,20,1.5982421636581419,0.30146485567092896,16.599706649780273,-73,-139,1,6.211133003234862,2.234668016433716,0.6890625357627869,2
32,-134,38,1.12451171875,0.15312500298023224,15.43212890625,-34,-80,10,8.4697265625,2.483496189117432,0.7273437380790709,2
-39,-93,29,1.287207007408142,-0.5790039300918579,12.757226943969727,-27,-15,7,9.216211318969727,2.3973634243011475,3.63671875,2
-41,-36,13,3.033789157867432,-2.335156202316284,9.02001953125,56,7,33,6.684863567352295,3.5505859851837163,8.292675971984862,2
-16,21,8,3.13427734375,-2.024121046066284,7.479199409484862,73,6,45,4.526757717132568,4.866504192352295,9.99619197845459,2
-18,35,18,3.177343845367432,-2.019335985183716,8.814257621765137,54,17,39,3.1964843273162837,4.057812690734863,9.76171875,2
-34,20,30,3.4070312976837163,-1.98583984375,7.6371097564697275,25,48,21,2.866308689117432,3.1007812023162837,10.02011775970459,2
-80,32,40,4.191796779632568,-1.60302734375,3.775488376617432,2,64,1,3.8855469226837163,3.785058736801148,10.0966796875,2
-76,90,46,5.148828029632568,-3.249121189117432,1.6795898675918581,1,71,0,3.7659180164337163,2.9285156726837163,9.555956840515137,2
-38,104,20,6.0723633766174325,-3.201269626617432,4.990918159484863,59,51,-6,3.5984375476837163,2.555273532867432,9.465039253234863,2
-9,89,-19,6.1202149391174325,-3.0433595180511475,8.06298828125,67,35,-27,4.4501953125,3.5314452648162837,8.79990291595459,2
147,36,-51,5.268456935882568,-3.0959961414337163,9.670801162719727,24,-24,-48,3.8616211414337163,4.943066596984863,9.814355850219727,2
151,-9,-22,5.388085842132568,4.608105659484863,11.28818416595459,-23,-98,-30,4.866504192352295,6.402539253234862,7.53662109375,2
50,-50,9,4.493261814117432,1.239355444908142,15.255078315734865,-89,-125,-7,5.7948241233825675,5.6943359375,2.7562501430511475,2
69,-100,30,1.909277439117432,-0.4498046934604645,16.81025505065918,-72,-110,0,6.306836128234862,2.282519578933716,2.000195264816284,2
41,-121,36,0.44023439288139343,0.7751953005790709,15.948925971984865,-45,-54,3,7.957715034484862,2.670117139816284,1.143652319908142,2
-1,-108,26,0.8996093869209291,0.540722668170929,13.073046684265135,-29,0,2,9.048730850219727,3.4070312976837163,3.665429830551148,2
-12,-52,6,3.0768554210662837,-1.0048828125,9.240137100219727,30,25,30,7.943359375,2.478710889816284,6.182422161102295,2
-21,12,-11,4.201367378234863,-1.0192383527755735,7.3260741233825675,48,18,31,5.206250190734863,4.033886909484863,8.359667778015138,2
-42,47,-1,3.7467775344848633,-0.8086914420127869,8.63720703125,58,22,38,4.225293159484863,4.124804973602295,8.60849666595459,2
-31,40,16,3.8376953601837163,-1.8231445550918581,9.455469131469727,19,41,30,4.029101848602295,3.6845703125,8.694628715515138,2
-25,22,30,4.421484470367432,-1.358984351158142,8.196972846984862,2,62,26,4.076953411102295,3.3161132335662837,9.201855659484863,2
-57,28,41,6.086719036102295,-0.9474609494209291,4.464550971984863,-2,74,26,5.254101753234863,3.976464986801148,8.53671932220459,2
-58,72,32,5.435937404632568,-3.081640720367432,3.1677734851837163,4,71,34,2.789746046066284,2.866308689117432,10.661328315734863,2
-13,73,-7,6.029296875,-2.641406297683716,4.507617473602295,14,24,21,2.6318359375,2.3973634243011475,10.88623046875,2
32,57,-45,6.254199504852295,-1.244140625,6.3116211891174325,48,-4,-1,3.63671875,2.6126954555511475,10.23544979095459,2
130,25,-49,6.2254881858825675,1.009667992591858,5.943164348602295,21,-54,-25,4.038671970367432,3.942968845367432,9.838281631469727,2
110,35,-4,6.732715129852295,6.689648628234862,9.20664119720459,-51,-105,-28,7.08203125,5.077050685882568,4.895215034484863,2
15,-16,20,4.40234375,1.5599609613418581,15.944141387939453,-126,-91,-33,7.1346678733825675,2.789746046066284,1.5791015625,2
8,-79,35,1.5695313215255735,0.9905273914337158,17.6572265625,-63,-82,-21,6.53173828125,0.10527344048023224,1.7130860090255735,2
-36,-133,25,-0.20576171576976776,-0.01435546949505806,17.87255859375,-3,-36,-19,8.196972846984862,2.5887696743011475,0.9426758289337158,2
-65,-124,15,1.239355444908142,-0.11005859822034836,12.982129096984865,-27,14,-26,9.723437309265137,1.5934571027755735,3.703711032867432,2
-57,-50,-3,4.014746189117432,-2.028906345367432,7.3643555641174325,63,25,-1,6.794921875,3.7802734375,7.952929973602295,2
5,27,-3,3.785058736801148,-2.115039110183716,6.522168159484862,72,23,18,5.067480564117432,4.962207317352295,9.024805068969727,2
6,53,0,4.220508098602295,-2.574414014816284,8.436230659484862,43,32,21,4.000390529632568,4.0673828125,8.97216796875,2
4,41,3,4.90478515625,-1.6365234851837158,8.23046875,8,60,14,4.2109375,3.808984518051148,8.570215225219728,2
-35,34,7,5.033984661102295,-0.69384765625,7.05810546875,-12,69,7,4.325781345367432,3.4261720180511475,9.64208984375,2
-77,49,12,5.43115234375,-0.9091796875,3.6032226085662837,-41,51,17,4.029101848602295,4.679883003234863,9.771288871765137,2
-56,85,-7,4.933495998382568,-4.1630859375,3.904687643051148,-63,31,13,4.239648342132568,1.2345703840255735,8.814257621765137,2
79,72,-47,5.541211128234863,-2.9524414539337163,6.469531536102295,28,19,2,4.66552734375,0.2440429776906967,9.37890625,2
166,40,-67,5.23974609375,2.201171875,7.4217777252197275,75,-9,-22,4.684668064117432,0.9761719107627868,9.919629096984863,2
51,4,-18,5.249316692352295,6.6944336891174325,9.292773246765137,67,-73,-34,4.80908203125,4.292285442352295,9.101366996765137,2
5,-38,34,5.7900390625,3.7898437976837163,11.60400390625,-30,-122,-39,5.93359375,4.320996284484863,5.627343654632568,2
-19,-78,46,6.3833985328674325,0.6220703125,13.341015815734865,-91,-122,-43,7.431347846984862,4.09130859375,1.320703148841858,2
-13,-88,45,4.201367378234863,-0.0047851563431322575,13.125683784484865,-22,-71,-27,8.814257621765137,2.555273532867432,0.009570312686264515,2
-35,-87,27,1.4546874761581419,-0.6986328363418579,16.4130859375,15,1,2,9.101366996765137,4.871289253234863,0.4306640625,2
-52,-67,9,1.8566406965255735,-0.7608398795127869,13.197461128234865,-4,50,14,8.34531307220459,3.225195407867432,4.18701171875,2
-23,-2,-5,3.66064453125,-2.2538087368011475,8.73291015625,38,30,37,4.670312404632568,4.531543254852295,9.7138671875,2
20,33,-1,4.387988567352295,-1.8566406965255735,9.316699028015137,57,15,40,4.61767578125,4.177441596984863,8.24960994720459,2
-12,26,4,4.727734565734863,-1.9762696027755735,9.0439453125,31,37,28,4.005176067352295,3.6271483898162837,8.63720703125,2
-50,23,10,5.62255859375,-1.201074242591858,5.306738376617432,9,61,16,4.837792873382568,4.062597751617432,9.096582412719727,2
-73,66,10,5.263671875,-2.966796875,0.4258789122104645,0,72,20,5.732617378234862,3.966894626617432,8.8046875,2
-3,87,-11,4.966992378234863,-2.3495118618011475,3.6750001907348633,12,44,14,3.0625,2.1820313930511475,10.4794921875,2
22,79,-26,6.7040038108825675,0.19619141519069672,4.7373046875,74,8,-10,4.268359661102295,2.1820313930511475,9.106152534484863,2
65,72,-25,7.235156536102295,0.985742211341858,6.349902629852295,51,-34,-43,4.014746189117432,4.517187595367432,8.91953182220459,2
89,55,3,7.1490235328674325,4.689453125,9.58945369720459,-29,-94,-58,5.8426756858825675,5.799609661102295,6.5987305641174325,2
-15,2,12,4.909570217132568,0.10048828274011612,15.61875057220459,-62,-105,-40,7.5318360328674325,5.368945598602295,3.0625,2
-14,-71,8,1.6604492664337158,-0.6986328363418579,17.078222274780273,-57,-93,-8,8.08212947845459,4.431054592132568,1.4786132574081419,2
-16,-119,5,-0.2440429776906967,-0.7799804806709291,16.925098419189453,-11,-38,28,9.32627010345459,4.722949504852295,0.6986328363418579,2
-21,-119,8,0.2583984434604645,0.05263672024011612,14.274121284484865,-59,18,32,9.06308650970459,3.5984375476837163,1.995410203933716,2
-24,-86,8,3.0672852993011475,-1.239355444908142,10.230664253234863,-28,67,31,8.484082221984862,1.36376953125,3.5553710460662837,2
-16,-22,4,5.081836223602295,-2.665332078933716,5.9862303733825675,15,70,30,5.263671875,2.5361328125,7.9242191314697275,2
12,21,10,4.861718654632568,-2.311230421066284,6.7662110328674325,40,43,29,3.3017578125,3.799414157867432,9.407617568969727,2
-1,27,18,4.383203029632568,-2.210742235183716,7.6131839752197275,35,24,24,3.201269626617432,3.4931640625,9.11093807220459,2
-30,27,20,5.134472846984863,-2.1533203125,6.254199504852295,13,38,13,3.828125,3.296972751617432,8.953027725219727,2
-44,53,18,5.474218845367432,-2.531347751617432,3.7228517532348633,-7,63,7,5.163183689117432,3.2921874523162837,8.096484184265138,2
-20,84,13,5.4072265625,-2.17724609375,4.775586128234863,28,72,7,3.5936524868011475,2.5361328125,9.474609375,2
-31,88,4,5.924023628234862,-1.382910132408142,5.86181640625,68,52,-4,3.5266602039337163,2.27294921875,9.61337947845459,2
29,80,-19,6.029296875,-2.713183641433716,6.9671874046325675,93,17,-31,2.938086032867432,3.1725585460662837,10.249804496765137,2
103,69,-20,6.029296875,0.8469726443290709,7.2782225608825675,50,-52,-59,3.22998046875,5.780468940734862,9.460253715515137,2
73,60,0,5.828320503234862,3.0625,10.704394340515137,-21,-104,-41,5.129687786102295,7.5557618141174325,6.4408202171325675,2
14,7,12,3.655859470367432,0.8661133050918579,15.661816596984865,-91,-108,-20,6.282910346984862,5.450293064117432,2.646191358566284,2
0,-77,14,0.88525390625,-1.3254883289337158,18.107030868530273,-80,-89,-6,7.450488567352295,3.560156345367432,0.78955078125,2
-20,-135,12,-1.7370117902755735,-1.1388672590255735,17.709863662719727,-9,-32,11,8.06298828125,3.4931640625,1.2106446027755735,2
-44,-134,17,-0.36845704913139343,-0.3349609375,13.599413871765135,-32,2,19,9.249707221984863,3.608007907867432,3.8664064407348633,2
-34,-60,6,3.0529296398162837,-3.2874023914337163,7.665820598602295,50,15,47,6.708789348602295,4.498046875,7.407422065734862,2
24,18,3,3.1964843273162837,-3.225195407867432,7.115527629852295,38,13,46,4.789941310882568,5.321094036102295,8.240038871765138,2
8,32,9,3.057714939117432,-2.263378858566284,8.646777153015138,33,25,43,3.4309570789337163,4.359277248382568,8.938672065734863,2
-23,26,18,3.9142580032348633,-2.009765625,7.1825194358825675,-14,51,22,3.5458009243011475,3.7802734375,9.125292778015137,2
-54,38,21,4.679883003234863,-2.450000047683716,3.0146484375,-11,71,16,5.201465129852295,3.871191501617432,8.914746284484863,2
-19,69,7,4.550683498382568,-2.8758790493011475,3.5458009243011475,3,69,15,3.32568359375,2.306445360183716,9.39804744720459,2
-16,60,-12,5.6943359375,-1.1149414777755735,4.718163967132568,85,49,5,3.0768554210662837,1.7322266101837158,9.37412166595459,2
12,47,-31,6.349902629852295,-1.239355444908142,5.90966796875,116,19,-28,3.2395508289337163,3.3591797351837163,9.70908260345459,2
100,28,-25,7.287793159484862,0.35888671875,7.283008098602295,55,-59,-61,3.51708984375,5.9862303733825675,9.197070121765137,2
90,14,12,7.20166015625,4.383203029632568,11.254687309265137,-49,-115,-41,6.3690428733825675,8.771191596984862,4.273144721984863,2
0,-37,26,4.751660346984863,0.18183593451976776,16.58056640625,-132,-105,-18,7.0293946266174325,4.923925876617432,0.7560546994209291,2
3,-96,25,2.3734376430511475,-0.684277355670929,18.059179306030273,-61,-59,0,7.8524417877197275,2.5887696743011475,0.41630861163139343,2
-22,-134,11,0.516796886920929,-1.4211914539337158,17.437108993530273,-11,-10,14,8.311816215515138,3.464453220367432,2.9476563930511475,2
-71,-102,0,2.162890672683716,-1.2919921875,12.345703125,14,7,28,8.134765625,2.775390625,6.6322264671325675,2
-10,-25,-9,4.560254096984863,-3.153418064117432,7.5796875953674325,49,-6,44,6.163281440734862,5.043554782867432,7.91943359375,2
45,33,-8,4.005176067352295,-2.583984375,8.44580078125,30,3,35,5.105762004852295,4.837792873382568,7.665820598602295,2
20,38,4,3.880761861801148,-1.971484422683716,8.670702934265138,21,34,28,4.167870998382568,4.23486328125,8.27353572845459,2
-34,23,26,3.8424806594848633,-0.985742211341858,7.862011909484862,0,33,17,3.249121189117432,3.952539205551148,10.053613662719727,2
-95,44,47,4.541113376617432,-1.6604492664337158,1.263281226158142,30,32,35,6.713574409484862,5.67041015625,7.91943359375,2
-51,92,27,4.962207317352295,-5.100976467132568,2.4404296875,42,38,38,5.077050685882568,2.258593797683716,7.84765625,2
19,85,-18,6.038867473602295,-2.4691407680511475,5.100976467132568,52,53,9,5.837890625,3.2921874523162837,6.00537109375,2
27,45,-56,5.6895508766174325,-0.2440429776906967,7.1250977516174325,54,77,-16,4.167870998382568,3.880761861801148,6.96240234375,2
50,-5,-55,5.660840034484862,0.684277355670929,7.6849613189697275,37,45,-57,2.387793064117432,5.2158203125,9.1875,2
44,-26,-7,7.785449504852295,2.8998048305511475,7.46484375,-25,-36,-83,3.081640720367432,7.2734375,10.445996284484863,2
27,-5,34,8.68505859375,1.311132788658142,11.12070369720459,-106,-110,-75,6.029296875,6.306836128234862,5.464648723602295,2
33,-22,40,5.9144530296325675,-0.35888671875,16.015918731689453,-173,-118,-55,6.48388671875,5.182324409484863,1.4307616949081419,2
-1,-64,34,1.36376953125,-2.191601514816284,18.552051544189453,-105,-106,-30,6.474316596984862,0.985742211341858,1.17236328125,2
-32,-104,4,-0.11005859822034836,-2.526562452316284,17.355762481689453,12,-64,-13,7.87158203125,3.0290038585662837,2.119824171066284,2
-74,-83,-15,2.306445360183716,-1.3015625476837158,12.522753715515135,4,-29,-3,9.87656307220459,3.75634765625,3.808984518051148,2
-16,-15,-18,5.100976467132568,-2.9955079555511475,7.24951171875,63,9,27,8.235254287719728,4.469336032867432,6.450390815734862,2
38,56,-13,4.885644435882568,-3.46923828125,6.421679973602295,64,31,39,6.206347942352295,4.95263671875,7.7041015625,2
33,73,6,3.7659180164337163,-2.79931640625,8.551074028015138,57,50,43,4.18701171875,4.387988567352295,9.192285537719727,2
5,59,25,3.3783204555511475,-1.6652344465255735,8.077343940734862,13,67,31,3.5505859851837163,4.440625190734863,9.87656307220459,2
-42,58,39,3.37353515625,-2.1820313930511475,4.565039157867432,-15,68,24,4.4501953125,4.048242092132568,10.04404354095459,2
-31,86,27,3.608007907867432,-3.4309570789337163,2.46435546875,2,69,30,4.579394817352295,2.842382907867432,9.2353515625,2
-7,82,-4,4.780371189117432,-1.5216797590255735,4.61767578125,48,67,15,4.574609279632568,2.7323243618011475,8.598925590515138,2
11,52,-28,5.8905272483825675,-0.684277355670929,7.4600586891174325,55,65,-17,4.23486328125,3.2204101085662837,8.517578125,2
111,0,-35,6.134570598602295,0.8182617425918579,8.436230659484862,18,3,-49,2.765820264816284,4.201367378234863,10.47470760345459,2
82,-10,0,7.01025390625,4.096093654632568,8.909960746765137,-17,-76,-53,3.847265720367432,6.378613471984862,8.68027400970459,2
16,-27,13,6.6800780296325675,1.12451171875,13.37451171875,-90,-102,-41,5.679980754852295,5.569921970367432,4.100879192352295,2
-4,-55,9,4.196582317352295,-0.4976562559604645,15.92978572845459,-92,-104,-21,5.498144626617432,2.890234470367432,2.0863282680511475,2
-5,-95,4,0.9953125119209291,-0.7560546994209291,17.475391387939453,-37,-71,-4,6.421679973602295,2.694042921066284,1.3972656726837158,2
-12,-111,3,0.6029297113418579,-0.16269531846046448,15.556543350219727,-16,-29,-4,7.976855754852295,3.081640720367432,2.210742235183716,2
-31,-71,-3,2.215527296066284,-1.191503882408142,10.97714900970459,18,-3,7,9.029589653015137,2.201171875,5.019629001617432,2
-13,5,-13,4.120019435882568,-2.3016602993011475,7.7567386627197275,84,3,39,6.1441407203674325,4.775586128234863,8.2783203125,2
4,52,-6,3.5458009243011475,-1.7178710699081419,8.675488471984862,68,15,40,5.230175971984863,4.708593845367432,7.9720706939697275,2
-2,52,13,3.560156345367432,-1.2345703840255735,8.929101943969727,41,51,30,4.325781345367432,4.435840129852295,8.263964653015138,2
-3,38,29,3.2395508289337163,-1.5456055402755735,6.69921875,-18,85,12,3.7802734375,3.46923828125,9.393261909484863,2
-28,38,30,3.7467775344848633,-2.03369140625,4.177441596984863,-49,71,1,3.5936524868011475,3.66064453125,10.972363471984863,2
-13,45,10,4.694238185882568,-1.947558641433716,3.6462891101837163,-38,52,3,3.4548828601837163,2.890234470367432,10.048828125,2
-3,29,-19,5.804394721984862,-1.1149414777755735,5.469433784484863,-6,46,0,3.4548828601837163,2.186816453933716,9.484179496765137,2
1,10,-32,6.541308879852295,0.36845704913139343,5.6751952171325675,61,53,-16,3.4309570789337163,1.9666992425918581,9.847851753234863,2
33,1,-12,7.3643555641174325,0.9666016101837158,6.5556640625,53,4,-61,3.1869142055511475,2.9524414539337163,10.843164443969727,2
33,18,23,8.12998104095459,2.966796875,9.843066215515137,1,-63,-81,4.670312404632568,5.565136909484863,7.503125190734862,2
-14,2,18,6.354687690734862,-1.1819336414337158,15.76230525970459,-50,-88,-59,5.182324409484863,5.340234279632568,2.7562501430511475,2
-14,-48,11,2.75146484375,-0.7225586175918579,17.16914176940918,-34,-92,-22,5.435937404632568,3.32568359375,1.8949218988418581,2
-10,-88,4,1.12451171875,-1.335058569908142,16.76240348815918,-17,-56,9,7.4839844703674325,4.947851657867432,1.6795898675918581,2
-18,-88,-5,1.009667992591858,-1.6652344465255735,13.66162109375,0,-27,21,8.881250381469727,3.6845703125,4.120019435882568,2
-34,-46,-23,3.0959961414337163,-2.9476563930511475,9.656445503234863,80,-8,54,6.948047161102295,3.9621095657348633,7.546191692352295,2
3,10,-26,3.8664064407348633,-2.502636671066284,7.82373046875,55,-11,60,5.182324409484863,5.81396484375,8.938672065734863,2
-1,33,-16,3.7659180164337163,-2.4212892055511475,9.091796875,47,3,57,4.2587890625,4.603320598602295,8.77597713470459,2
-8,26,4,3.799414157867432,-1.981054782867432,8.23046875,4,44,35,3.5792968273162837,3.6750001907348633,9.465039253234863,2
-42,31,20,4.770801067352295,-1.6556640863418581,4.866504192352295,-11,64,19,4.062597751617432,4.158300876617432,9.919629096984863,2
-54,82,27,5.043554782867432,-2.603125095367432,0.9761719107627868,-29,73,17,4.986133098602295,3.6702148914337163,8.522363662719728,2
0,90,9,4.933495998382568,-1.45947265625,5.153613567352295,7,82,6,3.976464986801148,2.0863282680511475,7.522265911102295,2
-5,60,-2,5.416797161102295,0.6412109732627869,7.043750286102295,16,114,-22,3.3304688930511475,2.722754001617432,7.881152629852295,2
15,26,-11,5.349804878234863,-1.5886719226837158,7.431347846984862,46,77,-59,0.69384765625,2.411718845367432,11.52744197845459,2
72,16,-1,6.67529296875,0.3397460877895355,7.1107420921325675,50,-19,-87,0.7799804806709291,5.148828029632568,12.537109375,2
49,2,13,7.4457035064697275,0.88525390625,12.498827934265135,-24,-108,-74,4.373632907867432,7.120312690734862,7.7567386627197275,2
44,-50,17,5.368945598602295,-0.22968751192092896,15.561328887939453,-103,-133,-38,5.43115234375,5.249316692352295,3.2443358898162837,2
2,-98,20,2.316015720367432,-1.5456055402755735,17.614160537719727,-36,-129,-2,5.971875190734862,2.354296922683716,1.60302734375,2
-12,-124,5,0.7704101800918579,-1.79443359375,16.901172637939453,27,-80,17,7.335644721984862,3.4022462368011475,0.8182617425918579,2
-35,-93,-17,1.335058569908142,-1.0431641340255735,13.235742568969727,22,-34,31,8.75205135345459,5.177539348602295,3.5458009243011475,2
-12,-30,-27,3.5697267055511475,-1.8231445550918581,9.01523494720459,58,-8,59,6.96240234375,4.670312404632568,7.474414348602295,2
5,38,-23,4.71337890625,-2.5361328125,7.65625,55,-2,59,4.871289253234863,4.531543254852295,8.675488471984862,2
8,59,0,4.273144721984863,-1.7417968511581419,8.651562690734862,37,28,40,4.13916015625,4.115234375,8.618066787719728,2
-23,54,26,4.048242092132568,-1.435546875,7.34521484375,0,62,21,3.584082126617432,3.655859470367432,9.843066215515137,2
-54,62,47,3.4309570789337163,-1.4881836175918581,4.574609279632568,-11,65,10,4.239648342132568,3.541015625,10.651758193969727,2
-53,87,54,3.99560546875,-2.598339796066284,2.722754001617432,18,63,8,4.268359661102295,2.3016602993011475,9.436327934265137,2
-35,80,33,4.689453125,-2.12939453125,5.086621284484863,84,44,0,4.009961128234863,3.1725585460662837,9.30234432220459,2
-8,54,-8,5.7230467796325675,-2.689257860183716,5.8091797828674325,84,39,-28,4.359277248382568,3.75634765625,8.555859565734862,2
94,21,-37,5.823535442352295,-2.22509765625,6.6226563453674325,39,-9,-55,3.5697267055511475,6.014941692352295,9.292773246765137,2
152,11,-17,6.8619141578674325,2.938086032867432,8.05820369720459,-38,-66,-49,5.402441501617432,7.239941596984862,6.828418254852295,2
32,-9,6,5.201465129852295,2.531347751617432,15.2646484375,-96,-81,-26,5.9048829078674325,5.7374024391174325,3.225195407867432,2
-4,-78,24,2.435644626617432,1.153222680091858,19.044921875,-113,-96,-14,5.493359565734863,2.8998048305511475,1.84228515625,2
-33,-132,30,0.4593750238418579,-0.17226563394069672,18.528125762939453,-23,-61,-2,7.1346678733825675,2.9811522960662837,1.22021484375,2
-68,-129,16,0.8421875238418579,-1.4499024152755735,14.676074028015135,-23,-27,-5,8.53671932220459,3.249121189117432,3.6702148914337163,2
-56,-57,-7,3.4357421398162837,-3.03857421875,9.220995903015137,75,-6,28,7.4122071266174325,4.04345703125,6.378613471984862,2
-20,32,-1,3.823339939117432,-2.258593797683716,6.48388671875,47,-2,34,5.55078125,5.560351848602295,7.665820598602295,2
-38,73,20,3.225195407867432,-3.32568359375,7.909863471984862,54,11,39,4.871289253234863,4.651172161102295,7.7710938453674325,2
-13,59,47,2.6844727993011475,-2.737109422683716,8.005566596984862,13,44,23,4.651172161102295,4.52197265625,7.785449504852295,2
-33,40,55,2.5361328125,-3.0529296398162837,5.751758098602295,1,72,19,4.407128810882568,4.517187595367432,9.197070121765137,2
-29,41,33,2.9285156726837163,-4.320996284484863,3.6845703125,-17,62,19,4.387988567352295,4.206152439117432,10.053613662719727,2
-15,30,-10,3.689355611801148,-3.966894626617432,4.722949504852295,-11,31,16,3.4118163585662837,3.27783203125,9.97705078125,2
-7,32,-43,5.679980754852295,-2.46435546875,4.541113376617432,53,25,15,5.187109470367432,2.8280274868011475,8.139551162719728,2
44,16,-71,6.1776366233825675,-3.3831055164337163,7.0389647483825675,79,36,-10,4.675097942352295,3.1964843273162837,8.03427791595459,2
121,-3,-54,7.2064452171325675,1.7609375715255735,6.8427734375,42,-9,-45,3.689355611801148,5.608203411102295,9.78564453125,2
26,23,7,9.85263729095459,3.9094727039337163,9.144433975219727,-55,-89,-44,5.775683879852295,7.1107420921325675,6.6561522483825675,2
32,8,26,6.6083006858825675,-0.7273437380790709,16.886816024780273,-136,-92,-38,7.9242191314697275,3.8185548782348633,0.8804687857627869,2
28,-58,37,0.29667970538139343,-0.39716798067092896,20.18379020690918,-51,-72,-17,6.1680665016174325,1.8470703363418581,1.6843750476837158,2
0,-120,41,-2.89501953125,-1.3876953125,19.073633193969727,-3,-41,-13,7.44091796875,3.6462891101837163,2.071972608566284,2
-71,-106,18,0.40673828125,-1.837500095367432,12.56103515625,27,3,-3,8.89560604095459,3.584082126617432,4.072167873382568,2
-46,-22,5,3.5888671875,-3.51708984375,6.5508790016174325,57,24,18,5.445508003234863,6.134570598602295,6.924121379852295,2
14,39,9,3.2060546875,-3.4261720180511475,7.0772461891174325,37,41,26,4.407128810882568,5.947949409484862,7.072461128234862,2
-6,54,25,3.177343845367432,-3.5266602039337163,7.0628905296325675,11,75,27,3.3065431118011475,5.115332126617432,8.03427791595459,2
-19,53,34,4.086523532867432,-3.249121189117432,4.675097942352295,-18,102,20,3.0433595180511475,4.727734565734863,9.58945369720459,2
-39,62,23,3.80419921875,-3.880761861801148,2.6366212368011475,-22,82,19,2.459570407867432,3.703711032867432,11.020215034484863,2
-6,53,-15,5.010058879852295,-3.3352539539337163,4.407128810882568,-11,45,6,1.33984375,3.033789157867432,10.98193359375,2
1,36,-46,6.5078125,-1.8949218988418581,5.053124904632568,52,10,2,2.99072265625,3.1964843273162837,10.201952934265137,2
84,9,-63,7.2686524391174325,-1.8566406965255735,5.9144530296325675,63,-35,-23,3.0433595180511475,3.51708984375,10.31201171875,2
165,12,-27,8.976953506469727,4.301855564117432,6.637012004852295,7,-89,-34,5.005273342132568,6.8379883766174325,7.718457221984862,2
31,11,9,7.4935550689697275,3.2395508289337163,14.384180068969727,-103,-96,-25,6.5748047828674325,6.3594727516174325,2.6796875,2
16,-32,28,3.9381837844848633,1.4929687976837158,18.12617301940918,-113,-95,-21,5.76611328125,2.052832126617432,2.9572265148162837,2
-19,-89,23,0.7177734375,-0.5072265863418579,18.585546493530273,-7,-83,-3,6.8475584983825675,1.9619140625,2.1820313930511475,2
-46,-113,7,-0.0478515625,-0.44501954317092896,15.83408260345459,15,-31,6,8.713769912719728,4.42626953125,3.0529296398162837,2
-76,-70,-8,1.98583984375,-1.6652344465255735,11.278613090515135,16,5,16,9.08701229095459,2.406933546066284,4.440625190734863,2
-14,-3,-8,3.8664064407348633,-2.363867282867432,7.34521484375,43,29,27,6.139355659484862,5.062695503234863,7.0341796875,2
14,44,8,3.689355611801148,-1.9427734613418581,7.7088871002197275,47,44,28,4.612890720367432,4.675097942352295,7.6849613189697275,2
-8,51,36,3.9381837844848633,-2.138964891433716,7.263867378234862,33,67,23,3.832910299301148,4.273144721984863,8.053418159484862,2
-21,46,50,4.057812690734863,-2.51220703125,5.593847751617432,12,84,16,3.2826173305511475,4.143945217132568,9.173144340515137,2
-30,48,50,3.976464986801148,-2.9237306118011475,3.13427734375,8,72,9,3.3017578125,3.9860353469848633,10.02011775970459,2
-24,51,26,4.813867092132568,-3.08642578125,3.990820407867432,-14,57,0,2.6796875,4.182226657867432,8.96738338470459,2
-19,30,-3,5.656054973602295,-1.53125,6.0245118141174325,4,43,-6,2.483496189117432,3.2108399868011475,9.283203125,2
-29,5,-32,6.637012004852295,-2.354296922683716,6.2254881858825675,54,22,-16,2.162890672683716,3.3161132335662837,9.94834041595459,2
30,-6,-55,7.9864258766174325,-3.249121189117432,5.8905272483825675,70,-37,-41,2.1341798305511475,4.2587890625,10.517773628234863,2
63,6,-58,9.632519721984863,-0.11005859822034836,7.617969036102295,22,-75,-52,3.7419922351837163,7.0293946266174325,7.909863471984862,2
15,24,-50,7.952929973602295,0.3397460877895355,12.75244140625,-66,-104,-35,5.52685546875,7.7328128814697275,4.536328315734863,2
14,-11,-25,3.8759765625,-0.8230468630790709,18.776952743530273,-106,-113,-19,5.435937404632568,4.560254096984863,2.2490234375,2
15,-79,2,-0.12919922173023224,-0.9761719107627868,19.70527458190918,-57,-104,-4,6.5078125,2.789746046066284,2.052832126617432,2
-12,-100,3,-0.03828125074505806,-1.215429663658142,16.159473419189453,-24,-71,1,9.03916072845459,3.2060546875,2.191601514816284,2
-61,-63,-7,3.0672852993011475,-2.1581056118011475,10.536913871765137,4,-15,11,9.943554878234863,3.27783203125,2.9572265148162837,2
-9,14,-6,4.507617473602295,-4.096093654632568,6.0723633766174325,27,31,27,7.8189454078674325,4.081738471984863,5.373730659484863,2
17,71,7,3.727636814117432,-3.1199219226837163,5.93359375,30,64,38,5.632129192352295,4.66552734375,7.2734375,2
2,77,23,2.8758790493011475,-2.866308689117432,7.2064452171325675,13,76,37,3.785058736801148,4.254004001617432,8.311816215515138,2
-24,67,33,2.4930665493011475,-2.244238376617432,6.0245118141174325,-4,95,35,3.129492282867432,3.7659180164337163,9.857421875,2
-30,60,26,2.722754001617432,-3.3639647960662837,3.8137695789337163,0,80,32,2.665332078933716,2.94287109375,11.154199600219727,2
-11,45,0,3.703711032867432,-2.316015720367432,5.053124904632568,20,44,20,2.41650390625,2.36865234375,11.034570693969727,2
-14,17,-17,5.440722942352295,-1.0623047351837158,5.340234279632568,76,17,8,3.3591797351837163,2.7323243618011475,10.489062309265137,2
90,-23,-25,6.852344036102295,-1.263281226158142,6.0484375953674325,41,-39,-23,3.4118163585662837,3.928613424301148,10.149316787719727,2
