9,18,7,-8.005566596984863,-6.373828411102295,2.84716796875,-36,-20,81,-8.641992568969727,4.794726848602295,-1.0048828125,2
18,11,6,-7.574902534484862,-5.656054973602295,1.9284180402755735,-32,-22,80,-8.737695693969728,3.6032226085662837,-0.660351574420929,2
13,7,10,-7.498340129852295,-5.364160060882568,1.5791015625,-9,-25,82,-8.551074028015138,3.46923828125,-0.55029296875,2
0,1,12,-7.65625,-5.440722942352295,1.5216797590255735,-7,-26,84,-8.8046875,4.392773628234863,-0.4880859553813934,2
-13,-4,13,-7.7950196266174325,-5.6991209983825675,1.6317383050918581,-30,-26,83,-8.79990291595459,4.09130859375,-0.5263671875,2
-14,-4,14,-7.7041015625,-5.837890625,1.9284180402755735,-22,-28,84,-8.675488471984862,3.8185548782348633,-0.583789050579071,2
-14,-3,14,-7.598828315734862,-5.684765815734862,2.067187547683716,-18,-27,83,-8.63242244720459,3.8616211414337163,-0.6651367545127869,2
-13,-2,15,-7.570117473602295,-5.895312786102295,1.9188476800918581,-8,-30,83,-8.79990291595459,4.014746189117432,-0.7608398795127869,2
-4,0,14,-7.5079102516174325,-5.9766602516174325,1.6604492664337158,-8,-28,83,-8.713769912719728,4.062597751617432,-0.7129883170127869,2
-1,1,14,-7.5653324127197275,-5.8091797828674325,1.6795898675918581,-2,-27,85,-8.641992568969728,4.191796779632568,-0.5790039300918579,2
-3,0,14,-7.622754096984862,-5.751758098602295,1.6843750476837158,-8,-27,87,-8.665918350219728,4.105664253234863,-0.3301757872104645,2
-4,0,14,-7.670605659484862,-5.81396484375,1.7752929925918581,-6,-29,85,-8.68505859375,3.9621095657348633,-0.36845704913139343,2
-3,0,13,-7.6036133766174325,-5.81396484375,1.72265625,-8,-28,84,-8.68027400970459,4.057812690734863,-0.3828125,2
-3,0,13,-7.58447265625,-5.8091797828674325,1.7657226324081419,-6,-28,85,-8.641992568969728,4.014746189117432,-0.4737304747104645,2
-3,0,13,-7.641894817352295,-5.7900390625,1.7513672113418581,-6,-28,85,-8.675488471984862,4.196582317352295,-0.4737304747104645,2
-6,-1,13,-7.598828315734862,-5.8426756858825675,1.7848633527755735,-7,-27,87,-8.622851371765138,4.517187595367432,-0.516796886920929,2
-6,-9,-4,-8.01513671875,-7.1250977516174325,3.25390625,-2,-23,114,-8.87168025970459,6.53173828125,0.6507812738418579,2
-35,-60,-59,-10.13974666595459,-9.527246475219727,4.488476753234863,9,-31,189,-11.039355278015137,10.50341796875,0.607714831829071,2
-94,-112,-138,-8.263964653015138,-12.929491996765135,4.368847846984863,-28,-30,291,-11.17333984375,14.441601753234865,-0.05742187798023224,2
-34,-102,-208,-5.531640529632568,-14.61386775970459,3.75634765625,-32,-13,361,-8.75205135345459,13.053906440734865,-0.7560546994209291,2
12,-79,-240,-3.3543946743011475,-11.417383193969727,1.7513672113418581,-50,8,372,-5.5029296875,10.54648494720459,-1.6365234851837158,2
41,-43,-235,-1.89013671875,-9.321484565734863,1.69873046875,-73,34,339,-4.048242092132568,8.474512100219728,-2.741894483566284,2
63,-25,-200,-0.98095703125,-7.87158203125,1.5599609613418581,-76,42,295,-2.119824171066284,6.0771484375,-1.7130860090255735,2
80,-3,-167,0.32060548663139343,-6.4168944358825675,2.0145509243011475,-54,33,253,-0.12441406399011612,6.38818359375,0.34931641817092896,2
81,13,-137,2.17724609375,-7.177734375,3.0768554210662837,-60,19,227,2.2059571743011475,7.9912109375,0.8661133050918579,2
129,54,-111,3.1199219226837163,-4.23486328125,4.646386623382568,-78,19,216,1.827929735183716,8.68027400970459,0.5455078482627869,2
48,34,-85,3.0433595180511475,-4.751660346984863,11.07285213470459,-73,40,189,0.8804687857627869,6.421679973602295,1.933203220367432,2
115,35,-67,4.842578411102295,-5.71826171875,10.106249809265137,-66,57,140,1.143652319908142,5.019629001617432,4.828222751617432,2
121,89,-32,5.325879096984863,-3.0529296398162837,4.483691692352295,-41,51,89,3.7467775344848633,6.00537109375,5.5029296875,2
39,115,-5,5.388085842132568,-2.70361328125,-0.16269531846046448,-31,36,62,5.8857421875,5.6895508766174325,7.909863471984862,2
6,106,10,5.7374024391174325,-0.57421875,1.2297852039337158,11,14,64,7.2064452171325675,7.7998046875,7.6514649391174325,2
-42,29,5,6.4599609375,-2.4452149868011475,7.833301067352295,-36,16,85,8.426660537719728,8.287890434265138,2.071972608566284,2
-74,-111,-10,5.9814453125,-3.3161132335662837,13.99658203125,-54,-6,115,3.08642578125,6.2637696266174325,1.6221679449081419,2
-103,-208,-36,5.105762004852295,-3.966894626617432,16.082910537719727,-36,-67,149,1.3494141101837158,3.4022462368011475,0.492871105670929,2
-10,-177,-55,5.23974609375,-5.799609661102295,13.82431697845459,-106,-53,138,1.98583984375,2.698828220367432,2.8854491710662837,2
54,-46,-51,6.8714842796325675,-6.3211913108825675,7.359570503234862,-133,-59,97,2.138964891433716,4.5458984375,9.49375057220459,2
49,53,-9,5.258886814117432,-2.3016602993011475,1.827929735183716,46,-24,79,3.832910299301148,3.737207174301148,9.771288871765137,2
3,91,44,2.8567383289337163,0.3636718690395355,-2.024121046066284,102,-3,48,5.273242473602295,6.5269532203674325,13.92002010345459,2
6,98,87,5.426367282867432,0.16269531846046448,-0.7512695193290709,30,-35,35,7.5079102516174325,8.670702934265138,13.628125190734865,2
-17,92,66,10.88144588470459,-3.5888671875,0.4737304747104645,-13,-43,64,10.723535537719727,6.828418254852295,5.04833984375,2
-7,17,16,8.005566596984862,-2.603125095367432,13.451074600219727,-35,-3,106,5.847461223602295,8.41709041595459,-2.1581056118011475,2
-38,-90,-3,6.72314453125,-4.129590034484863,16.456151962280273,-46,-41,135,2.670117139816284,2.99072265625,-0.8517578244209291,2
-36,-144,-28,6.0723633766174325,-4.933495998382568,16.279102325439453,-22,-36,133,3.919043064117432,2.9189453125,-0.4976562559604645,2
-12,-96,-38,6.2494139671325675,-5.134472846984863,8.03427791595459,-39,-33,103,2.9237306118011475,3.8137695789337163,8.421875,2
-12,0,-12,6.1680665016174325,-3.9860353469848633,4.526757717132568,-50,-40,78,3.7707033157348633,5.8666014671325675,9.173144340515137,2
27,46,13,6.134570598602295,-2.450000047683716,2.8232421875,69,-8,74,3.608007907867432,3.512304782867432,9.130078315734863,2
25,69,40,6.1776366233825675,-1.5886719226837158,0.11962890625,92,-29,46,4.469336032867432,6.139355659484862,10.364648818969727,2
26,81,68,5.2158203125,0.8134765625,0.660351574420929,17,-30,34,6.2733397483825675,8.287890434265138,12.36962890625,2
1,55,76,9.2353515625,-3.368750095367432,2.483496189117432,6,-78,54,8.216113090515138,8.761621475219728,10.326367378234863,2
13,59,45,8.742480278015138,-2.60791015625,8.06298828125,-42,-20,79,9.5224609375,8.22568416595459,-1.244140625,2
-26,-22,8,7.05810546875,-4.268359661102295,15.125879287719727,-74,8,114,4.751660346984863,7.168164253234862,-0.45458984375,2
-41,-106,-7,5.52685546875,-3.799414157867432,16.14990234375,-38,-32,128,2.36865234375,2.9333007335662837,0.09091796725988388,2
-88,-146,-35,7.3212890625,-6.125,12.312207221984865,-26,-42,111,3.4548828601837163,2.87109375,3.3113281726837163,2
74,-31,-48,7.3500003814697275,-7.742383003234862,4.612890720367432,-92,-21,100,3.42138671875,4.7373046875,8.240038871765138,2
64,38,-27,5.7613282203674325,-2.737109422683716,3.7707033157348633,-6,-27,91,3.3878905773162837,4.335351467132568,8.326171875,2
15,65,-10,4.373632907867432,-0.4880859553813934,1.4403320550918581,42,-16,73,3.6223633289337163,5.077050685882568,9.532031059265137,2
38,112,50,4.215722560882568,-0.4019531309604645,0.09091796725988388,66,2,39,4.277929782867432,5.512500286102295,12.431836128234865,2
39,127,82,6.469531536102295,0.5694336295127869,1.5264648199081419,46,-30,20,6.469531536102295,7.594043254852295,12.283495903015135,2
34,144,61,8.283105850219728,0.14833985269069672,5.775683879852295,-30,-15,38,10.93408203125,8.900390625,4.459765911102295,2
-75,33,30,6.278125286102295,-1.909277439117432,14.27890682220459,-65,19,79,5.105762004852295,8.737695693969728,1.2919921875,2
-99,-86,3,5.364160060882568,-4.828222751617432,17.62373161315918,-70,-72,118,1.1819336414337158,5.225390911102295,2.746679782867432,2
-137,-182,-36,6.1297850608825675,-6.3929686546325675,15.891504287719727,20,-93,135,4.421484470367432,3.928613424301148,-0.8469726443290709,2
-37,-149,-64,6.474316596984862,-6.900195598602295,8.115625381469728,-78,-31,132,4.895215034484863,4.962207317352295,4.292285442352295,2
120,-19,-79,6.091504096984862,-6.354687690734862,2.454785108566284,-97,-38,127,4.120019435882568,3.1007812023162837,9.847851753234863,2
56,18,-44,3.919043064117432,-1.7322266101837158,4.297070503234863,-8,-32,115,3.1486327648162837,3.3831055164337163,9.75693416595459,2
14,39,-7,4.206152439117432,-0.7799804806709291,2.8758790493011475,37,-10,88,3.2921874523162837,4.598535060882568,9.13486385345459,2
55,86,48,5.9623045921325675,-0.36845704913139343,1.50732421875,72,-6,49,4.292285442352295,3.5266602039337163,9.871777534484863,2
86,112,62,7.68017578125,-0.535937488079071,1.971484422683716,32,-38,34,6.948047161102295,5.9288086891174325,10.292871475219727,2
54,123,50,7.6514649391174325,1.4403320550918581,5.359375,-20,-36,53,10.173242568969727,7.3212890625,6.182422161102295,2
-26,51,36,7.187304973602295,-0.10048828274011612,11.498730659484865,-59,-4,91,7.05810546875,7.3404297828674325,3.033789157867432,2
-99,-59,11,6.1441407203674325,-1.7083008289337158,16.542285919189453,-25,-51,115,3.4309570789337163,4.124804973602295,1.6748046875,2
-121,-146,-10,6.258984565734862,-3.46923828125,14.149706840515135,34,-57,117,4.876074314117432,4.005176067352295,1.3494141101837158,2
-64,-135,-30,6.349902629852295,-5.498144626617432,9.73779296875,-33,-20,116,4.90478515625,3.85205078125,4.263574123382568,2
46,-30,-37,6.2398438453674325,-5.115332126617432,4.488476753234863,-109,-25,101,3.2682616710662837,5.225390911102295,10.512988090515137,2
7,-3,-15,4.230078220367432,-2.89501953125,4.397558689117432,-28,-13,92,3.5745117664337163,3.89990234375,8.795117378234862,2
9,46,18,4.416699409484863,-1.5982421636581419,2.1820313930511475,55,-7,75,3.4022462368011475,4.277929782867432,10.197168350219727,2
98,115,53,6.1728515625,-0.7273437380790709,1.7513672113418581,41,-12,33,5.038769721984863,3.689355611801148,10.12060546875,2
64,154,64,8.938672065734863,0.5311523675918579,1.6413086652755735,37,-30,28,8.866894721984863,6.737500190734862,10.302441596984863,2
-10,140,34,6.995898723602295,1.081445336341858,8.91953182220459,-60,19,57,9.78085994720459,7.65625,3.6032226085662837,2
-26,37,14,6.330761909484862,-1.5599609613418581,13.90087890625,-60,-3,95,4.196582317352295,6.603515625,4.287499904632568,2
-132,-97,-9,5.0244140625,-3.7659180164337163,15.54697322845459,-16,-82,117,1.45947265625,3.6750001907348633,2.172461032867432,2
-88,-176,-30,4.718163967132568,-5.14404296875,15.269433975219727,17,-72,117,4.684668064117432,3.3304688930511475,1.129296898841858,2
33,-123,-46,7.0389647483825675,-6.3211913108825675,5.5029296875,-54,-35,106,5.660840034484862,4.885644435882568,5.493359565734863,2
57,-3,-43,5.349804878234863,-3.8855469226837163,4.61767578125,-72,-41,106,3.631933689117432,4.407128810882568,10.824023246765137,2
-14,16,-20,4.37841796875,-1.8327149152755735,6.4168944358825675,-2,-27,97,3.4548828601837163,3.1677734851837163,9.077441215515137,2
-6,49,13,5.349804878234863,-2.583984375,3.5218751430511475,42,0,67,4.148730754852295,4.000390529632568,7.981640815734862,2
31,105,57,5.71826171875,-0.3301757872104645,1.9666992425918581,66,5,36,4.847363471984863,4.957421779632568,10.891016006469727,2
39,122,69,7.570117473602295,-0.8900390863418579,2.191601514816284,-9,-17,36,7.1346678733825675,5.900097846984862,10.417284965515137,2
61,130,39,7.283008098602295,0.679492175579071,6.4647459983825675,-6,-27,67,8.909960746765137,6.5508790016174325,6.91455078125,2
-27,-3,14,6.2015624046325675,5.321094036102295,0.4593750238418579,-32,-18,105,6.354687690734862,6.43603515625,1.6125977039337158,2
-51,-83,10,5.206250190734863,-1.5216797590255735,15.824512481689453,-4,-50,117,3.0768554210662837,4.746875286102295,1.6795898675918581,2
-113,-171,-9,5.589062690734863,-3.6032226085662837,14.15927791595459,24,-67,110,4.78515625,4.885644435882568,4.172656536102295,2
-65,-133,-28,5.780468940734862,-4.938281536102295,9.23056697845459,-59,-50,110,4.364062786102295,5.306738376617432,7.8045902252197275,2
17,-23,-29,5.9383788108825675,-4.459765911102295,6.0101561546325675,-83,-39,106,3.66064453125,4.517187595367432,9.59423828125,2
-7,18,-8,4.431054592132568,-3.0720703601837163,6.206347942352295,-33,-22,96,3.5458009243011475,3.89990234375,8.522363662719728,2
33,57,15,5.584277629852295,-2.627050876617432,3.5553710460662837,15,-2,74,4.038671970367432,3.5266602039337163,8.92431640625,2
111,113,39,6.2733397483825675,0.07177734375,2.641406297683716,4,-5,53,5.488574504852295,4.392773628234863,10.469922065734863,2
32,130,44,8.244824409484862,0.3828125,1.5456055402755735,-2,-26,58,9.39804744720459,4.608105659484863,9.843066215515137,2
-6,108,23,5.187109470367432,-1.0910156965255735,9.316699028015137,-3,35,71,7.096386909484862,5.522070407867432,5.086621284484863,2
19,-3,13,4.938281536102295,5.8570313453674325,0.3828125,-42,-6,102,4.876074314117432,5.900097846984862,5.373730659484863,2
18,-70,23,5.8426756858825675,0.15791015326976776,11.474804878234865,0,-82,114,3.488379001617432,3.1677734851837163,2.737109422683716,2
-65,-162,15,5.033984661102295,-1.818359375,12.886425971984865,43,-77,105,5.04833984375,3.0720703601837163,1.1149414777755735,2
-157,-166,-10,6.881054878234862,-2.842382907867432,7.84765625,6,-45,107,5.474218845367432,3.9716796875,4.727734565734863,2
-59,-65,-22,5.9383788108825675,-5.947949409484862,7.8667969703674325,-105,-15,94,3.296972751617432,4.847363471984863,9.584668159484863,2
48,23,-13,6.0245118141174325,-3.6941406726837163,7.44091796875,-31,-29,96,3.0002930164337163,4.292285442352295,9.02001953125,2
46,53,6,7.10595703125,-2.378222703933716,5.163183689117432,10,9,70,3.4931640625,2.617480516433716,8.335741996765138,2
83,116,31,6.4886717796325675,-0.5933594107627869,1.9762696027755735,56,10,40,5.234961032867432,4.268359661102295,10.93408203125,2
58,135,51,6.952832221984862,-0.588574230670929,2.287304639816284,2,-15,39,6.3594727516174325,5.57470703125,12.503613471984865,2
74,168,27,6.38818359375,1.60302734375,2.08154296875,-5,-37,72,9.130078315734863,8.000781059265138,7.718457221984862,2
-7,58,21,5.6512694358825675,-1.1962890625,12.283495903015135,-43,-24,111,5.8570313453674325,5.220605373382568,4.2109375,2
-20,-56,19,5.8187499046325675,0.39716798067092896,14.101855278015135,9,-60,125,4.196582317352295,4.0673828125,3.0002930164337163,2
-104,-168,14,5.469433784484863,-1.3541992902755735,13.599413871765135,28,-83,108,4.7373046875,3.2586915493011475,0.8996093869209291,2
-115,-185,-18,5.612988471984863,-4.512402534484863,11.254687309265137,-18,-46,117,4.909570217132568,4.651172161102295,5.555566310882568,2
-114,-115,-33,6.373828411102295,-4.182226657867432,8.268750190734862,-99,-23,107,3.799414157867432,4.555469036102295,8.694628715515138,2
0,1,-18,6.2159180641174325,-5.426367282867432,7.9002933502197275,-52,-31,108,2.430859327316284,2.99072265625,9.479394912719727,2
63,53,7,5.947949409484862,-3.1964843273162837,6.0819334983825675,35,-3,73,3.8759765625,3.2395508289337163,8.15390682220459,2
50,100,42,7.2447266578674325,-0.2823242247104645,0.6986328363418579,45,15,38,6.426465034484862,2.717968702316284,8.78076171875,2
14,128,67,6.1680665016174325,0.7608398795127869,0.01435546949505806,14,1,40,7.0389647483825675,5.823535442352295,10.876660346984863,2
59,147,45,7.096386909484862,-1.5264648199081419,3.0146484375,-8,-33,74,8.000781059265138,6.804492473602295,8.97216796875,2
87,75,24,5.8426756858825675,-0.8421875238418579,9.292773246765137,4,-22,104,6.9384765625,5.7469725608825675,4.694238185882568,2
42,-24,28,5.7708983421325675,1.3876953125,13.331445693969727,-31,-35,113,4.52197265625,4.876074314117432,3.7228517532348633,2
-70,-119,20,5.7469725608825675,-0.7512695193290709,12.84335994720459,-5,-98,110,2.65576171875,4.000390529632568,2.3016602993011475,2
-133,-170,-7,5.9814453125,-3.349609375,14.623437881469727,11,-73,105,5.7230467796325675,2.56005859375,0.9474609494209291,2
-93,-130,-19,6.5269532203674325,-3.1677734851837163,9.49375057220459,-78,-8,99,5.498144626617432,3.952539205551148,5.603417873382568,2
17,-15,-25,6.948047161102295,-5.727832317352295,5.158398628234863,-73,-24,104,3.713281393051148,3.3161132335662837,10.733105659484863,2
53,43,-8,5.330664157867432,-2.9237306118011475,6.809277534484862,7,-26,87,4.134375095367432,3.5792968273162837,9.80478572845459,2
34,50,8,6.5604491233825675,-1.5168945789337158,3.536230564117432,41,3,64,4.971777439117432,4.196582317352295,8.742480278015138,2
56,100,37,5.9623045921325675,0.4593750238418579,1.995410203933716,32,-2,38,6.00537109375,3.828125,9.21142578125,2
23,108,53,6.7997069358825675,-0.16269531846046448,1.9044922590255735,-6,-22,43,7.479199409484862,5.402441501617432,9.51767635345459,2
50,131,44,6.325976848602295,0.8708984255790709,4.871289253234863,5,-27,75,8.436230659484862,5.373730659484863,7.82373046875,2
-3,53,34,5.991015911102295,-1.1962890625,10.21630859375,-3,-15,81,6.570019721984862,6.220703125,3.488379001617432,2
-70,-33,21,6.1680665016174325,-0.8469726443290709,12.99169921875,4,-50,96,4.866504192352295,5.206250190734863,2.890234470367432,2
-144,-124,6,5.053124904632568,-3.03857421875,13.32666015625,35,-73,103,5.038769721984863,3.1247069835662837,0.8326172232627869,2
-118,-160,-13,4.445410251617432,-6.570019721984862,14.197558403015135,7,-25,103,3.9716796875,3.2108399868011475,4.191796779632568,2
-58,-104,-14,6.2159180641174325,-5.077050685882568,8.809473037719727,-49,-12,97,3.8137695789337163,6.6465821266174325,8.838183403015137,2
46,-12,-18,7.981640815734862,-6.34033203125,4.962207317352295,-51,0,89,4.287499904632568,3.727636814117432,8.51279354095459,2
68,42,-2,6.995898723602295,-2.8519532680511475,3.3783204555511475,31,7,75,4.249218940734863,4.301855564117432,8.87646484375,2
35,66,21,5.545996189117432,-0.5072265863418579,2.8758790493011475,34,0,56,4.28271484375,4.526757717132568,10.675683975219727,2
5,70,59,6.38818359375,-0.04306640848517418,1.8231445550918581,-3,-24,45,5.9527344703674325,7.34521484375,10.95322322845459,2
19,57,44,7.3500003814697275,4.900000095367432,0.6507812738418579,-37,-59,75,7.7950196266174325,6.9911131858825675,8.455370903015138,2
97,80,23,7.144238471984862,-1.875781297683716,9.78564453125,-31,-36,106,7.263867378234862,6.8954100608825675,2.8567383289337163,2
44,-22,13,6.3690428733825675,-1.0192383527755735,13.101758003234865,-21,-48,106,4.842578411102295,4.373632907867432,2.052832126617432,2
-43,-101,4,6.641797065734862,-1.4451172351837158,13.096972465515135,-9,-75,112,5.273242473602295,3.8185548782348633,1.3494141101837158,2
-43,-132,-19,5.708691596984862,-3.895117282867432,12.517969131469727,-42,-27,118,4.742089748382568,2.650976657867432,6.2685546875,2
-67,-88,-27,6.2876954078674325,-3.32568359375,8.000781059265138,-69,-17,111,4.416699409484863,5.727832317352295,8.25439453125,2
-33,-16,-26,6.522168159484862,-4.8330078125,6.2015624046325675,-44,-18,105,3.4118163585662837,2.51220703125,8.82861328125,2
14,32,-2,6.115429878234862,-2.378222703933716,4.598535060882568,-2,8,77,4.550683498382568,3.37353515625,6.876269817352295,2
22,67,32,5.7421875,-0.17705078423023224,2.985937595367432,68,7,54,4.335351467132568,3.0242187976837163,10.039258003234863,2
13,72,60,6.5030274391174325,-0.6986328363418579,2.5648438930511475,-3,-15,43,6.1680665016174325,4.818652629852295,9.88134765625,2
30,94,57,8.173047065734862,-1.0862305164337158,2.268164157867432,1,-57,71,7.5174808502197275,5.392871379852295,9.58945369720459,2
80,86,26,7.713672161102295,-1.6939452886581419,8.15869140625,-1,-30,100,7.713672161102295,5.522070407867432,4.038671970367432,2
60,6,21,6.325976848602295,0.55029296875,13.221386909484865,-1,-31,98,5.345019817352295,4.880859375,2.9811522960662837,2
-26,-68,22,6.7183594703674325,1.1962890625,11.8671875,10,-68,102,5.278027534484863,4.536328315734863,3.6223633289337163,2
-76,-114,3,5.6416993141174325,-3.5266602039337163,12.355273246765135,-30,-41,111,4.13916015625,2.9285156726837163,6.53173828125,2
-112,-99,-13,6.660937786102295,-3.0768554210662837,8.503222465515138,-45,-24,105,4.775586128234863,4.880859375,6.349902629852295,2
-7,-26,-24,6.3833985328674325,-6.0484375953674325,8.05820369720459,-55,-28,106,3.4548828601837163,3.8137695789337163,8.70419979095459,2
16,1,-5,5.517285346984863,-2.0863282680511475,7.670605659484862,10,-15,86,4.201367378234863,3.4788086414337163,6.9193358421325675,2
-8,21,9,6.8140625953674325,-1.6413086652755735,2.914160251617432,33,10,63,4.588964939117432,2.8998048305511475,7.115527629852295,2
18,70,45,5.469433784484863,-0.27753907442092896,0.8661133050918579,49,-12,43,5.282812595367432,4.588964939117432,10.876660346984863,2
39,105,56,7.5653324127197275,-0.6172851920127869,-0.20097656548023224,-26,-41,52,6.9576172828674325,5.593847751617432,11.302538871765135,2
77,147,46,7.369140625,1.22021484375,4.61767578125,-14,-43,84,9.010449409484863,6.948047161102295,6.7901368141174325,2
13,53,28,7.2734375,-0.59814453125,12.264355659484865,-15,-22,89,6.809277534484862,5.225390911102295,2.1533203125,2
-75,-61,8,5.6512694358825675,-2.019335985183716,14.97275447845459,-3,-55,99,3.0672852993011475,5.115332126617432,3.7659180164337163,2
-98,-149,-13,6.1919922828674325,-4.483691692352295,15.47998046875,-8,-65,109,5.211035251617432,2.8854491710662837,2.402148485183716,2
-49,-144,-31,5.584277629852295,-4.335351467132568,10.52255916595459,-31,-29,115,5.254101753234863,4.914355754852295,5.76611328125,2
-7,-50,-32,6.349902629852295,-5.292382717132568,5.608203411102295,-64,-25,109,3.3400390148162837,3.6750001907348633,9.37890625,2
12,19,-15,5.392871379852295,-3.249121189117432,6.3211913108825675,-1,-23,91,3.22998046875,3.5266602039337163,8.819043159484863,2
11,34,-9,0.4593750238418579,2.526562452316284,2.641406297683716,36,18,61,4.244433879852295,3.3639647960662837,7.641894817352295,2
26,106,48,5.943164348602295,-0.516796886920929,-0.0047851563431322575,51,15,32,5.8331055641174325,4.3544921875,9.747363090515137,2
63,165,54,7.4839844703674325,-1.167578101158142,-1.272851586341858,3,-7,32,7.82373046875,6.1058592796325675,11.111132621765137,2
71,186,30,4.66552734375,2.79931640625,6.7470703125,-19,16,77,9.584668159484863,8.527148246765138,6.986328125,2
-31,63,18,6.1919922828674325,-1.0623047351837158,13.53720760345459,-48,10,97,5.732617378234862,5.498144626617432,3.0959961414337163,2
-98,-80,-5,4.804296970367432,-2.8041017055511475,18.145313262939453,-3,-60,106,1.2297852039337158,4.708593845367432,4.392773628234863,2
-87,-200,-16,4.344922065734863,-3.2826173305511475,15.40341854095459,12,-112,116,5.536426067352295,2.3255860805511475,0.7129883170127869,2
-33,-180,-31,4.923925876617432,-4.9287109375,8.53671932220459,-52,-43,126,5.388085842132568,4.766015529632568,6.00537109375,2
15,-65,-39,5.76611328125,-5.321094036102295,5.617773532867432,-92,-46,124,3.70849609375,4.320996284484863,9.63730525970459,2
0,2,-21,4.866504192352295,-3.799414157867432,8.06298828125,-39,-40,103,2.9237306118011475,3.3113281726837163,9.034375190734863,2
14,44,7,6.53173828125,-2.292089939117432,4.9765625,32,9,75,3.7802734375,2.8280274868011475,7.65625,2
32,98,44,6.86669921875,-0.06220703199505806,1.837500095367432,69,11,41,5.134472846984863,3.4261720180511475,9.63730525970459,2
-3,120,68,6.62744140625,1.024023413658142,1.287207007408142,11,-5,35,7.4600586891174325,5.608203411102295,10.268945693969727,2
40,121,54,6.517383098602295,-2.03369140625,3.4070312976837163,0,-23,72,7.3643555641174325,6.69921875,10.321581840515137,2
87,59,29,6.785351753234862,-1.8662109375,9.790430068969727,-27,-34,106,8.072558403015138,6.565234661102295,3.871191501617432,2
19,-37,22,6.737500190734862,0.7943359613418579,11.733202934265135,-19,-51,104,5.249316692352295,4.536328315734863,3.9860353469848633,2
-106,-137,8,6.086719036102295,-0.985742211341858,14.168848037719727,-9,-75,111,4.4501953125,3.6032226085662837,1.215429663658142,2
-50,-173,-1,5.732617378234862,-3.7180664539337163,12.230859756469727,-27,-40,103,4.18701171875,1.8231445550918581,3.6510741710662837,2
-57,-118,-11,5.823535442352295,-3.1390626430511475,9.962695121765137,-45,-32,108,3.823339939117432,5.727832317352295,7.766308784484862,2
-5,-21,-8,7.0150389671325675,-5.8331055641174325,8.737695693969728,-44,-30,85,2.9524414539337163,2.89501953125,9.287988662719727,2
-16,41,1,7.6753907203674325,-2.220312595367432,7.10595703125,-4,-8,70,4.47412109375,3.66064453125,7.216015815734862,2
1,80,8,9.23056697845459,-3.1199219226837163,4.966992378234863,55,12,56,5.105762004852295,3.1103515625,7.72802734375,2
74,-5,16,5.512500286102295,4.368847846984863,1.07666015625,66,17,38,5.703906536102295,4.431054592132568,9.823925971984863,2
-50,119,52,4.842578411102295,-0.4593750238418579,0.913964867591858,-14,-7,57,6.474316596984862,7.407422065734862,12.517969131469727,2
57,99,45,6.4647459983825675,-2.354296922683716,2.6796875,6,-81,81,6.9911131858825675,7.7806644439697275,10.895800590515137,2
131,58,30,6.5748047828674325,-0.15312500298023224,10.268945693969727,-49,-49,113,8.598925590515138,6.3642578125,0.5694336295127869,2
6,-59,22,5.9814453125,0.95703125,11.996386528015135,1,-59,111,3.85205078125,3.296972751617432,0.34453126788139343,2
-117,-169,5,5.493359565734863,-3.832910299301148,16.298242568969727,-10,-53,113,4.18701171875,3.3591797351837163,2.115039110183716,2
-29,-157,-7,5.799609661102295,-4.335351467132568,11.388671875,-31,-38,110,3.70849609375,3.5553710460662837,7.862011909484862,2
-28,-69,-15,6.952832221984862,-4.368847846984863,8.388379096984862,-76,-22,94,5.029199123382568,5.029199123382568,7.9720706939697275,2
-2,6,-12,6.9815430641174325,-5.100976467132568,8.05820369720459,-40,-17,78,4.445410251617432,3.296972751617432,8.4697265625,2
15,41,-1,7.0054688453674325,-1.933203220367432,4.47412109375,17,18,67,4.789941310882568,2.8854491710662837,6.8619141578674325,2
-1,82,40,4.7373046875,0.02871093899011612,1.6891602277755735,62,15,47,4.866504192352295,4.56982421875,10.0009765625,2
-44,82,70,5.646484375,0.06699218600988388,0.9905273914337158,-15,-20,46,6.4073243141174325,6.235058784484862,11.98203182220459,2
3,106,66,7.550976753234862,-2.5887696743011475,1.0670899152755735,5,-34,72,7.5126953125,6.785351753234862,10.12060546875,2
91,79,33,6.9336915016174325,-1.4833984375,9.953125,-16,-33,98,8.49365234375,7.311718940734862,2.646191358566284,2
29,-10,14,6.9911131858825675,-0.93310546875,12.474902153015135,-34,-32,102,4.129590034484863,3.703711032867432,1.923632860183716,2
-82,-122,-7,5.254101753234863,-3.617578268051148,17.303125381469727,-14,-56,114,3.3878905773162837,2.9572265148162837,1.435546875,2
-69,-164,-19,5.555566310882568,-3.952539205551148,12.398340225219727,6,-56,116,4.3544921875,2.8806641101837163,5.608203411102295,2
-1,-86,-30,7.10595703125,-5.388085842132568,7.000683784484862,-71,-23,109,4.550683498382568,3.85205078125,7.3882813453674325,2
56,7,-33,6.445605754852295,-4.80908203125,7.3260741233825675,-60,-28,98,3.737207174301148,3.3304688930511475,10.47470760345459,2
14,15,-18,5.684765815734862,-1.6843750476837158,6.565234661102295,4,-5,84,5.005273342132568,3.8137695789337163,7.5079102516174325,2
2,47,13,6.3211913108825675,-1.0383789539337158,2.478710889816284,52,16,56,4.311425685882568,1.9762696027755735,9.35498046875,2
18,82,50,5.727832317352295,0.88525390625,0.2823242247104645,25,-7,39,6.067578315734862,5.837890625,11.470019340515135,2
-13,104,68,6.7470703125,0.19140625,0.16269531846046448,-25,-28,70,7.8907227516174325,6.474316596984862,11.642285346984865,2
64,129,49,7.2447266578674325,-0.5694336295127869,6.81884765625,10,-39,96,9.30234432220459,6.541308879852295,4.364062786102295,2
0,22,22,6.125,-1.4833984375,12.982129096984865,-35,-12,98,4.622460842132568,3.976464986801148,1.07666015625,2
-85,-84,2,5.412011623382568,-2.9189453125,16.733692169189453,-7,-73,106,2.670117139816284,3.5218751430511475,3.85205078125,2
-57,-169,-5,5.244531154632568,-4.440625190734863,16.57099723815918,16,-69,106,4.335351467132568,0.8948242068290709,2.70361328125,2
-4,-145,-25,7.2925782203674325,-4.679883003234863,7.2255859375,-24,-9,109,5.991015911102295,3.9812500476837163,6.1728515625,2
37,-26,-32,6.67529296875,-4.220508098602295,4.124804973602295,-75,-22,101,4.115234375,3.5505859851837163,10.7666015625,2
38,4,-22,4.660742282867432,-3.8376953601837163,5.81396484375,0,-19,87,4.105664253234863,3.942968845367432,9.412402153015137,2
31,38,16,4.550683498382568,-0.21533203125,1.0192383527755735,51,-13,65,4.742089748382568,4.297070503234863,10.101465225219727,2
48,93,49,6.517383098602295,1.0048828125,-0.7129883170127869,24,-42,52,7.1585936546325675,4.947851657867432,11.74277400970459,2
28,150,66,8.220898628234862,1.4499024152755735,0.2823242247104645,-17,-36,74,9.220995903015137,7.115527629852295,6.737500190734862,2
9,109,41,7.474414348602295,-0.7369140982627869,12.163866996765135,-57,25,92,7.3500003814697275,4.09130859375,2.067187547683716,2
-24,-5,20,6.8140625953674325,-1.50732421875,15.030176162719727,-17,-18,90,3.0481445789337163,3.7707033157348633,4.105664253234863,2
-104,-102,-3,6.0962891578674325,-2.497851610183716,16.183399200439453,-8,-79,99,4.038671970367432,2.426074266433716,2.7562501430511475,2
-54,-144,-21,6.517383098602295,-4.28271484375,13.006054878234865,3,-58,106,6.53173828125,3.6032226085662837,4.56982421875,2
-36,-99,-30,6.986328125,-4.167870998382568,6.1297850608825675,-63,-19,107,4.847363471984863,5.043554782867432,7.885937690734862,2
8,-13,-34,5.569921970367432,-5.617773532867432,4.588964939117432,-58,-23,102,3.5745117664337163,2.282519578933716,9.766504287719727,2
30,25,-5,4.555469036102295,-0.74169921875,3.4788086414337163,65,-12,77,3.655859470367432,3.3878905773162837,8.12998104095459,2
17,59,36,4.541113376617432,-0.937890648841858,0.78955078125,67,-3,46,5.163183689117432,3.6271483898162837,9.4267578125,2
-13,108,71,7.550976753234862,0.9713867306709291,-1.5216797590255735,42,-37,46,7.72802734375,6.498242378234862,11.115918159484863,2
82,171,61,7.4839844703674325,0.5311523675918579,2.41650390625,-8,-39,77,9.436327934265137,7.498340129852295,7.570117473602295,2
31,96,34,6.603515625,-1.143652319908142,13.99658203125,-65,37,85,7.2447266578674325,5.124902248382568,2.4691407680511475,2
-2,-14,16,7.08203125,-0.492871105670929,14.47509765625,-34,-29,97,3.679785251617432,4.469336032867432,4.603320598602295,2
-93,-127,-10,4.679883003234863,-2.914160251617432,16.38916015625,-8,-96,107,2.627050876617432,2.4930665493011475,2.6126954555511475,2
-92,-172,-29,5.9527344703674325,-4.383203029632568,12.12558650970459,4,-59,119,5.8426756858825675,3.0194337368011475,3.8664064407348633,2
-55,-102,-27,6.1297850608825675,-3.3878905773162837,6.708789348602295,-63,-16,106,5.560351848602295,4.01953125,6.852344036102295,2
1,-13,-25,6.19677734375,-5.483788967132568,5.445508003234863,-47,-23,102,3.617578268051148,3.4070312976837163,8.713769912719728,2
51,35,-2,6.0819334983825675,-2.966796875,5.254101753234863,37,-1,72,3.63671875,2.962011814117432,8.436230659484862,2
33,75,39,5.967090129852295,0.6172851920127869,1.909277439117432,70,2,43,5.483788967132568,3.4596679210662837,9.058300971984863,2
-31,85,68,5.804394721984862,0.655566394329071,1.143652319908142,19,-25,41,6.7279295921325675,6.7757811546325675,11.163769721984863,2
-15,93,73,7.2782225608825675,-3.4740235805511475,1.5264648199081419,-24,-48,69,7.5079102516174325,6.660937786102295,9.771288871765137,2
114,105,37,8.36923885345459,-1.435546875,7.2255859375,-32,-48,112,8.881250381469727,6.5748047828674325,4.340137004852295,2
114,1,15,7.168164253234862,-0.8900390863418579,11.484375,-22,-23,109,4.966992378234863,3.61279296875,1.5647461414337158,2
-58,-100,9,6.2494139671325675,2.411718845367432,13.96787166595459,2,-52,111,4.3544921875,4.445410251617432,2.220312595367432,2
-32,-144,-3,5.995800971984862,-4.134375095367432,11.89111328125,-3,-61,111,4.153515815734863,0.612500011920929,7.306933879852295,2
-84,-109,-13,5.684765815734862,-2.1533203125,9.149218559265137,-74,-31,105,5.258886814117432,6.6322264671325675,6.5125975608825675,2
-19,-18,-20,6.1728515625,-5.823535442352295,8.115625381469728,-46,-34,104,3.923828125,3.1438477039337163,8.49365234375,2
-31,22,-5,6.067578315734862,-1.8470703363418581,8.455370903015138,-19,-11,81,4.230078220367432,3.2443358898162837,6.761425971984862,2
-34,32,12,7.8667969703674325,-2.071972608566284,5.115332126617432,23,22,57,5.278027534484863,2.65576171875,6.809277534484862,2
-10,80,56,6.7470703125,0.8804687857627869,1.1340820789337158,90,-5,37,6.3355469703674325,3.0050780773162837,10.895800590515137,2
-56,94,73,6.0580077171325675,0.765625,0.8996093869209291,-8,-30,56,7.9481449127197275,6.857129096984862,9.953125,2
30,79,56,8.29746150970459,-3.8759765625,3.4548828601837163,-20,-57,86,7.7567386627197275,5.756543159484862,9.058300971984863,2
175,50,20,7.474414348602295,-3.1103515625,7.9864258766174325,11,-65,103,7.65625,5.201465129852295,1.9619140625,2
60,-28,30,4.40234375,2.794531345367432,11.871973037719727,-25,-57,110,5.7421875,5.43115234375,0.6890625357627869,2
-32,-113,48,2.717968702316284,-1.827929735183716,10.278515815734863,-27,-42,88,3.94775390625,2.296875,3.584082126617432,2
-173,-128,27,7.072461128234862,-4.191796779632568,11.98681640625,-4,-25,87,4.531543254852295,4.3544921875,3.85205078125,2
-52,-75,13,9.823925971984863,-3.923828125,10.015332221984863,-14,1,81,4.919140815734863,3.4070312976837163,7.65625,2
-14,-12,-1,9.201855659484863,-4.3544921875,8.091699600219728,-35,-4,74,4.885644435882568,4.971777439117432,9.45068359375,2
-24,8,-5,7.4696292877197275,-3.4500977993011475,6.928906440734862,-9,-7,75,4.9765625,5.421582221984863,10.087109565734863,2
-4,27,10,6.57958984375,-2.1820313930511475,3.617578268051148,35,-3,61,5.7613282203674325,3.727636814117432,8.603711128234862,2
10,67,42,6.570019721984862,-1.5743163824081419,-0.13398437201976776,9,-11,50,5.756543159484862,4.966992378234863,11.158984184265137,2
19,105,52,7.65625,-1.861425876617432,0.17705078423023224,7,-45,75,7.790234565734862,7.1729493141174325,9.39804744720459,2
85,92,29,7.330859661102295,-2.761035203933716,7.933789253234862,2,-42,93,7.4600586891174325,7.05810546875,4.622460842132568,2
68,32,8,6.4791016578674325,-0.4737304747104645,9.627734184265137,-46,-28,113,4.56982421875,5.512500286102295,0.50244140625,2
-8,-34,4,5.426367282867432,-1.89013671875,13.2548828125,-39,-75,101,3.976464986801148,3.3161132335662837,0.9713867306709291,2
-36,-86,7,6.163281440734862,-1.89013671875,11.302538871765135,-13,-50,93,5.8187499046325675,1.6604492664337158,1.105371117591858,2
-44,-76,-12,7.000683784484862,-5.354589939117432,10.436426162719727,-13,12,91,4.943066596984863,3.895117282867432,7.1585936546325675,2
5,-21,-22,7.2734375,-4.794726848602295,7.785449504852295,-43,-11,93,3.871191501617432,4.842578411102295,9.21142578125,2
-6,-8,-21,5.756543159484862,-2.75146484375,7.503125190734862,0,-13,82,4.000390529632568,4.167870998382568,8.795117378234862,2
-16,28,8,5.541211128234863,-1.5982421636581419,2.359081983566284,37,2,64,5.182324409484863,4.364062786102295,8.962597846984863,2
7,55,38,4.914355754852295,-0.2440429776906967,2.7275390625,35,-24,49,5.172753810882568,5.646484375,11.570508003234865,2
6,68,51,6.828418254852295,-0.11005859822034836,0.8565430045127869,-44,-63,65,7.3165040016174325,7.3021483421325675,11.07763671875,2
64,101,45,7.8763675689697275,-1.9523438215255735,5.483788967132568,-51,-57,103,9.053515434265137,6.737500190734862,6.780566692352295,2
63,31,21,6.306836128234862,-1.024023413658142,11.369531631469727,-19,-24,109,5.895312786102295,5.325879096984863,1.1867188215255735,2
21,-23,16,5.971875190734862,-0.861328125,13.03476619720459,-51,-44,107,4.80908203125,4.435840129852295,4.2587890625,2
-67,-61,16,5.09619140625,-0.5072265863418579,10.76181697845459,-19,-74,100,3.871191501617432,2.60791015625,3.8903322219848633,2
-124,-65,-2,5.282812595367432,-4.636816501617432,10.69482421875,-18,-57,103,5.708691596984862,2.617480516433716,3.919043064117432,2
-72,-38,-5,6.8236327171325675,-4.335351467132568,9.096582412719727,-7,-17,105,5.9288086891174325,2.574414014816284,4.359277248382568,2
12,-21,-14,6.948047161102295,-4.311425685882568,8.77597713470459,-10,6,87,5.55078125,3.976464986801148,6.8427734375,2
20,-16,-14,7.0628905296325675,-4.115234375,6.809277534484862,-21,6,87,4.876074314117432,3.8137695789337163,9.120508193969727,2
59,-12,-9,5.995800971984862,-2.148535251617432,5.919238567352295,61,-13,71,4.684668064117432,2.938086032867432,8.641992568969728,2
9,13,27,5.23974609375,-0.03349609300494194,0.7273437380790709,52,-8,56,5.895312786102295,4.167870998382568,8.723340034484862,2
-17,46,42,6.3116211891174325,0.16269531846046448,-0.5790039300918579,-5,-29,64,6.8427734375,7.498340129852295,11.632715225219727,2
62,99,50,8.283105850219728,-0.3780273497104645,2.339941501617432,-38,-63,87,8.82382869720459,7.10595703125,8.01513671875,2
57,50,31,7.306933879852295,0.0478515625,11.40781307220459,-28,-12,107,7.4457035064697275,5.5029296875,1.69873046875,2
16,-23,20,7.287793159484862,-0.95703125,15.178516387939453,-35,-26,104,4.775586128234863,3.1916992664337163,2.459570407867432,2
-57,-102,9,6.2972655296325675,-1.50732421875,14.513379096984865,6,-56,100,3.8376953601837163,2.406933546066284,3.5984375476837163,2
-133,-100,-20,6.72314453125,-4.177441596984863,10.59433650970459,-29,-26,107,5.732617378234862,4.598535060882568,5.278027534484863,2
-18,-50,-26,7.0150389671325675,-5.211035251617432,8.929101943969727,-44,-5,100,4.766015529632568,3.7419922351837163,6.732715129852295,2
-20,-16,-27,6.4312500953674325,-4.062597751617432,6.0771484375,-35,-4,91,4.177441596984863,2.890234470367432,8.383593559265138,2
4,25,3,6.34033203125,-1.17236328125,2.402148485183716,62,6,70,5.1201171875,3.105566501617432,8.115625381469728,2
-16,53,39,4.7373046875,0.08134765923023224,0.4498046934604645,45,-14,53,5.321094036102295,4.493261814117432,11.40781307220459,2
-32,73,60,6.230273723602295,0.26318359375,-0.4115234315395355,-12,-59,66,6.5125975608825675,7.0389647483825675,12.168652534484865,2
101,104,57,9.144433975219727,-3.0625,3.7707033157348633,-6,-64,89,9.13486385345459,5.416797161102295,6.125,2
140,84,26,7.091601848602295,1.3063477277755735,11.307324409484865,-59,-9,118,8.316601753234862,5.804394721984862,-0.11005859822034836,2
53,-13,24,5.8091797828674325,0.4019531309604645,15.130664825439453,-31,-24,98,2.8615233898162837,1.7513672113418581,3.4022462368011475,2
-64,-108,12,6.69921875,-1.344628930091858,14.288476943969727,5,-56,100,5.416797161102295,2.402148485183716,2.722754001617432,2
-69,-97,-14,6.9193358421325675,-2.095898389816284,9.297558784484863,-12,-27,100,5.9048829078674325,4.287499904632568,6.5748047828674325,2
-78,-57,-21,5.9862303733825675,-3.952539205551148,10.005762100219727,-39,-10,97,4.435840129852295,3.990820407867432,8.08212947845459,2
-33,-9,-9,6.349902629852295,-5.330664157867432,8.4697265625,-42,-3,85,3.51708984375,3.2204101085662837,8.91953182220459,2
69,53,9,6.924121379852295,-0.3541015684604645,2.8998048305511475,59,22,51,4.263574123382568,2.383007764816284,7.905078411102295,2
-31,92,61,4.311425685882568,1.4451172351837158,1.000097632408142,59,28,34,5.220605373382568,4.612890720367432,10.8623046875,2
-100,115,74,6.302051067352295,-2.65576171875,-1.60302734375,2,2,43,6.780566692352295,7.01025390625,11.379101753234865,2
97,154,57,7.527050971984862,-0.765625,4.005176067352295,-35,-24,85,9.321484565734863,8.713769912719728,8.833398818969727,2
94,43,19,5.919238567352295,-1.296777367591858,13.39365291595459,-53,-1,101,4.684668064117432,3.5314452648162837,2.8280274868011475,2
-38,-72,-5,6.96240234375,-0.02392578125,14.700000762939453,8,-79,118,3.871191501617432,4.536328315734863,3.6271483898162837,2
-39,-162,-15,4.694238185882568,-3.560156345367432,16.53271484375,-5,-92,122,3.928613424301148,1.6843750476837158,1.3254883289337158,2
-69,-165,-19,5.7613282203674325,-1.9906250238418581,10.776171684265137,-6,-57,114,5.38330078125,2.8519532680511475,5.029199123382568,2
-74,-70,-12,6.067578315734862,-4.708593845367432,7.718457221984862,-72,-52,97,3.880761861801148,3.942968845367432,8.522363662719728,2
9,15,0,5.8426756858825675,-5.029199123382568,7.402637004852295,-54,-28,84,3.0672852993011475,3.8376953601837163,9.010449409484863,2
33,50,21,7.0772461891174325,-2.8280274868011475,4.143945217132568,35,7,51,4.454980373382568,2.794531345367432,8.455370903015138,2
33,91,50,5.7230467796325675,0.16748046875,1.7274414300918581,41,17,30,5.177539348602295,4.086523532867432,10.52255916595459,2
-18,99,69,5.7230467796325675,0.4019531309604645,2.138964891433716,-3,5,34,7.235156536102295,6.603515625,11.393457412719727,2
1,107,58,6.546093940734862,-3.9381837844848633,2.36865234375,20,-46,69,7.450488567352295,5.603417873382568,10.9580078125,2
102,94,35,6.517383098602295,-0.22490234673023224,10.541699409484863,-28,-39,114,8.94345760345459,7.6131839752197275,2.497851610183716,2
82,-1,22,5.7469725608825675,-0.7369140982627869,11.09677791595459,-43,-33,115,5.799609661102295,3.976464986801148,2.32080078125,2
0,-84,19,5.0244140625,-0.631640613079071,13.020410537719727,8,-61,117,3.129492282867432,2.8280274868011475,2.3734376430511475,2
-78,-159,7,6.14892578125,-2.478710889816284,11.65185546875,9,-52,108,4.789941310882568,3.3113281726837163,3.5553710460662837,2
-115,-128,-17,5.656054973602295,-3.4548828601837163,10.30722713470459,-28,-24,111,4.512402534484863,6.062793254852295,8.043848037719728,2
-40,-58,-12,6.469531536102295,-5.196679592132568,10.077539443969727,-57,-30,94,3.5984375476837163,3.1964843273162837,10.11582088470459,2
-42,-5,2,6.426465034484862,-3.8137695789337163,9.3310546875,-24,-14,83,4.675097942352295,4.364062786102295,8.06298828125,2
-4,20,12,8.134765625,-2.8519532680511475,5.488574504852295,30,14,67,4.947851657867432,2.737109422683716,8.359667778015138,2
2,69,39,7.20166015625,-0.21054688096046448,0.2679687440395355,24,9,50,6.522168159484862,4.172656536102295,10.1923828125,2
-43,107,58,6.029296875,-1.024023413658142,-0.19619141519069672,-1,-15,71,7.01025390625,5.5029296875,11.632715225219727,2
97,117,45,7.63232421875,-1.5216797590255735,1.4451172351837158,-10,-51,97,7.503125190734862,7.9385743141174325,9.412402153015137,2
140,68,16,5.8905272483825675,-2.593554735183716,13.13046932220459,-75,0,108,6.325976848602295,3.63671875,1.0144531726837158,2
105,-32,12,7.369140625,-0.7799804806709291,8.881250381469727,1,-62,109,4.038671970367432,2.689257860183716,3.3161132335662837,2
-53,-111,0,6.19677734375,3.3113281726837163,13.723828315734865,33,-68,126,5.402441501617432,3.4022462368011475,0.57421875,2
-45,-151,-3,6.306836128234862,-2.17724609375,13.699902534484865,-50,-35,108,5.019629001617432,0.9713867306709291,3.856836080551148,2
-124,-115,-6,5.09619140625,-2.0145509243011475,10.292871475219727,-44,-44,95,4.009961128234863,4.306640625,11.74277400970459,2
-71,-27,8,6.4168944358825675,-4.421484470367432,8.388379096984862,-55,-33,78,4.191796779632568,3.4740235805511475,8.029492378234862,2
-1,32,17,7.63232421875,-3.8855469226837163,5.8570313453674325,0,9,67,4.498046875,2.9093749523162837,7.168164253234862,2
57,85,31,7.5892581939697275,-1.6221679449081419,2.9572265148162837,54,17,46,5.187109470367432,2.5887696743011475,8.474512100219728,2
4,93,55,6.756640911102295,0.8804687857627869,2.9524414539337163,54,-3,37,5.756543159484862,3.5266602039337163,10.28330135345459,2
-28,96,57,5.612988471984863,-1.095800757408142,1.7178710699081419,4,-14,60,6.7662110328674325,6.833203315734862,10.871874809265137,2
62,80,48,6.593945503234862,-2.79931640625,3.9573242664337163,-22,-69,81,7.46484375,6.9911131858825675,10.92929744720459,2
162,61,34,6.7470703125,0.42109376192092896,8.570215225219728,-32,-66,106,8.0869140625,5.589062690734863,2.3255860805511475,2
14,-57,33,6.187207221984862,0.20576171576976776,11.41259765625,-15,-41,112,4.876074314117432,3.057714939117432,1.1580078601837158,2
-65,-146,28,5.7230467796325675,-2.435644626617432,14.03964900970459,18,-54,105,4.062597751617432,3.3639647960662837,2.746679782867432,2
-94,-162,6,7.0054688453674325,-2.201171875,9.9052734375,-7,-31,117,4.828222751617432,3.8903322219848633,5.871387004852295,2
-72,-88,-11,7.163379192352295,-4.18701171875,10.149316787719727,-67,-18,101,3.6845703125,4.454980373382568,9.488965034484863,2
-20,-23,-15,7.8045902252197275,-4.722949504852295,10.225878715515137,-31,-32,94,3.856836080551148,3.3639647960662837,8.25439453125,2
3,12,-15,8.555859565734862,-2.6796875,6.2972655296325675,5,0,76,5.053124904632568,3.5075194835662837,5.512500286102295,2
-9,82,19,7.067676067352295,0.02392578125,-0.09091796725988388,31,26,53,5.52685546875,2.287304639816284,7.6849613189697275,2
-76,91,50,5.603417873382568,0.861328125,-0.11484375596046448,14,-10,57,6.4551758766174325,5.608203411102295,11.771484375,2
-9,73,60,5.9048829078674325,-2.8998048305511475,1.3733398914337158,-35,-51,65,6.7470703125,5.555566310882568,13.03955078125,2
119,92,53,8.890820503234863,-0.9953125119209291,2.330371141433716,15,-88,91,8.670702934265138,5.297168254852295,5.95751953125,2
135,28,25,6.7901368141174325,0.095703125,10.489062309265137,-4,-37,104,6.412109375,4.42626953125,0.32539063692092896,2
3,-72,23,5.9862303733825675,-0.4976562559604645,16.38916015625,-18,-34,109,3.5218751430511475,2.8567383289337163,1.5025390386581419,2
-55,-139,15,5.8666014671325675,-2.191601514816284,12.618456840515135,-35,-50,110,4.177441596984863,1.981054782867432,6.780566692352295,2
-137,-107,-7,7.139453411102295,-2.770605564117432,10.063183784484863,-42,-15,89,6.110644817352295,4.483691692352295,4.0673828125,2
-60,-25,-12,7.737597942352295,-6.2398438453674325,7.05810546875,-66,-7,77,4.244433879852295,3.5984375476837163,8.986523628234863,2
58,27,-20,8.17783260345459,-4.397558689117432,5.837890625,14,3,75,5.426367282867432,1.804003953933716,6.986328125,2
39,51,-2,6.206347942352295,-0.4641601741313934,1.7322266101837158,78,1,64,5.172753810882568,3.6223633289337163,8.1826171875,2
-30,21,31,3.6941406726837163,-0.05742187798023224,2.354296922683716,49,-25,61,4.584179878234863,6.373828411102295,11.733202934265135,2
-26,29,48,6.589160442352295,0.6172851920127869,0.3301757872104645,-39,-50,66,7.335644721984862,7.15380859375,11.977246284484865,2
38,83,74,9.201855659484863,1.5791015625,0.512011706829071,-49,-78,84,8.598925590515138,6.6322264671325675,7.4935550689697275,2
-90,55,54,7.6036133766174325,-2.770605564117432,10.991503715515137,-69,-25,87,7.5318360328674325,3.201269626617432,-0.07656250149011612,2
-79,-36,10,8.39794921875,-8.24960994720459,13.628125190734865,-31,-34,91,3.8616211414337163,4.081738471984863,0.4498046934604645,2
16,-88,-12,6.2637696266174325,-6.617871284484862,14.35068416595459,-30,-46,108,3.7228517532348633,0.861328125,4.861718654632568,2
89,-75,-25,7.287793159484862,-6.3211913108825675,10.1923828125,26,-18,108,4.297070503234863,4.143945217132568,5.9623045921325675,2
-23,-48,-27,7.785449504852295,-4.541113376617432,5.852246284484862,-25,-3,86,4.435840129852295,4.115234375,9.45068359375,2
121,49,-36,7.177734375,-3.32568359375,1.947558641433716,19,-1,75,5.373730659484863,1.7705078125,8.53671932220459,2
68,63,0,3.976464986801148,1.4642578363418581,2.330371141433716,36,-2,58,5.163183689117432,4.799511909484863,9.460253715515137,2
-26,36,49,4.804296970367432,1.320703148841858,3.1869142055511475,22,-28,50,5.455078125,6.0245118141174325,10.61826229095459,2
-32,87,72,7.65625,0.01435546949505806,-1.0910156965255735,-29,-51,67,8.574999809265138,7.3021483421325675,10.230664253234863,2
-20,125,64,7.5318360328674325,-0.18183593451976776,7.0628905296325675,-41,-32,100,9.512890815734863,6.019726753234862,4.880859375,2
-74,23,29,6.857129096984862,-4.368847846984863,14.776562690734865,-66,6,94,4.105664253234863,2.670117139816284,2.10546875,2
-140,-95,-5,6.014941692352295,-4.871289253234863,13.987011909484865,-63,-71,106,2.99072265625,4.268359661102295,4.167870998382568,2
-98,-158,-41,6.163281440734862,-7.05810546875,11.852831840515135,-34,-63,105,5.636914253234862,3.13427734375,2.737109422683716,2
47,-99,-54,8.407519340515138,-5.8570313453674325,4.866504192352295,29,0,112,5.847461223602295,3.46923828125,4.206152439117432,2
64,-23,-52,9.1396484375,-6.134570598602295,5.292382717132568,43,0,101,3.0433595180511475,2.263378858566284,10.005762100219727,2
98,60,-32,8.4697265625,-2.091113328933716,2.3016602993011475,45,1,74,4.5458984375,2.761035203933716,7.1968750953674325,2
18,93,13,4.263574123382568,0.88525390625,1.2345703840255735,63,3,72,4.42626953125,5.426367282867432,10.09189510345459,2
-25,36,39,2.665332078933716,0.15791015326976776,5.469433784484863,-7,-38,69,5.129687786102295,6.029296875,12.206933975219727,2
8,26,65,5.828320503234862,-1.2345703840255735,4.100879192352295,-60,-76,65,6.0340819358825675,6.086719036102295,12.685449600219727,2
36,100,68,10.02490234375,-2.287304639816284,-1.626953125,-53,-92,87,9.503320693969727,4.990918159484863,7.646679878234862,2
59,112,37,5.71826171875,0.21533203125,11.67099666595459,-10,-8,100,8.072558403015138,5.488574504852295,2.162890672683716,2
19,8,28,6.9911131858825675,-2.048046827316284,13.9248046875,-24,-2,90,4.699023723602295,2.617480516433716,1.6125977039337158,2
8,-64,16,5.43115234375,-2.89501953125,13.862597465515135,10,-34,96,3.3831055164337163,3.5936524868011475,2.8567383289337163,2
-49,-100,0,5.244531154632568,-3.13427734375,11.589648246765135,3,-42,102,4.3544921875,3.4309570789337163,6.3211913108825675,2
-61,-94,-11,6.593945503234862,-3.9094727039337163,9.78564453125,-3,-15,98,4.502831935882568,1.981054782867432,6.3690428733825675,2
-100,-71,-17,7.24951171875,-2.9189453125,6.713574409484862,-53,-1,77,5.110547065734863,5.8426756858825675,6.904980659484862,2
36,12,-13,6.986328125,-2.268164157867432,1.851855516433716,42,-2,74,5.234961032867432,3.4118163585662837,9.010449409484863,2
39,38,18,4.66552734375,-0.42109376192092896,1.5264648199081419,8,-27,67,5.421582221984863,5.354589939117432,11.64707088470459,2
33,38,54,6.1919922828674325,0.6651367545127869,2.100683689117432,-62,-63,69,6.3211913108825675,5.268456935882568,12.446191787719727,2
27,83,54,9.30712890625,-2.966796875,1.435546875,0,-73,81,9.37412166595459,2.9333007335662837,9.20664119720459,2
23,101,24,7.6514649391174325,-0.24882812798023224,8.747265815734862,21,-1,90,7.6514649391174325,6.493457317352295,0.8421875238418579,2
-3,-7,11,6.900195598602295,-2.8280274868011475,16.322168350219727,-49,-10,95,3.5936524868011475,3.2586915493011475,2.46435546875,2
0,-75,4,6.900195598602295,-1.971484422683716,11.450879096984865,-15,-55,99,4.536328315734863,2.545703172683716,2.75146484375,2
-36,-87,-10,5.8857421875,-2.8758790493011475,11.345605850219727,-13,-45,102,4.536328315734863,3.0768554210662837,5.93359375,2
-47,-94,-19,7.3978519439697275,-3.2156250476837163,10.082324028015137,-10,-14,91,5.072265625,2.119824171066284,5.124902248382568,2
-90,-35,-34,7.9912109375,-4.28271484375,3.0002930164337163,-73,4,79,5.0244140625,4.072167873382568,8.766406059265138,2
59,54,-2,5.043554782867432,-1.5168945789337158,0.57421875,35,-10,70,4.493261814117432,3.033789157867432,11.22119140625,2
44,58,42,2.9955079555511475,1.5599609613418581,1.4499024152755735,-15,-25,63,5.397656440734863,4.799511909484863,11.800195693969727,2
28,67,81,7.0628905296325675,-0.4641601741313934,3.009863376617432,-24,-74,61,6.617871284484862,3.2634766101837163,12.790722846984865,2
42,122,63,9.675585746765137,-2.024121046066284,2.9715821743011475,37,-45,66,10.149316787719727,5.345019817352295,6.53173828125,2
2,94,23,6.5843749046325675,-1.98583984375,13.388867378234865,-26,37,87,7.187304973602295,5.5986328125,1.31591796875,2
19,-6,12,6.187207221984862,-2.1102540493011475,16.40351676940918,-36,-6,105,3.0529296398162837,3.4835937023162837,3.6510741710662837,2
-5,-78,8,5.254101753234863,-1.0670899152755735,13.01084041595459,0,-80,101,2.818457126617432,2.6366212368011475,3.1869142055511475,2
-55,-106,-4,6.450390815734862,-2.761035203933716,11.163769721984863,18,-57,100,5.971875190734862,2.239453077316284,4.2109375,2
-11,-78,-17,6.6513671875,-3.61279296875,8.292675971984862,3,-14,96,5.9623045921325675,3.560156345367432,6.282910346984862,2
-71,-51,-22,6.062793254852295,-2.454785108566284,6.014941692352295,-46,-25,86,3.799414157867432,4.254004001617432,9.335840225219727,2
-1,1,-14,5.67041015625,-2.162890672683716,1.3254883289337158,31,-13,67,4.9765625,2.6605470180511475,6.57958984375,2
1,44,37,4.009961128234863,-0.2679687440395355,0.9426758289337158,37,-21,56,5.105762004852295,4.880859375,12.38877010345459,2
31,97,75,6.589160442352295,1.167578101158142,2.100683689117432,-24,-56,51,7.4361329078674325,5.211035251617432,11.35996150970459,2
60,147,49,10.034472465515137,-4.081738471984863,2.100683689117432,-24,-47,78,11.522656440734865,5.3115234375,7.87158203125,2
-22,118,30,4.421484470367432,0.20097656548023224,13.283594131469727,-38,22,95,9.177929878234863,7.53662109375,2.201171875,2
37,-5,23,5.8091797828674325,-3.46923828125,18.154882431030273,-60,10,98,1.6556640863418581,1.7083008289337158,2.842382907867432,2
-16,-89,8,5.234961032867432,-2.8567383289337163,13.120898246765135,38,-66,96,3.3400390148162837,3.655859470367432,2.162890672683716,2
-28,-92,-11,4.263574123382568,-2.641406297683716,11.393457412719727,38,-54,107,4.588964939117432,3.129492282867432,6.7901368141174325,2
-25,-79,-13,5.421582221984863,-2.478710889816284,10.54648494720459,40,-26,100,5.187109470367432,4.325781345367432,7.0293946266174325,2
-52,-27,-9,6.0484375953674325,-3.273046970367432,4.029101848602295,-36,-19,87,4.981347560882568,5.062695503234863,10.369433403015137,2
24,18,8,5.837890625,-1.9666992425918581,4.115234375,-18,-10,76,6.091504096984862,3.751562595367432,8.70419979095459,2
84,35,25,6.3451170921325675,-1.7178710699081419,2.5169923305511475,-24,-19,68,5.947949409484862,3.895117282867432,10.063183784484863,2
99,67,30,6.163281440734862,1.047949194908142,2.507421970367432,-28,-57,80,7.0772461891174325,5.6416993141174325,11.063281059265137,2
60,101,22,7.665820598602295,0.607714831829071,3.8185548782348633,-7,-35,95,9.90048885345459,5.9862303733825675,5.158398628234863,2
-60,29,18,6.206347942352295,-0.19140625,13.259668350219727,-41,8,103,5.6943359375,4.612890720367432,1.5743163824081419,2
-44,-53,17,5.565136909484863,-2.2538087368011475,14.671289443969727,-8,-29,98,2.842382907867432,2.84716796875,3.42138671875,2
-68,-97,0,6.062793254852295,-2.17724609375,10.900586128234863,15,-61,100,4.191796779632568,3.129492282867432,3.0529296398162837,2
-63,-90,-19,6.00537109375,-3.1199219226837163,11.202051162719727,-22,-21,101,5.177539348602295,3.3161132335662837,4.852148532867432,2
-13,-48,-22,7.091601848602295,-3.273046970367432,4.990918159484863,-18,-10,90,5.105762004852295,4.143945217132568,8.63242244720459,2
-25,5,-7,5.316308498382568,-3.25390625,5.5029296875,-44,-21,86,4.71337890625,3.0768554210662837,9.771288871765137,2
43,21,15,5.6895508766174325,-1.2824219465255735,3.9094727039337163,15,-14,61,4.966992378234863,3.201269626617432,8.115625381469728,2
88,73,42,5.7948241233825675,0.29667970538139343,0.636425793170929,7,-21,50,5.995800971984862,3.94775390625,10.814453125,2
59,99,51,6.2494139671325675,-1.071874976158142,4.206152439117432,-18,-55,64,8.522363662719728,5.392871379852295,10.197168350219727,2
22,120,31,7.8907227516174325,1.4642578363418581,5.90966796875,24,-20,81,9.54638671875,5.038769721984863,5.301953315734863,2
-26,21,18,6.4791016578674325,-2.7323243618011475,16.26953125,-27,0,95,5.4072265625,4.096093654632568,2.617480516433716,2
-9,-65,19,5.368945598602295,-1.07666015625,13.283594131469727,7,-40,101,3.799414157867432,3.751562595367432,3.856836080551148,2
-59,-99,-8,5.837890625,-2.674902439117432,10.92929744720459,13,-45,111,5.211035251617432,3.6750001907348633,3.8759765625,2
-63,-90,-28,5.612988471984863,-4.5458984375,11.2451171875,0,-26,115,4.981347560882568,4.033886909484863,6.7470703125,2
-53,-51,-26,6.1202149391174325,-2.4212892055511475,8.091699600219728,-30,-20,103,3.85205078125,3.4357421398162837,8.527148246765138,2
-37,-10,-9,6.3116211891174325,-2.914160251617432,6.732715129852295,-44,-12,83,4.4501953125,4.215722560882568,7.2734375,2
63,38,15,6.4647459983825675,-0.69384765625,3.416601657867432,39,-6,60,4.890429973602295,2.8519532680511475,8.287890434265138,2
11,45,42,5.57470703125,1.0383789539337158,2.7801759243011475,7,-20,49,6.57958984375,4.18701171875,8.814257621765137,2
-35,42,66,6.34033203125,-0.31103515625,1.4786132574081419,-12,-55,58,6.876269817352295,4.871289253234863,11.3408203125,2
14,80,47,9.082226753234863,-4.220508098602295,0.05263672024011612,6,-68,82,9.091796875,6.498242378234862,6.450390815734862,2
47,60,25,6.5604491233825675,-0.64599609375,12.666308403015135,-9,-15,107,7.3165040016174325,5.646484375,0.985742211341858,2
10,-56,25,6.971972942352295,-1.26806640625,14.479883193969727,-4,-30,92,3.880761861801148,2.9763672351837163,3.4261720180511475,2
-32,-97,6,6.354687690734862,-2.650976657867432,13.049120903015135,-1,-47,104,4.675097942352295,4.0673828125,4.37841796875,2
-70,-115,-11,6.34033203125,-3.2682616710662837,13.29794979095459,-4,-37,101,4.469336032867432,3.1486327648162837,7.144238471984862,2
-145,-93,-18,7.885937690734862,-4.407128810882568,6.8619141578674325,-68,5,88,6.498242378234862,6.1537108421325675,4.900000095367432,2
79,32,-34,7.0341796875,-3.880761861801148,2.239453077316284,-11,-5,92,4.622460842132568,3.1007812023162837,9.11093807220459,2
72,68,-4,5.440722942352295,-0.45458984375,2.191601514816284,-3,-3,71,4.670312404632568,3.5505859851837163,6.8236327171325675,2
-6,70,35,4.120019435882568,0.0,1.851855516433716,15,-9,57,4.411914348602295,4.230078220367432,10.034472465515137,2
33,112,62,6.412109375,-0.7464843988418579,1.4307616949081419,-16,-30,47,6.1680665016174325,4.679883003234863,10.991503715515137,2
55,165,46,8.503222465515138,-2.0145509243011475,2.914160251617432,-18,-17,63,10.584765434265137,6.1776366233825675,7.4217777252197275,2
-35,95,21,5.560351848602295,-0.3397460877895355,13.522851943969727,-21,20,91,6.7518553733825675,5.545996189117432,3.6462891101837163,2
-31,-22,14,5.71826171875,-1.7705078125,15.724023818969727,-8,-24,106,3.4931640625,3.6750001907348633,4.837792873382568,2
-58,-105,6,4.651172161102295,-3.4070312976837163,13.70468807220459,2,-77,104,3.4357421398162837,3.4118163585662837,4.143945217132568,2
-87,-139,-15,4.919140815734863,-4.8330078125,13.077832221984865,1,-70,103,5.440722942352295,3.737207174301148,4.038671970367432,2
-24,-100,-22,5.589062690734863,-4.340137004852295,9.460253715515137,-32,-32,107,5.416797161102295,4.2109375,6.5508790016174325,2
-23,-37,-16,6.038867473602295,-3.153418064117432,6.1919922828674325,-52,-14,95,4.277929782867432,4.081738471984863,8.36923885345459,2
38,7,-7,6.1776366233825675,-3.0290038585662837,4.105664253234863,23,-18,84,4.550683498382568,2.617480516433716,8.173047065734862,2
12,30,22,6.24462890625,-1.033593773841858,3.46923828125,30,-16,62,5.00048828125,4.062597751617432,8.570215225219728,2
-24,33,48,5.19189453125,-0.21533203125,0.64599609375,14,-18,53,5.995800971984862,4.249218940734863,9.83349609375,2
-40,54,59,7.814160346984862,-2.9189453125,0.4880859553813934,-14,-54,71,7.7088871002197275,7.144238471984862,10.445996284484863,2
74,101,40,8.75205135345459,-2.5361328125,3.990820407867432,-38,-42,95,8.53671932220459,5.440722942352295,4.61767578125,2
82,48,17,6.4073243141174325,-2.6796875,12.50839900970459,-15,-8,109,6.1297850608825675,4.469336032867432,3.512304782867432,2
49,-36,20,5.435937404632568,-0.4019531309604645,14.42724609375,-31,-31,102,4.014746189117432,3.904687643051148,3.9860353469848633,2
20,-75,15,5.8187499046325675,-2.048046827316284,11.489160537719727,4,-46,88,4.512402534484863,2.17724609375,5.555566310882568,2
-78,-77,-6,6.2159180641174325,-3.392675876617432,10.814453125,0,-27,92,5.263671875,4.005176067352295,4.766015529632568,2
-52,-56,-19,6.7997069358825675,-4.90478515625,9.70908260345459,-28,-9,91,4.52197265625,3.904687643051148,7.87158203125,2
-48,-17,-8,6.254199504852295,-1.287207007408142,6.761425971984862,-54,-18,84,4.512402534484863,3.6941406726837163,8.517578125,2
10,0,7,6.325976848602295,-2.8615233898162837,5.38330078125,32,-14,66,4.670312404632568,2.531347751617432,7.9625000953674325,2
18,24,37,5.6991209983825675,-1.095800757408142,1.84228515625,29,-17,46,5.9862303733825675,4.18701171875,9.35498046875,2
0,45,53,7.354785442352295,-1.1627930402755735,-1.53125,-2,-54,58,6.713574409484862,5.924023628234862,12.135156631469727,2
66,115,42,8.06298828125,-2.263378858566284,1.31591796875,-17,-61,98,8.957812309265137,7.48876953125,5.8331055641174325,2
101,58,17,6.67529296875,-1.6748046875,13.532422065734865,20,-15,117,5.7613282203674325,3.775488376617432,1.272851586341858,2
-9,-61,17,6.4408202171325675,0.3062500059604645,13.94394588470459,-2,-40,117,5.23974609375,5.837890625,2.378222703933716,2
-32,-98,-5,6.5508790016174325,-2.378222703933716,13.604199409484865,-2,-37,113,4.5458984375,2.6366212368011475,5.440722942352295,2
-63,-96,-16,6.450390815734862,-1.5503906011581419,10.058398246765137,-40,-9,99,5.852246284484862,3.631933689117432,5.531640529632568,2
6,-11,-16,7.177734375,-3.4070312976837163,4.746875286102295,-28,-11,94,4.493261814117432,3.1199219226837163,9.072656631469727,2
-47,15,-8,5.225390911102295,-1.818359375,7.694531440734862,-36,-3,85,4.215722560882568,3.679785251617432,6.948047161102295,2
-77,11,11,6.3929686546325675,-2.430859327316284,4.435840129852295,-10,16,66,4.440625190734863,4.268359661102295,8.115625381469728,2
-38,68,50,6.570019721984862,-0.4593750238418579,0.8756836056709291,38,8,47,5.282812595367432,2.36865234375,10.876660346984863,2
12,106,51,9.3310546875,-4.990918159484863,-0.669921875,36,-32,54,7.72802734375,5.268456935882568,11.714062690734865,2
110,121,37,7.067676067352295,1.5503906011581419,6.4073243141174325,-21,-56,108,9.771288871765137,9.527246475219727,6.139355659484862,2
113,14,8,6.498242378234862,0.08134765923023224,13.331445693969727,-16,-32,125,5.8187499046325675,4.100879192352295,1.4211914539337158,2
54,-59,23,5.62255859375,0.7847656607627869,14.833984375,-2,-58,116,4.148730754852295,3.512304782867432,1.9619140625,2
9,-103,21,6.1202149391174325,-0.34931641817092896,10.69003963470459,-3,-63,95,5.297168254852295,2.9333007335662837,4.04345703125,2
-111,-85,-3,4.7373046875,-1.311132788658142,11.010644912719727,-53,-25,94,5.00048828125,4.675097942352295,6.7757811546325675,2
-166,-59,-6,6.660937786102295,-4.359277248382568,8.881250381469727,-55,-13,84,3.7946290969848633,3.5697267055511475,8.8046875,2
-75,-10,0,6.5365233421325675,-5.340234279632568,6.378613471984862,-53,1,79,5.2158203125,3.4931640625,7.235156536102295,2
40,41,18,6.67529296875,-2.268164157867432,3.392675876617432,40,4,65,4.90478515625,3.0433595180511475,9.149218559265137,2
37,57,46,5.469433784484863,-0.8086914420127869,1.191503882408142,33,-16,55,5.8809571266174325,3.75634765625,10.680468559265137,2
58,93,42,7.909863471984862,-2.741894483566284,-0.9953125119209291,13,-69,68,7.2542967796325675,6.785351753234862,12.116015434265135,2
151,155,17,6.6944336891174325,1.9666992425918581,4.675097942352295,-2,-48,108,9.656445503234863,6.8619141578674325,3.761132955551148,2
53,45,11,5.493359565734863,2.143749952316284,13.498926162719727,-39,9,116,6.05322265625,3.9142580032348633,1.6413086652755735,2
0,-59,25,5.8905272483825675,0.32539063692092896,13.75732421875,1,-39,109,3.349609375,2.9763672351837163,4.134375095367432,2
-66,-121,16,5.7948241233825675,-0.669921875,10.876660346984863,12,-61,104,4.986133098602295,2.450000047683716,2.4404296875,2
-105,-123,-11,6.517383098602295,-3.249121189117432,10.254590034484863,8,-25,103,5.00048828125,3.9573242664337163,5.9862303733825675,2
-92,-77,-10,5.349804878234863,-2.79931640625,11.493945121765135,-44,-21,91,4.431054592132568,4.292285442352295,8.450586318969728,2
-42,-17,0,6.498242378234862,-4.0673828125,8.699414253234862,-52,-6,81,4.397558689117432,4.488476753234863,8.761621475219728,2
75,37,6,7.943359375,-3.3639647960662837,5.053124904632568,20,10,63,5.426367282867432,2.741894483566284,7.5557618141174325,2
61,88,25,7.455273628234862,0.01914062537252903,1.98583984375,29,7,48,6.517383098602295,3.66064453125,8.82382869720459,2
12,111,32,6.2398438453674325,0.4641601741313934,0.39716798067092896,5,-15,64,6.708789348602295,6.924121379852295,10.5751953125,2
110,146,11,6.7757811546325675,-0.6029297113418579,-0.535937488079071,-26,-61,93,7.885937690734862,7.2447266578674325,10.948437690734863,2
50,90,22,5.00048828125,1.6556640863418581,10.111035346984863,-45,-15,110,8.383593559265138,4.852148532867432,2.215527296066284,2
-17,-29,28,6.5078125,0.9091796875,11.36474609375,-11,-19,106,4.206152439117432,2.8854491710662837,1.5503906011581419,2
-94,-131,17,5.55078125,-2.258593797683716,14.23583984375,13,-52,106,3.225195407867432,3.368750095367432,3.1629884243011475,2
-119,-180,4,7.05810546875,-2.426074266433716,12.48447322845459,10,-46,107,4.66552734375,1.0192383527755735,2.8998048305511475,2
-147,-131,-21,5.55078125,-3.440527439117432,11.972460746765135,-58,-30,98,4.962207317352295,6.1202149391174325,8.73291015625,2
-55,-29,0,6.7901368141174325,-4.182226657867432,9.64208984375,-52,-26,85,3.679785251617432,3.46923828125,9.058300971984863,2
32,55,9,8.402734756469728,-4.416699409484863,5.105762004852295,-14,7,68,4.7373046875,3.5697267055511475,7.63232421875,2
72,130,30,7.6083984375,-2.0624024868011475,3.6750001907348633,40,31,49,4.498046875,3.344824314117432,9.13486385345459,2
12,150,60,5.498144626617432,0.9522461295127868,1.0910156965255735,34,23,30,5.43115234375,4.277929782867432,11.331250190734865,2
7,159,54,5.426367282867432,-3.0529296398162837,-0.655566394329071,-7,-17,49,6.62744140625,7.407422065734862,12.829004287719727,2
151,170,35,4.866504192352295,2.0145509243011475,4.923925876617432,-42,-55,101,9.2353515625,7.63232421875,9.23056697845459,2
72,30,21,4.722949504852295,1.5360351800918581,11.71884822845459,-50,-13,109,5.440722942352295,3.6032226085662837,0.9953125119209291,2
-33,-104,18,5.23974609375,0.5072265863418579,15.867578506469727,1,-70,113,3.177343845367432,2.9763672351837163,4.239648342132568,2
-88,-218,6,4.177441596984863,-2.737109422683716,17.02558708190918,33,-107,115,3.0146484375,1.837500095367432,1.93798828125,2
-151,-237,-19,5.593847751617432,-1.7083008289337158,10.83359432220459,12,-69,121,5.8857421875,3.7707033157348633,4.957421779632568,2
-165,-121,-31,5.86181640625,-4.148730754852295,9.08701229095459,-99,-25,104,5.110547065734863,5.038769721984863,7.933789253234862,2
34,18,-11,6.890625,-6.6705079078674325,7.6083984375,-79,-13,97,2.8854491710662837,2.244238376617432,10.6708984375,2
94,85,12,7.527050971984862,-2.79931640625,4.230078220367432,8,23,72,4.359277248382568,2.574414014816284,8.283105850219728,2
91,142,32,6.7997069358825675,-0.2583984434604645,1.72265625,44,29,46,5.005273342132568,2.119824171066284,10.417284965515137,2
60,169,49,6.77099609375,-0.5550781488418579,0.9666016101837158,-1,20,39,6.8140625953674325,4.943066596984863,10.4794921875,2
129,185,36,4.780371189117432,2.191601514816284,2.148535251617432,-23,-8,71,7.283008098602295,5.498144626617432,11.254687309265137,2
89,101,28,4.493261814117432,1.7800781726837158,7.6993165016174325,10,-41,97,7.622754096984862,5.38330078125,6.593945503234862,2
-34,-24,35,4.483691692352295,2.2059571743011475,13.32187557220459,-7,-42,102,4.923925876617432,4.029101848602295,2.10546875,2
-60,-151,51,4.59375,0.22490234673023224,15.33642578125,30,-91,99,2.962011814117432,2.009765625,2.17724609375,2
-150,-249,23,5.632129192352295,-1.3781250715255735,12.450976371765135,-2,-82,109,5.459863185882568,5.005273342132568,2.51220703125,2
-107,-188,-9,5.498144626617432,-4.182226657867432,10.45556640625,-69,-43,120,4.670312404632568,3.6941406726837163,8.15869140625,2
-34,-47,-18,7.1825194358825675,-3.6750001907348633,9.240137100219727,-85,-37,101,3.296972751617432,2.5409181118011475,11.804980278015135,2
-68,16,3,6.5365233421325675,-3.32568359375,9.316699028015137,-34,-18,86,3.99560546875,2.8041017055511475,8.957812309265137,2
60,70,1,9.37412166595459,-3.9812500476837163,3.641504049301148,33,18,66,5.924023628234862,1.2919921875,8.618066787719728,2
51,122,29,7.8045902252197275,1.024023413658142,1.0910156965255735,35,4,53,6.9432616233825675,2.60791015625,10.23544979095459,2
18,148,28,6.498242378234862,-0.78955078125,-0.3541015684604645,48,-21,78,7.5796875953674325,5.321094036102295,10.42685604095459,2
130,151,25,5.163183689117432,1.5695313215255735,4.167870998382568,-34,-43,99,8.546289443969728,6.378613471984862,8.842968940734863,2
98,53,23,5.124902248382568,0.83740234375,8.220898628234862,-14,-31,88,5.67041015625,2.8519532680511475,2.10546875,2
14,-37,32,5.3115234375,3.1486327648162837,12.144726753234865,-21,-61,108,4.651172161102295,3.9860353469848633,1.5838867425918581,2
-62,-141,45,5.282812595367432,-0.26318359375,13.053906440734865,-26,-76,100,3.5745117664337163,1.105371117591858,2.3734376430511475,2
-195,-177,10,6.8954100608825675,-1.9619140625,11.60400390625,15,-51,97,5.6943359375,3.0768554210662837,3.4596679210662837,2
-145,-97,-8,6.134570598602295,-4.28271484375,10.828808784484863,-63,-10,75,5.2158203125,4.608105659484863,9.311914443969727,2
-30,8,4,7.01025390625,-5.077050685882568,9.029589653015137,-66,-5,77,3.665429830551148,1.9188476800918581,11.46044921875,2
54,37,16,7.617969036102295,-3.966894626617432,6.2876954078674325,19,4,67,4.943066596984863,2.1102540493011475,8.579785346984862,2
67,72,20,6.72314453125,-2.27294921875,1.5695313215255735,61,11,53,5.8570313453674325,2.7275390625,9.666015625,2
15,89,45,5.6895508766174325,0.607714831829071,0.9187500476837158,33,-2,57,6.220703125,5.71826171875,11.608789443969727,2
57,106,39,6.828418254852295,-0.095703125,0.7129883170127869,-8,-49,77,7.9385743141174325,6.4408202171325675,11.278613090515135,2
98,107,41,6.737500190734862,1.4881836175918581,5.206250190734863,-24,-40,92,8.957812309265137,5.9527344703674325,6.31640625,2
6,14,28,6.2876954078674325,0.3875976502895355,12.27392578125,-20,-13,105,5.560351848602295,4.086523532867432,-0.22490234673023224,2
-62,-85,28,4.675097942352295,-1.3063477277755735,15.76708984375,-6,-60,96,2.339941501617432,2.2490234375,2.162890672683716,2
-109,-163,10,5.244531154632568,-3.9621095657348633,15.757519721984865,27,-67,98,3.9094727039337163,2.048046827316284,2.555273532867432,2
-91,-104,-10,6.1537108421325675,-3.775488376617432,10.996289253234863,-25,-44,107,5.450293064117432,4.555469036102295,7.2925782203674325,2
-29,-35,-21,8.2783203125,-5.6991209983825675,8.024706840515138,-85,0,87,5.134472846984863,2.8758790493011475,8.10605525970459,2
44,26,-26,7.3165040016174325,-5.837890625,4.933495998382568,-17,-1,92,4.517187595367432,2.938086032867432,10.21152400970459,2
53,53,-4,5.263671875,-0.4593750238418579,1.41162109375,43,0,74,4.675097942352295,3.273046970367432,10.09189510345459,2
49,66,26,4.71337890625,0.6507812738418579,0.669921875,36,-17,61,5.43115234375,4.105664253234863,11.297754287719727,2
48,86,43,6.857129096984862,0.4019531309604645,-0.985742211341858,-48,-58,71,8.292675971984862,7.4839844703674325,12.331347465515135,2
82,113,48,6.613086223602295,3.440527439117432,6.5604491233825675,-27,-52,102,9.283203125,6.067578315734862,4.957421779632568,2
12,16,30,7.383496284484862,-1.000097632408142,13.068262100219727,-27,-16,98,5.57470703125,2.775390625,1.4786132574081419,2
-56,-66,18,5.708691596984862,-0.6890625357627869,14.886621475219727,4,-53,102,3.5458009243011475,2.603125095367432,1.8231445550918581,2
-114,-141,0,6.4168944358825675,-2.435644626617432,11.900683403015135,12,-70,101,5.33544921875,1.8566406965255735,4.273144721984863,2
-93,-94,-19,5.7421875,-4.172656536102295,11.307324409484865,-33,-38,101,5.378515720367432,4.349707126617432,6.6226563453674325,2
10,-40,-13,6.785351753234862,-5.560351848602295,9.034375190734863,-47,-14,87,4.287499904632568,2.842382907867432,10.16367244720459,2
2,-5,2,5.93359375,-2.234668016433716,6.1202149391174325,-20,-7,75,5.8857421875,3.4261720180511475,8.479296684265138,2
36,31,13,7.019824504852295,-1.3015625476837158,2.741894483566284,24,8,60,5.646484375,2.36865234375,8.914746284484863,2
14,68,43,6.4073243141174325,-0.08613281697034836,0.14833985269069672,10,-4,53,6.8714842796325675,3.85205078125,10.048828125,2
65,136,37,8.426660537719728,-1.2824219465255735,-2.210742235183716,-12,-46,83,8.7568359375,6.38818359375,11.398241996765135,2
71,144,30,5.8331055641174325,2.3495118618011475,7.7471680641174325,-29,-7,103,9.091796875,4.732519626617432,4.263574123382568,2
26,20,26,6.24462890625,0.13876953721046448,13.70468807220459,-18,-3,91,4.603320598602295,3.0146484375,2.627050876617432,2
-27,-81,22,4.651172161102295,-1.071874976158142,16.09248161315918,0,-63,95,2.722754001617432,2.6126954555511475,2.75146484375,2
-104,-146,0,5.967090129852295,-2.87109375,12.982129096984865,31,-78,100,5.297168254852295,2.0384767055511475,4.746875286102295,2
-95,-101,-16,5.579492092132568,-3.70849609375,11.919824600219727,-15,-31,105,6.354687690734862,4.349707126617432,6.00537109375,2
15,-30,-20,7.144238471984862,-5.282812595367432,7.39306640625,-32,-10,97,5.110547065734863,3.631933689117432,9.56552791595459,2
58,8,-8,6.091504096984862,-1.55517578125,3.617578268051148,2,-7,78,5.134472846984863,3.0529296398162837,9.25927734375,2
44,38,16,5.727832317352295,-0.02871093899011612,0.6507812738418579,2,-6,62,5.8426756858825675,3.856836080551148,9.048730850219727,2
57,41,37,5.76611328125,-1.31591796875,0.44023439288139343,-8,-40,61,6.067578315734862,4.675097942352295,11.22119140625,2
72,105,49,7.9242191314697275,2.7275390625,-0.8756836056709291,-30,-78,87,9.1396484375,5.426367282867432,8.694628715515138,2
9,92,31,7.46484375,-0.22011719644069672,8.4697265625,6,-2,94,8.27353572845459,3.727636814117432,4.215722560882568,2
-47,-1,30,6.31640625,-1.2058594226837158,16.370019912719727,-17,-1,84,3.928613424301148,3.416601657867432,0.8996093869209291,2
-25,-92,15,6.81884765625,-2.143749952316284,14.47509765625,9,-48,88,3.8616211414337163,1.6173828840255735,3.7802734375,2
-74,-87,-13,6.48388671875,-2.3973634243011475,10.627832412719727,11,-36,102,5.612988471984863,3.655859470367432,6.6322264671325675,2
-34,-61,-22,6.2398438453674325,-3.3352539539337163,11.154199600219727,23,-20,101,4.876074314117432,3.4500977993011475,6.3642578125,2
-31,-31,-29,6.8379883766174325,-3.6750001907348633,6.421679973602295,-52,-1,91,4.990918159484863,5.6943359375,9.077441215515137,2
66,38,-7,6.067578315734862,-0.0047851563431322575,2.450000047683716,7,-10,69,5.804394721984862,3.1151368618011475,8.196972846984862,2
19,43,25,4.6416015625,0.8804687857627869,1.5886719226837158,-19,-14,61,5.273242473602295,3.584082126617432,10.053613662719727,2
29,49,45,8.000781059265138,-1.5360351800918581,-0.36845704913139343,0,-65,65,6.4168944358825675,4.507617473602295,10.71875,2
48,107,45,7.943359375,1.7800781726837158,1.9762696027755735,-3,-76,93,9.42197322845459,6.0484375953674325,6.948047161102295,2
-16,50,34,7.091601848602295,0.516796886920929,12.039453506469727,-21,-10,90,6.689648628234862,4.033886909484863,1.5934571027755735,2
-6,-47,27,6.426465034484862,-1.5743163824081419,16.52314567565918,-21,-25,93,3.832910299301148,1.7513672113418581,2.359081983566284,2
-29,-96,9,6.69921875,-2.028906345367432,11.781054496765135,20,-50,94,5.4072265625,2.555273532867432,4.115234375,2
-59,-69,-16,6.48388671875,-2.148535251617432,9.819140434265137,4,-22,99,5.62255859375,4.206152439117432,6.565234661102295,2
-78,-38,-11,6.794921875,-2.019335985183716,8.421875,6,-10,94,5.091406345367432,4.316211223602295,7.7567386627197275,2
-30,-8,-7,7.1011719703674325,-2.430859327316284,6.5365233421325675,-30,-3,74,5.306738376617432,3.713281393051148,7.670605659484862,2
47,34,12,7.2447266578674325,-1.0048828125,3.201269626617432,17,3,50,5.828320503234862,2.84716796875,7.2925782203674325,2
19,35,39,5.402441501617432,0.3875976502895355,2.9237306118011475,10,-17,52,5.6943359375,5.459863185882568,9.99619197845459,2
29,29,46,6.5365233421325675,-2.316015720367432,1.899707078933716,-32,-61,68,6.182422161102295,5.919238567352295,11.613574028015135,2
59,79,40,7.65625,-1.31591796875,2.0624024868011475,-39,-94,102,8.833398818969727,6.4647459983825675,8.99130916595459,2
