-45,-19,18,-8.316601753234863,-2.99072265625,2.856738328933716,-34,13,17,-8.25439453125,2.737109422683716,3.8568360805511475,2
-49,-17,18,-8.354883193969728,-2.94287109375,2.8615233898162837,-35,14,16,-8.326171875,2.761035203933716,3.7898437976837163,2
-51,-17,17,-8.36923885345459,-2.6126954555511475,3.08642578125,-34,13,16,-8.220898628234862,2.713183641433716,3.751562595367432,2
-55,-18,18,-8.402734756469728,-2.502636671066284,3.2156250476837163,-34,14,14,-8.144335746765138,2.761035203933716,3.7228517532348633,2
-55,-18,19,-8.407519340515138,-2.665332078933716,3.1199219226837163,-36,16,13,-8.235254287719728,2.8519532680511475,3.7659180164337163,2
-53,-18,18,-8.402734756469728,-2.794531345367432,2.9524414539337163,-38,16,12,-8.216113090515138,2.8758790493011475,3.823339939117432,2
-52,-17,17,-8.39794921875,-2.7323243618011475,2.89501953125,-39,16,13,-8.211328506469728,2.9093749523162837,3.8855469226837163,2
-55,-17,17,-8.426660537719728,-2.641406297683716,2.9763672351837163,-40,16,15,-8.20654296875,2.8615233898162837,3.89990234375,2
-57,-18,18,-8.474512100219728,-2.650976657867432,3.0433595180511475,-40,14,16,-8.211328506469728,2.789746046066284,3.880761861801148,2
-57,-19,18,-8.48886775970459,-2.670117139816284,3.03857421875,-39,14,17,-8.23046875,2.7275390625,3.8424806594848633,2
-59,-20,18,-8.5654296875,-2.689257860183716,3.009863376617432,-38,13,17,-8.29746150970459,2.6796875,3.80419921875,2
-61,-20,17,-8.689844131469728,-2.741894483566284,3.009863376617432,-37,12,17,-8.503222465515138,2.674902439117432,3.799414157867432,2
-56,-17,15,-8.699414253234862,-2.75146484375,3.0768554210662837,-35,11,16,-8.574999809265138,2.6366212368011475,3.727636814117432,2
-50,-14,14,-8.29746150970459,-2.5887696743011475,3.0720703601837163,-33,10,18,-8.211328506469728,2.5648438930511475,3.5218751430511475,2
-48,-14,14,-8.196972846984862,-2.507421970367432,3.1486327648162837,-30,10,17,-8.077343940734862,2.5169923305511475,3.4309570789337163,2
-47,-16,16,-8.316601753234862,-2.689257860183716,3.0146484375,-29,11,14,-8.192187309265138,2.5409181118011475,3.4309570789337163,2
-44,-15,16,-8.718554496765138,-2.808886766433716,2.938086032867432,-29,14,10,-8.618066787719728,2.674902439117432,3.5936524868011475,2
-44,-13,14,-9.03916072845459,-2.741894483566284,2.8806641101837163,-33,14,9,-9.106152534484863,2.7323243618011475,3.85205078125,2
-46,-8,8,-8.53671932220459,-2.56005859375,2.674902439117432,-36,11,12,-8.82861328125,2.622265577316284,3.880761861801148,2
-45,-4,-7,-8.048632621765138,-3.105566501617432,2.8232421875,-56,6,30,-8.498437881469728,3.4500977993011475,3.8616211414337163,2
-46,-3,-40,-9.101366996765137,-4.732519626617432,3.2156250476837163,-76,-2,66,-9.130078315734863,4.71337890625,4.646386623382568,2
-63,-13,-82,-9.455469131469727,-6.426465034484862,4.13916015625,-70,-18,131,-9.608593940734863,6.402539253234862,5.727832317352295,2
-84,-23,-143,-9.608593940734863,-9.15878963470459,3.85205078125,-67,-24,204,-9.20664119720459,7.5557618141174325,6.445605754852295,2
-59,-32,-189,-9.68994140625,-11.00107479095459,3.2586915493011475,-61,-31,245,-8.072558403015138,8.326171875,7.4361329078674325,2
-74,-29,-210,-7.63232421875,-10.517773628234863,0.7464843988418579,-35,-37,277,-6.062793254852295,9.130078315734863,7.24951171875,2
-63,-5,-219,-5.316308498382568,-9.49375057220459,-0.18183593451976776,-5,-45,301,-3.9142580032348633,8.15390682220459,6.5987305641174325,2
-63,11,-195,-3.4261720180511475,-7.560546875,-0.50244140625,-47,-9,283,-1.6413086652755735,6.689648628234862,6.689648628234862,2
-63,20,-160,-1.4211914539337158,-6.570019721984862,0.21533203125,-79,18,249,-0.540722668170929,4.359277248382568,4.459765911102295,2
-34,10,-133,-0.492871105670929,-5.971875190734862,1.1962890625,-56,31,193,0.669921875,3.66064453125,5.220605373382568,2
-91,-14,-79,1.272851586341858,-6.7997069358825675,2.7801759243011475,1,36,131,2.593554735183716,5.799609661102295,5.9383788108825675,2
-52,-35,-51,2.550488233566284,-7.096386909484862,1.8135741949081419,-22,51,114,4.861718654632568,6.9576172828674325,5.6991209983825675,2
-59,-25,-35,2.46435546875,-7.694531440734862,-1.8231445550918581,3,62,86,6.3929686546325675,6.6083006858825675,8.101269721984862,2
-19,1,-37,3.856836080551148,-7.34521484375,0.19140625,30,30,69,7.4600586891174325,8.25439453125,8.287890434265138,2
-43,-2,-42,5.5029296875,-8.546289443969728,4.005176067352295,8,13,81,5.139257907867432,8.603711128234862,1.4211914539337158,2
-14,-7,-71,5.412011623382568,-10.04404354095459,10.149316787719727,-59,37,122,1.827929735183716,7.7710938453674325,0.6268554925918579,2
-11,-32,-71,5.560351848602295,-9.029589653015137,13.168749809265135,-138,3,160,0.6029297113418579,5.16796875,1.9619140625,2
15,-24,-67,8.211328506469728,-9.73779296875,9.273633003234863,-207,17,133,2.359081983566284,-1.971484422683716,-3.0433595180511475,2
41,52,-47,11.709277153015135,-6.708789348602295,-0.17226563394069672,-180,50,79,5.656054973602295,-4.469336032867432,4.086523532867432,2
42,114,17,7.9912109375,-4.033886909484863,-3.4740235805511475,-42,56,4,8.125195503234862,-3.3974609375,11.393457412719727,2
-13,175,100,0.02392578125,-1.0431641340255735,-3.584082126617432,34,58,-4,8.173047065734862,1.244140625,13.431933403015135,2
-46,177,136,-3.541015625,-2.8567383289337163,0.607714831829071,-2,96,8,7.3500003814697275,4.220508098602295,12.46533203125,2
17,136,95,-1.382910132408142,-3.2921874523162837,1.9762696027755735,8,91,8,7.6753907203674325,2.60791015625,12.785937309265135,2
112,61,8,3.4357421398162837,-0.5790039300918579,6.857129096984862,-2,53,18,8.551074028015138,3.4022462368011475,13.03476619720459,2
-27,-59,-7,6.110644817352295,1.5982421636581419,11.88632869720459,41,0,25,8.63242244720459,2.201171875,9.97705078125,2
-89,-180,-44,4.675097942352295,-2.497851610183716,14.628222465515135,26,-53,27,5.512500286102295,1.50732421875,7.1298828125,2
-114,-250,-47,3.952539205551148,-3.3352539539337163,15.25986385345459,-18,-86,51,2.9237306118011475,3.3831055164337163,5.301953315734863,2
-126,-262,-43,3.631933689117432,-4.923925876617432,17.020801544189453,-79,-121,82,1.1149414777755735,3.952539205551148,3.1247069835662837,2
-123,-189,-19,7.2782225608825675,-7.622754096984862,14.4033203125,-183,-97,109,2.22509765625,3.009863376617432,-3.990820407867432,2
-75,-56,7,10.14453125,-9.42197322845459,6.412109375,-223,23,64,5.9144530296325675,-3.03857421875,-4.789941310882568,2
18,76,20,8.08212947845459,-6.986328125,-2.526562452316284,-103,104,27,6.900195598602295,-2.3734376430511475,11.355175971984865,2
33,193,64,0.93310546875,0.588574230670929,-7.115527629852295,46,110,-15,7.933789253234862,0.588574230670929,12.03466796875,2
-74,233,148,-2.694042921066284,2.071972608566284,-1.84228515625,80,117,-16,7.5318360328674325,2.0576171875,12.063379287719727,2
-15,176,125,0.3828125,-4.550683498382568,2.8854491710662837,59,116,-30,8.962597846984863,3.320898532867432,13.939160346984865,2
55,93,25,2.598339796066284,1.33984375,8.383593559265138,13,73,-14,10.91015625,6.7422852516174325,14.967968940734865,2
-147,-38,-2,6.546093940734862,-3.70849609375,11.12070369720459,56,30,-4,8.579785346984862,3.1151368618011475,10.034472465515137,2
-217,-170,-51,4.344922065734863,-4.9765625,15.130664825439453,27,-9,17,4.981347560882568,2.598339796066284,7.0341796875,2
-247,-261,-72,1.6317383050918581,-7.7998046875,17.925195693969727,-39,-81,55,2.0384767055511475,4.421484470367432,6.445605754852295,2
-119,-272,-76,3.009863376617432,-12.403124809265135,19.389453887939453,-144,-164,120,-0.468945324420929,4.909570217132568,2.201171875,2
-33,-149,-48,8.72812557220459,-12.17822265625,8.718554496765138,-165,-169,107,2.8375976085662837,0.35888671875,-5.459863185882568,2
8,30,24,8.407519340515138,-8.15390682220459,0.5694336295127869,-112,-42,17,7.933789253234862,-1.5264648199081419,-6.641797065734862,2
23,140,72,5.8570313453674325,-3.6750001907348633,-4.703808784484863,-22,83,-20,7.522265911102295,3.3352539539337163,7.1585936546325675,2
-34,205,136,-0.93310546875,1.3781250715255735,-6.1537108421325675,-16,139,-22,8.354883193969728,2.99072265625,13.53720760345459,2
-59,198,161,-3.2156250476837163,-0.7799804806709291,-0.583789050579071,4,149,-14,9.603808403015137,2.670117139816284,17.403614044189453,2
85,111,50,-1.0383789539337158,-4.966992378234863,2.383007764816284,-29,153,-10,11.111132621765137,4.153515815734863,16.537500381469727,2
100,-5,-20,4.445410251617432,3.732421875,9.474609375,7,108,-7,11.537012100219727,5.306738376617432,14.527734756469727,2
-99,-140,-41,7.369140625,-5.483788967132568,16.145116806030273,51,62,-11,9.048730850219727,2.483496189117432,8.34531307220459,2
-123,-224,-74,4.459765911102295,-2.9237306118011475,16.264745712280273,13,-9,5,4.866504192352295,2.196386814117432,6.7470703125,2
-122,-259,-61,3.1725585460662837,-4.56982421875,18.31757926940918,-46,-94,61,1.4499024152755735,3.703711032867432,5.14404296875,2
-143,-233,-36,6.1680665016174325,-8.168261528015138,16.078125,-104,-159,120,-0.4833008050918579,3.5888671875,0.6890625357627869,2
-150,-130,-14,9.431543350219727,-9.670801162719727,8.909960746765137,-139,-147,124,2.526562452316284,0.5933594107627869,-4.742089748382568,2
-60,3,16,8.953027725219727,-7.15380859375,1.344628930091858,-124,-34,63,7.3500003814697275,-0.4306640625,-4.598535060882568,2
19,106,51,5.459863185882568,-2.5169923305511475,-6.282910346984862,-57,64,29,7.0054688453674325,1.6891602277755735,8.986523628234863,2
24,187,91,0.45458984375,0.2918945252895355,-4.746875286102295,-13,104,3,7.46484375,1.1819336414337158,12.331347465515135,2
-34,195,126,-2.354296922683716,0.07177734375,0.32539063692092896,-33,144,5,9.64208984375,1.7848633527755735,15.207226753234865,2
3,140,79,-2.0145509243011475,-2.583984375,3.856836080551148,-33,168,-19,10.83837890625,2.478710889816284,17.00166130065918,2
70,78,21,3.440527439117432,0.679492175579071,5.072265625,33,127,-31,10.240234375,2.263378858566284,15.52783203125,2
-30,-34,-6,6.785351753234862,-1.31591796875,16.647558212280273,75,67,-29,9.455469131469727,1.5216797590255735,8.053418159484862,2
-145,-185,-37,4.04345703125,-3.4500977993011475,15.5517578125,33,1,-6,4.718163967132568,1.3015625476837158,7.2734375,2
-135,-229,-26,3.1725585460662837,-4.325781345367432,16.087696075439453,-47,-104,52,1.105371117591858,3.3017578125,5.7421875,2
-102,-236,-5,4.014746189117432,-8.78076171875,19.08320426940918,-125,-188,105,0.03349609300494194,3.2682616710662837,2.507421970367432,2
-99,-160,4,6.498242378234862,-9.503320693969727,12.22128963470459,-62,-180,66,3.9142580032348633,0.7129883170127869,-3.7467775344848633,2
-85,-47,24,6.8858399391174325,-5.397656440734863,3.4118163585662837,-81,-52,43,7.24951171875,2.555273532867432,-4.536328315734863,2
-83,38,51,5.330664157867432,-4.081738471984863,-4.105664253234863,-124,69,45,7.4169921875,2.387793064117432,6.091504096984862,2
-12,133,74,1.851855516433716,-2.483496189117432,-4.90478515625,-33,103,10,8.546289443969728,1.119726538658142,12.07773494720459,2
7,161,88,-0.9283203482627868,-2.0384767055511475,1.7130860090255735,-24,125,-10,9.364550590515137,2.4691407680511475,16.862890243530273,2
-6,117,53,-0.0047851563431322575,-1.6748046875,3.368750095367432,-29,156,-27,9.010449409484863,3.0768554210662837,15.81494140625,2
-30,66,19,4.191796779632568,-1.5503906011581419,3.4261720180511475,35,154,-40,9.11093807220459,2.359081983566284,12.809863090515135,2
6,-9,-29,6.589160442352295,-1.4307616949081419,11.781054496765135,42,101,-24,9.814355850219727,2.8232421875,9.51767635345459,2
-89,-114,-29,5.297168254852295,-3.4022462368011475,14.896191596984865,13,18,8,6.412109375,1.5743163824081419,7.1346678733825675,2
-44,-159,-2,3.70849609375,-4.588964939117432,19.29853630065918,-43,-92,58,3.2060546875,3.2156250476837163,7.39306640625,2
-68,-150,37,2.9763672351837163,-5.392871379852295,19.590429306030273,-93,-172,101,0.7464843988418579,2.8519532680511475,4.306640625,2
-103,-107,40,4.411914348602295,-8.8525390625,14.81005859375,-50,-186,64,3.3783204555511475,0.3062500059604645,-1.947558641433716,2
-64,-52,36,5.440722942352295,-6.6465821266174325,4.962207317352295,-70,-81,50,6.2637696266174325,2.9715821743011475,-5.28759765625,2
-69,6,38,5.282812595367432,-3.823339939117432,-2.51220703125,-65,40,35,7.24951171875,2.5887696743011475,3.6941406726837163,2
-42,92,56,2.08154296875,-1.4929687976837158,-4.966992378234863,-68,124,23,7.91943359375,2.761035203933716,11.7236328125,2
-11,134,52,-1.84228515625,-1.26806640625,-0.21533203125,-96,171,12,8.134765625,1.4786132574081419,15.795801162719727,2
-4,89,28,0.4115234315395355,0.3828125,2.87109375,-52,181,-11,7.8763675689697275,2.962011814117432,17.02558708190918,2
-33,59,35,3.880761861801148,-0.7129883170127869,2.7562501430511475,26,151,-23,9.23056697845459,0.98095703125,12.230859756469727,2
-17,9,-21,6.43603515625,-4.483691692352295,15.197656631469727,65,85,-18,8.900390625,0.8469726443290709,8.766406059265138,2
-111,-103,-27,3.5936524868011475,-3.761132955551148,17.929981231689453,69,-12,10,5.426367282867432,2.430859327316284,10.21630859375,2
-118,-153,16,2.0384767055511475,-5.919238567352295,20.31298828125,2,-143,65,1.65087890625,4.598535060882568,9.776074409484863,2
-145,-181,27,1.320703148841858,-7.862011909484862,18.62861442565918,-47,-240,108,0.3828125,3.823339939117432,5.057910442352295,2
-144,-142,2,4.115234375,-8.9482421875,11.881543159484865,-39,-211,90,2.818457126617432,2.4212892055511475,-5.43115234375,2
-61,-74,-7,4.995703220367432,-7.402637004852295,2.234668016433716,-119,-39,68,5.483788967132568,0.4258789122104645,-8.498437881469728,2
-2,3,-7,4.66552734375,-3.5027344226837163,-5.0244140625,-73,101,32,6.876269817352295,1.3063477277755735,4.909570217132568,2
38,106,8,0.5263671875,-2.019335985183716,-4.029101848602295,-112,168,26,8.8525390625,2.430859327316284,13.494140625,2
14,128,18,-2.071972608566284,0.7129883170127869,3.1869142055511475,-130,193,11,8.665918350219728,2.406933546066284,19.030567169189453,2
-56,82,53,1.626953125,1.72265625,4.005176067352295,-53,171,0,9.130078315734863,1.344628930091858,15.891504287719727,2
-27,59,54,4.072167873382568,-1.93798828125,2.138964891433716,36,131,-31,8.665918350219728,-0.2679687440395355,10.97714900970459,2
42,25,2,7.067676067352295,-2.019335985183716,12.958203315734865,64,50,-19,9.101366996765137,0.8756836056709291,6.6322264671325675,2
-125,-108,5,5.847461223602295,-2.665332078933716,17.518457412719727,38,-35,27,4.718163967132568,2.46435546875,7.670605659484862,2
-142,-153,12,3.0146484375,-7.1298828125,21.4375,-8,-169,76,0.9426758289337158,3.808984518051148,9.436327934265137,2
-172,-166,19,2.27294921875,-9.40283203125,19.336816787719727,-37,-248,95,0.7751953005790709,1.8470703363418581,3.5888671875,2
-172,-116,17,3.976464986801148,-8.096484184265138,10.6708984375,-37,-166,56,5.124902248382568,1.6795898675918581,-7.5079102516174325,2
-77,-60,17,4.349707126617432,-5.947949409484862,1.72265625,-129,11,39,7.211230754852295,1.119726538658142,-2.08154296875,2
8,13,33,2.27294921875,-2.713183641433716,-5.7613282203674325,-108,108,26,7.7567386627197275,1.8327149152755735,7.6993165016174325,2
121,114,18,-0.2679687440395355,-2.335156202316284,-4.42626953125,-88,170,30,8.555859565734862,1.7130860090255735,13.32187557220459,2
102,115,9,-1.17236328125,0.7943359613418579,3.679785251617432,-106,180,14,8.091699600219728,1.947558641433716,16.97773551940918,2
-4,80,48,3.0529296398162837,2.694042921066284,3.5075194835662837,-72,161,14,9.54638671875,0.7512695193290709,15.006250381469727,2
-21,68,46,5.876172065734862,-1.8662109375,7.3882813453674325,26,106,4,10.59433650970459,-0.4641601741313934,11.55615234375,2
-45,-14,-2,7.0293946266174325,-3.296972751617432,15.700098037719727,119,38,-4,7.790234565734862,-1.095800757408142,4.837792873382568,2
-186,-99,-1,2.674902439117432,-1.3015625476837158,17.350976943969727,65,-57,24,2.890234470367432,1.2106446027755735,8.58935546875,2
-196,-171,18,0.3397460877895355,-6.7757811546325675,21.55712890625,0,-194,57,-0.27753907442092896,3.0912110805511475,7.8955078125,2
-205,-205,12,1.1101562976837158,-8.63720703125,14.81005859375,-22,-233,56,1.9762696027755735,2.641406297683716,-1.6795898675918581,2
-180,-137,1,3.928613424301148,-6.804492473602295,5.569921970367432,-49,-66,30,6.713574409484862,1.9762696027755735,-8.316601753234862,2
-91,-43,10,3.4309570789337163,-3.158203125,-2.617480516433716,-116,89,39,7.5079102516174325,4.2587890625,4.818652629852295,2
157,101,-2,0.5933594107627869,-5.2158203125,-6.3451170921325675,-141,142,60,8.268750190734862,3.6750001907348633,13.886523246765135,2
213,158,-17,-1.0192383527755735,0.32539063692092896,1.272851586341858,-120,146,36,8.388379096984862,2.10546875,17.57588005065918,2
10,122,19,2.555273532867432,1.239355444908142,6.235058784484862,-78,134,22,9.675585746765137,2.210742235183716,14.455957412719727,2
-67,84,30,6.57958984375,-0.08134765923023224,8.39794921875,95,112,-27,10.393359184265137,-2.0145509243011475,9.8095703125,2
-59,26,-28,7.01025390625,-2.9763672351837163,12.063379287719727,116,85,-48,6.9193358421325675,-0.961816430091858,3.713281393051148,2
-224,-75,-13,1.9619140625,-0.961816430091858,15.42734432220459,76,-21,-23,3.828125,1.9523438215255735,10.914941787719727,2
-197,-150,5,0.3636718690395355,-6.211133003234862,19.796192169189453,9,-163,46,-0.20097656548023224,6.330761909484862,8.06298828125,2
-182,-207,5,1.3015625476837158,-10.493847846984863,16.86767578125,-60,-251,99,0.4258789122104645,3.9573242664337163,0.8708984255790709,2
-135,-160,-19,5.148828029632568,-8.5654296875,6.9336915016174325,-46,-175,71,6.3929686546325675,2.51220703125,-9.474609375,2
-66,-40,3,4.42626953125,-4.124804973602295,-2.8854491710662837,-68,-3,42,8.240038871765138,2.220312595367432,-6.211133003234862,2
61,81,20,1.5264648199081419,-2.7562501430511475,-6.110644817352295,-130,139,47,7.34521484375,2.282519578933716,9.694726943969727,2
75,155,43,-2.32080078125,-2.1820313930511475,-1.167578101158142,-94,173,20,7.6514649391174325,0.937890648841858,17.2265625,2
58,123,61,-1.6700195074081419,1.6939452886581419,4.076953411102295,-123,186,0,10.23544979095459,4.454980373382568,18.470703125,2
-30,68,57,5.603417873382568,-1.8949218988418581,5.6991209983825675,-66,153,12,11.12548828125,3.3639647960662837,13.953516006469727,2
-40,6,-2,7.9385743141174325,-4.502831935882568,11.07763671875,95,106,-15,9.866991996765137,-0.35888671875,7.6371097564697275,2
-154,-99,-37,5.139257907867432,-2.866308689117432,15.302929878234865,92,43,-6,5.359375,1.981054782867432,7.2925782203674325,2
-210,-182,-27,3.3639647960662837,-6.62744140625,18.65254020690918,14,-97,42,2.1581056118011475,3.4118163585662837,8.91953182220459,2
-177,-232,-25,3.56494140625,-10.206738471984863,18.31757926940918,-49,-222,105,0.4498046934604645,3.7467775344848633,4.306640625,2
-123,-182,-38,5.593847751617432,-10.98193359375,11.178125381469727,-38,-238,105,3.732421875,2.22509765625,-4.110449314117432,2
-50,-65,-31,5.876172065734862,-6.426465034484862,2.2538087368011475,-40,-102,68,7.091601848602295,1.1101562976837158,-9.407617568969727,2
17,49,7,4.206152439117432,-3.9621095657348633,-4.143945217132568,-128,104,62,7.335644721984862,2.9524414539337163,1.837500095367432,2
68,166,43,0.8565430045127869,-2.2059571743011475,-6.3833985328674325,-145,198,70,6.31640625,0.22968751192092896,13.766894340515135,2
161,219,23,-2.1820313930511475,-0.93310546875,0.7847656607627869,-130,241,35,6.986328125,1.105371117591858,18.427637100219727,2
57,164,21,1.4403320550918581,3.1199219226837163,5.804394721984862,-133,229,54,8.747265815734862,0.5694336295127869,18.011327743530273,2
-43,90,29,6.5843749046325675,0.5215820670127869,7.402637004852295,32,184,37,10.54648494720459,-2.4404296875,10.508203506469727,2
-47,-14,-7,5.6751952171325675,1.167578101158142,13.833887100219727,144,103,-5,7.283008098602295,-0.655566394329071,10.867090225219727,2
-167,-132,34,2.7275390625,-1.000097632408142,16.207324981689453,123,-56,-16,3.153418064117432,0.0,12.570605278015135,2
-218,-224,43,1.382910132408142,-7.163379192352295,20.222070693969727,39,-221,45,-1.1580078601837158,3.2347657680511475,8.211328506469728,2
-229,-224,12,2.186816453933716,-8.699414253234862,17.078222274780273,-10,-278,90,-0.2918945252895355,2.483496189117432,1.1484375,2
-134,-140,-11,4.478906154632568,-8.03427791595459,8.914746284484863,-1,-207,92,3.158203125,2.627050876617432,-7.65625,2
-66,-47,13,5.129687786102295,-4.789941310882568,0.3828125,-113,-41,71,6.5125975608825675,1.1388672590255735,-7.48876953125,2
6,60,45,3.9716796875,-4.18701171875,-4.483691692352295,-173,126,55,8.06298828125,1.2537109851837158,5.8809571266174325,2
133,166,28,-0.11005859822034836,-3.679785251617432,-3.3878905773162837,-144,199,34,8.421875,-0.3636718690395355,17.269628524780273,2
51,185,36,-1.8135741949081419,4.048242092132568,2.167675733566284,-79,220,4,8.211328506469728,1.3015625476837158,18.35107421875,2
-29,149,48,2.521777391433716,0.03828125074505806,3.4835937023162837,-27,196,18,10.058398246765137,1.248925805091858,14.388964653015135,2
56,68,-15,5.9814453125,-2.12939453125,12.977343559265135,62,154,10,8.900390625,-1.1580078601837158,9.92919921875,2
-98,-84,-1,3.689355611801148,2.770605564117432,15.680957794189453,78,36,1,6.6322264671325675,-0.42109376192092896,13.642480850219727,2
-120,-184,37,2.100683689117432,-3.2634766101837163,16.446582794189453,67,-117,2,2.201171875,2.048046827316284,9.30234432220459,2
-214,-258,45,1.7130860090255735,-7.2542967796325675,17.365331649780273,7,-219,59,-0.30146485567092896,3.0433595180511475,5.498144626617432,2
-206,-243,-3,2.9524414539337163,-8.10605525970459,14.23583984375,-2,-221,76,1.2537109851837158,3.0433595180511475,-1.8327149152755735,2
-135,-129,-21,4.818652629852295,-6.110644817352295,7.4600586891174325,-74,-100,81,4.689453125,3.2108399868011475,-9.101366996765137,2
-26,-7,-1,4.80908203125,-5.4072265625,0.5790039300918579,-95,68,39,6.828418254852295,0.9283203482627868,-0.612500011920929,2
78,110,14,3.4118163585662837,-4.775586128234863,-1.89013671875,-110,149,20,6.6465821266174325,2.1533203125,10.90537166595459,2
41,151,37,1.3254883289337158,-0.22490234673023224,0.8661133050918579,-161,186,0,6.7901368141174325,2.51220703125,16.384374618530273,2
12,141,50,1.4786132574081419,-1.3494141101837158,0.7560546994209291,-134,200,8,7.39306640625,0.3301757872104645,17.963476181030273,2
42,126,34,3.4357421398162837,0.564648449420929,2.8375976085662837,-81,170,26,8.000781059265138,1.320703148841858,15.88671875,2
2,45,13,5.421582221984863,0.4737304747104645,13.20224666595459,16,115,27,7.943359375,-0.32060548663139343,9.871777534484863,2
-205,-102,38,3.5936524868011475,-1.6748046875,16.111621856689453,100,14,0,5.053124904632568,-0.6986328363418579,13.379297256469727,2
-191,-177,26,3.2874023914337163,-6.4791016578674325,17.571094512939453,76,-125,10,1.009667992591858,0.27753907442092896,10.42685604095459,2
-209,-203,0,4.359277248382568,-7.9625000953674325,15.28857421875,64,-214,48,0.44501954317092896,1.153222680091858,5.153613567352295,2
-191,-170,-30,5.067480564117432,-7.096386909484862,11.187695503234863,18,-196,87,2.12939453125,3.7707033157348633,-2.076757907867432,2
-94,-107,-45,5.52685546875,-5.6895508766174325,5.282812595367432,-86,-84,98,5.115332126617432,2.378222703933716,-6.450390815734862,2
11,-16,-32,5.340234279632568,-4.47412109375,-1.1149414777755735,-136,60,75,7.311718940734862,2.2059571743011475,1.311132788658142,2
167,109,-23,2.48828125,-5.971875190734862,-3.4596679210662837,-229,161,70,6.660937786102295,-1.4451172351837158,15.417774200439453,2
243,203,-43,-0.540722668170929,-0.13398437201976776,0.5215820670127869,-200,199,42,5.703906536102295,-2.70361328125,19.35595703125,2
40,196,16,0.22968751192092896,5.474218845367432,3.56494140625,-151,188,56,7.6610355377197275,-0.7751953005790709,16.489648818969727,2
-90,136,66,4.464550971984863,0.8948242068290709,7.139453411102295,26,137,34,8.36923885345459,-2.3255860805511475,8.63242244720459,2
-169,23,38,5.9383788108825675,-2.808886766433716,11.876757621765135,182,85,-15,5.33544921875,-2.406933546066284,7.2208008766174325,2
-235,-68,8,3.9812500476837163,-2.698828220367432,12.55625057220459,172,-50,-18,1.5599609613418581,-0.8661133050918579,13.41757869720459,2
-199,-154,-12,2.402148485183716,-7.259082317352295,17.867773056030273,133,-206,12,-1.1388672590255735,1.4738281965255735,9.579882621765137,2
-200,-207,-23,1.818359375,-6.72314453125,16.719335556030273,108,-264,53,1.167578101158142,2.138964891433716,2.789746046066284,2
-178,-177,-21,4.081738471984863,-5.9383788108825675,11.41259765625,30,-185,89,5.28759765625,4.536328315734863,-8.976953506469727,2
-121,-95,6,5.1201171875,-5.483788967132568,3.775488376617432,-172,20,91,8.12998104095459,1.33984375,-7.2255859375,2
26,36,27,3.2921874523162837,-6.9432616233825675,-4.120019435882568,-195,139,80,7.2686524391174325,0.516796886920929,8.68027400970459,2
234,183,4,-1.0383789539337158,-5.306738376617432,-3.2826173305511475,-171,175,56,6.637012004852295,-0.3780273497104645,16.877246856689453,2
190,219,0,-3.5553710460662837,4.804296970367432,2.426074266433716,-143,185,38,8.15869140625,1.7992187738418581,19.13105583190918,2
-25,154,37,2.5169923305511475,4.177441596984863,4.770801067352295,-49,159,48,10.254590034484863,0.4880859553813934,11.81455135345459,2
-64,39,12,6.6561522483825675,-1.0144531726837158,12.75244140625,112,123,15,7.527050971984862,-2.5169923305511475,10.47470760345459,2
-183,-92,17,3.46923828125,0.5455078482627869,13.886523246765135,150,-2,-21,4.966992378234863,-2.8232421875,13.618555068969727,2
-205,-185,18,2.1102540493011475,-3.2921874523162837,14.700000762939453,128,-144,-20,0.83740234375,0.8948242068290709,7.479199409484862,2
-247,-246,0,2.866308689117432,-7.1298828125,14.503808975219727,65,-212,29,-0.4354492127895355,4.488476753234863,3.775488376617432,2
-208,-248,-27,3.7659180164337163,-9.843066215515137,14.274121284484865,3,-196,83,2.167675733566284,6.2972655296325675,-3.3065431118011475,2
-145,-154,-12,5.636914253234862,-6.8379883766174325,6.890625,-74,-66,73,6.7662110328674325,3.9381837844848633,-7.431347846984862,2
-7,6,24,5.1201171875,-6.67529296875,-0.64599609375,-197,100,78,7.7806644439697275,2.9189453125,0.684277355670929,2
210,167,19,2.210742235183716,-5.7421875,-4.440625190734863,-197,156,79,5.727832317352295,-1.2106446027755735,12.283495903015135,2
207,251,19,-0.9522461295127868,1.3781250715255735,-1.2058594226837158,-158,170,46,6.3451170921325675,0.588574230670929,14.843555450439453,2
59,203,33,0.478515625,0.9187500476837158,5.0244140625,-130,174,53,8.06298828125,1.8662109375,15.49912166595459,2
30,107,3,4.660742282867432,-0.559863269329071,7.8285160064697275,-9,147,44,7.91943359375,-0.50244140625,11.924609184265135,2
-58,-11,-13,3.75634765625,1.3494141101837158,14.09228515625,83,101,24,6.62744140625,-1.4833984375,14.03964900970459,2
-217,-122,33,1.45947265625,2.115039110183716,13.809961318969727,158,-14,-32,4.263574123382568,-1.45947265625,13.881738662719727,2
-299,-204,33,2.296875,-4.6416015625,13.766894340515135,121,-133,-16,1.358984351158142,1.5216797590255735,8.17783260345459,2
-291,-209,-3,2.9811522960662837,-7.139453411102295,14.097070693969727,37,-194,54,0.09091796725988388,4.397558689117432,3.1390626430511475,2
-225,-179,-25,3.5697267055511475,-10.28330135345459,12.407910346984865,-38,-185,113,1.45947265625,4.943066596984863,-2.689257860183716,2
-127,-95,-10,3.8664064407348633,-9.364550590515137,5.646484375,-100,-63,91,5.71826171875,0.8804687857627869,-8.01035213470459,2
94,25,-7,3.85205078125,-8.484082221984862,-1.3972656726837158,-161,114,72,7.2255859375,1.7274414300918581,5.7469725608825675,2
217,153,-19,1.74658203125,-3.689355611801148,-5.201465129852295,-158,131,82,6.904980659484862,0.39716798067092896,12.570605278015135,2
156,206,0,-0.7321289181709291,2.60791015625,0.961816430091858,-105,131,60,7.2782225608825675,-0.4641601741313934,14.216699600219727,2
61,153,29,-0.0047851563431322575,2.89501953125,6.378613471984862,-105,133,56,8.096484184265138,-0.3780273497104645,14.03964900970459,2
-65,59,52,3.808984518051148,0.8804687857627869,7.287793159484862,11,121,20,7.857226848602295,-1.957129001617432,13.259668350219727,2
-106,-23,26,5.292382717132568,-2.201171875,10.876660346984863,124,87,-18,7.1729493141174325,-1.225000023841858,11.187695503234863,2
-186,-109,22,4.086523532867432,-1.7274414300918581,12.77158260345459,180,-8,-45,5.756543159484862,0.09091796725988388,12.120800971984865,2
-271,-191,7,2.9237306118011475,-4.751660346984863,13.953516006469727,121,-114,-10,2.502636671066284,2.2490234375,8.17783260345459,2
-291,-216,-23,3.6989259719848633,-8.407519340515138,16.121191024780273,31,-183,68,1.0670899152755735,5.09619140625,3.732421875,2
-195,-196,-38,4.311425685882568,-11.00107479095459,13.570703506469727,-47,-179,114,2.2059571743011475,4.311425685882568,-2.0863282680511475,2
-112,-106,-18,5.110547065734863,-9.584668159484863,5.86181640625,-94,-55,76,6.278125286102295,2.119824171066284,-6.8619141578674325,2
-7,5,18,4.588964939117432,-6.206347942352295,-0.93310546875,-147,104,49,6.828418254852295,2.138964891433716,4.344922065734863,2
139,115,32,2.4930665493011475,-5.412011623382568,-5.278027534484863,-104,133,42,5.8857421875,2.296875,11.369531631469727,2
173,189,32,0.37324219942092896,-0.7751953005790709,-2.296875,-68,145,17,6.445605754852295,1.55517578125,12.886425971984865,2
85,195,49,-0.5215820670127869,1.6556640863418581,2.1820313930511475,-117,149,15,7.87158203125,3.4070312976837163,15.609180450439453,2
37,158,37,3.6702148914337163,0.655566394329071,7.043750286102295,-57,124,21,8.862109184265137,2.617480516433716,13.618555068969727,2
-24,54,-13,5.512500286102295,-1.8231445550918581,14.451171875,95,96,-1,7.2782225608825675,-0.2392578125,10.675683975219727,2
-173,-60,-15,2.6126954555511475,-1.69873046875,13.240527153015135,159,1,-36,5.474218845367432,0.588574230670929,13.63291072845459,2
-192,-152,-15,1.0383789539337158,-3.27783203125,15.83408260345459,99,-112,0,2.330371141433716,4.852148532867432,8.574999809265138,2
-151,-211,-21,0.50244140625,-7.3260741233825675,15.776660919189453,15,-169,90,1.105371117591858,6.230273723602295,4.158300876617432,2
-181,-218,-14,1.2919921875,-9.106152534484863,14.384180068969727,-35,-182,137,1.818359375,3.105566501617432,0.5215820670127869,2
-116,-145,-13,2.770605564117432,-7.9864258766174325,8.814257621765137,-26,-92,79,5.254101753234863,0.6651367545127869,-8.49365234375,2
-57,-57,11,4.359277248382568,-5.110547065734863,3.3017578125,-132,87,43,5.95751953125,2.12939453125,-0.5455078482627869,2
-9,37,38,4.392773628234863,-4.392773628234863,-2.813671827316284,-162,139,41,5.732617378234862,2.737109422683716,8.900390625,2
48,111,49,2.746679782867432,-1.6891602277755735,-1.7322266101837158,-109,160,9,6.852344036102295,2.287304639816284,11.522656440734865,2
24,137,58,1.215429663658142,-0.4833008050918579,2.08154296875,-202,179,25,6.641797065734862,2.775390625,15.23593807220459,2
107,153,25,1.4211914539337158,-1.335058569908142,2.3495118618011475,-125,172,28,5.7708983421325675,0.05742187798023224,16.202539443969727,2
73,129,4,2.378222703933716,1.119726538658142,11.589648246765135,-15,135,26,7.177734375,0.18662109971046448,14.886621475219727,2
-82,-14,16,3.464453220367432,0.478515625,15.269433975219727,80,67,5,6.5125975608825675,-1.4403320550918581,12.685449600219727,2
-175,-111,31,1.8662109375,-3.3113281726837163,12.455761909484865,126,-58,-23,3.856836080551148,0.9953125119209291,12.785937309265135,2
-184,-170,10,2.617480516433716,-7.431347846984862,15.877148628234865,74,-173,14,1.368554711341858,3.03857421875,7.0293946266174325,2
-191,-182,-8,1.626953125,-7.9959964752197275,15.02060604095459,39,-217,85,0.5263671875,4.014746189117432,2.713183641433716,2
-186,-134,-11,2.0624024868011475,-7.46484375,10.69003963470459,36,-175,101,3.344824314117432,2.119824171066284,-2.9189453125,2
-128,-89,0,2.808886766433716,-5.9144530296325675,6.5508790016174325,-74,-24,76,5.373730659484863,1.6652344465255735,-6.325976848602295,2
-58,-60,15,4.407128810882568,-4.263574123382568,1.5264648199081419,-172,93,68,6.373828411102295,2.0145509243011475,3.799414157867432,2
44,9,20,4.292285442352295,-4.435840129852295,-1.9762696027755735,-127,126,38,7.3165040016174325,1.244140625,9.622949600219727,2
79,76,20,2.4212892055511475,-2.694042921066284,0.684277355670929,-118,137,12,6.8140625953674325,2.311230421066284,14.288476943969727,2
45,106,28,1.837500095367432,-1.119726538658142,3.895117282867432,-105,148,0,5.321094036102295,0.6412109732627869,16.05419921875,2
-7,107,44,2.268164157867432,-2.071972608566284,4.627246379852295,-96,145,1,5.8666014671325675,0.8565430045127869,15.2646484375,2
21,95,33,3.536230564117432,-1.36376953125,6.062793254852295,-77,110,15,7.570117473602295,1.3541992902755735,12.24521541595459,2
-6,36,15,3.895117282867432,-0.660351574420929,13.46543025970459,10,62,23,7.1298828125,-1.5216797590255735,8.579785346984862,2
-94,-48,22,2.784960985183716,-2.75146484375,14.633008003234865,86,-26,-10,5.105762004852295,-1.3302735090255735,12.666308403015135,2
-124,-109,23,1.6413086652755735,-5.924023628234862,18.49462890625,95,-165,-13,2.004980564117432,0.492871105670929,9.584668159484863,2
-183,-137,7,1.3541992902755735,-5.541211128234863,15.604394912719727,87,-234,30,1.4020508527755735,2.866308689117432,4.1630859375,2
-209,-143,3,1.8087891340255735,-5.67041015625,10.78574275970459,40,-202,75,2.478710889816284,3.464453220367432,-3.631933689117432,2
-158,-141,-8,2.842382907867432,-5.278027534484863,5.249316692352295,-75,-69,80,5.28759765625,1.818359375,-6.125,2
-91,-68,-3,4.349707126617432,-4.115234375,-0.8086914420127869,-134,60,60,8.962597846984863,2.9572265148162837,3.3974609375,2
106,49,-14,2.7323243618011475,-5.412011623382568,-1.052734375,-192,121,52,9.25449275970459,0.59814453125,11.388671875,2
118,113,-14,1.6556640863418581,-1.6460937261581419,3.6510741710662837,-114,157,17,7.809375286102295,0.03828125074505806,14.09228515625,2
46,121,15,1.344628930091858,-0.21054688096046448,4.880859375,-98,174,21,7.216015815734862,0.21533203125,13.623339653015135,2
0,106,38,1.93798828125,-0.45458984375,4.880859375,-111,169,45,7.383496284484862,0.36845704913139343,12.3935546875,2
2,71,37,2.89501953125,-1.5791015625,8.27353572845459,-70,129,57,7.933789253234862,-0.02871093899011612,10.111035346984863,2
-57,3,24,3.009863376617432,-0.03828125074505806,11.962890625,69,54,26,7.0293946266174325,-1.851855516433716,10.560839653015137,2
-122,-79,36,2.842382907867432,-3.3113281726837163,15.709668159484865,163,-75,-8,5.268456935882568,-1.7035156488418581,12.211718559265135,2
-175,-152,27,1.41162109375,-4.957421779632568,16.011133193969727,161,-186,0,2.722754001617432,-0.21054688096046448,8.125195503234862,2
-244,-164,19,1.981054782867432,-5.364160060882568,14.723926544189453,108,-204,40,3.177343845367432,3.13427734375,2.8567383289337163,2
-211,-148,9,2.698828220367432,-5.7134766578674325,10.536913871765137,9,-130,68,4.5458984375,4.368847846984863,-2.521777391433716,2
-144,-114,10,3.904687643051148,-5.019629001617432,4.995703220367432,-170,20,67,6.378613471984862,3.27783203125,-4.249218940734863,2
1,-38,7,4.684668064117432,-5.28759765625,-0.11484375596046448,-337,161,81,7.1968750953674325,1.5886719226837158,4.871289253234863,2
195,61,-13,3.942968845367432,-5.263671875,-1.1819336414337158,-333,207,76,3.617578268051148,-4.225293159484863,14.336328506469727,2
205,136,-22,2.6318359375,0.3062500059604645,1.65087890625,-142,185,41,2.583984375,-3.1629884243011475,15.556543350219727,2
36,140,2,1.6365234851837158,-0.5694336295127869,4.895215034484863,-54,151,29,5.100976467132568,-1.5743163824081419,13.604199409484865,2
-55,101,8,3.08642578125,-1.6173828840255735,7.665820598602295,55,104,19,6.8858399391174325,-0.5455078482627869,9.0439453125,2
-99,37,-15,3.536230564117432,-2.478710889816284,11.7236328125,152,32,4,5.9527344703674325,-0.7799804806709291,12.07773494720459,2
-106,-31,-12,1.41162109375,-3.416601657867432,16.575780868530273,182,-94,3,2.9715821743011475,-1.0623047351837158,11.64707088470459,2
-137,-72,2,-0.9953125119209291,-2.0863282680511475,16.939453125,147,-190,31,1.837500095367432,-0.32539063692092896,9.02001953125,2
-206,-77,36,-0.18662109971046448,-2.966796875,14.42724609375,112,-209,47,3.349609375,0.9426758289337158,3.1103515625,2
-230,-94,57,0.9235351681709291,-3.56494140625,9.503320693969727,29,-144,60,4.995703220367432,4.488476753234863,-3.4070312976837163,2
-206,-112,53,2.7275390625,-4.383203029632568,5.612988471984863,-135,19,73,8.311816215515138,4.478906154632568,-4.033886909484863,2
-15,-69,1,3.751562595367432,-5.991015911102295,-1.201074242591858,-325,140,107,10.412500381469727,1.9619140625,8.814257621765137,2
309,53,-74,1.3541992902755735,-3.6032226085662837,-2.8998048305511475,-287,151,88,7.192090034484862,-3.440527439117432,16.542285919189453,2
216,95,-44,-0.05742187798023224,4.565039157867432,6.0340819358825675,-160,137,66,5.6895508766174325,0.12919922173023224,14.561230659484865,2
64,74,-1,1.6843750476837158,0.44501954317092896,8.244824409484862,-48,136,56,6.7757811546325675,-1.818359375,9.957910537719727,2
-43,30,7,4.0673828125,-0.4498046934604645,9.83349609375,92,116,8,6.794921875,-2.521777391433716,6.3690428733825675,2
-105,-20,-3,2.119824171066284,2.191601514816284,12.80029296875,128,54,-6,5.014843940734863,-0.8517578244209291,8.91953182220459,2
-155,-55,15,0.3062500059604645,-1.17236328125,15.24072265625,161,-80,-10,2.722754001617432,0.27275392413139343,9.962695121765137,2
-189,-80,40,-1.4977539777755735,-0.7608398795127869,16.441797256469727,118,-179,27,2.603125095367432,1.12451171875,7.6610355377197275,2
-244,-93,67,0.34453126788139343,-2.8615233898162837,13.690332412719727,133,-199,26,3.2682616710662837,2.167675733566284,-0.588574230670929,2
-274,-114,81,1.4164062738418581,-3.923828125,7.8667969703674325,33,-93,32,4.550683498382568,4.842578411102295,-8.474512100219728,2
-168,-117,43,3.5218751430511475,-5.005273342132568,1.8949218988418581,-40,40,30,7.905078411102295,5.512500286102295,0.95703125,2
1,-11,-12,1.8231445550918581,-5.177539348602295,-4.818652629852295,-151,92,76,10.560839653015137,5.569921970367432,13.068262100219727,2
157,56,-48,0.3875976502895355,-1.0670899152755735,4.335351467132568,-135,111,16,8.196972846984862,3.0912110805511475,18.86787223815918,2
10,49,26,1.93798828125,3.0912110805511475,7.6371097564697275,-90,69,-9,9.21142578125,5.124902248382568,17.470605850219727,2
-11,35,37,4.966992378234863,-4.517187595367432,7.7950196266174325,-11,45,-24,9.704297065734863,3.0912110805511475,6.115429878234862,2
-44,-6,-11,5.426367282867432,-5.268456935882568,10.532129287719727,76,56,-22,8.06298828125,2.7562501430511475,0.98095703125,2
-101,-45,-27,2.3255860805511475,-2.392578125,12.264355659484865,62,23,17,5.823535442352295,3.464453220367432,4.249218940734863,2
-141,-72,7,0.8756836056709291,-3.737207174301148,16.082910537719727,9,-63,64,3.9812500476837163,5.134472846984863,7.024609565734862,2
-152,-104,35,1.4164062738418581,-7.44091796875,15.293359756469727,-28,-134,87,3.952539205551148,4.47412109375,2.603125095367432,2
-167,-97,43,2.9476563930511475,-7.2303709983825675,9.718652725219727,-37,-78,69,6.1537108421325675,3.2921874523162837,-4.890429973602295,2
-124,-69,38,5.081836223602295,-6.6322264671325675,4.359277248382568,-145,62,51,6.928906440734862,0.9091796875,-1.6891602277755735,2
25,26,15,3.6032226085662837,-4.5458984375,-4.172656536102295,-166,128,58,6.086719036102295,2.402148485183716,7.7710938453674325,2
191,144,-12,-0.06699218600988388,-2.244238376617432,-1.7130860090255735,-153,163,50,5.057910442352295,-0.24882812798023224,12.62802791595459,2
131,141,-7,-1.909277439117432,3.1629884243011475,5.57470703125,-197,184,44,6.426465034484862,1.6125977039337158,17.231348037719727,2
-3,88,26,0.5263671875,2.234668016433716,7.6275391578674325,-133,152,36,8.761621475219728,-0.3636718690395355,17.547168731689453,2
-20,23,21,3.6702148914337163,0.7464843988418579,12.86728572845459,44,98,12,8.359667778015138,-2.378222703933716,11.953320503234865,2
-130,-89,37,1.827929735183716,-0.8708984255790709,13.63291072845459,155,13,-25,5.6895508766174325,-0.8565430045127869,12.623242378234865,2
-226,-165,38,1.1962890625,-4.292285442352295,12.589746475219727,150,-108,-32,2.6844727993011475,1.31591796875,9.11572265625,2
-293,-210,-7,2.713183641433716,-6.6561522483825675,13.32666015625,86,-179,23,1.7752929925918581,3.225195407867432,3.0146484375,2
-222,-193,-45,3.6845703125,-9.220995903015137,12.69980525970459,15,-170,79,2.383007764816284,3.904687643051148,-1.837500095367432,2
-117,-137,-38,4.598535060882568,-8.364453315734862,7.9864258766174325,-36,-73,68,5.483788967132568,2.119824171066284,-5.488574504852295,2
-70,-35,15,5.292382717132568,-5.7230467796325675,2.210742235183716,-172,78,59,6.603515625,2.4452149868011475,1.1580078601837158,2
80,80,37,3.61279296875,-5.541211128234863,-3.3065431118011475,-171,134,51,5.23974609375,1.7322266101837158,7.8907227516174325,2
131,165,47,1.3972656726837158,-0.861328125,-1.26806640625,-146,163,31,3.7898437976837163,0.8900390863418579,10.938867568969727,2
57,189,56,0.07177734375,-0.2918945252895355,3.0481445789337163,-147,179,39,3.89990234375,0.22011719644069672,15.302929878234865,2
102,168,16,0.7943359613418579,-1.36376953125,5.871387004852295,-163,159,58,6.77099609375,-0.02871093899011612,18.776952743530273,2
98,98,-17,1.4833984375,3.6989259719848633,11.71884822845459,-71,101,59,6.4551758766174325,-3.3400390148162837,15.3603515625,2
-120,-35,42,0.6220703125,1.5934571027755735,14.28369140625,136,34,-4,4.526757717132568,-3.6462891101837163,13.503710746765135,2
-199,-131,55,0.27275392413139343,-3.631933689117432,12.9677734375,197,-67,-52,3.2395508289337163,-0.2679687440395355,12.541894912719727,2
-233,-195,20,1.2824219465255735,-5.278027534484863,13.642480850219727,137,-159,-14,1.9619140625,2.22509765625,6.258984565734862,2
-247,-196,-11,2.215527296066284,-6.8140625953674325,13.623339653015135,47,-179,48,2.287304639816284,3.679785251617432,2.076757907867432,2
-201,-166,-21,2.627050876617432,-8.63242244720459,11.69492244720459,-10,-124,75,3.904687643051148,3.904687643051148,-3.105566501617432,2
-146,-106,-6,3.3400390148162837,-7.665820598602295,6.86669921875,-89,21,57,5.708691596984862,2.296875,-4.057812690734863,2
3,-10,10,4.2109375,-5.397656440734863,0.20576171576976776,-132,107,50,4.804296970367432,2.789746046066284,5.9814453125,2
145,103,23,2.4452149868011475,-2.473925828933716,-4.158300876617432,-185,138,50,3.832910299301148,1.406835913658142,8.546289443969728,2
92,185,53,-0.2679687440395355,0.44023439288139343,0.11962890625,-181,170,43,3.4453125,-0.8134765625,12.264355659484865,2
89,189,47,-0.583789050579071,-2.435644626617432,5.445508003234863,-153,170,47,4.40234375,-0.3349609375,18.91572380065918,2
105,126,-4,1.72265625,-0.583789050579071,9.096582412719727,-113,104,69,6.0580077171325675,-0.22490234673023224,18.776952743530273,2
-99,7,13,2.1102540493011475,1.191503882408142,15.441699981689453,67,49,36,3.823339939117432,-3.828125,13.2548828125,2
-176,-95,37,0.22968751192092896,-1.2297852039337158,11.1494140625,181,-18,-32,2.531347751617432,-1.095800757408142,14.5947265625,2
-217,-165,34,1.804003953933716,-5.684765815734862,12.211718559265135,126,-121,-41,2.024121046066284,-0.02392578125,8.63242244720459,2
-231,-213,-12,2.244238376617432,-6.8427734375,13.575488090515135,77,-174,-2,1.65087890625,2.890234470367432,4.033886909484863,2
-152,-205,-37,2.359081983566284,-7.9912109375,13.790820121765135,28,-168,51,2.411718845367432,4.488476753234863,0.4737304747104645,2
-135,-150,-26,2.938086032867432,-8.196972846984862,10.12060546875,-16,-74,48,4.880859375,2.8280274868011475,-4.349707126617432,2
-90,-57,-8,4.789941310882568,-6.5125975608825675,3.3113281726837163,-84,59,38,6.014941692352295,4.062597751617432,2.8806641101837163,2
32,42,2,4.464550971984863,-4.670312404632568,-2.316015720367432,-170,111,50,5.077050685882568,1.7609375715255735,8.01035213470459,2
69,130,17,2.7562501430511475,-0.8278320431709291,-2.024121046066284,-186,134,36,3.7898437976837163,0.37324219942092896,10.52734375,2
70,176,32,0.9426758289337158,-0.8230468630790709,1.7657226324081419,-207,162,41,4.153515815734863,-0.20576171576976776,14.336328506469727,2
127,168,-1,-0.4354492127895355,-0.2918945252895355,5.603417873382568,-216,151,42,5.172753810882568,-0.468945324420929,18.74824333190918,2
38,108,6,1.7274414300918581,3.8137695789337163,11.206835746765137,-93,89,41,5.033984661102295,-1.2776367664337158,15.948925971984865,2
-188,-14,46,3.2682616710662837,-3.0194337368011475,13.029980659484865,139,39,-14,3.5553710460662837,-3.3783204555511475,12.431836128234865,2
-220,-96,30,1.9188476800918581,-5.316308498382568,11.69970703125,173,-57,-58,2.8519532680511475,-0.765625,13.27880859375,2
-250,-161,-5,2.5361328125,-7.751953125,13.302734375,146,-157,-45,1.129296898841858,1.263281226158142,6.713574409484862,2
-175,-157,-48,2.775390625,-8.60849666595459,13.570703506469727,51,-193,23,1.0048828125,3.37353515625,3.3161132335662837,2
-116,-131,-47,2.100683689117432,-10.010546684265137,12.79550838470459,13,-172,49,3.560156345367432,2.9093749523162837,-1.368554711341858,2
-106,-90,-25,2.6366212368011475,-8.067773818969728,7.8524417877197275,-56,-38,45,6.3929686546325675,2.306445360183716,-4.828222751617432,2
-53,-19,-5,4.646386623382568,-6.2159180641174325,-0.12919922173023224,-135,90,56,6.349902629852295,4.04345703125,5.6943359375,2
87,94,2,3.42138671875,-3.2826173305511475,-3.7659180164337163,-161,127,63,5.488574504852295,1.009667992591858,12.31699275970459,2
39,157,45,0.74169921875,0.5455078482627869,0.16269531846046448,-127,144,50,5.062695503234863,1.4833984375,14.87705135345459,2
41,146,58,0.095703125,-1.8327149152755735,3.0290038585662837,-91,137,33,5.7613282203674325,1.7896484136581419,16.45136833190918,2
97,123,25,2.067187547683716,-0.8565430045127869,4.655957221984863,-54,108,31,6.354687690734862,0.4115234315395355,12.613672256469727,2
-72,18,23,3.4979493618011475,-1.344628930091858,13.39365291595459,119,52,-3,6.5748047828674325,-0.8182617425918579,10.733105659484863,2
-220,-95,12,1.5408203601837158,-5.7469725608825675,14.1162109375,230,-48,-41,3.737207174301148,-0.3062500059604645,11.082422256469727,2
-235,-136,-10,0.5215820670127869,-8.795117378234862,15.034961700439453,191,-152,9,1.84228515625,5.134472846984863,6.235058784484862,2
-170,-147,-16,0.7369140982627869,-9.532031059265137,15.350781440734865,93,-174,104,2.617480516433716,6.2972655296325675,1.69873046875,2
-98,-127,1,1.7705078125,-7.718457221984862,10.88623046875,17,-103,123,5.105762004852295,4.086523532867432,-4.732519626617432,2
-80,-98,33,3.488379001617432,-5.507714748382568,5.569921970367432,-166,61,93,5.7374024391174325,1.804003953933716,-5.7469725608825675,2
13,-51,26,4.464550971984863,-5.9383788108825675,-0.9043945670127868,-230,138,75,5.067480564117432,2.2059571743011475,8.096484184265138,2
157,49,0,2.339941501617432,-4.215722560882568,-3.713281393051148,-221,152,67,4.636816501617432,1.3541992902755735,11.996386528015135,2
118,101,6,-0.22968751192092896,0.44023439288139343,1.72265625,-144,154,39,4.636816501617432,2.569628953933716,15.843652725219727,2
24,96,39,0.7129883170127869,0.20576171576976776,4.966992378234863,-103,134,19,5.249316692352295,1.9188476800918581,16.925098419189453,2
-5,88,38,3.7946290969848633,-1.6460937261581419,7.0341796875,-30,104,15,6.794921875,0.08613281697034836,11.828906059265135,2
-155,-2,31,4.268359661102295,-2.8806641101837163,12.565820693969727,104,44,-8,6.230273723602295,-0.8756836056709291,10.637402534484863,2
-226,-74,13,2.287304639816284,-6.029296875,12.43662166595459,195,-68,-33,3.6845703125,1.2345703840255735,11.278613090515135,2
-189,-126,-15,2.196386814117432,-7.7998046875,15.508691787719727,104,-156,32,2.4452149868011475,4.804296970367432,6.5125975608825675,2
-150,-161,-22,1.7561523914337158,-9.37412166595459,15.518261909484865,26,-185,84,3.057714939117432,4.76123046875,4.244433879852295,2
-117,-145,-14,2.1581056118011475,-8.92431640625,11.809765815734865,-2,-111,82,5.258886814117432,4.512402534484863,-3.6750001907348633,2
-52,-87,0,3.6032226085662837,-6.876269817352295,5.23974609375,-159,62,76,5.589062690734863,2.0384767055511475,-3.761132955551148,2
-1,-11,17,4.435840129852295,-5.555566310882568,-1.60302734375,-139,135,52,4.239648342132568,1.8327149152755735,6.732715129852295,2
149,106,3,2.244238376617432,-3.751562595367432,-4.603320598602295,-130,144,36,3.904687643051148,2.028906345367432,11.154199600219727,2
110,165,5,-0.9283203482627868,0.8134765625,0.8900390863418579,-88,136,4,5.081836223602295,3.1103515625,14.298047065734865,2
-1,139,31,-0.516796886920929,0.8804687857627869,4.900000095367432,-51,116,-9,6.0580077171325675,3.823339939117432,17.475391387939453,2
-52,91,34,3.081640720367432,-1.933203220367432,8.144335746765138,50,72,-24,7.3212890625,-0.05263672024011612,14.14013671875,2
-128,-26,23,4.507617473602295,-3.416601657867432,13.331445693969727,173,16,-45,6.402539253234862,1.947558641433716,9.608593940734863,2
-197,-125,8,1.851855516433716,-5.09619140625,12.924707412719727,125,-59,-13,3.85205078125,4.938281536102295,9.73300838470459,2
-158,-185,0,1.3254883289337158,-7.0150389671325675,15.64267635345459,43,-139,53,1.947558641433716,6.254199504852295,5.5029296875,2
-215,-233,5,1.5886719226837158,-9.149218559265137,14.70957088470459,7,-173,98,1.7992187738418581,5.6895508766174325,2.000195264816284,2
-147,-182,-19,3.273046970367432,-9.383691787719727,9.819140434265137,-21,-99,91,4.90478515625,4.340137004852295,-6.115429878234862,2
-90,-80,-2,4.42626953125,-5.392871379852295,3.8616211414337163,-149,77,65,5.5986328125,2.067187547683716,-4.148730754852295,2
-6,18,25,4.842578411102295,-5.14404296875,-1.5599609613418581,-232,168,72,4.014746189117432,2.019335985183716,8.173047065734862,2
139,132,20,2.79931640625,-4.4501953125,-2.765820264816284,-183,174,64,4.04345703125,1.0623047351837158,13.862597465515135,2
79,171,41,0.35888671875,0.4593750238418579,2.8758790493011475,-122,150,9,5.249316692352295,3.1629884243011475,15.71445369720459,2
16,159,57,1.167578101158142,-1.4929687976837158,4.072167873382568,-45,110,-8,6.134570598602295,2.79931640625,16.06855583190918,2
4,109,16,3.608007907867432,-3.655859470367432,9.991406440734863,33,73,3,7.0628905296325675,2.138964891433716,11.197265625,2
-93,-26,3,2.311230421066284,-2.2777345180511475,12.6328125,81,13,6,5.617773532867432,0.679492175579071,13.22617244720459,2
-134,-131,19,1.7705078125,-4.9287109375,12.41748046875,77,-104,6,3.42138671875,2.9476563930511475,10.76181697845459,2
-195,-231,16,2.5648438930511475,-8.23046875,13.652050971984865,-5,-185,61,1.6604492664337158,6.0819334983825675,5.555566310882568,2
-164,-243,-26,3.512304782867432,-10.221094131469727,13.120898246765135,-18,-188,87,2.497851610183716,3.1677734851837163,1.9762696027755735,2
-111,-136,-53,4.239648342132568,-7.622754096984862,10.40771484375,13,-103,66,5.081836223602295,2.70361328125,-3.3304688930511475,2
-74,-26,-24,5.067480564117432,-6.0340819358825675,6.0819334983825675,-111,63,46,5.646484375,2.2298829555511475,-2.9763672351837163,2
-3,62,12,5.895312786102295,-4.78515625,0.11962890625,-156,152,45,4.359277248382568,2.497851610183716,7.77587890625,2
80,146,30,3.679785251617432,-3.6702148914337163,-1.6939452886581419,-147,167,37,5.402441501617432,1.406835913658142,12.781152725219727,2
35,182,43,0.5694336295127869,-0.478515625,0.7799804806709291,-104,148,15,6.900195598602295,1.818359375,17.087793350219727,2
33,167,36,0.7321289181709291,-0.55029296875,3.3400390148162837,-57,119,14,6.8954100608825675,0.913964867591858,15.087597846984865,2
15,90,16,2.627050876617432,-0.4115234315395355,9.847851753234863,63,75,-11,6.8236327171325675,0.2918945252895355,13.01084041595459,2
-147,-55,37,2.296875,-1.6748046875,10.800097465515137,100,-3,-20,5.708691596984862,0.684277355670929,11.249902725219727,2
-206,-150,32,2.775390625,-6.2159180641174325,10.776171684265137,96,-106,-7,3.942968845367432,2.8328125476837163,8.15390682220459,2
-250,-215,0,2.9572265148162837,-9.024805068969727,12.159082412719727,25,-162,44,2.698828220367432,4.143945217132568,3.56494140625,2
-219,-219,-37,3.1151368618011475,-10.685254096984863,13.786035537719727,23,-166,64,3.225195407867432,4.301855564117432,0.9905273914337158,2
-131,-148,-35,3.8759765625,-9.35019588470459,11.082422256469727,21,-78,45,5.225390911102295,3.928613424301148,-5.3115234375,2
-77,-70,1,5.033984661102295,-8.120409965515138,5.426367282867432,-123,73,47,5.421582221984863,4.13916015625,-0.83740234375,2
17,35,32,5.756543159484862,-6.72314453125,-3.0242187976837163,-191,135,73,4.9287109375,2.746679782867432,9.30234432220459,2
147,156,31,3.4596679210662837,-4.766015529632568,-3.608007907867432,-122,157,44,6.282910346984862,1.7800781726837158,12.450976371765135,2
111,203,29,0.9713867306709291,-1.382910132408142,1.4020508527755735,-133,165,28,6.4408202171325675,3.6032226085662837,16.38916015625,2
94,188,10,1.6173828840255735,0.6268554925918579,3.464453220367432,-82,145,34,6.258984565734862,1.392480492591858,15.24072265625,2
21,89,0,3.1629884243011475,0.41630861163139343,10.460351943969727,-19,101,26,6.1297850608825675,-0.492871105670929,12.934277534484865,2
-131,-61,39,1.4642578363418581,0.2679687440395355,10.914941787719727,64,20,-20,4.579394817352295,-0.4833008050918579,12.116015434265135,2
-183,-158,55,2.574414014816284,-5.804394721984862,12.192578315734865,77,-90,-34,3.5697267055511475,1.8231445550918581,9.407617568969727,2
-231,-219,14,3.153418064117432,-9.077441215515137,12.685449600219727,49,-172,4,2.435644626617432,4.880859375,3.9381837844848633,2
-233,-208,-30,3.4261720180511475,-10.249804496765137,13.6376953125,19,-168,55,3.1964843273162837,4.76123046875,-0.9666016101837158,2
-160,-135,-38,3.5984375476837163,-9.316699028015137,10.852734565734863,-12,-78,63,5.780468940734862,3.99560546875,-5.1201171875,2
-61,-53,-17,4.742089748382568,-8.15869140625,4.550683498382568,-116,27,68,6.570019721984862,3.1247069835662837,2.622265577316284,2
22,42,10,5.1201171875,-5.55078125,-1.5025390386581419,-118,62,61,5.612988471984863,1.5743163824081419,8.41709041595459,2
67,123,34,3.0050780773162837,-3.1438477039337163,-2.0624024868011475,-81,99,36,6.426465034484862,1.909277439117432,11.41259765625,2
57,155,40,0.7608398795127869,-1.53125,1.9284180402755735,-87,124,7,6.14892578125,3.081640720367432,15.231152534484865,2
19,127,34,1.9427734613418581,-0.7847656607627869,4.28271484375,-96,136,2,5.756543159484862,1.837500095367432,16.16425895690918,2
6,89,38,3.177343845367432,-0.4641601741313934,5.249316692352295,-50,110,-8,6.833203315734862,0.8948242068290709,13.556347846984865,2
-43,12,30,3.919043064117432,-2.7801759243011475,10.847949028015137,41,46,-20,7.7041015625,1.5743163824081419,10.249804496765137,2
-123,-79,20,3.584082126617432,-4.526757717132568,11.929394721984865,86,-31,-18,6.2733397483825675,0.8708984255790709,9.871777534484863,2
-169,-133,7,3.976464986801148,-7.24951171875,12.599316596984865,89,-131,3,4.66552734375,2.507421970367432,7.6753907203674325,2
-201,-165,-7,3.18212890625,-8.68027400970459,12.91513729095459,49,-180,51,3.201269626617432,5.110547065734863,3.0002930164337163,2
-214,-146,-20,2.115039110183716,-9.417187690734863,12.666308403015135,59,-151,73,4.029101848602295,4.47412109375,0.17226563394069672,2
-126,-95,-13,2.162890672683716,-8.35009765625,9.072656631469727,6,-46,66,4.981347560882568,4.66552734375,-4.517187595367432,2
-44,-54,10,3.9621095657348633,-7.043750286102295,4.876074314117432,-165,88,63,4.8330078125,2.9333007335662837,-1.7513672113418581,2
-11,6,33,5.211035251617432,-6.469531536102295,-0.10048828274011612,-145,149,38,4.56982421875,0.98095703125,7.689746379852295,2
91,63,21,4.096093654632568,-5.23974609375,-1.4164062738418581,-94,150,-6,6.24462890625,4.364062786102295,13.29794979095459,2
49,101,27,1.8231445550918581,-1.177148461341858,0.095703125,-87,127,-19,6.9193358421325675,3.679785251617432,16.728906631469727,2
-21,98,47,2.220312595367432,-2.0576171875,2.3734376430511475,-45,103,-30,6.6083006858825675,3.4548828601837163,15.508691787719727,2
-34,71,46,3.9860353469848633,-2.746679782867432,4.718163967132568,-28,53,-24,8.240038871765138,3.942968845367432,12.4892578125,2
-68,-3,9,5.6751952171325675,-5.804394721984862,11.704492568969727,61,-18,-12,7.909863471984862,2.6844727993011475,7.024609565734862,2
-116,-85,-24,5.105762004852295,-6.928906440734862,13.101758003234865,71,-67,23,5.14404296875,3.5266602039337163,6.091504096984862,2
-158,-134,-14,2.761035203933716,-8.981738090515137,16.0302734375,18,-145,71,2.8328125476837163,5.04833984375,5.330664157867432,2
-183,-151,-7,2.03369140625,-10.23544979095459,14.824414253234865,28,-170,78,3.3878905773162837,3.61279296875,0.607714831829071,2
-148,-125,0,2.694042921066284,-8.10605525970459,7.833301067352295,-6,-69,71,5.612988471984863,4.574609279632568,-6.2254881858825675,2
-70,-79,9,4.172656536102295,-5.756543159484862,1.1484375,-134,66,62,5.8905272483825675,2.430859327316284,-0.8469726443290709,2
40,5,15,4.158300876617432,-5.139257907867432,-3.70849609375,-133,132,46,5.493359565734863,2.717968702316284,8.20654296875,2
149,95,4,2.1581056118011475,-4.215722560882568,-1.947558641433716,-130,160,18,6.187207221984862,3.2682616710662837,13.719042778015135,2
85,122,22,0.588574230670929,-0.14833985269069672,2.41650390625,-126,157,-12,5.86181640625,3.689355611801148,17.327051162719727,2
-7,125,56,2.545703172683716,-0.6268554925918579,4.029101848602295,-104,130,-10,7.431347846984862,2.6796875,16.10205078125,2
-43,84,54,4.947851657867432,-2.555273532867432,9.13486385345459,20,86,-22,8.675488471984862,1.047949194908142,9.11572265625,2
-153,-13,26,5.5986328125,-5.28759765625,10.469922065734863,107,23,-28,7.3260741233825675,2.339941501617432,8.819043159484863,2
-191,-78,0,4.478906154632568,-7.216015815734862,11.89111328125,106,-92,-4,4.488476753234863,3.1869142055511475,9.30234432220459,2
-195,-142,-26,3.1677734851837163,-10.508203506469727,13.963086128234865,62,-191,56,1.9427734613418581,6.6226563453674325,4.708593845367432,2
-203,-162,-42,1.3302735090255735,-11.321680068969727,13.288378715515135,41,-189,94,3.3113281726837163,4.526757717132568,1.0192383527755735,2
-126,-134,-41,1.225000023841858,-9.704297065734863,9.694726943969727,16,-67,82,5.9527344703674325,4.40234375,-6.904980659484862,2
-33,-85,-22,3.153418064117432,-7.957715034484862,4.081738471984863,-163,102,62,5.684765815734862,1.2345703840255735,-2.311230421066284,2
20,1,7,4.464550971984863,-6.1776366233825675,-2.502636671066284,-142,165,47,4.502831935882568,2.08154296875,8.503222465515138,2
194,114,0,3.0194337368011475,-5.321094036102295,-3.560156345367432,-155,175,24,5.6895508766174325,2.938086032867432,13.3505859375,2
178,165,5,1.17236328125,1.382910132408142,0.6651367545127869,-140,157,-3,5.421582221984863,3.4931640625,17.054296493530273,2
9,148,56,2.36865234375,0.7943359613418579,4.105664253234863,-110,117,-2,6.732715129852295,3.665429830551148,18.25537109375,2
-13,86,44,5.837890625,-2.9476563930511475,9.87656307220459,-24,62,2,7.6514649391174325,0.88525390625,9.967480659484863,2
-125,-44,20,5.029199123382568,-3.5697267055511475,12.685449600219727,148,-16,-37,5.7852540016174325,1.6125977039337158,8.957812309265137,2
-240,-134,7,3.0529296398162837,-4.478906154632568,12.637598037719727,113,-112,5,3.3352539539337163,3.2347657680511475,7.6849613189697275,2
-270,-189,-9,2.84716796875,-8.771191596984862,13.60898494720459,73,-198,57,2.172461032867432,3.9381837844848633,3.5984375476837163,2
-249,-188,-19,2.89501953125,-10.082324028015137,11.22119140625,52,-188,73,3.8185548782348633,3.42138671875,-2.4930665493011475,2
-166,-110,-18,3.5505859851837163,-9.766504287719727,6.8858399391174325,14,-57,52,6.426465034484862,3.75634765625,-9.048730850219727,2
-59,-30,8,4.47412109375,-7.144238471984862,3.5792968273162837,-87,105,26,6.6226563453674325,4.33056640625,-0.3780273497104645,2
32,43,43,4.746875286102295,-6.211133003234862,-1.4259766340255735,-120,166,44,4.914355754852295,4.751660346984863,10.25937557220459,2
160,127,37,2.8567383289337163,-4.66552734375,-2.292089939117432,-158,194,42,5.593847751617432,3.5505859851837163,13.60898494720459,2
151,158,21,0.5550781488418579,-1.971484422683716,1.2058594226837158,-201,191,24,5.7708983421325675,2.8328125476837163,16.781543731689453,2
119,139,13,1.0670899152755735,0.8804687857627869,3.5027344226837163,-175,152,21,5.6943359375,2.784960985183716,16.776758193969727,2
68,90,27,2.9285156726837163,1.1388672590255735,7.2542967796325675,-98,92,27,7.407422065734862,1.392480492591858,13.32666015625,2
-93,-34,54,4.670312404632568,-1.1962890625,12.546679496765135,41,18,1,6.2876954078674325,-0.6029297113418579,8.508008003234862,2
-257,-152,51,3.952539205551148,-5.9527344703674325,11.67099666595459,163,-84,-38,3.296972751617432,-0.18183593451976776,9.991406440734863,2
-266,-195,2,5.014843940734863,-8.708984375,13.934374809265135,112,-198,4,1.2058594226837158,3.3878905773162837,5.52685546875,2
-222,-192,-31,4.225293159484863,-9.603808403015137,14.704785346984865,79,-234,54,1.9906250238418581,4.440625190734863,2.339941501617432,2
-126,-115,-40,4.33056640625,-9.575098037719727,11.46044921875,67,-167,69,4.636816501617432,5.172753810882568,-5.081836223602295,2
-81,-50,-17,4.823437690734863,-7.594043254852295,6.258984565734862,-88,30,42,6.3355469703674325,1.6700195074081419,-6.7040038108825675,2
-52,23,22,5.249316692352295,-4.239648342132568,-1.6556640863418581,-147,144,35,5.105762004852295,3.832910299301148,8.115625381469728,2
123,136,25,2.2298829555511475,-5.244531154632568,-5.483788967132568,-211,181,54,5.971875190734862,1.4403320550918581,13.604199409484865,2
186,192,4,-0.7608398795127869,-0.7321289181709291,0.17226563394069672,-212,194,31,6.498242378234862,1.98583984375,17.772069931030273,2
77,152,27,0.4258789122104645,2.292089939117432,4.751660346984863,-197,156,39,6.924121379852295,2.60791015625,18.982715606689453,2
54,83,36,4.230078220367432,-0.44023439288139343,10.048828125,-57,98,34,7.9959964752197275,-0.17705078423023224,10.52734375,2
-144,-47,56,5.402441501617432,-1.3254883289337158,11.953320503234865,122,33,-21,6.29248046875,-1.2584961652755735,9.11093807220459,2
-256,-135,40,3.6271483898162837,-6.158496379852295,10.082324028015137,184,-98,-43,4.134375095367432,0.5215820670127869,10.603906631469727,2
-333,-193,-17,5.19189453125,-9.201855659484863,11.326464653015135,122,-197,28,1.320703148841858,4.239648342132568,3.617578268051148,2
-289,-208,-78,5.263671875,-11.230761528015137,11.8671875,61,-204,98,1.84228515625,5.38330078125,0.703417956829071,2
-166,-148,-76,4.560254096984863,-10.221094131469727,10.64697265625,-2,-132,100,5.225390911102295,2.775390625,-4.708593845367432,2
-48,-41,-27,3.942968845367432,-9.25927734375,6.684863567352295,-134,54,44,7.1968750953674325,0.07177734375,-4.608105659484863,2
32,59,30,4.947851657867432,-5.7852540016174325,0.5694336295127869,-134,139,32,5.727832317352295,3.8855469226837163,8.36923885345459,2
157,160,60,3.3304688930511475,-5.148828029632568,-2.842382907867432,-136,156,35,6.0723633766174325,2.292089939117432,12.450976371765135,2
215,207,41,0.98095703125,-2.0145509243011475,-0.06699218600988388,-210,175,40,7.65625,1.081445336341858,14.49423885345459,2
141,182,26,0.4306640625,1.65087890625,4.531543254852295,-233,159,57,7.4935550689697275,1.4738281965255735,16.695409774780273,2
40,107,29,3.344824314117432,-0.6172851920127869,9.091796875,-123,125,83,7.2064452171325675,-0.7177734375,12.03466796875,2
-59,-9,42,3.6941406726837163,1.53125,9.80478572845459,29,91,49,5.57470703125,-3.9621095657348633,9.1396484375,2
-120,-86,59,2.9476563930511475,-0.512011706829071,11.04892635345459,59,4,7,5.158398628234863,-2.091113328933716,12.809863090515135,2
-149,-161,71,3.2204101085662837,-4.349707126617432,14.073144912719727,149,-138,-33,3.273046970367432,-0.6029297113418579,10.584765434265137,2
-229,-194,37,3.3161132335662837,-6.9911131858825675,12.886425971984865,108,-201,8,1.119726538658142,0.985742211341858,3.847265720367432,2
-287,-161,7,2.4691407680511475,-7.2686524391174325,13.312304496765135,118,-200,21,2.009765625,3.0242187976837163,1.4690430164337158,2
-210,-94,-4,2.5361328125,-6.81884765625,11.489160537719727,42,-127,27,3.9333984851837163,4.742089748382568,-4.847363471984863,2
-100,-45,7,4.722949504852295,-6.7997069358825675,5.7852540016174325,-68,26,16,6.7422852516174325,2.60791015625,-2.5169923305511475,2
25,30,17,5.924023628234862,-6.522168159484862,-0.03349609300494194,-157,135,24,7.455273628234862,3.033789157867432,7.5126953125,2
171,110,-7,3.7802734375,-4.655957221984863,-1.933203220367432,-173,182,23,6.857129096984862,2.9189453125,15.04931640625,2
148,157,-12,0.69384765625,-0.6507812738418579,1.4642578363418581,-163,185,25,5.019629001617432,0.4019531309604645,16.972949981689453,2
83,153,11,0.5694336295127869,1.9619140625,3.4740235805511475,-177,163,42,5.421582221984863,1.79443359375,15.88671875,2
62,108,23,3.0242187976837163,0.5790039300918579,7.187304973602295,-158,116,64,7.0341796875,0.11005859822034836,11.498730659484865,2
-72,9,41,3.0959961414337163,1.9666992425918581,10.45556640625,-19,63,41,5.292382717132568,-1.7896484136581419,8.15869140625,2
-152,-69,61,1.9044922590255735,-2.502636671066284,11.65185546875,140,-42,-23,4.689453125,-1.2776367664337158,13.168749809265135,2
-231,-173,76,1.5168945789337158,-7.0389647483825675,15.704883575439453,190,-162,-37,2.8854491710662837,0.39716798067092896,8.364453315734862,2
-322,-214,39,1.7800781726837158,-7.0054688453674325,14.56601619720459,140,-205,7,2.08154296875,3.225195407867432,4.454980373382568,2
-284,-166,-16,2.411718845367432,-7.3165040016174325,14.1640625,86,-177,36,3.296972751617432,4.746875286102295,-1.0862305164337158,2
-137,-103,-36,3.0768554210662837,-7.838086128234862,10.52255916595459,-19,-61,39,5.38330078125,3.3639647960662837,-4.909570217132568,2
-46,-52,-37,5.062695503234863,-7.3021483421325675,3.785058736801148,-42,55,15,7.431347846984862,4.143945217132568,1.8949218988418581,2
-2,27,-11,5.182324409484863,-4.292285442352295,-2.0624024868011475,-150,136,28,7.120312690734862,6.1919922828674325,10.225878715515137,2
0,82,24,3.56494140625,-3.51708984375,-0.4115234315395355,-221,176,47,6.421679973602295,3.4835937023162837,15.968067169189453,2
44,95,28,2.842382907867432,-3.9094727039337163,1.2297852039337158,-135,156,34,5.2158203125,1.1867188215255735,16.776758193969727,2
74,84,28,3.9573242664337163,-2.019335985183716,2.1102540493011475,-101,126,15,5.732617378234862,1.4929687976837158,13.9248046875,2
58,63,33,4.995703220367432,0.03828125074505806,4.670312404632568,-120,79,29,6.6800780296325675,2.8615233898162837,10.02011775970459,2
-53,-4,16,5.780468940734862,-3.13427734375,11.422167778015135,-11,24,39,6.809277534484862,1.4690430164337158,6.986328125,2
-79,-47,5,3.847265720367432,-3.464453220367432,12.494043350219727,44,-49,33,4.61767578125,0.7799804806709291,8.78076171875,2
-133,-84,25,1.885351657867432,-6.4168944358825675,16.417871475219727,82,-148,14,1.6604492664337158,0.6890625357627869,8.24960994720459,2
-190,-96,30,1.5791015625,-7.283008098602295,16.288671493530273,82,-181,1,1.201074242591858,1.6843750476837158,4.167870998382568,2
-193,-87,39,2.698828220367432,-7.2255859375,12.19736385345459,31,-132,6,4.143945217132568,4.804296970367432,-1.8135741949081419,2
-106,-78,21,5.7230467796325675,-7.952929973602295,4.828222751617432,-52,15,3,6.4791016578674325,2.9763672351837163,-1.50732421875,2
-62,-10,11,5.565136909484863,-3.1916992664337163,-3.2682616710662837,-105,99,38,8.508008003234862,3.42138671875,5.565136909484863,2
13,75,0,2.598339796066284,-3.3783204555511475,-1.26806640625,-118,131,32,7.6371097564697275,2.0145509243011475,11.560937881469727,2
17,96,4,0.4976562559604645,-2.7083985805511475,4.699023723602295,-112,139,24,4.880859375,1.9188476800918581,16.106836318969727,2
31,88,21,0.3349609375,-2.866308689117432,4.2587890625,-93,139,8,4.225293159484863,2.3016602993011475,16.575780868530273,2
56,84,30,1.201074242591858,-1.6604492664337158,4.230078220367432,-93,112,9,5.445508003234863,2.071972608566284,12.618456840515135,2
102,58,19,2.94287109375,-0.20097656548023224,8.675488471984862,-33,50,5,7.354785442352295,1.5216797590255735,11.082422256469727,2
-79,-46,46,4.349707126617432,-0.861328125,11.3408203125,41,-31,8,6.6465821266174325,0.69384765625,9.92441463470459,2
-214,-134,57,4.335351467132568,-6.1680665016174325,12.852930068969727,113,-125,2,3.923828125,1.095800757408142,8.35009765625,2
-255,-200,21,2.555273532867432,-8.862109184265137,14.393750190734865,96,-173,31,2.2059571743011475,3.3878905773162837,5.306738376617432,2
-243,-193,-13,2.0624024868011475,-8.235254287719728,14.08750057220459,70,-181,55,2.2059571743011475,4.13916015625,1.851855516433716,2
-151,-134,-25,3.5458009243011475,-8.460156440734862,10.771387100219727,19,-120,57,3.6462891101837163,4.708593845367432,-4.244433879852295,2
-91,-83,-12,5.483788967132568,-7.82373046875,5.397656440734863,-112,26,48,6.05322265625,1.8566406965255735,-3.153418064117432,2
-24,-9,13,7.1729493141174325,-6.780566692352295,-1.057519555091858,-111,121,14,8.101269721984862,3.4070312976837163,7.809375286102295,2
73,89,26,5.129687786102295,-4.689453125,-2.6126954555511475,-121,152,4,7.9242191314697275,5.924023628234862,14.967968940734865,2
21,150,44,2.765820264816284,-3.0433595180511475,-0.32060548663139343,-75,164,4,6.7662110328674325,3.737207174301148,16.69062614440918,2
23,150,38,1.5599609613418581,-2.89501953125,0.9091796875,-76,145,6,6.5269532203674325,3.464453220367432,13.771679878234865,2
120,119,8,2.071972608566284,-0.5311523675918579,2.9189453125,-57,97,0,7.091601848602295,3.5314452648162837,11.393457412719727,2
72,26,23,3.689355611801148,2.3016602993011475,11.068066596984863,-37,12,20,8.484082221984862,3.541015625,9.292773246765137,2
-107,-107,32,5.010058879852295,-4.459765911102295,14.15927791595459,16,-69,26,5.211035251617432,1.818359375,6.541308879852295,2
-188,-180,14,3.201269626617432,-7.1729493141174325,16.058984756469727,58,-165,29,2.2298829555511475,2.363867282867432,6.9815430641174325,2
-205,-182,-3,3.0146484375,-7.354785442352295,16.719335556030273,54,-214,60,2.430859327316284,4.938281536102295,3.1390626430511475,2
-148,-136,-20,4.584179878234863,-8.15869140625,13.25009822845459,24,-167,76,4.249218940734863,4.435840129852295,-5.306738376617432,2
-61,-87,-19,6.0819334983825675,-6.3355469703674325,5.895312786102295,-93,-25,58,6.306836128234862,1.2919921875,-6.9576172828674325,2
-14,6,-1,5.947949409484862,-4.488476753234863,-4.502831935882568,-108,102,33,7.6514649391174325,2.048046827316284,3.8855469226837163,2
20,122,18,1.8231445550918581,-3.4596679210662837,-4.498046875,-102,153,18,8.10605525970459,2.737109422683716,12.546679496765135,2
15,165,26,-0.88525390625,-0.95703125,2.330371141433716,-80,174,-11,7.3165040016174325,4.40234375,15.97763729095459,2
-39,130,45,0.8469726443290709,-1.033593773841858,3.7228517532348633,-63,185,-19,7.3643555641174325,4.062597751617432,15.95371150970459,2
3,107,40,3.225195407867432,-0.5790039300918579,3.9094727039337163,-45,161,-22,9.082226753234863,2.8615233898162837,13.240527153015135,2
-66,12,23,6.110644817352295,-1.9044922590255735,12.450976371765135,-3,100,-7,9.766504287719727,3.0290038585662837,8.785547256469728,2
-158,-131,8,4.861718654632568,-4.813867092132568,13.403223037719727,26,12,7,6.0484375953674325,1.885351657867432,9.316699028015137,2
-153,-216,-9,4.292285442352295,-7.6083984375,15.728809356689453,25,-122,27,2.406933546066284,3.51708984375,7.976855754852295,2
-151,-257,-26,4.1630859375,-10.14453125,16.52314567565918,-6,-215,79,0.13876953721046448,4.5458984375,3.5936524868011475,2
-117,-192,-49,5.86181640625,-9.80478572845459,12.55625057220459,6,-201,100,3.3639647960662837,2.9572265148162837,-2.9715821743011475,2
-58,-82,-41,6.794921875,-6.857129096984862,5.349804878234863,-56,-98,85,6.0962891578674325,2.99072265625,-6.617871284484862,2
-34,11,2,7.29736328125,-4.770801067352295,-0.8661133050918579,-142,52,55,7.330859661102295,1.5216797590255735,-0.6029297113418579,2
14,108,35,4.7373046875,-4.033886909484863,-5.014843940734863,-103,141,31,6.91455078125,1.5216797590255735,10.608691215515137,2
24,190,64,0.8900390863418579,-1.7705078125,-2.550488233566284,-93,180,15,7.216015815734862,2.071972608566284,14.752636909484865,2
5,206,68,-0.7464843988418579,-0.20576171576976776,2.287304639816284,-66,195,0,6.3211913108825675,2.4212892055511475,16.169042587280273,2
46,170,44,1.5934571027755735,-0.8661133050918579,4.320996284484863,-58,178,4,7.5079102516174325,2.167675733566284,14.489453315734865,2
22,82,27,4.120019435882568,1.0623047351837158,10.101465225219727,-13,133,4,8.340527534484862,1.65087890625,11.89111328125,2
-155,-63,37,4.057812690734863,-1.7417968511581419,12.111230850219727,34,59,-2,6.34033203125,0.5790039300918579,11.5322265625,2
-170,-145,25,3.6271483898162837,-4.732519626617432,13.666406631469727,99,-65,-18,4.239648342132568,2.717968702316284,10.25937557220459,2
-158,-202,-7,3.679785251617432,-9.70908260345459,15.590039253234865,68,-165,30,0.937890648841858,5.211035251617432,5.244531154632568,2
-179,-203,-18,1.923632860183716,-9.30712890625,15.484766006469727,36,-205,95,0.8948242068290709,4.124804973602295,2.51220703125,2
-137,-160,-28,3.03857421875,-9.407617568969727,13.077832221984865,-3,-175,104,3.828125,2.938086032867432,-4.014746189117432,2
-81,-109,-20,5.2158203125,-6.928906440734862,5.636914253234862,-120,-49,75,7.4361329078674325,1.1149414777755735,-5.5029296875,2
-29,-7,15,5.091406345367432,-3.488379001617432,-4.694238185882568,-172,71,53,9.30712890625,2.12939453125,4.502831935882568,2
95,119,28,2.22509765625,-3.66064453125,-4.90478515625,-149,130,50,8.73291015625,1.98583984375,13.096972465515135,2
155,168,19,0.478515625,-0.16748046875,0.95703125,-104,154,18,7.139453411102295,1.4451172351837158,15.61875057220459,2
7,144,53,2.507421970367432,1.861425876617432,3.6271483898162837,-80,148,8,8.005566596984862,2.79931640625,13.475000381469727,2
-60,101,60,4.986133098602295,-2.4212892055511475,7.7950196266174325,24,139,-14,8.139551162719728,-0.03828125074505806,8.244824409484862,2
-92,31,13,5.569921970367432,-4.646386623382568,11.522656440734865,115,111,-34,7.259082317352295,1.7178710699081419,8.641992568969728,2
-160,-42,-7,3.6223633289337163,-4.081738471984863,13.833887100219727,110,29,-32,5.7900390625,2.3255860805511475,11.757128715515135,2
-176,-98,-12,2.2298829555511475,-6.785351753234862,16.671483993530273,89,-99,-3,3.0768554210662837,5.464648723602295,9.627734184265137,2
-138,-145,-11,0.703417956829071,-9.25927734375,16.704980850219727,37,-187,74,0.3349609375,7.0772461891174325,5.28759765625,2
-121,-163,-10,1.1388672590255735,-9.35498046875,12.599316596984865,-4,-198,136,1.0862305164337158,5.091406345367432,-1.8949218988418581,2
-115,-133,-9,3.761132955551148,-7.881152629852295,5.196679592132568,-25,-103,115,5.196679592132568,2.167675733566284,-9.264062881469727,2
-77,-59,6,5.043554782867432,-4.411914348602295,-0.8517578244209291,-99,26,75,7.814160346984862,1.3541992902755735,-2.65576171875,2
17,35,27,2.9715821743011475,-3.0242187976837163,-4.062597751617432,-116,107,38,8.149121284484862,2.287304639816284,6.62744140625,2
42,102,37,0.20097656548023224,-2.6844727993011475,-1.311132788658142,-98,141,7,8.048632621765138,4.560254096984863,14.580370903015135,2
0,106,46,-0.17226563394069672,-1.320703148841858,3.3161132335662837,-73,153,-23,7.311718940734862,4.660742282867432,16.944238662719727,2
-5,99,62,2.9572265148162837,-0.6029297113418579,2.583984375,-43,132,-33,8.63242244720459,3.94775390625,14.78134822845459,2
28,87,39,6.282910346984862,-2.9955079555511475,8.78076171875,5,96,-35,10.891016006469727,3.9621095657348633,10.0009765625,2
-53,-35,-16,6.9384765625,-4.120019435882568,15.12109375,50,66,-9,8.97216796875,3.7707033157348633,6.809277534484862,2
-148,-119,-24,4.90478515625,-4.780371189117432,13.570703506469727,33,-32,26,5.7613282203674325,4.622460842132568,8.6611328125,2
-182,-188,-21,3.0194337368011475,-8.87168025970459,16.84375,-7,-139,84,2.000195264816284,5.703906536102295,6.254199504852295,2
-176,-218,-34,2.2777345180511475,-10.0009765625,14.61865234375,-29,-181,129,1.6125977039337158,5.16796875,2.17724609375,2
-119,-169,-48,3.904687643051148,-9.431543350219727,8.862109184265137,-47,-138,137,3.4022462368011475,3.1007812023162837,-4.995703220367432,2
-51,-65,-21,5.282812595367432,-5.8809571266174325,2.0576171875,-86,-20,87,5.6943359375,0.7751953005790709,-6.3833985328674325,2
-16,20,33,5.9527344703674325,-5.072265625,0.4258789122104645,-152,94,44,6.8379883766174325,0.32060548663139343,1.000097632408142,2
19,76,65,4.789941310882568,-4.943066596984863,-0.8469726443290709,-39,117,-8,7.3500003814697275,2.79931640625,10.125391006469727,2
8,112,85,3.3543946743011475,-2.12939453125,-0.4115234315395355,16,114,-40,7.9625000953674325,4.660742282867432,12.934277534484865,2
-68,132,107,2.215527296066284,-1.1580078601837158,0.13398437201976776,54,120,-69,7.742383003234862,4.799511909484863,13.312304496765135,2
-77,113,88,2.17724609375,-4.048242092132568,2.6796875,24,100,-74,7.6036133766174325,5.6512694358825675,13.029980659484865,2
-12,81,36,3.737207174301148,-4.0673828125,4.072167873382568,15,51,-63,8.976953506469727,6.593945503234862,11.46044921875,2
-22,14,-17,6.5508790016174325,-6.1680665016174325,10.752245903015137,0,-2,-20,9.933984756469727,7.2686524391174325,6.8475584983825675,2
-84,-91,-47,5.507714748382568,-6.7183594703674325,12.924707412719727,14,-32,22,8.1826171875,6.4647459983825675,5.33544921875,2
-122,-169,-40,3.0481445789337163,-8.01035213470459,15.915430068969727,-25,-70,81,5.182324409484863,7.9385743141174325,3.923828125,2
-107,-200,-40,1.4642578363418581,-10.350293159484863,16.465723037719727,-75,-98,133,2.9093749523162837,6.5269532203674325,2.938086032867432,2
-71,-168,-41,2.646191358566284,-10.326367378234863,11.962890625,-80,-103,148,1.995410203933716,4.0673828125,-1.8327149152755735,2
-24,-93,-35,4.823437690734863,-8.23046875,4.483691692352295,-84,-32,118,4.029101848602295,1.047949194908142,-6.3833985328674325,2
-45,-13,5,5.95751953125,-5.636914253234862,0.7704101800918579,-155,71,72,6.756640911102295,-0.20576171576976776,-2.7801759243011475,2
3,53,30,6.086719036102295,-4.057812690734863,-1.0048828125,-88,121,-2,7.474414348602295,1.6795898675918581,7.1250977516174325,2
0,104,54,4.416699409484863,-2.071972608566284,-0.2918945252895355,-27,126,-34,6.9097657203674325,4.301855564117432,14.09228515625,2
-58,131,85,1.909277439117432,-1.6843750476837158,0.0,-34,141,-33,7.4600586891174325,3.4548828601837163,14.680859565734865,2
-53,131,81,1.5408203601837158,-2.94287109375,2.100683689117432,-47,145,-26,7.359570503234862,3.5936524868011475,13.987011909484865,2
8,104,50,2.6318359375,-1.6221679449081419,4.086523532867432,-38,112,-25,7.957715034484862,3.273046970367432,13.111328125,2
-3,39,26,5.115332126617432,-2.79931640625,9.651659965515137,27,42,-31,9.61337947845459,4.086523532867432,11.541796684265135,2
-74,-91,8,6.220703125,-5.498144626617432,14.508593559265135,47,-32,-5,7.067676067352295,4.316211223602295,7.455273628234862,2
-139,-181,-4,3.4309570789337163,-7.6753907203674325,15.078027725219727,25,-97,40,4.40234375,4.627246379852295,6.1776366233825675,2
-187,-220,-27,2.402148485183716,-9.20664119720459,15.843652725219727,-18,-148,89,2.244238376617432,5.517285346984863,4.048242092132568,2
-162,-197,-52,3.5218751430511475,-9.5703125,13.623339653015135,-62,-169,128,1.6173828840255735,4.847363471984863,0.13398437201976776,2
-68,-128,-65,5.234961032867432,-9.06787109375,7.6371097564697275,-61,-130,108,4.3544921875,1.7992187738418581,-4.158300876617432,2
-36,-46,-37,6.5604491233825675,-5.656054973602295,1.5503906011581419,-89,-42,53,7.9242191314697275,1.1101562976837158,-5.14404296875,2
-6,44,18,6.833203315734862,-3.679785251617432,-0.9666016101837158,-105,42,5,9.890917778015137,2.94287109375,1.129296898841858,2
-2,107,66,5.397656440734863,-3.3065431118011475,-0.4019531309604645,-109,101,-13,9.048730850219727,2.052832126617432,7.833301067352295,2
-16,151,90,2.765820264816284,-3.895117282867432,-0.10048828274011612,-51,151,-14,7.8667969703674325,1.5647461414337158,11.804980278015135,2
-7,171,86,1.392480492591858,-3.4357421398162837,1.875781297683716,-115,201,16,6.38818359375,1.9666992425918581,13.408007621765135,2
37,148,49,1.6413086652755735,-2.201171875,3.512304782867432,-142,212,37,6.062793254852295,1.5791015625,14.298047065734865,2
36,94,22,1.6365234851837158,0.22968751192092896,5.560351848602295,-104,175,33,6.8236327171325675,2.148535251617432,13.29794979095459,2
64,30,11,2.234668016433716,-1.2824219465255735,10.556055068969727,-70,124,24,7.29736328125,1.4164062738418581,11.9150390625,2
-25,-68,39,2.579199314117432,-0.287109375,14.001367568969727,23,58,1,6.1919922828674325,-0.27753907442092896,11.589648246765135,2
-125,-133,62,2.9476563930511475,-3.4309570789337163,12.881640434265135,131,-30,-36,5.359375,0.655566394329071,12.79550838470459,2
-155,-178,44,4.01953125,-4.837792873382568,12.886425971984865,121,-114,-10,4.512402534484863,3.5553710460662837,8.30224609375,2
-168,-206,6,4.670312404632568,-4.76123046875,11.661425590515135,49,-155,64,2.746679782867432,5.23974609375,4.273144721984863,2
-161,-203,-27,4.914355754852295,-6.067578315734862,12.044238090515135,5,-183,120,1.4546874761581419,4.579394817352295,3.5553710460662837,2
-118,-166,-55,5.971875190734862,-6.9576172828674325,11.541796684265135,-34,-204,133,2.043261766433716,3.0002930164337163,1.3494141101837158,2
-92,-104,-54,6.8236327171325675,-5.919238567352295,7.7710938453674325,-48,-185,86,5.43115234375,1.4499024152755735,-1.818359375,2
-79,-31,-14,6.5987305641174325,-3.3161132335662837,2.143749952316284,-45,-113,22,8.857324600219727,2.41650390625,-3.828125,2
