-12,1,16,-7.732812881469727,-3.627148389816284,3.8424806594848633,0,8,-14,-6.995898723602295,1.693945288658142,6.665722846984863,1
-10,3,16,-7.4696292877197275,-3.5792968273162837,3.8185548782348633,4,6,-11,-6.8619141578674325,1.7035156488418581,6.756640911102295,1
-5,5,18,-7.622754096984862,-3.617578268051148,4.033886909484863,6,3,-9,-7.0293946266174325,1.5168945789337158,6.924121379852295,1
-4,4,20,-7.522265911102295,-3.8185548782348633,4.120019435882568,14,0,-12,-6.8954100608825675,1.3972656726837158,6.857129096984862,1
0,2,18,-7.63232421875,-3.9812500476837163,4.191796779632568,14,0,-9,-6.8379883766174325,1.4546874761581419,6.713574409484862,1
-4,-2,14,-7.8045902252197275,-3.928613424301148,4.129590034484863,7,2,-9,-6.708789348602295,1.2537109851837158,6.5604491233825675,1
-12,-7,8,-7.952929973602295,-3.785058736801148,3.9142580032348633,7,4,-14,-6.713574409484862,1.5695313215255735,6.7757811546325675,1
-25,-13,1,-8.024706840515138,-3.3161132335662837,3.5266602039337163,15,6,-14,-6.5125975608825675,2.311230421066284,7.306933879852295,1
-47,-19,-1,-8.15869140625,-2.866308689117432,3.4740235805511475,37,-10,-10,-5.900097846984862,3.512304782867432,10.039258003234863,1
-71,-22,-1,-7.881152629852295,-2.94287109375,3.46923828125,108,-46,3,-5.364160060882568,7.05810546875,11.379101753234865,1
-63,-14,-5,-7.598828315734862,-3.2108399868011475,3.608007907867432,117,-94,56,-5.7613282203674325,9.01523494720459,11.206835746765137,1
-43,-6,-1,-7.9385743141174325,-3.0242187976837163,4.493261814117432,145,-130,120,-7.7328128814697275,11.115918159484863,10.780957221984863,1
-44,-12,7,-7.29736328125,-3.1151368618011475,6.1441407203674325,145,-137,193,-8.58457088470459,11.93896484375,8.938672065734863,1
-57,-33,17,-8.091699600219728,-3.5314452648162837,6.2637696266174325,164,-130,236,-7.0772461891174325,10.59433650970459,6.684863567352295,1
-92,-52,38,-8.570215225219728,-3.703711032867432,4.383203029632568,153,-94,257,-3.349609375,9.819140434265137,4.268359661102295,1
-103,-67,38,-7.1250977516174325,-4.325781345367432,2.593554735183716,154,-55,253,0.09091796725988388,6.5987305641174325,1.215429663658142,1
-120,-82,43,-6.9911131858825675,-4.794726848602295,1.392480492591858,119,8,227,2.052832126617432,3.0529296398162837,-1.8949218988418581,1
-127,-92,65,-6.8714842796325675,-5.47900390625,0.468945324420929,77,102,146,2.215527296066284,-0.88525390625,-4.273144721984863,1
-150,-91,80,-6.373828411102295,-5.732617378234862,-0.11484375596046448,59,208,28,0.3828125,-1.7035156488418581,-3.871191501617432,1
-149,-81,79,-6.5508790016174325,-6.1537108421325675,-0.5933594107627869,17,278,-69,-2.789746046066284,-1.7274414300918581,-1.5503906011581419,1
-126,-66,79,-7.096386909484862,-5.565136909484863,-0.1435546875,44,315,-184,-6.1297850608825675,-1.335058569908142,0.7991210818290709,1
-118,-58,81,-6.4073243141174325,-4.56982421875,0.07656250149011612,-47,300,-254,-9.871777534484863,0.9761719107627868,3.8137695789337163,1
-104,-54,77,-5.455078125,-4.086523532867432,0.583789050579071,-103,275,-281,-12.46533203125,2.392578125,8.641992568969728,1
-74,-50,95,-9.51767635345459,-5.416797161102295,2.143749952316284,-158,204,-227,-21.55712890625,10.048828125,19.437305450439453,1
-48,-38,142,-13.288378715515135,-6.330761909484862,3.225195407867432,-39,46,-37,-18.470703125,13.163965225219727,27.485937118530273,1
-73,0,130,-10.436426162719727,-6.8619141578674325,3.6750001907348633,153,-128,99,-13.809961318969727,13.929590225219727,24.89238357543945,1
97,37,54,-8.450586318969728,-8.292675971984862,3.2204101085662837,197,-263,218,-12.857714653015135,11.350390434265135,18.848730087280273,1
188,34,-10,-8.125195503234862,-4.526757717132568,3.928613424301148,155,-318,290,-11.450879096984865,8.27353572845459,10.158886909484863,1
44,-4,-2,-7.6371097564697275,-2.426074266433716,3.847265720367432,107,-315,285,-7.87158203125,2.8854491710662837,2.4691407680511475,1
-70,-34,-3,-6.5508790016174325,-3.5266602039337163,2.650976657867432,92,-227,238,-3.713281393051148,-0.9522461295127868,-5.8426756858825675,1
-38,-40,-17,-7.6993165016174325,-4.5458984375,1.9619140625,12,-67,150,-0.32060548663139343,-3.6989259719848633,-10.398144721984863,1
-19,-39,-15,-7.6993165016174325,-3.13427734375,1.320703148841858,-26,93,27,0.5311523675918579,-6.014941692352295,-9.790430068969727,1
-73,-36,-13,-6.7518553733825675,-2.698828220367432,0.5215820670127869,4,212,-102,-1.2345703840255735,-4.009961128234863,-6.2015624046325675,1
-83,-24,-35,-5.971875190734862,-3.1629884243011475,0.32060548663139343,34,266,-206,-4.086523532867432,-0.9522461295127868,0.08134765923023224,1
-60,-12,-39,-8.268750190734862,-3.2634766101837163,0.19140625,-22,278,-257,-6.230273723602295,3.0433595180511475,3.5553710460662837,1
-50,7,-1,-10.45078182220459,-3.66064453125,1.095800757408142,-95,280,-329,-16.781543731689453,9.431543350219727,11.661425590515135,1
-72,36,23,-10.082324028015137,-4.962207317352295,2.043261766433716,-128,213,-263,-21.528417587280273,14.78134822845459,19.58564567565918,1
-30,73,9,-9.694726943969727,-7.6610355377197275,2.32080078125,-29,58,-114,-16.958593368530273,10.412500381469727,22.71992301940918,1
57,107,-5,-10.182812690734863,-8.479296684265138,1.8709961175918581,169,-60,-85,-11.331250190734865,10.57041072845459,17.614160537719727,1
69,124,-21,-7.29736328125,-8.22568416595459,1.3733398914337158,129,-138,-29,-5.7374024391174325,8.1826171875,8.766406059265138,1
109,121,-41,-7.383496284484862,-7.474414348602295,-0.2344726622104645,47,-176,-13,-4.325781345367432,4.191796779632568,4.086523532867432,1
112,104,-23,-7.1968750953674325,-5.7421875,-0.39238283038139343,45,-166,-71,-3.6845703125,1.33984375,1.272851586341858,1
106,91,-3,-6.660937786102295,-5.062695503234863,-0.36845704913139343,33,-132,-118,-3.0146484375,1.1962890625,0.6747070550918579,1
135,76,0,-6.8236327171325675,-4.249218940734863,0.09091796725988388,6,-85,-167,-2.9476563930511475,1.6221679449081419,0.7177734375,1
140,52,10,-7.1011719703674325,-3.2682616710662837,0.559863269329071,21,-30,-231,-4.42626953125,2.402148485183716,2.2059571743011475,1
94,26,26,-6.34033203125,-2.5648438930511475,0.3875976502895355,0,23,-251,-6.4168944358825675,4.411914348602295,4.177441596984863,1
33,11,40,-6.72314453125,-3.158203125,1.2919921875,-42,59,-212,-7.84765625,4.751660346984863,5.703906536102295,1
-1,-7,69,-8.555859565734862,-4.651172161102295,1.5599609613418581,-88,86,-166,-10.005762100219727,4.722949504852295,7.9912109375,1
-4,-23,85,-8.622851371765138,-5.6512694358825675,1.861425876617432,-85,95,-117,-8.675488471984862,3.689355611801148,8.555859565734862,1
-7,-35,76,-9.455469131469727,-6.6322264671325675,2.646191358566284,-37,75,-61,-8.35009765625,3.2060546875,9.603808403015137,1
-20,-43,36,-9.06308650970459,-8.574999809265138,2.363867282867432,17,41,-7,-7.15380859375,1.382910132408142,9.991406440734863,1
-81,-46,-15,-8.196972846984862,-9.97226619720459,1.84228515625,71,6,20,-7.3643555641174325,1.5743163824081419,9.436327934265137,1
-61,-33,-109,-8.809473037719727,-14.097070693969727,1.4164062738418581,50,-19,36,-8.41709041595459,0.6747070550918579,8.909960746765137,1
-107,-10,-226,-8.914746284484863,-15.489551544189453,1.7370117902755735,54,-49,30,-6.493457317352295,-1.12451171875,6.2398438453674325,1
-100,39,-316,-10.31201171875,-17.41796875,0.64599609375,147,-54,-11,-8.144335746765138,0.21533203125,5.258886814117432,1
-59,76,-348,-8.58457088470459,-15.47998046875,-0.03349609300494194,149,-40,-40,-8.48886775970459,2.583984375,4.536328315734863,1
-49,105,-348,-5.7900390625,-11.76669979095459,0.26318359375,120,-27,-54,-7.4122071266174325,2.569628953933716,4.115234375,1
-40,115,-326,-3.541015625,-5.541211128234863,-0.16269531846046448,105,-20,-59,-6.565234661102295,2.75146484375,4.220508098602295,1
-52,112,-260,-2.7562501430511475,0.913964867591858,-1.1580078601837158,104,-19,-67,-6.828418254852295,2.9189453125,4.431054592132568,1
-91,111,-143,-1.7035156488418581,4.646386623382568,-2.56005859375,113,-19,-78,-7.63232421875,3.2682616710662837,4.287499904632568,1
-144,121,21,-2.028906345367432,5.7948241233825675,-3.6032226085662837,106,-17,-82,-8.192187309265138,3.5027344226837163,3.9860353469848633,1
-133,132,181,-4.483691692352295,3.6462891101837163,-3.0625,100,-10,-88,-7.450488567352295,3.1869142055511475,3.7467775344848633,1
-113,140,334,-9.010449409484863,1.33984375,-1.5647461414337158,98,0,-92,-5.852246284484862,3.2874023914337163,3.1103515625,1
-63,142,431,-13.460644721984865,-5.373730659484863,1.3876953125,84,4,-86,-5.775683879852295,3.464453220367432,3.3831055164337163,1
49,178,436,-17.906055450439453,-16.274316787719727,7.24951171875,61,8,-84,-9.000879287719727,4.239648342132568,5.182324409484863,1
81,125,228,-22.78691482543945,-34.017677307128906,15.848438262939453,1,15,-81,-13.460644721984865,4.971777439117432,7.9864258766174325,1
-61,-1,-79,-13.29794979095459,-28.50517654418945,14.082715034484865,-2,13,-40,-9.943554878234863,3.8185548782348633,6.8427734375,1
-2,-61,-252,-10.14453125,-20.179004669189453,9.053515434265137,0,3,9,-8.484082221984862,4.459765911102295,6.1441407203674325,1
19,-101,-311,-7.9002933502197275,-10.991503715515137,3.2874023914337163,-61,-8,40,-7.598828315734862,3.536230564117432,5.244531154632568,1
-5,-105,-306,-6.517383098602295,-4.909570217132568,-0.10048828274011612,-42,-20,40,-6.593945503234862,2.1533203125,5.019629001617432,1
-35,-82,-255,-3.9094727039337163,-0.535937488079071,-2.383007764816284,-6,-25,26,-6.6705079078674325,2.5409181118011475,4.512402534484863,1
-18,-50,-163,-0.2440429776906967,2.196386814117432,-4.1630859375,4,-21,15,-6.976758003234862,2.019335985183716,4.435840129852295,1
-40,9,-23,2.234668016433716,5.110547065734863,-4.995703220367432,39,-11,0,-5.995800971984862,2.296875,3.5697267055511475,1
-65,72,134,0.8230468630790709,5.7852540016174325,-3.4788086414337163,22,-2,5,-5.388085842132568,2.555273532867432,2.9572265148162837,1
-108,111,279,-3.4022462368011475,4.502831935882568,-2.071972608566284,8,4,1,-6.8140625953674325,2.244238376617432,3.158203125,1
-103,102,394,-9.11093807220459,-0.669921875,2.32080078125,-12,8,-13,-8.173047065734862,2.603125095367432,4.646386623382568,1
30,28,442,-17.556737899780273,-11.206835746765137,6.1680665016174325,-31,15,-16,-9.97226619720459,2.435644626617432,5.684765815734862,1
20,-45,417,-27.844823837280273,-17.188282012939453,7.4457035064697275,-4,42,-17,-10.780957221984863,2.569628953933716,7.235156536102295,1
-148,-117,275,-20.700586318969727,-17.21699333190918,6.0580077171325675,-62,64,10,-9.058300971984863,4.71337890625,6.3594727516174325,1
-174,-134,127,-12.67587947845459,-12.259570121765135,3.057714939117432,-147,65,52,-7.335644721984862,3.3017578125,6.0962891578674325,1
-128,-150,55,-9.359766006469727,-9.02001953125,-0.287109375,-109,56,33,-6.3642578125,1.5838867425918581,6.9193358421325675,1
-77,-149,22,-6.8714842796325675,-6.493457317352295,-1.392480492591858,-90,46,1,-6.660937786102295,3.4022462368011475,5.8331055641174325,1
-66,-135,14,-5.440722942352295,-3.990820407867432,-1.0670899152755735,-151,34,0,-7.3260741233825675,4.1630859375,4.679883003234863,1
-95,-112,31,-5.163183689117432,-3.033789157867432,-1.1340820789337158,-176,13,20,-7.72802734375,3.158203125,4.364062786102295,1
-100,-81,57,-5.560351848602295,-3.37353515625,-0.6651367545127869,-113,-6,25,-8.35009765625,2.617480516433716,4.469336032867432,1
-75,-49,86,-6.7183594703674325,-4.000390529632568,0.7129883170127869,-67,-15,23,-8.814257621765137,3.2156250476837163,3.6845703125,1
-45,-11,108,-7.29736328125,-4.565039157867432,2.2298829555511475,-55,-11,35,-8.043848037719728,3.201269626617432,3.1151368618011475,1
-12,13,108,-7.4169921875,-4.746875286102295,4.316211223602295,-45,-3,46,-7.44091796875,3.0433595180511475,2.545703172683716,1
0,33,95,-7.24951171875,-4.823437690734863,4.459765911102295,-45,11,43,-7.2064452171325675,2.789746046066284,2.60791015625,1
16,43,68,-8.359667778015138,-4.722949504852295,5.9048829078674325,-52,27,25,-8.551074028015138,3.942968845367432,5.421582221984863,1
-82,-3,69,-9.790430068969727,-3.6845703125,7.72802734375,-89,-1,63,-10.996289253234863,8.675488471984862,10.005762100219727,1
-179,-47,62,-6.8475584983825675,-4.780371189117432,4.742089748382568,12,-68,154,-10.254590034484863,9.106152534484863,13.283594131469727,1
-152,-42,39,-7.641894817352295,-4.727734565734863,3.923828125,58,-137,246,-11.857617378234865,12.403124809265135,13.10654354095459,1
-85,-35,41,-8.043848037719728,-5.043554782867432,3.0529296398162837,96,-175,315,-12.22128963470459,12.2021484375,12.910351753234865,1
-57,-33,47,-7.58447265625,-4.287499904632568,2.2777345180511475,116,-209,346,-10.039258003234863,7.905078411102295,8.713769912719728,1
-67,-44,51,-8.364453315734862,-3.99560546875,1.909277439117432,224,-174,306,-6.125,4.732519626617432,3.5505859851837163,1
-119,-51,53,-8.0869140625,-3.7228517532348633,0.64599609375,145,-83,280,-2.8328125476837163,2.593554735183716,-0.961816430091858,1
-156,-49,48,-8.067773818969728,-3.952539205551148,0.2344726622104645,49,-4,219,-0.559863269329071,-0.3780273497104645,-3.3161132335662837,1
-137,-35,43,-8.139551162719728,-4.37841796875,0.19140625,81,92,86,-0.3780273497104645,-3.3065431118011475,-4.80908203125,1
-102,-21,46,-8.125195503234862,-4.13916015625,0.59814453125,68,190,-62,-2.282519578933716,-3.63671875,-3.641504049301148,1
-92,-14,48,-7.2734375,-3.9333984851837163,0.9283203482627868,52,254,-194,-5.349804878234863,-2.210742235183716,-1.191503882408142,1
-87,-10,42,-6.0101561546325675,-3.7659180164337163,1.119726538658142,-16,281,-273,-8.819043159484863,-0.6412109732627869,2.172461032867432,1
-72,-11,32,-5.33544921875,-3.689355611801148,1.5695313215255735,-65,277,-302,-11.33603572845459,6.0723633766174325,6.976758003234862,1
-45,-14,54,-10.52255916595459,-4.454980373382568,3.4261720180511475,-82,219,-243,-18.848730087280273,19.686132431030273,21.537988662719727,1
-12,0,103,-13.336230278015135,-5.469433784484863,4.153515815734863,-4,47,-16,-14.451171875,23.17451286315918,30.16084098815918,1
15,31,70,-10.608691215515137,-6.3690428733825675,5.603417873382568,102,-115,145,-11.283398628234865,19.097558975219727,24.925878524780273,1
132,35,-1,-9.5703125,-5.7708983421325675,4.368847846984863,153,-212,232,-10.579980850219727,13.2548828125,15.795801162719727,1
103,5,-39,-8.905176162719727,-2.9955079555511475,3.2586915493011475,51,-236,299,-7.766308784484862,7.1346678733825675,5.95751953125,1
-33,-30,-33,-9.39804744720459,-2.569628953933716,2.406933546066284,-4,-224,268,-4.40234375,1.047949194908142,-1.287207007408142,1
-97,-38,-25,-8.79990291595459,-3.3639647960662837,0.9522461295127868,13,-142,157,-0.57421875,-3.4979493618011475,-7.1825194358825675,1
-68,-26,-21,-7.4457035064697275,-3.560156345367432,0.6890625357627869,8,-32,28,1.981054782867432,-5.900097846984862,-8.503222465515138,1
-34,-12,-14,-6.737500190734862,-2.9955079555511475,0.13876953721046448,14,85,-104,0.93310546875,-4.981347560882568,-6.5556640625,1
-21,-2,-9,-5.9766602516174325,-2.6366212368011475,0.095703125,-13,167,-216,-2.143749952316284,-3.32568359375,-2.818457126617432,1
-27,0,1,-5.8331055641174325,-2.41650390625,0.10527344048023224,-23,210,-301,-5.756543159484862,0.1435546875,0.5694336295127869,1
-21,-1,19,-6.258984565734862,-3.0002930164337163,0.631640613079071,-45,217,-346,-9.005663871765137,3.6462891101837163,5.196679592132568,1
-22,-4,40,-9.335840225219727,-4.909570217132568,2.56005859375,-120,201,-307,-16.183399200439453,11.943750381469727,12.982129096984865,1
-61,16,48,-10.206738471984863,-7.4457035064697275,4.373632907867432,-151,102,-146,-19.700489044189453,16.886816024780273,21.384862899780273,1
11,45,3,-8.766406059265138,-9.551172256469727,4.033886909484863,5,7,-48,-15.3125,9.99619197845459,18.54248046875,1
112,62,-23,-8.359667778015138,-7.6036133766174325,1.933203220367432,69,-50,-22,-9.795214653015137,6.593945503234862,11.278613090515135,1
95,60,-12,-9.03916072845459,-6.7183594703674325,1.1962890625,15,-79,-25,-6.158496379852295,4.100879192352295,5.187109470367432,1
85,57,-24,-7.84765625,-5.995800971984862,0.21533203125,-5,-87,-61,-4.794726848602295,2.143749952316284,2.239453077316284,1
98,52,-40,-7.838086128234862,-4.66552734375,-0.2392578125,38,-78,-129,-4.871289253234863,1.7035156488418581,1.36376953125,1
101,48,-25,-7.5174808502197275,-3.990820407867432,-0.21054688096046448,23,-47,-176,-5.43115234375,2.583984375,1.9666992425918581,1
93,45,0,-7.216015815734862,-3.560156345367432,-0.15791015326976776,69,-16,-218,-6.182422161102295,3.1247069835662837,2.6844727993011475,1
108,44,15,-7.5796875953674325,-3.8759765625,0.12441406399011612,106,4,-229,-7.7088871002197275,4.986133098602295,3.75634765625,1
125,42,20,-8.043848037719728,-3.7946290969848633,0.7273437380790709,57,25,-187,-8.517578125,5.421582221984863,5.16796875,1
106,36,20,-8.20175838470459,-3.5553710460662837,0.9905273914337158,68,35,-145,-8.364453315734862,4.923925876617432,5.9766602516174325,1
74,24,13,-7.9242191314697275,-3.541015625,1.119726538658142,41,38,-98,-7.3021483421325675,5.014843940734863,5.603417873382568,1
47,19,0,-7.15380859375,-3.249121189117432,-0.07177734375,44,45,-68,-5.823535442352295,3.6462891101837163,5.416797161102295,1
32,27,0,-8.17783260345459,-3.129492282867432,-0.11484375596046448,74,50,-52,-6.258984565734862,3.617578268051148,6.325976848602295,1
28,42,29,-10.134961128234863,-4.852148532867432,0.937890648841858,68,23,-53,-8.651562690734862,0.937890648841858,10.106249809265137,1
-36,38,30,-9.80478572845459,-7.5126953125,2.9572265148162837,36,-3,-35,-8.44101619720459,-0.8326172232627869,9.919629096984863,1
-38,22,-89,-10.058398246765137,-16.489648818969727,3.8376953601837163,119,-24,-33,-9.488965034484863,1.3494141101837158,6.924121379852295,1
-126,33,-240,-10.795312881469727,-20.652734756469727,2.296875,17,-41,19,-9.220995903015137,1.995410203933716,4.335351467132568,1
-15,76,-393,-13.838671684265135,-20.85371208190918,-0.512011706829071,27,-28,-4,-7.574902534484862,-0.55029296875,3.9812500476837163,1
-1,82,-453,-14.47031307220459,-15.14501953125,-1.191503882408142,159,-15,-62,-8.426660537719728,1.923632860183716,3.5553710460662837,1
-58,86,-415,-10.938867568969727,-7.479199409484862,-1.3015625476837158,113,-25,-57,-7.761523723602295,4.254004001617432,2.5648438930511475,1
-63,99,-323,-7.1011719703674325,-0.4737304747104645,-2.08154296875,94,-24,-49,-7.2064452171325675,2.8041017055511475,3.296972751617432,1
-71,117,-170,-4.076953411102295,5.067480564117432,-2.646191358566284,147,-20,-75,-7.84765625,3.0002930164337163,3.1151368618011475,1
-93,127,24,-4.153515815734863,7.3260741233825675,-3.3400390148162837,135,-11,-77,-8.043848037719728,3.37353515625,3.2586915493011475,1
-111,130,231,-7.8285160064697275,5.751758098602295,-1.875781297683716,117,-1,-78,-7.5796875953674325,3.033789157867432,3.129492282867432,1
-36,112,384,-10.02011775970459,1.22021484375,0.8756836056709291,144,9,-84,-6.412109375,2.239453077316284,3.61279296875,1
0,122,427,-11.752344131469727,-13.63291072845459,4.215722560882568,198,1,-98,-5.947949409484862,3.751562595367432,5.627343654632568,1
13,127,229,-14.680859565734865,-37.08974838256836,8.05820369720459,88,-28,-60,-9.264062881469727,7.3165040016174325,6.086719036102295,1
-14,49,-77,-7.91943359375,-35.25703048706055,9.173144340515137,-52,-24,-6,-11.38388729095459,5.301953315734863,5.330664157867432,1
10,-5,-288,-8.072558403015138,-26.552831649780273,7.4361329078674325,-22,-4,3,-9.800000190734863,3.2347657680511475,5.531640529632568,1
30,-40,-390,-8.909960746765137,-15.279004096984865,4.014746189117432,-55,0,25,-9.034375190734863,4.584179878234863,5.258886814117432,1
13,-56,-368,-7.3643555641174325,-3.2634766101837163,0.5311523675918579,-89,-11,55,-7.1729493141174325,2.2298829555511475,4.689453125,1
-37,-40,-262,-4.177441596984863,4.454980373382568,-1.55517578125,1,-17,20,-6.48388671875,1.3015625476837158,4.536328315734863,1
-12,-6,-103,-0.93310546875,8.61328125,-3.727636814117432,24,-9,-5,-6.4551758766174325,2.354296922683716,3.6989259719848633,1
-46,20,90,-0.18662109971046448,8.938672065734863,-3.512304782867432,-1,10,-7,-6.7183594703674325,2.46435546875,3.689355611801148,1
-88,28,271,-1.79443359375,5.6416993141174325,-2.545703172683716,-16,27,-10,-6.780566692352295,1.981054782867432,3.89990234375,1
-70,18,397,-5.14404296875,0.13876953721046448,-0.8565430045127869,-4,32,-20,-6.708789348602295,1.2537109851837158,5.187109470367432,1
-5,6,431,-11.871973037719727,-15.91064453125,2.239453077316284,21,15,-46,-7.335644721984862,2.3734376430511475,6.86669921875,1
-26,39,309,-18.7099609375,-28.02187538146973,4.52197265625,-18,0,-33,-8.68027400970459,4.440625190734863,6.4886717796325675,1
-71,-51,112,-11.91025447845459,-26.85429763793945,6.043652534484862,-58,11,5,-9.27841854095459,4.627246379852295,5.627343654632568,1
-41,-130,13,-4.866504192352295,-16.240819931030273,2.8998048305511475,-69,34,42,-7.7088871002197275,4.751660346984863,4.775586128234863,1
-31,-159,-6,-1.7035156488418581,-8.5654296875,1.119726538658142,-105,42,67,-7.6275391578674325,4.775586128234863,4.277929782867432,1
0,-171,5,-1.7274414300918581,-6.565234661102295,-0.478515625,-130,41,75,-7.809375286102295,3.856836080551148,4.005176067352295,1
3,-175,38,-3.1151368618011475,-5.402441501617432,-1.7848633527755735,-111,33,67,-8.168261528015138,3.18212890625,4.172656536102295,1
-35,-162,62,-3.5027344226837163,-5.991015911102295,-1.933203220367432,-113,26,61,-8.067773818969728,3.3543946743011475,3.6702148914337163,1
-25,-139,77,-3.4118163585662837,-5.823535442352295,-0.93310546875,-108,19,61,-8.292675971984862,2.75146484375,3.63671875,1
-5,-114,106,-3.8903322219848633,-6.163281440734862,0.03828125074505806,-78,20,47,-7.838086128234862,2.665332078933716,3.416601657867432,1
12,-88,139,-4.962207317352295,-6.5365233421325675,1.167578101158142,-76,29,27,-8.335741996765138,3.0959961414337163,3.5697267055511475,1
10,-58,160,-5.924023628234862,-7.751953125,2.670117139816284,-91,38,19,-7.7567386627197275,3.37353515625,3.8855469226837163,1
-22,-29,161,-6.091504096984862,-7.096386909484862,2.713183641433716,-91,33,21,-7.5557618141174325,3.2347657680511475,3.8664064407348633,1
-35,-15,153,-6.3833985328674325,-7.1250977516174325,2.9524414539337163,-82,27,14,-7.5653324127197275,2.9524414539337163,3.5888671875,1
-62,-6,149,-6.8140625953674325,-6.31640625,1.5264648199081419,-60,28,2,-7.2782225608825675,2.890234470367432,3.2395508289337163,1
-102,8,138,-8.618066787719728,-7.48876953125,0.7608398795127869,-41,35,-18,-8.11083984375,3.3831055164337163,5.33544921875,1
-146,12,120,-9.15878963470459,-6.2972655296325675,3.2156250476837163,-65,15,2,-8.54150390625,7.4361329078674325,9.823925971984863,1
-188,-70,34,-7.144238471984862,-10.02490234375,5.234961032867432,-45,-44,87,-7.8045902252197275,7.168164253234862,12.31699275970459,1
-129,-57,11,-8.713769912719728,-5.895312786102295,1.167578101158142,67,-118,170,-11.79062557220459,12.039453506469727,13.929590225219727,1
-102,-36,8,-7.7328128814697275,-5.134472846984863,-0.37324219942092896,135,-177,278,-13.876953125,12.407910346984865,14.369824409484865,1
-88,-37,22,-8.41709041595459,-4.526757717132568,-0.8565430045127869,153,-211,345,-12.972558975219727,12.168652534484865,11.79062557220459,1
-92,-36,42,-7.283008098602295,-4.584179878234863,-0.8900390863418579,206,-184,359,-8.82861328125,7.46484375,5.900097846984862,1
-102,-35,47,-6.6226563453674325,-5.220605373382568,-0.937890648841858,136,-98,339,-5.7852540016174325,2.603125095367432,-1.1005859375,1
-77,-30,45,-6.67529296875,-6.0771484375,-1.22021484375,112,28,234,-4.268359661102295,-2.746679782867432,-7.8763675689697275,1
-68,-23,49,-7.15380859375,-5.876172065734862,-0.8661133050918579,94,164,75,-4.167870998382568,-5.397656440734863,-7.7232422828674325,1
-52,-24,42,-7.402637004852295,-5.7134766578674325,-0.05263672024011612,54,247,-82,-5.6895508766174325,-5.110547065734863,-3.0959961414337163,1
-48,-31,23,-7.019824504852295,-4.335351467132568,0.7321289181709291,26,262,-219,-7.450488567352295,-4.756445407867432,0.492871105670929,1
-111,-42,21,-6.4312500953674325,-3.536230564117432,2.043261766433716,-36,252,-326,-10.101465225219727,1.057519555091858,5.340234279632568,1
-118,-65,18,-7.713672161102295,-5.536426067352295,2.89501953125,-81,241,-343,-20.5283203125,12.407910346984865,17.31269645690918,1
-83,-56,53,-12.187792778015135,-5.636914253234862,1.263281226158142,-53,103,-110,-19.0927734375,22.51894569396973,30.01728630065918,1
-41,-15,64,-11.0537109375,-5.608203411102295,0.4737304747104645,93,-57,93,-10.134961128234863,23.26543045043945,26.45234489440918,1
54,24,35,-10.469922065734863,-5.7708983421325675,1.4020508527755735,109,-186,244,-9.13486385345459,17.566308975219727,18.977930068969727,1
134,22,8,-10.50341796875,-4.986133098602295,1.5503906011581419,109,-239,320,-8.46494197845459,10.795312881469727,8.73291015625,1
84,6,2,-8.909960746765137,-3.22998046875,2.043261766433716,47,-236,329,-6.4551758766174325,2.8806641101837163,0.78955078125,1
-14,-13,7,-7.10595703125,-3.1438477039337163,1.6125977039337158,17,-182,251,-3.2826173305511475,-3.608007907867432,-5.8905272483825675,1
-35,-19,8,-6.450390815734862,-3.4548828601837163,1.1340820789337158,12,-76,111,0.39238283038139343,-7.929004192352295,-9.49375057220459,1
-23,-20,17,-6.613086223602295,-3.3304688930511475,0.9091796875,56,70,-64,0.93310546875,-7.24951171875,-9.37412166595459,1
-36,-21,31,-6.10107421875,-2.9285156726837163,0.5263671875,23,177,-204,-1.7322266101837158,-5.230175971984863,-5.129687786102295,1
-46,-18,35,-5.47900390625,-2.9572265148162837,0.13398437201976776,-9,234,-317,-6.278125286102295,-1.947558641433716,-0.6029297113418579,1
-53,-9,33,-6.2254881858825675,-3.105566501617432,-0.009570312686264515,-79,250,-369,-11.158984184265137,4.3544921875,5.483788967132568,1
-28,2,47,-9.910058975219727,-5.254101753234863,1.9523438215255735,-138,237,-363,-23.24150466918945,13.80517578125,16.537500381469727,1
-18,5,28,-11.541796684265135,-6.4551758766174325,3.9573242664337163,-159,116,-135,-18.312793731689453,12.82421875,20.126367568969727,1
-13,19,-30,-12.216504096984865,-8.163476943969728,3.655859470367432,29,38,-90,-12.618456840515135,8.12998104095459,15.52783203125,1
69,43,-61,-11.044140815734863,-6.756640911102295,2.7083985805511475,25,-20,-98,-8.94345760345459,7.8763675689697275,9.25449275970459,1
116,58,-52,-9.656445503234863,-5.301953315734863,1.105371117591858,-51,-34,-116,-7.0293946266174325,5.52685546875,5.278027534484863,1
126,64,-38,-7.617969036102295,-4.239648342132568,0.512011706829071,12,-23,-162,-6.397754192352295,4.244433879852295,4.134375095367432,1
115,60,-34,-6.3451170921325675,-3.727636814117432,-0.15791015326976776,130,-18,-186,-6.881054878234862,4.718163967132568,3.9094727039337163,1
96,57,-16,-6.1680665016174325,-3.7419922351837163,-0.41630861163139343,78,-13,-151,-7.479199409484862,5.3115234375,3.3113281726837163,1
93,56,2,-6.62744140625,-3.832910299301148,-0.5263671875,61,0,-133,-6.794921875,4.096093654632568,4.225293159484863,1
113,57,19,-7.598828315734862,-4.28271484375,-0.16748046875,81,7,-135,-7.2447266578674325,3.6223633289337163,4.78515625,1
139,51,25,-8.24960994720459,-4.04345703125,0.4354492127895355,81,14,-131,-7.043750286102295,2.9572265148162837,5.153613567352295,1
114,42,22,-8.594141006469728,-3.541015625,0.631640613079071,98,21,-127,-7.1250977516174325,2.8758790493011475,5.646484375,1
81,36,9,-7.933789253234862,-3.5266602039337163,0.6412109732627869,101,18,-109,-6.187207221984862,3.0625,6.330761909484862,1
51,28,-13,-7.1490235328674325,-2.8854491710662837,0.07656250149011612,87,18,-72,-5.086621284484863,3.2443358898162837,5.359375,1
13,24,-12,-8.579785346984862,-2.622265577316284,-0.37324219942092896,56,25,-43,-6.4168944358825675,3.0912110805511475,6.00537109375,1
19,25,16,-9.8095703125,-3.8759765625,0.583789050579071,22,28,-23,-7.943359375,2.1102540493011475,7.4600586891174325,1
-17,19,32,-10.699609756469727,-9.120508193969727,4.660742282867432,-3,9,-6,-9.699511528015137,-1.047949194908142,10.254590034484863,1
-53,-1,-61,-9.742578506469727,-18.226659774780273,2.316015720367432,41,-16,-9,-8.99130916595459,-2.6844727993011475,8.407519340515138,1
-30,45,-244,-10.182812690734863,-21.925586700439453,-1.4499024152755735,127,-37,0,-7.7806644439697275,1.6652344465255735,4.440625190734863,1
-4,84,-385,-12.98691463470459,-19.08320426940918,-2.598339796066284,89,-50,5,-7.857226848602295,2.383007764816284,3.349609375,1
-14,93,-447,-14.7861328125,-16.695409774780273,-0.861328125,75,-40,-27,-8.574999809265138,3.057714939117432,3.440527439117432,1
-47,89,-466,-12.27392578125,-11.86240291595459,-0.15312500298023224,105,-29,-44,-8.29746150970459,2.808886766433716,3.9094727039337163,1
-77,84,-403,-8.2783203125,-3.6941406726837163,-0.17226563394069672,104,-19,-47,-7.8763675689697275,2.115039110183716,4.789941310882568,1
-92,81,-255,-4.679883003234863,2.459570407867432,-1.33984375,123,-19,-78,-7.6083984375,2.502636671066284,5.029199123382568,1
-132,91,-52,-2.9285156726837163,6.125,-2.387793064117432,112,-15,-102,-7.5796875953674325,3.641504049301148,4.225293159484863,1
-152,98,138,-4.445410251617432,6.115429878234862,-2.698828220367432,89,-10,-97,-7.163379192352295,4.0673828125,3.6462891101837163,1
-128,88,317,-8.307031631469728,4.239648342132568,-2.5361328125,82,-3,-84,-6.971972942352295,3.6510741710662837,3.0146484375,1
-44,71,459,-12.709375381469727,-0.11005859822034836,-0.5550781488418579,85,1,-68,-6.5269532203674325,3.0625,2.674902439117432,1
4,82,-487,-18.274511337280273,-13.68076229095459,2.741894483566284,144,8,-74,-4.722949504852295,1.7083008289337158,5.014843940734863,1
45,105,320,-19.159765243530273,-37.994140625,7.1011719703674325,156,-18,-78,-8.761621475219728,5.837890625,6.378613471984862,1
-21,31,-37,-11.537012100219727,-38.50615310668945,7.048535346984862,25,-5,-35,-11.45566463470459,6.134570598602295,6.69921875,1
18,0,-290,-10.73789119720459,-27.57685661315918,5.28759765625,3,0,5,-11.2451171875,4.80908203125,6.828418254852295,1
2,-39,-400,-12.738085746765135,-16.704980850219727,3.4357421398162837,-62,-13,45,-9.991406440734863,3.5936524868011475,6.445605754852295,1
-8,-48,-381,-9.000879287719727,-4.478906154632568,0.669921875,-72,-24,51,-7.4457035064697275,1.4259766340255735,5.306738376617432,1
4,-39,-268,-5.703906536102295,3.3113281726837163,-1.0910156965255735,-15,-8,12,-5.679980754852295,2.000195264816284,4.47412109375,1
1,-28,-120,-2.186816453933716,6.4073243141174325,-1.9284180402755735,-46,5,14,-4.966992378234863,2.598339796066284,3.799414157867432,1
11,-21,40,0.15312500298023224,6.5269532203674325,-2.1581056118011475,-58,6,12,-5.6895508766174325,1.9284180402755735,4.148730754852295,1
0,-12,196,-0.22011719644069672,4.947851657867432,-2.0624024868011475,-17,1,-10,-6.014941692352295,1.7274414300918581,4.512402534484863,1
-14,-10,316,-2.765820264816284,1.248925805091858,-1.827929735183716,-5,-9,-5,-5.206250190734863,2.6126954555511475,5.244531154632568,1
38,6,407,-6.34033203125,-3.1151368618011475,-1.6460937261581419,0,-10,2,-7.259082317352295,2.526562452316284,5.7900390625,1
119,48,449,-21.743749618530273,-18.193164825439453,3.56494140625,23,19,-16,-8.431445121765138,3.033789157867432,6.6705079078674325,1
120,47,286,-20.963769912719727,-22.341894149780273,11.680566787719727,15,47,-11,-8.723340034484862,5.512500286102295,6.2972655296325675,1
-164,-61,123,-12.527539253234865,-17.973047256469727,10.40293025970459,-83,55,49,-8.570215225219728,5.837890625,6.14892578125,1
-162,-134,27,-7.1107420921325675,-14.633008003234865,5.7230467796325675,-105,53,74,-7.689746379852295,4.364062786102295,5.828320503234862,1
-98,-185,1,-4.866504192352295,-8.460156440734862,2.502636671066284,-105,47,69,-7.359570503234862,4.373632907867432,5.134472846984863,1
-119,-208,9,-4.230078220367432,-5.412011623382568,0.09091796725988388,-124,36,62,-7.283008098602295,3.7180664539337163,4.225293159484863,1
-78,-206,18,-4.18701171875,-3.775488376617432,-1.5695313215255735,-102,31,51,-6.924121379852295,2.8854491710662837,3.5697267055511475,1
-36,-186,58,-4.708593845367432,-2.392578125,-2.335156202316284,-84,33,36,-7.3643555641174325,2.794531345367432,3.320898532867432,1
-51,-154,132,-6.0580077171325675,-1.9140625,-1.7609375715255735,-89,39,19,-8.067773818969728,2.890234470367432,3.608007907867432,1
-68,-111,192,-7.7710938453674325,-3.56494140625,-0.9187500476837158,-63,42,5,-8.048632621765138,2.9715821743011475,3.7898437976837163,1
-54,-60,217,-8.833398818969727,-5.493359565734863,-0.26318359375,-53,41,12,-7.44091796875,3.9094727039337163,3.727636814117432,1
0,-1,219,-9.838281631469727,-6.9815430641174325,0.492871105670929,-82,38,17,-7.330859661102295,3.631933689117432,3.3065431118011475,1
-15,24,197,-10.565625190734863,-6.67529296875,3.3304688930511475,-53,35,-14,-7.0772461891174325,3.5218751430511475,5.010058879852295,1
-95,19,130,-8.953027725219727,-7.10595703125,2.694042921066284,-68,12,-7,-7.546191692352295,6.158496379852295,7.833301067352295,1
-229,-22,85,-8.713769912719728,-8.15869140625,7.3978519439697275,-67,-21,50,-10.221094131469727,8.646777153015138,8.421875,1
-125,-32,17,-9.21142578125,-7.546191692352295,3.4070312976837163,-19,-49,153,-11.1015625,10.728320121765137,9.149218559265137,1
-54,-25,-15,-8.771191596984862,-4.59375,1.0862305164337158,29,-83,257,-12.211718559265135,11.804980278015135,9.56552791595459,1
-64,-26,0,-8.957812309265137,-3.4453125,0.4880859553813934,50,-103,323,-12.972558975219727,11.470019340515135,9.914843559265137,1
-77,-31,33,-7.5174808502197275,-3.4740235805511475,-0.03349609300494194,88,-123,359,-11.130273818969727,11.16855525970459,9.393261909484863,1
-86,-32,49,-7.378711223602295,-3.808984518051148,-0.3636718690395355,136,-131,358,-8.436230659484862,7.594043254852295,6.067578315734862,1
-95,-31,53,-7.2782225608825675,-4.196582317352295,-0.17226563394069672,75,-102,326,-4.722949504852295,2.627050876617432,1.344628930091858,1
-135,-25,52,-7.5557618141174325,-5.172753810882568,-0.2823242247104645,44,-41,219,-2.521777391433716,-1.9619140625,-2.043261766433716,1
-133,-20,37,-8.187402725219728,-5.9527344703674325,-0.15312500298023224,79,63,61,-1.8662109375,-4.574609279632568,-3.5218751430511475,1
-116,-15,15,-7.617969036102295,-5.38330078125,0.16269531846046448,66,158,-87,-3.201269626617432,-5.388085842132568,-3.512304782867432,1
-104,-13,-7,-6.876269817352295,-4.679883003234863,0.57421875,53,221,-219,-5.249316692352295,-4.167870998382568,-1.2058594226837158,1
-72,-12,-29,-5.6943359375,-4.431054592132568,1.153222680091858,-10,246,-302,-8.05820369720459,3.0625,2.8854491710662837,1
-40,-19,-19,-9.455469131469727,-3.4261720180511475,2.6796875,-39,226,-282,-16.518360137939453,19.80097770690918,16.748046875,1
-65,-38,54,-12.738085746765135,-6.603515625,4.71337890625,-24,107,-61,-11.470019340515135,30.165626525878906,25.787206649780273,1
-62,-14,65,-10.972363471984863,-5.349804878234863,2.41650390625,35,-52,125,-5.04833984375,23.107519149780273,23.16972732543945,1
27,5,40,-10.02011775970459,-6.2159180641174325,1.827929735183716,66,-152,230,-5.388085842132568,15.298145294189453,15.16416072845459,1
84,0,24,-9.436327934265137,-4.507617473602295,1.052734375,45,-183,280,-5.569921970367432,8.46494197845459,6.77099609375,1
13,-11,31,-7.4169921875,-3.1007812023162837,1.358984351158142,9,-174,255,-3.0242187976837163,1.4833984375,0.11962890625,1
-40,-20,37,-6.086719036102295,-4.23486328125,0.7799804806709291,8,-121,156,-0.7177734375,-3.8903322219848633,-4.804296970367432,1
-11,-21,38,-6.139355659484862,-4.196582317352295,0.3397460877895355,-4,-32,28,1.0670899152755735,-6.77099609375,-6.713574409484862,1
-16,-20,42,-6.302051067352295,-3.75634765625,0.18662109971046448,15,66,-121,1.263281226158142,-6.6561522483825675,-5.8331055641174325,1
-36,-15,32,-5.7852540016174325,-3.584082126617432,0.03828125074505806,0,139,-253,-0.9235351681709291,-4.59375,-2.8806641101837163,1
-36,-4,16,-5.005273342132568,-3.2395508289337163,-0.20576171576976776,-37,179,-341,-4.651172161102295,-0.27275392413139343,0.6651367545127869,1
-11,8,21,-8.10605525970459,-3.8424806594848633,0.8900390863418579,-96,190,-370,-12.886425971984865,9.2353515625,8.60849666595459,1
39,17,33,-11.450879096984865,-5.584277629852295,3.5075194835662837,-179,112,-199,-20.245996475219727,20.403905868530273,20.07373046875,1
46,23,-2,-13.03955078125,-5.62255859375,4.469336032867432,-67,36,-68,-14.484667778015135,11.182909965515137,15.747949600219727,1
54,38,-39,-12.50839900970459,-5.837890625,4.153515815734863,7,20,-67,-10.0966796875,8.546289443969728,9.92441463470459,1
103,46,-38,-10.814453125,-5.464648723602295,2.794531345367432,-72,12,-80,-7.1585936546325675,6.450390815734862,6.77099609375,1
126,39,-28,-9.30712890625,-4.431054592132568,1.3302735090255735,-48,0,-132,-3.94775390625,2.9524414539337163,5.28759765625,1
104,31,-24,-7.8524417877197275,-3.641504049301148,0.36845704913139343,87,2,-211,-4.775586128234863,3.2060546875,4.029101848602295,1
74,31,-16,-7.05810546875,-3.296972751617432,-0.16269531846046448,81,5,-223,-7.2255859375,5.321094036102295,4.751660346984863,1
79,36,-7,-5.9383788108825675,-3.3400390148162837,-0.468945324420929,109,11,-204,-8.01035213470459,4.627246379852295,5.230175971984863,1
101,44,-2,-6.4551758766174325,-3.5075194835662837,-0.21533203125,146,-9,-166,-7.550976753234862,5.2158203125,6.1202149391174325,1
116,43,0,-8.326171875,-3.6845703125,0.535937488079071,101,-23,-114,-7.91943359375,4.813867092132568,6.9097657203674325,1
104,38,5,-9.68994140625,-3.665429830551148,0.631640613079071,97,-31,-81,-7.8045902252197275,3.61279296875,7.08203125,1
93,45,-1,-8.881250381469727,-3.4118163585662837,0.10527344048023224,103,-32,-45,-7.0054688453674325,3.5266602039337163,5.38330078125,1
103,48,-7,-7.833301067352295,-3.009863376617432,0.095703125,55,-24,-27,-6.062793254852295,1.5838867425918581,3.6462891101837163,1
98,43,-5,-6.421679973602295,-2.6605470180511475,-0.3349609375,58,-1,-46,-4.608105659484863,1.358984351158142,2.363867282867432,1
95,40,6,-7.4696292877197275,-2.8854491710662837,-0.39716798067092896,42,27,-60,-5.220605373382568,1.2824219465255735,2.550488233566284,1
107,39,27,-9.555956840515137,-3.3543946743011475,-0.13876953721046448,42,59,-81,-8.139551162719728,2.0384767055511475,3.70849609375,1
113,31,37,-10.80966854095459,-5.086621284484863,1.93798828125,73,72,-107,-10.52255916595459,0.669921875,12.742871284484865,1
27,0,1,-11.924609184265135,-7.0341796875,3.105566501617432,22,-38,-33,-9.048730850219727,4.373632907867432,14.76220703125,1
-100,-16,-111,-9.651659965515137,-11.76669979095459,3.4788086414337163,28,-43,31,-9.029589653015137,0.9905273914337158,6.2398438453674325,1
-117,22,-263,-12.637598037719727,-16.661914825439453,1.3876953125,105,-60,4,-8.378808975219728,2.383007764816284,2.761035203933716,1
-41,73,-395,-16.29345703125,-18.260156631469727,-0.17226563394069672,86,-51,-21,-6.6944336891174325,2.84716796875,1.7370117902755735,1
-35,88,-465,-16.8916015625,-15.078027725219727,0.6220703125,57,-26,-51,-7.3500003814697275,2.311230421066284,3.0672852993011475,1
-49,87,-466,-13.331445693969727,-11.991601943969727,0.9187500476837158,69,-7,-79,-8.268750190734862,2.966796875,3.871191501617432,1
-48,66,-386,-7.4169921875,-2.8375976085662837,0.6172851920127869,43,0,-76,-7.7567386627197275,2.9045898914337163,4.689453125,1
-89,64,-233,-3.732421875,3.6941406726837163,-0.39716798067092896,54,1,-75,-7.2782225608825675,2.761035203933716,4.612890720367432,1
-79,73,-36,-3.37353515625,7.885937690734862,-1.2297852039337158,86,2,-83,-7.2447266578674325,3.0529296398162837,4.847363471984863,1
-59,83,172,-4.85693359375,7.885937690734862,-1.3972656726837158,77,-2,-75,-7.622754096984862,3.2347657680511475,4.71337890625,1
-58,79,359,-7.05810546875,4.340137004852295,-1.2824219465255735,91,-11,-65,-7.646679878234862,2.411718845367432,4.584179878234863,1
2,106,495,-9.560742378234863,-1.6460937261581419,-0.5694336295127869,128,-20,-67,-6.541308879852295,2.2490234375,4.000390529632568,1
48,181,-497,-20.356054306030273,-21.95429801940918,1.7896484136581419,135,-14,-85,-8.2783203125,2.698828220367432,5.0244140625,1
99,141,129,-18.930078506469727,-41.099708557128906,12.139941215515135,92,-1,-111,-10.063183784484863,4.493261814117432,6.8140625953674325,1
-18,17,-197,-10.23544979095459,-30.66328239440918,11.106348037719727,63,6,-65,-9.024805068969727,4.249218940734863,5.368945598602295,1
26,-34,-396,-12.94384765625,-24.662694931030273,7.072461128234862,-8,14,1,-8.46494197845459,4.622460842132568,5.354589939117432,1
56,-75,-473,-13.111328125,-10.795312881469727,0.95703125,-62,5,41,-8.149121284484862,3.0194337368011475,5.234961032867432,1
15,-70,-409,-9.886133193969727,-0.3636718690395355,-2.268164157867432,-23,-9,45,-6.809277534484862,1.7083008289337158,4.608105659484863,1
-7,-41,-277,-6.354687690734862,6.876269817352295,-3.7467775344848633,35,-6,21,-6.0484375953674325,1.9666992425918581,4.110449314117432,1
-23,-8,-54,-2.70361328125,11.278613090515135,-3.7467775344848633,12,13,-3,-6.6800780296325675,2.789746046066284,4.076953411102295,1
-80,13,186,-1.8087891340255735,9.431543350219727,-2.8232421875,-6,33,-22,-7.4457035064697275,2.507421970367432,4.507617473602295,1
-115,11,375,-4.675097942352295,4.694238185882568,-1.2537109851837158,-5,39,-19,-7.1011719703674325,2.6605470180511475,4.66552734375,1
-110,-5,488,-8.187402725219728,-0.11005859822034836,-0.15312500298023224,-56,24,16,-6.9815430641174325,1.89013671875,6.0101561546325675,1
-39,-24,-485,-18.044824600219727,-9.058300971984863,3.0481445789337163,-70,0,0,-9.512890815734863,1.033593773841858,6.9432616233825675,1
128,-49,-485,-34.31435775756836,-15.963281631469727,6.4408202171325675,-27,3,-26,-9.723437309265137,1.8470703363418581,6.8140625953674325,1
49,-56,385,-27.8974609375,-14.154492378234865,5.7900390625,-74,-12,1,-9.957910537719727,4.014746189117432,6.00537109375,1
-160,-75,200,-17.322265625,-10.225878715515137,6.4408202171325675,-109,-15,43,-8.53671932220459,2.043261766433716,5.392871379852295,1
-171,-117,106,-11.345605850219727,-9.177929878234863,0.913964867591858,-31,-7,31,-6.565234661102295,1.8087891340255735,4.876074314117432,1
-96,-121,44,-7.5318360328674325,-7.10595703125,-1.33984375,-40,9,23,-5.8331055641174325,3.3591797351837163,3.703711032867432,1
-115,-119,37,-8.450586318969728,-4.799511909484863,-0.20097656548023224,-100,33,14,-7.6371097564697275,3.0720703601837163,4.230078220367432,1
-155,-108,39,-8.87646484375,-5.0244140625,-0.10048828274011612,-99,44,8,-8.01035213470459,3.009863376617432,5.09619140625,1
-159,-77,18,-7.9385743141174325,-4.780371189117432,-0.07177734375,-124,35,43,-7.77587890625,3.5314452648162837,4.8330078125,1
-101,-37,-15,-7.1107420921325675,-5.072265625,1.5503906011581419,-142,15,75,-8.15869140625,2.775390625,4.9765625,1
-20,-10,-38,-6.378613471984862,-4.392773628234863,3.0002930164337163,-105,-4,76,-8.1826171875,1.7896484136581419,5.005273342132568,1
-4,-6,-24,-5.823535442352295,-3.2874023914337163,4.397558689117432,-54,-14,62,-8.144335746765138,2.0624024868011475,4.584179878234863,1
-29,-10,9,-5.6416993141174325,-2.8041017055511475,4.632031440734863,-25,-12,47,-7.9481449127197275,2.6366212368011475,4.268359661102295,1
-45,-15,42,-6.1919922828674325,-3.0433595180511475,4.957421779632568,-28,2,35,-7.742383003234862,2.713183641433716,3.9094727039337163,1
-46,-20,58,-6.689648628234862,-3.2204101085662837,5.086621284484863,-20,20,22,-7.560546875,2.808886766433716,3.8424806594848633,1
-59,-20,64,-6.780566692352295,-3.0672852993011475,3.928613424301148,-44,25,12,-7.82373046875,2.9285156726837163,3.5266602039337163,1
-72,-8,70,-6.5987305641174325,-3.296972751617432,2.9093749523162837,-78,31,4,-7.72802734375,3.0194337368011475,3.856836080551148,1
-58,3,78,-6.4168944358825675,-4.33056640625,2.4404296875,-96,25,11,-7.8285160064697275,5.359375,6.570019721984862,1
-55,1,75,-7.359570503234862,-4.498046875,3.6271483898162837,-100,-14,75,-9.436327934265137,8.173047065734862,9.847851753234863,1
-197,-59,95,-9.273633003234863,-9.21142578125,4.6416015625,23,-79,146,-10.268945693969727,8.833398818969727,15.484766006469727,1
-222,-70,71,-7.474414348602295,-6.2015624046325675,1.933203220367432,128,-142,247,-12.427050590515135,12.522753715515135,15.398633003234865,1
-206,-73,70,-8.20175838470459,-6.0005860328674325,0.8708984255790709,117,-172,340,-13.580273628234865,11.321680068969727,13.503710746765135,1
-148,-69,82,-7.3212890625,-5.440722942352295,-0.765625,117,-164,362,-9.622949600219727,7.3978519439697275,7.9912109375,1
-102,-61,89,-7.6753907203674325,-4.565039157867432,-0.8900390863418579,164,-106,347,-6.421679973602295,4.9765625,2.124609470367432,1
-99,-51,94,-8.326171875,-4.23486328125,-0.88525390625,81,-50,308,-4.555469036102295,0.7369140982627869,-1.6317383050918581,1
-97,-40,91,-8.498437881469728,-4.445410251617432,-0.6747070550918579,61,16,191,-3.0433595180511475,-3.8376953601837163,-4.493261814117432,1
-84,-27,77,-7.857226848602295,-4.201367378234863,-0.3301757872104645,125,126,8,-2.579199314117432,-5.895312786102295,-5.373730659484863,1
-67,-17,62,-6.6226563453674325,-4.177441596984863,0.40673828125,91,210,-169,-4.76123046875,-6.0101561546325675,-3.201269626617432,1
-60,-17,45,-5.158398628234863,-3.713281393051148,0.636425793170929,1,253,-282,-7.3643555641174325,-2.8567383289337163,0.8182617425918579,1
-71,-24,39,-7.522265911102295,-3.617578268051148,1.12451171875,-73,280,-338,-11.690136909484865,4.584179878234863,7.646679878234862,1
-84,-24,71,-14.838769912719727,-4.603320598602295,2.292089939117432,-114,233,-312,-26.16044998168945,21.28437614440918,25.63408279418945,1
-118,3,79,-12.60410213470459,-5.010058879852295,2.526562452316284,7,40,-56,-17.666797637939453,19.422948837280273,30.49101638793945,1
-11,30,10,-11.441308975219727,-6.570019721984862,3.732421875,146,-99,118,-10.57041072845459,18.9013671875,22.356250762939453,1
109,35,-57,-10.412500381469727,-4.780371189117432,2.067187547683716,107,-176,247,-7.4839844703674325,12.757226943969727,12.087305068969727,1
87,13,-58,-11.297754287719727,-3.0002930164337163,3.08642578125,51,-186,293,-4.636816501617432,7.0341796875,3.009863376617432,1
3,-14,-34,-9.603808403015137,-3.0672852993011475,2.483496189117432,32,-167,251,-1.6173828840255735,1.239355444908142,-3.1199219226837163,1
-30,-27,-36,-7.043750286102295,-3.0290038585662837,1.947558641433716,49,-98,164,1.2584961652755735,-3.808984518051148,-6.0005860328674325,1
-28,-28,-32,-5.7421875,-2.8854491710662837,1.1388672590255735,56,-1,20,2.402148485183716,-6.2398438453674325,-6.3116211891174325,1
-19,-20,-12,-4.550683498382568,-2.579199314117432,0.69384765625,11,96,-129,0.5215820670127869,-6.1919922828674325,-4.1630859375,1
-12,-14,13,-4.56982421875,-2.555273532867432,0.45458984375,-13,170,-266,-4.397558689117432,-4.608105659484863,-1.5456055402755735,1
-13,-14,30,-5.062695503234863,-2.51220703125,-0.01435546949505806,-68,209,-345,-8.08212947845459,-0.7799804806709291,1.9762696027755735,1
-12,-15,51,-8.857324600219727,-3.2156250476837163,1.1867188215255735,-161,232,-387,-20.729297637939453,7.2925782203674325,7.5557618141174325,1
-7,0,66,-10.986719131469727,-4.316211223602295,2.665332078933716,-351,199,-202,-24.41865348815918,12.785937309265135,18.35107421875,1
42,35,41,-10.780957221984863,-5.608203411102295,4.660742282867432,-164,89,-46,-17.054296493530273,2.095898389816284,18.65254020690918,1
128,60,-2,-10.83837890625,-5.23974609375,4.689453125,183,-66,-46,-12.65195369720459,5.93359375,19.241113662719727,1
160,70,0,-11.60400390625,-5.1201171875,4.703808784484863,227,-109,-88,-9.871777534484863,2.674902439117432,9.101366996765137,1
184,58,-3,-8.32138729095459,-5.062695503234863,4.320996284484863,56,-137,-63,-6.53173828125,4.0673828125,3.1247069835662837,1
181,29,-24,-7.670605659484862,-3.6271483898162837,3.25390625,104,-124,-97,-5.325879096984863,0.8756836056709291,1.07666015625,1
111,2,4,-8.211328506469728,-3.1486327648162837,2.627050876617432,135,-88,-151,-6.0580077171325675,2.004980564117432,1.6652344465255735,1
44,-12,26,-7.0533204078674325,-3.856836080551148,2.028906345367432,105,-59,-177,-6.043652534484862,2.8519532680511475,1.6556640863418581,1
54,-11,6,-7.1729493141174325,-4.871289253234863,0.7560546994209291,40,-29,-174,-6.617871284484862,3.4309570789337163,2.316015720367432,1
125,-3,-35,-7.84765625,-4.249218940734863,0.6220703125,0,6,-170,-7.8045902252197275,3.0529296398162837,3.2826173305511475,1
101,-4,-41,-8.474512100219728,-3.3161132335662837,0.5550781488418579,16,32,-168,-8.651562690734862,3.0433595180511475,5.014843940734863,1
49,-3,-39,-7.259082317352295,-3.3543946743011475,0.607714831829071,-20,44,-137,-8.455370903015138,3.4740235805511475,5.469433784484863,1
46,0,-49,-7.46484375,-3.8664064407348633,0.535937488079071,6,53,-112,-8.20654296875,3.27783203125,5.589062690734863,1
37,5,-56,-8.115625381469728,-3.158203125,0.17226563394069672,56,54,-88,-7.646679878234862,3.7898437976837163,5.077050685882568,1
7,17,-26,-12.833788871765135,-5.392871379852295,1.971484422683716,44,56,-62,-12.31699275970459,3.7180664539337163,7.751953125,1
-47,29,-45,-9.699511528015137,-7.8955078125,0.937890648841858,43,36,-22,-7.4457035064697275,2.210742235183716,7.4169921875,1
-55,53,-179,-11.45566463470459,-12.360058784484865,0.6029297113418579,117,-1,-14,-7.0868163108825675,-1.1867188215255735,8.68505859375,1
-42,91,-273,-12.91513729095459,-12.637598037719727,1.6221679449081419,77,-27,-11,-7.881152629852295,2.162890672683716,7.0150389671325675,1
-48,124,-313,-11.752344131469727,-14.006152153015135,1.7513672113418581,63,-36,-29,-8.22568416595459,1.4451172351837158,6.187207221984862,1
-44,144,-359,-10.3359375,-14.628222465515135,3.3017578125,100,-44,-43,-7.450488567352295,1.981054782867432,4.316211223602295,1
-44,137,-389,-7.560546875,-10.88623046875,3.4357421398162837,124,-46,-43,-7.957715034484862,2.3495118618011475,3.94775390625,1
-37,105,-351,-4.990918159484863,-4.789941310882568,2.287304639816284,116,-37,-43,-8.259180068969728,2.5409181118011475,3.4453125,1
-48,67,-227,-2.406933546066284,1.0383789539337158,1.31591796875,91,-17,-48,-7.560546875,2.5169923305511475,3.942968845367432,1
-68,50,-61,-1.009667992591858,3.823339939117432,-0.22011719644069672,68,-1,-54,-7.6036133766174325,2.330371141433716,4.440625190734863,1
-69,57,102,-1.1149414777755735,4.206152439117432,-1.3972656726837158,71,8,-65,-7.474414348602295,1.933203220367432,4.80908203125,1
-63,72,255,-3.3017578125,3.129492282867432,-1.8135741949081419,79,15,-70,-7.10595703125,2.1341798305511475,4.727734565734863,1
-45,92,392,-7.7041015625,1.4833984375,-1.344628930091858,61,19,-62,-6.900195598602295,2.450000047683716,4.56982421875,1
54,133,489,-12.25,-2.813671827316284,0.7847656607627869,38,19,-50,-6.0962891578674325,2.115039110183716,4.411914348602295,1
132,172,494,-23.95449256896973,-17.054296493530273,2.746679782867432,37,11,-38,-6.828418254852295,2.028906345367432,5.493359565734863,1
195,115,153,-22.88261795043945,-29.00761795043945,10.771387100219727,40,3,-44,-11.115918159484863,1.9523438215255735,7.7232422828674325,1
-144,24,-133,-15.350781440734865,-25.53837966918945,11.039355278015137,71,2,-35,-10.21152400970459,2.363867282867432,6.641797065734862,1
-21,-13,-327,-15.939355850219727,-22.75341796875,8.192187309265138,20,4,-1,-9.914843559265137,4.076953411102295,7.211230754852295,1
-25,-49,-422,-15.326855659484865,-14.656933784484865,4.971777439117432,-81,-10,41,-8.144335746765138,2.282519578933716,6.498242378234862,1
-12,-46,-430,-11.369531631469727,-6.1441407203674325,1.4211914539337158,-13,-34,27,-6.6226563453674325,0.34931641817092896,5.445508003234863,1
-9,-45,-360,-9.23056697845459,1.7083008289337158,-0.588574230670929,69,-40,0,-6.1202149391174325,1.3063477277755735,4.407128810882568,1
-36,-32,-222,-3.751562595367432,6.881054878234862,-2.60791015625,53,-27,-15,-6.8954100608825675,2.383007764816284,3.952539205551148,1
-1,-14,-27,0.7321289181709291,10.130175590515137,-3.737207174301148,27,-6,-21,-7.0341796875,1.981054782867432,3.8185548782348633,1
-38,-1,187,0.1435546875,8.938672065734863,-3.03857421875,26,18,-27,-6.4791016578674325,2.0384767055511475,3.952539205551148,1
-46,3,342,-2.9524414539337163,3.761132955551148,-0.9522461295127868,-22,37,-15,-5.660840034484862,2.4691407680511475,4.201367378234863,1
0,1,434,-7.239941596984862,-0.40673828125,0.9666016101837158,-76,39,0,-6.876269817352295,1.899707078933716,5.359375,1
65,-21,-485,-25.260839462280273,-4.895215034484863,5.258886814117432,-82,45,-17,-10.015332221984863,1.047949194908142,7.192090034484862,1
164,-23,-485,-43.76982498168945,-12.431836128234865,9.97705078125,-74,38,-18,-9.666015625,2.2490234375,8.029492378234862,1
65,-6,363,-22.08349609375,-9.6181640625,6.53173828125,-170,1,42,-8.819043159484863,2.65576171875,7.2686524391174325,1
-79,-33,131,-15.776660919189453,-6.785351753234862,8.168261528015138,-129,-34,55,-7.2925782203674325,-0.612500011920929,5.876172065734862,1
-133,-105,66,-15.35556697845459,-8.20654296875,4.096093654632568,29,-38,5,-7.0868163108825675,0.540722668170929,5.206250190734863,1
-150,-146,58,-10.12060546875,-6.522168159484862,1.167578101158142,40,-18,-16,-6.7901368141174325,3.3591797351837163,4.100879192352295,1
-192,-157,57,-7.0868163108825675,-4.962207317352295,0.2679687440395355,-46,4,-5,-7.378711223602295,3.9860353469848633,3.751562595367432,1
-198,-137,47,-6.713574409484862,-4.608105659484863,-1.296777367591858,-68,16,0,-8.838183403015137,3.349609375,4.33056640625,1
-187,-95,33,-4.938281536102295,-4.254004001617432,-1.1149414777755735,-59,16,24,-8.503222465515138,3.2634766101837163,4.445410251617432,1
-165,-47,17,-4.722949504852295,-4.670312404632568,0.25361329317092896,-71,14,62,-8.34531307220459,3.4596679210662837,4.4501953125,1
-84,-7,0,-5.507714748382568,-5.292382717132568,3.0290038585662837,-73,13,86,-8.627636909484862,2.761035203933716,4.775586128234863,1
-24,17,3,-5.402441501617432,-3.942968845367432,4.387988567352295,-74,14,94,-8.412304878234862,2.665332078933716,4.919140815734863,1
-19,20,27,-4.995703220367432,-2.87109375,5.6656250953674325,-83,15,88,-8.01513671875,2.2490234375,4.986133098602295,1
-31,22,51,-5.033984661102295,-3.785058736801148,6.4599609375,-73,13,70,-7.68017578125,1.6556640863418581,5.00048828125,1
-36,19,71,-5.9527344703674325,-3.153418064117432,6.5125975608825675,-45,15,38,-7.072461128234862,1.6652344465255735,4.670312404632568,1
-54,16,84,-6.904980659484862,-3.6032226085662837,6.187207221984862,-41,24,12,-6.69921875,2.48828125,4.852148532867432,1
-68,4,80,-7.8428711891174325,-3.631933689117432,5.373730659484863,-59,20,5,-7.0150389671325675,3.081640720367432,6.876269817352295,1
-98,-8,73,-9.11093807220459,-3.9333984851837163,4.866504192352295,-25,-26,26,-9.130078315734863,6.3594727516174325,11.020215034484863,1
-123,-30,85,-10.709179878234863,-4.9765625,5.019629001617432,96,-83,76,-10.66611385345459,10.45556640625,13.958300590515135,1
-137,-50,78,-6.857129096984862,-4.392773628234863,2.162890672683716,94,-153,198,-9.599023818969727,11.07763671875,13.532422065734865,1
-148,-58,83,-7.4361329078674325,-4.239648342132568,1.4786132574081419,177,-164,270,-10.278515815734863,10.79052734375,11.235547065734863,1
-109,-62,117,-8.244824409484862,-5.6751952171325675,-0.18662109971046448,177,-121,326,-8.953027725219727,8.737695693969728,6.6465821266174325,1
-102,-54,124,-8.708984375,-5.67041015625,-0.7129883170127869,201,-37,321,-6.617871284484862,5.483788967132568,2.076757907867432,1
-130,-40,101,-8.718554496765138,-5.230175971984863,-1.119726538658142,121,31,288,-3.6702148914337163,1.167578101158142,-1.5408203601837158,1
-130,-22,67,-8.383593559265138,-5.206250190734863,-0.8086914420127869,97,106,179,-1.6317383050918581,-4.306640625,-5.349804878234863,1
-104,-12,45,-8.0390625,-4.703808784484863,-0.01435546949505806,143,204,-17,-1.7322266101837158,-6.809277534484862,-6.0340819358825675,1
-93,-5,31,-7.1346678733825675,-4.13916015625,0.684277355670929,62,269,-203,-6.0723633766174325,-5.517285346984863,-3.249121189117432,1
-88,-7,23,-6.1680665016174325,-3.703711032867432,1.50732421875,-72,290,-313,-11.225976943969727,-2.9763672351837163,2.717968702316284,1
-75,-16,13,-6.3451170921325675,-3.7707033157348633,2.569628953933716,-153,280,-328,-19.198047637939453,5.8857421875,12.3935546875,1
-65,-27,31,-12.833788871765135,-4.311425685882568,4.048242092132568,-97,155,-173,-22.5380859375,18.954004287719727,26.23701286315918,1
-81,-8,51,-12.599316596984865,-4.373632907867432,3.785058736801148,46,-6,17,-13.666406631469727,18.642969131469727,25.15556716918945,1
-15,17,28,-10.249804496765137,-5.780468940734862,5.091406345367432,125,-140,143,-11.446093559265135,15.848438262939453,19.829687118530273,1
99,14,-7,-8.933886528015137,-4.76123046875,3.2347657680511475,144,-212,259,-10.871874809265137,14.609082221984865,12.427050590515135,1
43,-12,-5,-9.603808403015137,-2.22509765625,3.0672852993011475,111,-224,322,-7.6036133766174325,8.594141006469728,4.416699409484863,1
-70,-34,10,-9.077441215515137,-2.7801759243011475,2.028906345367432,47,-194,304,-4.148730754852295,1.1580078601837158,-2.3016602993011475,1
-80,-33,1,-7.2734375,-3.5027344226837163,1.6652344465255735,46,-100,196,-0.8134765625,-5.81396484375,-9.144433975219727,1
-37,-25,-2,-6.330761909484862,-3.3639647960662837,1.392480492591858,36,34,15,1.5791015625,-11.91025447845459,-11.62314510345459,1
-16,-21,10,-5.445508003234863,-2.842382907867432,1.45947265625,39,159,-210,-2.138964891433716,-9.752148628234863,-8.17783260345459,1
-12,-22,25,-4.636816501617432,-2.99072265625,1.4307616949081419,-50,217,-341,-6.613086223602295,-4.8330078125,-1.7178710699081419,1
-10,-20,35,-6.211133003234862,-3.1390626430511475,1.5264648199081419,-144,231,-403,-14.73349666595459,6.8475584983825675,6.91455078125,1
-5,-4,53,-8.077343940734862,-3.775488376617432,2.985937595367432,-265,205,-256,-24.55742263793945,13.56113338470459,20.164648056030273,1
15,13,40,-9.747363090515137,-5.010058879852295,4.04345703125,-115,94,-113,-19.13105583190918,6.6322264671325675,19.69091796875,1
68,36,4,-11.31689453125,-5.57470703125,4.13916015625,97,20,-110,-13.666406631469727,5.603417873382568,14.695215225219727,1
88,54,-9,-11.55136775970459,-5.258886814117432,3.89990234375,22,-21,-125,-10.02011775970459,5.33544921875,9.766504287719727,1
115,59,-27,-10.302441596984863,-5.124902248382568,3.0433595180511475,-10,-33,-163,-7.378711223602295,3.94775390625,5.57470703125,1
131,50,-48,-8.63242244720459,-4.024316310882568,2.354296922683716,80,-38,-213,-6.14892578125,3.631933689117432,3.617578268051148,1
105,31,-38,-8.484082221984862,-3.32568359375,1.84228515625,68,-28,-223,-7.383496284484862,4.794726848602295,3.655859470367432,1
67,21,-22,-6.971972942352295,-3.2060546875,1.1484375,58,-7,-204,-7.426562786102295,4.182226657867432,3.584082126617432,1
67,22,-24,-6.7901368141174325,-3.7659180164337163,0.9666016101837158,110,-1,-175,-7.6083984375,4.23486328125,4.057812690734863,1
96,26,-30,-7.6514649391174325,-3.56494140625,0.7225586175918579,71,4,-109,-8.11083984375,4.268359661102295,4.148730754852295,1
82,25,-20,-8.531933784484862,-3.1199219226837163,0.8134765625,79,15,-69,-8.03427791595459,3.1247069835662837,4.895215034484863,1
62,26,-18,-7.790234565734862,-3.320898532867432,0.3875976502895355,85,30,-44,-6.9815430641174325,3.1964843273162837,4.421484470367432,1
47,26,-23,-8.421875,-3.2586915493011475,-0.07177734375,70,42,-19,-6.6083006858825675,2.5169923305511475,4.541113376617432,1
42,37,-27,-7.330859661102295,-4.387988567352295,-0.34453126788139343,70,59,-11,-6.5269532203674325,2.4404296875,4.297070503234863,1
59,38,-33,-9.034375190734863,-5.3115234375,0.37324219942092896,44,73,-10,-7.44091796875,1.2776367664337158,11.063281059265137,1
13,44,-23,-10.93408203125,-7.976855754852295,-0.20576171576976776,45,-21,-61,-7.5318360328674325,-4.033886909484863,16.69062614440918,1
-20,63,-94,-10.733105659484863,-13.719042778015135,0.25361329317092896,123,-33,-51,-8.795117378234862,2.0624024868011475,7.024609565734862,1
-2,95,-233,-10.914941787719727,-14.527734756469727,0.9666016101837158,105,-62,-26,-7.8285160064697275,3.5218751430511475,1.837500095367432,1
-24,121,-326,-11.474804878234865,-14.61386775970459,0.8182617425918579,98,-52,-24,-7.4600586891174325,2.6318359375,1.1101562976837158,1
-22,121,-353,-10.0966796875,-13.58984375,0.9043945670127868,121,-18,-61,-9.077441215515137,3.296972751617432,2.8041017055511475,1
-70,124,-337,-7.431347846984862,-12.431836128234865,0.26318359375,73,6,-67,-9.240137100219727,3.3400390148162837,3.617578268051148,1
-4,118,-316,-5.177539348602295,-8.766406059265138,-0.3301757872104645,70,8,-65,-8.58457088470459,2.813671827316284,5.148828029632568,1
5,92,-240,-3.25390625,-1.2584961652755735,-0.492871105670929,75,-2,-68,-7.670605659484862,2.866308689117432,4.900000095367432,1
-97,76,-115,-2.0384767055511475,2.746679782867432,-1.4929687976837158,106,-9,-81,-7.4217777252197275,2.70361328125,4.526757717132568,1
-169,75,42,-2.9189453125,5.4072265625,-3.0146484375,116,-9,-92,-8.0390625,3.320898532867432,3.7659180164337163,1
-113,56,235,-6.3594727516174325,7.943359375,-1.4259766340255735,94,0,-91,-7.862011909484862,3.2874023914337163,3.3974609375,1
-16,40,439,-11.79541015625,4.445410251617432,0.3062500059604645,88,9,-80,-6.7279295921325675,3.1247069835662837,2.9811522960662837,1
109,81,-485,-19.973241806030273,-7.838086128234862,1.53125,91,15,-69,-6.8714842796325675,2.8328125476837163,3.5505859851837163,1
166,134,428,-26.42363357543945,-29.15595817565918,9.718652725219727,57,13,-68,-8.01035213470459,3.6032226085662837,5.7134766578674325,1
4,80,100,-14.752636909484865,-30.46230506896973,12.235644340515135,17,4,-56,-10.828808784484863,3.4931640625,6.9576172828674325,1
-45,14,-170,-11.020215034484863,-29.51005935668945,8.89560604095459,38,6,-21,-8.962597846984863,3.057714939117432,7.096386909484862,1
-11,-25,-358,-15.030176162719727,-22.83476638793945,4.311425685882568,-6,0,34,-8.029492378234862,4.986133098602295,6.43603515625,1
10,-47,-439,-15.417774200439453,-13.23095703125,0.27753907442092896,-119,-31,97,-8.479296684265138,2.3734376430511475,5.76611328125,1
-9,-49,-405,-12.063379287719727,-5.134472846984863,-2.067187547683716,-17,-60,61,-9.240137100219727,-0.03828125074505806,5.876172065734862,1
6,-35,-319,-5.81396484375,0.009570312686264515,-2.717968702316284,84,-68,20,-8.929101943969727,1.74658203125,4.694238185882568,1
-11,-10,-199,-0.9666016101837158,5.110547065734863,-2.306445360183716,67,-52,20,-7.2447266578674325,2.4212892055511475,3.7228517532348633,1
-13,18,-60,2.574414014816284,7.9912109375,-1.296777367591858,36,-20,11,-5.93359375,1.9619140625,3.6510741710662837,1
-39,30,108,3.1486327648162837,8.627636909484862,-1.1005859375,44,10,-23,-5.55078125,1.909277439117432,3.6702148914337163,1
-93,26,273,0.15312500298023224,5.464648723602295,-1.225000023841858,1,32,-47,-6.282910346984862,2.244238376617432,4.0673828125,1
-68,14,385,-4.387988567352295,1.081445336341858,-0.009570312686264515,-44,41,-53,-6.0580077171325675,2.292089939117432,4.445410251617432,1
-42,-6,468,-10.579980850219727,-5.412011623382568,0.8565430045127869,-52,44,-62,-8.455370903015138,2.579199314117432,5.727832317352295,1
165,17,-485,-24.232030868530273,-11.608789443969727,5.124902248382568,-94,40,-48,-9.37412166595459,3.349609375,7.043750286102295,1
108,31,433,-30.74941444396973,-12.527539253234865,9.44589900970459,-72,24,-17,-9.37412166595459,3.5075194835662837,7.641894817352295,1
-89,-25,218,-18.403711318969727,-11.33603572845459,7.5126953125,-54,4,31,-7.9912109375,3.0720703601837163,6.7901368141174325,1
-116,-85,106,-13.412793159484865,-9.21142578125,5.081836223602295,-40,-4,55,-7.44091796875,3.0146484375,5.507714748382568,1
-120,-136,74,-8.570215225219728,-6.9193358421325675,1.3972656726837158,-37,0,58,-6.737500190734862,3.1103515625,4.340137004852295,1
-141,-148,55,-7.2542967796325675,-5.7613282203674325,-0.42109376192092896,-49,10,45,-7.455273628234862,2.9476563930511475,3.919043064117432,1
-117,-139,61,-7.235156536102295,-5.354589939117432,-0.74169921875,-71,30,28,-8.49365234375,3.033789157867432,4.268359661102295,1
-108,-114,71,-6.9193358421325675,-4.273144721984863,-0.861328125,-91,40,28,-7.96728515625,3.1916992664337163,4.3544921875,1
-121,-83,72,-7.000683784484862,-3.904687643051148,0.05742187798023224,-136,40,50,-8.005566596984862,3.4309570789337163,4.488476753234863,1
-111,-50,59,-7.216015815734862,-4.76123046875,1.3254883289337158,-164,36,67,-8.330957412719728,2.483496189117432,4.699023723602295,1
-82,-24,50,-6.81884765625,-4.344922065734863,2.8758790493011475,-121,31,53,-7.7998046875,2.162890672683716,4.885644435882568,1
-75,-13,55,-6.134570598602295,-4.014746189117432,3.923828125,-96,23,41,-7.5796875953674325,2.741894483566284,4.699023723602295,1
-66,-7,65,-6.158496379852295,-3.904687643051148,4.392773628234863,-96,16,34,-7.862011909484862,2.545703172683716,4.684668064117432,1
-63,-1,78,-6.522168159484862,-4.100879192352295,5.067480564117432,-59,12,13,-7.790234565734862,2.579199314117432,4.383203029632568,1
-66,-3,79,-7.0533204078674325,-4.057812690734863,4.80908203125,-37,12,4,-7.6036133766174325,3.3400390148162837,4.287499904632568,1
-68,-6,70,-7.943359375,-4.13916015625,5.220605373382568,-48,-1,21,-7.5796875953674325,4.105664253234863,6.77099609375,1
-104,-22,61,-8.694628715515138,-3.847265720367432,4.507617473602295,18,-41,59,-9.32627010345459,7.2208008766174325,9.536816596984863,1
-133,-44,58,-9.551172256469727,-5.057910442352295,3.80419921875,48,-81,142,-10.556055068969727,11.422167778015135,10.95322322845459,1
-142,-58,52,-7.91943359375,-4.861718654632568,2.019335985183716,50,-108,255,-11.52744197845459,12.948633193969727,10.278515815734863,1
-157,-65,63,-8.144335746765138,-5.517285346984863,0.8326172232627869,126,-113,319,-11.704492568969727,12.24521541595459,9.20664119720459,1
-141,-66,76,-7.6753907203674325,-5.7469725608825675,-0.04306640848517418,174,-101,370,-10.12060546875,10.79052734375,7.3212890625,1
-141,-60,78,-7.751953125,-5.163183689117432,-0.17226563394069672,177,-52,384,-6.211133003234862,6.5030274391174325,3.3639647960662837,1
-149,-54,78,-7.574902534484862,-5.134472846984863,-0.16269531846046448,104,-14,335,-3.761132955551148,1.081445336341858,0.22968751192092896,1
-131,-47,73,-7.718457221984862,-5.560351848602295,0.20097656548023224,117,50,163,-2.555273532867432,-5.234961032867432,-4.191796779632568,1
-100,-45,63,-7.6083984375,-5.249316692352295,0.69384765625,114,154,-52,-4.33056640625,-6.713574409484862,-5.531640529632568,1
-92,-43,44,-6.211133003234862,-4.526757717132568,1.17236328125,25,236,-224,-6.924121379852295,-5.57470703125,-2.9189453125,1
-92,-41,22,-4.502831935882568,-3.94775390625,0.9091796875,-70,281,-318,-10.015332221984863,-1.0383789539337158,2.339941501617432,1
-83,-45,16,-6.8475584983825675,-3.871191501617432,2.048046827316284,-154,284,-316,-19.58564567565918,8.115625381469728,13.39365291595459,1
-54,-53,67,-13.953516006469727,-4.919140815734863,3.25390625,-152,174,-151,-20.54267692565918,18.375,27.462011337280273,1
-86,-15,100,-12.22128963470459,-4.76123046875,2.79931640625,86,-3,11,-11.632715225219727,18.552051544189453,27.30888748168945,1
16,21,56,-10.74267578125,-7.498340129852295,5.531640529632568,174,-145,158,-10.25937557220459,17.499317169189453,21.279590606689453,1
166,27,-6,-9.321484565734863,-5.5029296875,3.665429830551148,186,-211,284,-8.75205135345459,13.75732421875,12.19736385345459,1
74,7,-13,-7.5126953125,-2.071972608566284,3.5553710460662837,82,-226,360,-6.8140625953674325,6.9671874046325675,4.359277248382568,1
-50,-15,0,-6.306836128234862,-2.6796875,2.7562501430511475,33,-201,336,-4.632031440734863,-0.5933594107627869,-3.4835937023162837,1
-49,-20,7,-6.450390815734862,-3.9716796875,2.186816453933716,16,-108,193,-0.36845704913139343,-9.130078315734863,-9.082226753234863,1
-12,-21,21,-6.593945503234862,-3.5936524868011475,1.9762696027755735,19,37,-29,1.119726538658142,-11.178125381469727,-9.919629096984863,1
-27,-21,31,-6.546093940734862,-3.2395508289337163,1.5791015625,-22,153,-215,-1.7848633527755735,-7.5414066314697275,-5.67041015625,1
-47,-20,20,-5.7708983421325675,-3.32568359375,0.8804687857627869,-42,220,-337,-6.641797065734862,-3.27783203125,-1.89013671875,1
-47,-17,0,-5.603417873382568,-3.1486327648162837,0.913964867591858,-116,247,-386,-10.613476753234863,0.7943359613418579,3.727636814117432,1
-32,-14,1,-8.354883193969728,-3.732421875,2.1533203125,-104,248,-393,-20.341699600219727,12.283495903015135,14.03964900970459,1
-25,3,18,-10.680468559265137,-4.526757717132568,3.7228517532348633,-255,130,-196,-22.332324981689453,13.073046684265135,18.93964958190918,1
-25,38,12,-10.900586128234863,-7.0150389671325675,5.306738376617432,24,44,-77,-17.078222274780273,8.909960746765137,19.34638786315918,1
134,79,-43,-11.178125381469727,-9.058300971984863,3.6510741710662837,168,-30,-54,-11.40781307220459,8.0869140625,12.44140625,1
194,103,-80,-9.13486385345459,-6.637012004852295,3.22998046875,49,-65,-24,-6.948047161102295,6.230273723602295,6.493457317352295,1
137,79,-91,-6.9336915016174325,-4.565039157867432,2.694042921066284,9,-72,-43,-4.574609279632568,2.627050876617432,3.129492282867432,1
69,59,-76,-6.402539253234862,-4.09130859375,1.392480492591858,102,-74,-112,-4.148730754852295,1.885351657867432,2.1341798305511475,1
63,56,-46,-6.5556640625,-3.895117282867432,0.7273437380790709,48,-60,-151,-5.847461223602295,3.1677734851837163,1.7800781726837158,1
81,61,-19,-6.5030274391174325,-3.732421875,0.4880859553813934,30,-34,-177,-6.828418254852295,3.9094727039337163,2.7083985805511475,1
112,71,2,-7.4361329078674325,-4.316211223602295,0.25361329317092896,56,-8,-188,-7.689746379852295,3.6510741710662837,4.024316310882568,1
139,72,9,-8.10605525970459,-4.254004001617432,0.8278320431709291,43,2,-173,-8.311816215515138,3.6223633289337163,4.61767578125,1
114,58,14,-8.20175838470459,-4.000390529632568,1.5886719226837158,54,11,-158,-8.646777153015138,3.4835937023162837,4.957421779632568,1
74,40,16,-8.067773818969728,-4.555469036102295,1.7274414300918581,54,20,-126,-8.699414253234862,3.4931640625,4.852148532867432,1
56,29,7,-7.5318360328674325,-4.981347560882568,1.4929687976837158,57,27,-85,-8.2783203125,3.2108399868011475,5.1201171875,1
52,23,-5,-7.48876953125,-5.378515720367432,1.6556640863418581,88,23,-59,-7.790234565734862,2.694042921066284,4.66552734375,1
35,13,-23,-7.9481449127197275,-8.292675971984862,1.4307616949081419,102,23,-41,-8.168261528015138,2.75146484375,5.330664157867432,1
26,23,-65,-9.23056697845459,-12.422266006469727,0.3397460877895355,106,6,-48,-9.125292778015137,1.3494141101837158,10.0966796875,1
46,42,-168,-8.06298828125,-14.058789253234865,3.1725585460662837,106,-26,-46,-7.1729493141174325,2.6366212368011475,6.5508790016174325,1
47,45,-269,-11.345605850219727,-16.231250762939453,2.234668016433716,91,-29,-35,-7.641894817352295,1.885351657867432,5.455078125,1
-12,30,-354,-14.25498104095459,-17.79121208190918,3.5697267055511475,106,-32,-63,-7.7710938453674325,2.9955079555511475,3.7707033157348633,1
-72,28,-410,-13.412793159484865,-13.982226371765135,2.234668016433716,102,-30,-69,-7.570117473602295,3.0768554210662837,3.880761861801148,1
-89,47,-379,-8.024706840515138,-6.014941692352295,0.7225586175918579,72,-21,-60,-7.7710938453674325,2.79931640625,4.215722560882568,1
-83,63,-282,-3.9381837844848633,0.39716798067092896,-0.27275392413139343,75,-16,-57,-7.8285160064697275,2.579199314117432,4.574609279632568,1
-90,70,-151,-1.8709961175918581,3.22998046875,-0.8517578244209291,89,-8,-57,-7.737597942352295,2.713183641433716,4.727734565734863,1
-123,73,7,-3.3974609375,5.163183689117432,-2.1533203125,84,-3,-47,-7.503125190734862,2.387793064117432,4.612890720367432,1
-136,72,186,-7.1250977516174325,5.608203411102295,-2.234668016433716,88,0,-44,-6.2159180641174325,2.03369140625,4.445410251617432,1
-92,58,338,-9.101366996765137,2.694042921066284,-0.8900390863418579,80,-4,-40,-4.909570217132568,2.0384767055511475,4.206152439117432,1
-3,57,464,-11.881543159484865,-5.9144530296325675,0.9522461295127868,55,-9,-56,-8.091699600219728,2.1581056118011475,5.6943359375,1
82,93,478,-26.839941024780273,-30.36660194396973,10.278515815734863,16,7,-94,-11.962890625,3.0912110805511475,7.5892581939697275,1
-17,31,94,-18.4228515625,-39.51103591918945,12.264355659484865,38,8,-74,-9.986620903015137,2.8567383289337163,8.08212947845459,1
-24,4,-254,-12.5849609375,-34.797657012939446,7.144238471984862,39,-7,1,-8.25439453125,4.23486328125,5.3115234375,1
57,-33,-464,-12.929491996765135,-19.360742568969727,2.306445360183716,6,-21,43,-6.8619141578674325,2.741894483566284,5.04833984375,1
28,-74,-477,-13.48935604095459,-4.541113376617432,-3.3400390148162837,16,-25,31,-7.5414066314697275,2.722754001617432,4.368847846984863,1
4,-59,-365,-9.814355850219727,3.63671875,-5.569921970367432,18,-27,29,-8.23046875,2.354296922683716,3.9333984851837163,1
-27,-4,-187,-4.23486328125,10.469922065734863,-6.641797065734862,45,-20,30,-6.809277534484862,1.7992187738418581,3.8185548782348633,1
-62,51,42,-1.167578101158142,11.824121475219727,-4.493261814117432,62,-4,12,-6.589160442352295,2.210742235183716,4.292285442352295,1
-144,64,265,-1.8470703363418581,8.139551162719728,-3.3017578125,20,16,-15,-7.0341796875,2.583984375,4.493261814117432,1
-146,44,416,-5.081836223602295,0.98095703125,0.11962890625,-15,34,-35,-6.8236327171325675,2.024121046066284,5.139257907867432,1
-77,21,477,-8.63720703125,-3.9812500476837163,2.115039110183716,-35,35,-29,-6.1537108421325675,2.406933546066284,5.421582221984863,1
85,14,456,-21.12646484375,-16.518360137939453,3.6845703125,-68,28,-13,-7.9864258766174325,2.339941501617432,7.0533204078674325,1
50,-7,272,-27.78261756896973,-25.83984375,9.75693416595459,-55,20,-13,-9.27841854095459,2.56005859375,8.976953506469727,1
-149,-65,30,-16.78632926940918,-21.767675399780273,7.211230754852295,-20,2,-14,-9.15878963470459,4.316211223602295,8.75205135345459,1
-67,-103,-103,-9.11093807220459,-14.5947265625,4.191796779632568,-18,-5,2,-6.9671874046325675,6.0340819358825675,8.043848037719728,1
-29,-137,-143,-6.412109375,-9.88134765625,1.3302735090255735,-52,-16,43,-6.091504096984862,6.2398438453674325,6.230273723602295,1
-15,-162,-149,-5.038769721984863,-6.5604491233825675,-0.3828125,-51,-26,74,-5.498144626617432,4.7373046875,5.086621284484863,1
-4,-170,-115,-3.761132955551148,-4.325781345367432,-1.6700195074081419,-31,-24,72,-6.69921875,3.7659180164337163,4.292285442352295,1
-2,-165,-52,-2.550488233566284,-3.273046970367432,-2.311230421066284,-33,-5,53,-7.20166015625,3.296972751617432,3.9333984851837163,1
-21,-148,5,-1.296777367591858,-3.6845703125,-1.8949218988418581,-47,18,36,-7.211230754852295,3.5218751430511475,3.5505859851837163,1
-15,-126,48,-0.516796886920929,-4.526757717132568,-1.4451172351837158,-95,38,37,-7.5892581939697275,3.4596679210662837,3.7419922351837163,1
-9,-111,85,-0.55029296875,-6.258984565734862,-0.7799804806709291,-114,51,44,-7.5079102516174325,2.6605470180511475,4.277929782867432,1
-2,-98,115,-0.9713867306709291,-7.641894817352295,0.11962890625,-103,56,44,-7.527050971984862,2.521777391433716,4.78515625,1
15,-84,134,-1.7035156488418581,-8.60849666595459,1.024023413658142,-104,60,42,-7.9912109375,2.617480516433716,5.019629001617432,1
16,-67,161,-2.3734376430511475,-8.11083984375,1.74658203125,-99,66,37,-7.68017578125,2.4212892055511475,5.086621284484863,1
-6,-54,190,-4.153515815734863,-7.000683784484862,2.201171875,-99,66,38,-7.6275391578674325,2.5361328125,5.110547065734863,1
-26,-39,219,-5.8857421875,-5.871387004852295,1.5503906011581419,-113,55,45,-6.8140625953674325,2.263378858566284,5.148828029632568,1
-53,-23,248,-8.101269721984862,-5.244531154632568,1.000097632408142,-101,41,35,-7.019824504852295,1.89013671875,5.656054973602295,1
