-58,-21,19,-8.618066787719727,-2.670117139816284,2.354296922683716,-38,16,17,-8.283105850219727,2.7562501430511475,3.63671875,1
-61,-21,18,-8.65634822845459,-2.665332078933716,2.335156202316284,-37,15,17,-8.326171875,2.737109422683716,3.6462891101837163,1
-62,-20,18,-8.63720703125,-2.646191358566284,2.402148485183716,-36,15,17,-8.30224609375,2.7562501430511475,3.63671875,1
-63,-20,19,-8.61328125,-2.665332078933716,2.51220703125,-37,14,17,-8.29746150970459,2.7562501430511475,3.6032226085662837,1
-62,-20,19,-8.641992568969728,-2.75146484375,2.641406297683716,-36,14,17,-8.311816215515138,2.7801759243011475,3.5745117664337163,1
-58,-20,18,-8.574999809265138,-2.761035203933716,2.646191358566284,-37,14,16,-8.335741996765138,2.813671827316284,3.541015625,1
-55,-20,18,-8.58457088470459,-2.717968702316284,2.5648438930511475,-36,14,17,-8.29746150970459,2.8232421875,3.541015625,1
-57,-21,18,-8.699414253234862,-2.7323243618011475,2.497851610183716,-37,14,18,-8.335741996765138,2.8041017055511475,3.4979493618011475,1
-55,-20,18,-8.708984375,-2.813671827316284,2.56005859375,-39,15,18,-8.216113090515138,2.789746046066284,3.5075194835662837,1
-50,-19,16,-8.508008003234862,-2.9045898914337163,2.722754001617432,-37,15,17,-8.307031631469728,2.7801759243011475,3.5075194835662837,1
-50,-22,12,-8.570215225219728,-2.8519532680511475,2.722754001617432,-36,15,19,-8.450586318969728,2.813671827316284,3.5505859851837163,1
-58,-25,9,-8.60849666595459,-2.646191358566284,2.5409181118011475,-39,16,19,-8.29746150970459,2.75146484375,3.5075194835662837,1
-63,-22,10,-8.426660537719728,-2.650976657867432,2.583984375,-40,15,14,-8.168261528015138,2.746679782867432,3.5314452648162837,1
-47,-20,8,-8.35009765625,-3.3065431118011475,3.46923828125,-40,15,13,-8.10605525970459,3.0481445789337163,3.631933689117432,1
8,-23,-5,-8.359667778015138,-4.057812690734863,4.196582317352295,-46,16,20,-8.048632621765138,3.512304782867432,4.038671970367432,1
35,-30,-13,-8.51279354095459,-3.3783204555511475,3.775488376617432,-50,11,30,-8.330957412719728,3.3400390148162837,4.110449314117432,1
-15,-43,-5,-8.340527534484862,-2.3255860805511475,3.1677734851837163,-35,5,36,-8.508008003234862,3.0242187976837163,3.847265720367432,1
-90,-50,3,-8.23046875,-2.306445360183716,2.75146484375,-28,5,35,-8.3740234375,3.0672852993011475,3.5697267055511475,1
-128,-45,9,-7.952929973602295,-2.9189453125,2.6796875,-40,9,29,-7.9959964752197275,2.866308689117432,3.3878905773162837,1
-97,-33,12,-7.809375286102295,-3.880761861801148,3.081640720367432,-42,12,21,-7.8763675689697275,2.717968702316284,3.4261720180511475,1
-48,-22,15,-7.7710938453674325,-3.4357421398162837,3.0290038585662837,-39,13,13,-8.08212947845459,2.761035203933716,3.51708984375,1
-43,-16,20,-7.9242191314697275,-3.1486327648162837,3.3304688930511475,-41,15,9,-8.163476943969728,2.9285156726837163,3.66064453125,1
-47,-15,23,-7.957715034484862,-3.349609375,3.5697267055511475,-41,16,7,-8.15390682220459,3.0050780773162837,3.828125,1
-49,-14,24,-7.8667969703674325,-3.27783203125,3.4979493618011475,-38,15,9,-8.168261528015138,3.1007812023162837,3.8855469226837163,1
-55,-14,27,-7.838086128234862,-3.2682616710662837,3.4835937023162837,-37,15,10,-8.187402725219728,3.201269626617432,3.895117282867432,1
-58,-12,31,-7.881152629852295,-3.2682616710662837,3.4500977993011475,-39,15,10,-8.139551162719728,3.18212890625,3.799414157867432,1
-62,-11,34,-7.9864258766174325,-3.1247069835662837,3.296972751617432,-39,16,10,-8.125195503234862,3.1199219226837163,3.6750001907348633,1
-64,-8,37,-8.144335746765138,-3.1103515625,3.2874023914337163,-40,17,10,-8.139551162719728,3.081640720367432,3.608007907867432,1
-57,-5,38,-8.17783260345459,-3.0959961414337163,3.349609375,-39,19,12,-8.077343940734862,3.0002930164337163,3.61279296875,1
-51,-5,38,-8.34531307220459,-2.9189453125,3.4070312976837163,-37,19,15,-8.17783260345459,2.9285156726837163,3.7180664539337163,1
-54,-8,36,-8.484082221984862,-2.8232421875,3.416601657867432,-35,19,17,-8.149121284484862,2.87109375,3.7707033157348633,1
-57,-13,32,-8.51279354095459,-2.8280274868011475,3.3831055164337163,-35,18,18,-8.144335746765138,2.808886766433716,3.8376953601837163,1
-60,-16,26,-8.49365234375,-2.813671827316284,3.2634766101837163,-34,17,19,-8.20654296875,2.7801759243011475,3.880761861801148,1
-61,-18,20,-8.44580078125,-2.818457126617432,3.2060546875,-36,16,18,-8.244824409484862,2.794531345367432,3.8855469226837163,1
-58,-19,16,-8.407519340515138,-2.784960985183716,3.158203125,-38,16,17,-8.216113090515138,2.79931640625,3.8903322219848633,1
-60,-21,14,-8.58935546875,-2.665332078933716,3.0481445789337163,-39,15,15,-8.263964653015138,2.8567383289337163,3.847265720367432,1
-65,-23,15,-8.594141006469728,-2.497851610183716,2.9476563930511475,-43,17,16,-8.25439453125,2.8854491710662837,3.785058736801148,1
-76,-23,20,-8.503222465515138,-2.100683689117432,2.789746046066284,-43,17,17,-8.115625381469728,2.7323243618011475,3.7180664539337163,1
-88,-24,31,-8.718554496765138,-1.7513672113418581,2.842382907867432,-37,16,18,-8.173047065734862,2.8998048305511475,3.7419922351837163,1
-97,-25,41,-8.82861328125,-1.6173828840255735,2.794531345367432,-36,16,24,-8.22568416595459,3.37353515625,3.8616211414337163,1
-95,-25,47,-9.096582412719727,-1.5886719226837158,2.8041017055511475,-16,10,31,-8.517578125,4.507617473602295,4.431054592132568,1
-90,-27,51,-9.249707221984863,-1.4546874761581419,2.8758790493011475,12,9,45,-8.139551162719728,6.1680665016174325,4.277929782867432,1
-106,-30,48,-8.15869140625,-0.937890648841858,2.392578125,-30,11,71,-6.570019721984862,6.689648628234862,3.4931640625,1
-118,-29,43,-8.072558403015138,-1.1340820789337158,2.9333007335662837,-77,5,82,-7.311718940734862,5.545996189117432,2.842382907867432,1
-119,-27,40,-8.307031631469728,-1.344628930091858,3.0529296398162837,-69,-7,68,-7.9385743141174325,4.2587890625,2.148535251617432,1
-115,-22,40,-8.929101943969727,-1.8470703363418581,3.3017578125,-39,-11,43,-8.431445121765138,4.115234375,1.8949218988418581,1
-114,-23,46,-8.49365234375,-2.244238376617432,3.0146484375,-28,0,31,-7.7806644439697275,4.919140815734863,1.7083008289337158,1
-102,-24,46,-7.9864258766174325,-2.3734376430511475,2.7083985805511475,-52,23,59,-7.7088871002197275,7.84765625,2.143749952316284,1
-99,-24,39,-8.311816215515138,-2.306445360183716,2.818457126617432,-40,33,128,-8.39316463470459,10.52734375,3.18212890625,1
-111,-31,24,-7.809375286102295,-2.665332078933716,3.105566501617432,34,30,229,-8.82861328125,17.236133575439453,3.761132955551148,1
-91,-34,4,-9.622949600219727,-3.2347657680511475,3.3831055164337163,76,25,397,-11.350390434265135,21.758106231689453,5.876172065734862,1
-61,-34,5,-10.249804496765137,-2.9093749523162837,3.1629884243011475,163,34,467,-7.4839844703674325,15.412988662719727,3.80419921875,1
-71,-32,27,-10.340723037719727,-2.454785108566284,2.478710889816284,194,77,427,-4.612890720367432,7.39306640625,2.818457126617432,1
-80,-29,49,-10.029687881469727,-2.8615233898162837,2.316015720367432,174,122,315,-1.435546875,2.770605564117432,1.17236328125,1
-70,-35,48,-9.15878963470459,-2.483496189117432,1.8709961175918581,122,140,187,1.0431641340255735,1.2058594226837158,0.4833008050918579,1
-102,-45,28,-7.9912109375,-1.320703148841858,0.7943359613418579,58,135,83,2.167675733566284,0.2344726622104645,-0.8804687857627869,1
-166,-50,6,-8.330957412719728,-1.153222680091858,0.559863269329071,29,132,-14,2.670117139816284,-1.3254883289337158,-0.7273437380790709,1
-184,-50,0,-8.283105850219728,-2.1102540493011475,0.9953125119209291,13,125,-110,2.316015720367432,-1.26806640625,-0.6890625357627869,1
-144,-47,-2,-7.067676067352295,-2.526562452316284,0.9522461295127868,-42,125,-188,0.636425793170929,-0.3875976502895355,-0.06699218600988388,1
-111,-39,2,-6.6561522483825675,-2.392578125,1.033593773841858,-81,131,-246,-0.9474609494209291,2.263378858566284,1.995410203933716,1
-109,-28,24,-8.976953506469727,-3.13427734375,2.454785108566284,-56,128,-257,-2.076757907867432,12.599316596984865,3.5075194835662837,1
-76,-20,55,-11.570508003234865,-4.13916015625,4.560254096984863,-64,91,-101,-2.2059571743011475,31.66816520690918,10.388574600219727,1
-51,-2,80,-10.484277725219727,-3.4931640625,4.01953125,43,-16,152,-0.3541015684604645,34.443553924560554,11.52744197845459,1
7,15,82,-10.460351943969727,-3.966894626617432,5.579492092132568,34,-106,363,-0.9235351681709291,20.44697380065918,9.130078315734863,1
46,6,78,-8.771191596984862,-3.08642578125,4.158300876617432,20,-136,384,-1.105371117591858,4.115234375,2.583984375,1
-14,-17,70,-7.72802734375,-0.9187500476837158,2.550488233566284,40,-98,312,-0.01914062537252903,-2.473925828933716,-1.5647461414337158,1
-103,-40,56,-6.641797065734862,-1.3015625476837158,2.0863282680511475,7,-19,196,1.9619140625,-6.804492473602295,-5.636914253234862,1
-133,-51,27,-6.5269532203674325,-2.1820313930511475,2.2490234375,2,29,49,3.1438477039337163,-7.6036133766174325,-4.938281536102295,1
-115,-59,1,-6.7662110328674325,-2.603125095367432,2.306445360183716,-4,54,-80,3.679785251617432,-5.7421875,-3.3878905773162837,1
-113,-59,-16,-6.857129096984862,-2.411718845367432,2.201171875,-22,69,-176,3.9094727039337163,-3.7707033157348633,-1.84228515625,1
-141,-54,-21,-7.713672161102295,-3.1677734851837163,3.392675876617432,-97,76,-253,5.52685546875,1.119726538658142,0.7608398795127869,1
-128,-35,-19,-9.21142578125,-4.627246379852295,3.9621095657348633,-137,51,-263,6.029296875,13.929590225219727,5.1201171875,1
-46,-11,-2,-11.6279296875,-5.612988471984863,4.320996284484863,-163,26,-67,-0.03349609300494194,29.380859375,8.77597713470459,1
16,12,5,-10.154101371765137,-4.780371189117432,3.440527439117432,-1,-77,82,3.0290038585662837,20.4326171875,7.72802734375,1
85,37,-5,-9.364550590515137,-4.359277248382568,3.1390626430511475,-34,-140,143,1.6939452886581419,10.6708984375,2.7801759243011475,1
141,40,-15,-8.15869140625,-3.5266602039337163,2.296875,-65,-156,106,2.450000047683716,2.650976657867432,-0.15791015326976776,1
112,19,-24,-7.10595703125,-1.5216797590255735,1.1867188215255735,-124,-147,35,2.866308689117432,0.8996093869209291,-1.33984375,1
-6,-3,-15,-7.34521484375,-0.559863269329071,0.6220703125,-211,-136,-52,2.650976657867432,0.06220703199505806,-3.249121189117432,1
-82,-8,-3,-8.618066787719728,-1.93798828125,1.33984375,-229,-114,-155,1.5743163824081419,2.1533203125,-4.172656536102295,1
-58,-3,3,-9.02001953125,-2.789746046066284,1.5408203601837158,-201,-101,-240,-0.5263671875,3.89990234375,-3.3400390148162837,1
-15,5,2,-8.574999809265138,-2.258593797683716,1.4451172351837158,-133,-83,-302,-3.2347657680511475,5.9623045921325675,-2.100683689117432,1
-21,4,8,-8.574999809265138,-1.9188476800918581,1.5360351800918581,-179,-49,-330,-5.612988471984863,7.3643555641174325,-0.19140625,1
-23,4,12,-7.905078411102295,-2.2538087368011475,2.2538087368011475,-197,11,-383,-10.79052734375,7.498340129852295,2.717968702316284,1
-9,-1,17,-8.44580078125,-2.426074266433716,2.8041017055511475,-131,30,-424,-20.61445426940918,7.9481449127197275,6.9671874046325675,1
-14,-5,26,-12.278711318969727,-3.1199219226837163,3.617578268051148,-50,22,-332,-21.22216796875,9.82871150970459,6.593945503234862,1
-39,-19,25,-8.048632621765138,-2.316015720367432,3.0912110805511475,-15,37,-109,-8.670702934265138,8.1826171875,5.278027534484863,1
-99,-31,0,-7.9385743141174325,-3.4118163585662837,3.641504049301148,-18,44,37,-8.4697265625,6.67529296875,4.335351467132568,1
-154,-58,-51,-9.125292778015137,-6.158496379852295,5.273242473602295,-56,44,88,-8.73291015625,5.435937404632568,3.0625,1
-255,-92,-152,-9.40283203125,-13.1591796875,5.9766602516174325,-67,22,95,-7.4122071266174325,3.5984375476837163,4.062597751617432,1
-238,-70,-332,-13.312304496765135,-22.26533317565918,4.048242092132568,-51,1,89,-7.335644721984862,2.263378858566284,3.392675876617432,1
-218,-19,-482,-15.47998046875,-23.52382850646973,1.263281226158142,-40,-1,69,-10.541699409484863,2.019335985183716,3.6510741710662837,1
-178,41,-482,-10.417284965515137,-15.04453182220459,-0.4498046934604645,-7,-7,39,-10.04404354095459,2.17724609375,3.1486327648162837,1
-141,88,-467,-6.5843749046325675,-5.804394721984862,-1.7130860090255735,42,-15,24,-8.574999809265138,2.138964891433716,2.2538087368011475,1
-159,105,-346,-3.2586915493011475,-0.478515625,-2.3447265625,31,-4,18,-8.517578125,2.6796875,1.7417968511581419,1
-198,106,-195,-1.36376953125,1.8231445550918581,-2.435644626617432,-1,0,26,-8.479296684265138,2.387793064117432,1.3015625476837158,1
-237,95,-61,-0.27275392413139343,2.3255860805511475,-2.550488233566284,36,-4,29,-8.44101619720459,1.827929735183716,1.296777367591858,1
-248,81,50,0.08134765923023224,1.311132788658142,-2.387793064117432,76,-5,18,-8.220898628234862,2.316015720367432,1.2824219465255735,1
-267,65,153,-0.16748046875,0.287109375,-2.8041017055511475,51,6,5,-7.287793159484862,2.9333007335662837,1.3876953125,1
-261,60,239,-1.167578101158142,-0.468945324420929,-2.028906345367432,11,12,4,-5.9527344703674325,2.9524414539337163,1.9188476800918581,1
-222,65,320,-2.775390625,-1.5264648199081419,0.13876953721046448,2,1,9,-5.182324409484863,2.7275390625,2.6366212368011475,1
-130,57,329,-1.143652319908142,-20.212499618530273,4.115234375,34,-3,-1,-8.627636909484862,4.431054592132568,3.823339939117432,1
-85,42,70,3.8903322219848633,-47.3921890258789,9.46982479095459,33,-15,-27,-15.341211318969727,5.8187499046325675,4.627246379852295,1
-21,9,-246,4.584179878234863,-32.692188262939446,7.44091796875,41,-3,-23,-10.441210746765137,5.206250190734863,3.6989259719848633,1
-74,-7,-342,0.3875976502895355,-14.259765625,1.79443359375,-8,-11,-12,-9.024805068969727,6.1297850608825675,4.120019435882568,1
-81,24,-310,-1.0670899152755735,-4.053027629852295,-0.679492175579071,-123,4,-3,-8.747265815734862,5.440722942352295,2.6605470180511475,1
-93,38,-205,-1.129296898841858,2.8280274868011475,-1.17236328125,-112,-1,4,-6.8954100608825675,3.1151368618011475,2.019335985183716,1
-90,32,-83,-0.5694336295127869,5.2158203125,-0.8565430045127869,-24,-3,2,-5.837890625,2.603125095367432,2.258593797683716,1
-105,5,36,-0.14833985269069672,5.86181640625,-0.27275392413139343,9,-9,13,-6.306836128234862,3.2826173305511475,2.091113328933716,1
-149,-21,153,0.55029296875,4.584179878234863,-0.39238283038139343,-8,-4,27,-7.665820598602295,3.3161132335662837,2.1533203125,1
-157,-45,264,1.215429663658142,2.3016602993011475,0.18183593451976776,2,-5,34,-8.005566596984862,3.0529296398162837,2.531347751617432,1
-55,-42,345,1.9044922590255735,-6.254199504852295,4.37841796875,7,1,37,-6.780566692352295,3.847265720367432,3.3161132335662837,1
-47,-9,206,1.052734375,-31.51503944396973,5.7613282203674325,-41,8,56,-6.258984565734862,5.775683879852295,4.847363471984863,1
-80,-70,6,4.517187595367432,-26.93086051940918,6.8858399391174325,-74,17,52,-12.742871284484865,5.593847751617432,4.172656536102295,1
8,-122,-35,2.091113328933716,-11.781054496765135,4.04345703125,-78,38,45,-9.37890625,5.435937404632568,4.923925876617432,1
6,-165,15,0.15312500298023224,-4.3544921875,1.3302735090255735,-117,26,63,-7.1490235328674325,6.0484375953674325,4.105664253234863,1
3,-187,92,-0.4354492127895355,-1.53125,-1.248925805091858,-203,64,81,-8.34531307220459,4.153515815734863,1.79443359375,1
2,-191,180,-0.8182617425918579,-2.9763672351837163,-2.550488233566284,-205,76,64,-7.560546875,2.354296922683716,2.363867282867432,1
24,-173,247,-1.296777367591858,-4.818652629852295,-3.3878905773162837,-79,31,38,-7.0868163108825675,1.971484422683716,2.4404296875,1
7,-142,303,-2.818457126617432,-7.957715034484862,-2.478710889816284,-38,25,14,-7.378711223602295,2.842382907867432,1.885351657867432,1
-23,-110,330,-4.9287109375,-9.603808403015137,-1.272851586341858,-69,36,14,-7.455273628234862,3.296972751617432,2.210742235183716,1
2,-68,316,-5.8570313453674325,-12.116015434265135,0.30146485567092896,-88,40,15,-7.6610355377197275,2.8328125476837163,2.483496189117432,1
105,1,325,-9.077441215515137,-8.89560604095459,2.2298829555511475,-87,40,9,-7.1490235328674325,2.665332078933716,2.8232421875,1
8,62,334,-17.81513786315918,-6.6513671875,4.756445407867432,-73,46,-3,-9.455469131469727,2.890234470367432,4.158300876617432,1
-101,37,266,-14.73828125,-6.1537108421325675,4.9287109375,-66,43,-7,-9.56552791595459,3.3352539539337163,5.545996189117432,1
-102,14,122,-8.900390625,-3.8137695789337163,2.713183641433716,-61,19,21,-8.05820369720459,3.512304782867432,5.378515720367432,1
-130,-19,15,-9.383691787719727,-2.746679782867432,2.794531345367432,-68,19,35,-7.503125190734862,2.603125095367432,6.062793254852295,1
-193,-50,-26,-8.594141006469728,-3.3974609375,2.1341798305511475,-40,15,32,-7.1250977516174325,4.459765911102295,6.498242378234862,1
-198,-65,-32,-6.96240234375,-3.9333984851837163,2.56005859375,-49,10,63,-6.5843749046325675,6.57958984375,6.7662110328674325,1
-173,-76,-20,-6.498242378234862,-3.5984375476837163,2.296875,-1,-48,141,-7.9481449127197275,9.034375190734863,8.785547256469728,1
-152,-57,-13,-8.091699600219728,-3.3400390148162837,1.5743163824081419,119,-94,223,-12.32177734375,13.3984375,7.263867378234862,1
-118,-23,7,-10.843164443969727,-4.440625190734863,2.641406297683716,152,-67,344,-15.33164119720459,18.116601943969727,5.632129192352295,1
-38,-7,24,-10.02490234375,-4.244433879852295,2.8567383289337163,148,0,421,-10.623046875,14.077929496765135,2.36865234375,1
9,9,37,-10.0009765625,-3.8424806594848633,2.378222703933716,124,45,420,-5.9048829078674325,8.36923885345459,1.4642578363418581,1
14,7,42,-8.527148246765138,-3.1151368618011475,2.473925828933716,110,87,355,-1.7370117902755735,3.5984375476837163,0.44501954317092896,1
-15,-2,29,-7.65625,-2.574414014816284,2.0624024868011475,149,109,264,0.40673828125,0.7704101800918579,-0.35888671875,1
-50,-14,14,-8.455370903015138,-2.359081983566284,2.2777345180511475,80,144,162,1.818359375,0.8996093869209291,-0.6268554925918579,1
-97,-33,5,-7.976855754852295,-2.2777345180511475,2.239453077316284,82,121,73,2.9476563930511475,-0.19140625,-1.7370117902755735,1
-135,-43,1,-6.8954100608825675,-2.387793064117432,1.8470703363418581,102,116,-17,3.32568359375,-0.512011706829071,-2.167675733566284,1
-136,-48,-2,-6.1919922828674325,-2.60791015625,1.885351657867432,119,128,-107,2.579199314117432,-0.05263672024011612,-1.8470703363418581,1
-117,-48,0,-6.665722846984862,-2.7083985805511475,1.74658203125,72,144,-189,1.4546874761581419,1.3876953125,-0.9187500476837158,1
-112,-45,15,-8.814257621765137,-2.8280274868011475,2.507421970367432,-13,158,-249,0.564648449420929,7.981640815734862,3.320898532867432,1
-115,-43,38,-12.211718559265135,-3.61279296875,3.9381837844848633,-63,108,-172,0.4976562559604645,26.78252029418945,8.240038871765138,1
-122,-39,51,-11.948534965515135,-3.3543946743011475,2.9189453125,54,-7,47,2.938086032867432,32.242382049560554,9.871777534484863,1
-95,-11,50,-10.4794921875,-3.8376953601837163,3.665429830551148,43,-70,243,2.7801759243011475,20.848926544189453,4.95263671875,1
-16,-2,47,-7.929004192352295,-3.904687643051148,3.5218751430511475,14,-76,292,3.129492282867432,7.2255859375,0.7608398795127869,1
8,-1,40,-7.0293946266174325,-2.593554735183716,1.9762696027755735,-23,-36,248,3.249121189117432,0.6029297113418579,-1.7561523914337158,1
-31,-9,50,-6.570019721984862,-2.1820313930511475,1.837500095367432,-71,0,172,3.94775390625,-3.2060546875,-4.947851657867432,1
-59,-19,54,-7.20166015625,-2.8806641101837163,2.426074266433716,-43,39,63,4.900000095367432,-5.4072265625,-5.9623045921325675,1
-62,-32,49,-7.479199409484862,-3.0959961414337163,2.239453077316284,-11,75,-41,4.981347560882568,-4.565039157867432,-4.129590034484863,1
-77,-41,34,-6.282910346984862,-2.6318359375,1.957129001617432,-23,106,-133,3.541015625,-3.3304688930511475,-2.2059571743011475,1
-93,-44,15,-6.780566692352295,-3.0002930164337163,1.899707078933716,-56,114,-214,1.7800781726837158,-1.02880859375,0.34453126788139343,1
-86,-31,0,-9.843066215515137,-3.7228517532348633,2.808886766433716,-109,93,-259,0.6268554925918579,10.57041072845459,4.880859375,1
-60,-14,-6,-12.168652534484865,-4.277929782867432,4.096093654632568,-111,40,-169,0.8134765625,21.322656631469727,9.49375057220459,1
-23,6,-8,-11.95810604095459,-4.411914348602295,3.8137695789337163,-110,-21,-59,1.5886719226837158,20.83935546875,8.359667778015138,1
51,27,-8,-10.40771484375,-4.306640625,4.057812690734863,-171,-39,-8,0.8948242068290709,13.053906440734865,6.57958984375,1
99,24,-4,-8.39316463470459,-3.541015625,3.3400390148162837,-215,-32,-8,0.516796886920929,8.211328506469728,5.033984661102295,1
87,5,-7,-6.72314453125,-2.402148485183716,2.196386814117432,-221,-23,-40,0.59814453125,3.732421875,4.215722560882568,1
35,-18,-9,-6.6513671875,-1.8087891340255735,1.45947265625,-125,-29,-113,-0.19619141519069672,2.292089939117432,3.46923828125,1
-26,-35,-4,-8.029492378234862,-2.0863282680511475,1.435546875,-37,-51,-180,-1.60302734375,4.33056640625,2.9189453125,1
-75,-46,1,-9.11572265625,-2.717968702316284,1.435546875,12,-53,-228,-2.2059571743011475,5.148828029632568,2.1102540493011475,1
-93,-42,3,-9.18271541595459,-3.105566501617432,1.2058594226837158,45,-41,-272,-3.56494140625,6.445605754852295,2.9285156726837163,1
-69,-29,0,-8.125195503234862,-2.9237306118011475,0.95703125,42,-19,-305,-4.938281536102295,8.814257621765137,2.99072265625,1
-39,-17,3,-7.2925782203674325,-2.071972608566284,1.143652319908142,-5,12,-301,-6.7901368141174325,9.010449409484863,3.296972751617432,1
-24,-13,15,-9.436327934265137,-2.091113328933716,2.009765625,36,32,-292,-13.001269340515135,10.149316787719727,4.756445407867432,1
-3,-7,38,-11.900683403015135,-1.899707078933716,3.8424806594848633,-16,32,-232,-14.656933784484865,10.3837890625,4.947851657867432,1
4,0,27,-6.924121379852295,-1.31591796875,4.746875286102295,-58,31,-112,-9.197070121765137,7.5174808502197275,4.18701171875,1
9,-1,10,-7.885937690734862,-0.16748046875,3.8759765625,-44,36,-17,-9.149218559265137,5.565136909484863,3.4548828601837163,1
-46,-10,28,-8.87168025970459,0.41630861163139343,3.5888671875,-39,23,24,-9.910058975219727,4.158300876617432,3.0720703601837163,1
-76,-10,36,-8.10605525970459,-0.7464843988418579,4.359277248382568,-19,13,15,-8.694628715515138,2.4691407680511475,3.416601657867432,1
-46,-12,26,-7.2447266578674325,-3.4261720180511475,5.732617378234862,9,5,0,-7.766308784484862,1.7178710699081419,3.2347657680511475,1
16,-47,-34,-7.5414066314697275,-8.742480278015138,8.402734756469728,0,13,8,-7.785449504852295,1.3876953125,3.679785251617432,1
46,-121,-137,-9.914843559265137,-11.8671875,12.17343807220459,-23,20,27,-7.6849613189697275,0.9426758289337158,4.292285442352295,1
59,-219,-258,-14.867481231689453,-15.24072265625,12.862500190734865,-31,27,32,-7.689746379852295,1.2776367664337158,4.454980373382568,1
59,-296,-329,-16.743261337280273,-15.341211318969727,12.671093940734865,-22,28,25,-9.49375057220459,2.210742235183716,4.483691692352295,1
-6,-344,-331,-12.43662166595459,-9.297558784484863,9.005663871765137,-27,24,26,-9.292773246765137,2.9763672351837163,4.416699409484863,1
-89,-335,-310,-7.737597942352295,-4.56982421875,5.488574504852295,-43,13,36,-9.249707221984863,2.94287109375,3.5745117664337163,1
-136,-297,-277,-3.904687643051148,-0.6651367545127869,2.9045898914337163,-30,2,25,-9.479394912719727,2.162890672683716,2.9524414539337163,1
-200,-243,-243,-0.765625,0.6890625357627869,0.8326172232627869,35,-6,12,-8.192187309265138,1.8470703363418581,2.08154296875,1
-282,-166,-184,1.167578101158142,3.0529296398162837,-1.6939452886581419,77,-10,15,-7.474414348602295,1.89013671875,1.8087891340255735,1
-271,-68,-97,1.9284180402755735,3.0242187976837163,-4.507617473602295,67,-6,19,-8.067773818969728,1.5743163824081419,1.31591796875,1
-285,25,46,1.7130860090255735,6.2876954078674325,-4.895215034484863,59,0,7,-8.49365234375,1.3876953125,1.1484375,1
-353,86,219,-0.01914062537252903,4.431054592132568,-5.71826171875,62,2,-5,-8.474512100219728,1.7322266101837158,1.50732421875,1
-326,123,367,-3.679785251617432,0.540722668170929,-3.617578268051148,43,7,-11,-8.0869140625,2.167675733566284,1.8805664777755735,1
-214,157,488,-10.201952934265137,-4.215722560882568,0.7799804806709291,16,10,-8,-7.091601848602295,2.5361328125,2.0576171875,1
-84,144,405,-17.140430450439453,-34.45791244506836,11.130273818969727,15,10,-9,-8.354883193969728,2.8375976085662837,2.550488233566284,1
-116,-2,47,-5.5986328125,-42.41083908081055,17.221776962280273,52,-1,-20,-14.264551162719727,2.9715821743011475,3.66064453125,1
-83,-76,-248,-0.3828125,-31.3427734375,9.13486385345459,80,1,-34,-10.867090225219727,3.5075194835662837,2.100683689117432,1
-10,-72,-376,-3.46923828125,-13.484570503234865,0.42109376192092896,-14,5,-36,-8.450586318969728,4.852148532867432,2.263378858566284,1
-38,-27,-350,-3.3113281726837163,-2.507421970367432,-2.22509765625,-155,26,-18,-7.790234565734862,4.364062786102295,1.8662109375,1
-57,7,-262,-1.9762696027755735,3.1677734851837163,-2.8041017055511475,-155,33,4,-7.46484375,2.383007764816284,1.5025390386581419,1
-103,15,-125,-0.2392578125,6.2637696266174325,-2.6796875,-50,18,16,-7.570117473602295,2.27294921875,2.574414014816284,1
-157,12,33,-0.2583984434604645,6.4168944358825675,-2.1341798305511475,-8,9,29,-8.06298828125,2.8998048305511475,2.292089939117432,1
-209,3,202,-1.33984375,5.043554782867432,-2.019335985183716,-26,5,51,-8.641992568969728,2.8758790493011475,2.5887696743011475,1
-185,-14,352,-3.641504049301148,1.12451171875,-0.20576171576976776,-4,-7,68,-8.03427791595459,1.7609375715255735,2.483496189117432,1
-15,-15,452,-5.426367282867432,-6.8427734375,4.971777439117432,29,-8,63,-8.68027400970459,1.8327149152755735,2.435644626617432,1
-18,1,379,-10.134961128234863,-32.964942932128906,9.97226619720459,2,4,49,-9.823925971984863,3.4070312976837163,3.225195407867432,1
-2,-76,74,-4.852148532867432,-34.041603088378906,11.9150390625,-45,13,38,-11.283398628234865,3.4500977993011475,2.9715821743011475,1
84,-116,-73,-1.3876953125,-16.781543731689453,7.2925782203674325,-50,20,37,-8.551074028015138,3.5075194835662837,2.3734376430511475,1
134,-121,-78,-2.359081983566284,-5.421582221984863,2.521777391433716,-105,24,38,-7.1298828125,3.952539205551148,2.08154296875,1
100,-104,-1,-2.316015720367432,-1.2058594226837158,0.679492175579071,-189,40,33,-7.359570503234862,3.732421875,1.5025390386581419,1
30,-76,88,-1.9427734613418581,-0.4833008050918579,0.03349609300494194,-226,74,18,-8.48886775970459,2.6796875,1.5743163824081419,1
-19,-50,165,-2.2298829555511475,-1.9762696027755735,1.12451171875,-158,51,4,-9.484179496765137,2.789746046066284,2.220312595367432,1
-63,-21,228,-2.8758790493011475,-3.66064453125,2.3447265625,-98,31,10,-9.21142578125,3.1677734851837163,1.84228515625,1
-89,9,272,-3.856836080551148,-5.483788967132568,3.689355611801148,-129,35,27,-8.75205135345459,3.2634766101837163,1.875781297683716,1
-122,32,292,-5.177539348602295,-6.230273723602295,4.263574123382568,-135,28,38,-8.474512100219728,2.1581056118011475,2.0576171875,1
-126,51,307,-6.9432616233825675,-7.6753907203674325,4.804296970367432,-113,14,27,-8.474512100219728,1.6221679449081419,2.172461032867432,1
-142,61,312,-10.321581840515137,-6.8714842796325675,5.55078125,-77,6,18,-8.168261528015138,1.4738281965255735,2.4691407680511475,1
-119,62,263,-14.15927791595459,-10.579980850219727,6.86669921875,-51,-2,18,-10.59912109375,1.5886719226837158,3.273046970367432,1
-77,44,152,-11.46044921875,-8.890820503234863,7.622754096984862,-9,0,11,-10.991503715515137,0.9235351681709291,2.94287109375,1
-81,1,60,-7.4122071266174325,-5.9383788108825675,6.2159180641174325,7,3,20,-6.876269817352295,1.4211914539337158,3.737207174301148,1
-104,-32,21,-7.402637004852295,-5.2158203125,5.244531154632568,-76,14,28,-7.4122071266174325,1.6700195074081419,3.249121189117432,1
-101,-45,6,-8.149121284484862,-3.7707033157348633,4.622460842132568,-118,30,14,-9.197070121765137,0.8134765625,3.751562595367432,1
-90,-55,-4,-7.976855754852295,-2.7801759243011475,4.71337890625,-76,24,1,-8.120409965515138,1.201074242591858,4.56982421875,1
-69,-66,-15,-8.168261528015138,-2.0576171875,4.383203029632568,-26,2,0,-7.1250977516174325,3.990820407867432,6.857129096984862,1
-45,-72,-29,-8.436230659484862,-1.50732421875,5.053124904632568,32,-25,55,-8.75205135345459,10.26416015625,5.617773532867432,1
-33,-87,-37,-8.287890434265138,-1.5647461414337158,5.4072265625,42,-34,197,-11.781054496765135,13.953516006469727,5.81396484375,1
-32,-92,-44,-8.39794921875,-3.0290038585662837,5.9048829078674325,63,-30,338,-16.609277725219727,15.599609375,3.584082126617432,1
-38,-88,-32,-7.7567386627197275,-3.1629884243011475,7.2782225608825675,97,2,437,-18.059179306030273,15.704883575439453,3.25390625,1
-59,-88,-33,-5.201465129852295,-4.273144721984863,6.5748047828674325,131,43,487,-13.881738662719727,12.044238090515135,2.100683689117432,1
-43,-76,-27,-4.263574123382568,-4.09130859375,6.426465034484862,147,84,450,-6.8954100608825675,6.713574409484862,1.4499024152755735,1
-68,-66,-7,-3.761132955551148,-4.445410251617432,5.8570313453674325,190,106,364,-2.167675733566284,1.3541992902755735,0.64599609375,1
-81,-53,17,-3.99560546875,-3.976464986801148,5.033984661102295,130,166,235,-0.4737304747104645,-0.631640613079071,-0.02392578125,1
-116,-39,57,-3.990820407867432,-3.42138671875,4.029101848602295,154,147,109,0.6747070550918579,-2.067187547683716,-0.7369140982627869,1
-132,-16,97,-4.167870998382568,-2.84716796875,2.9715821743011475,145,133,-13,1.201074242591858,-2.0863282680511475,-1.1101562976837158,1
-164,6,142,-5.565136909484863,-1.9762696027755735,3.0481445789337163,101,129,-134,0.7704101800918579,-1.7848633527755735,-1.6556640863418581,1
-217,-1,188,-7.77587890625,-1.971484422683716,4.301855564117432,21,117,-230,-0.4593750238418579,1.239355444908142,0.5455078482627869,1
-215,-39,192,-6.9193358421325675,-3.2108399868011475,5.110547065734863,-76,160,-277,-2.196386814117432,9.90048885345459,4.009961128234863,1
-165,-48,170,-12.431836128234865,-4.306640625,3.856836080551148,-95,115,-137,-4.866504192352295,31.42412185668945,9.1875,1
-168,-21,166,-11.584863662719727,-5.38330078125,4.254004001617432,18,4,60,-1.804003953933716,30.43359375,10.06796932220459,1
-176,-15,130,-8.4697265625,-5.110547065734863,6.3355469703674325,29,-85,265,1.923632860183716,20.97334098815918,6.6083006858825675,1
-106,-14,119,-9.508105278015137,-5.679980754852295,2.641406297683716,-3,-123,341,3.785058736801148,7.63232421875,1.4977539777755735,1
-42,1,99,-8.97216796875,-5.029199123382568,2.9763672351837163,12,-100,305,3.3304688930511475,0.11484375596046448,-0.913964867591858,1
-27,1,78,-7.6083984375,-3.99560546875,3.3831055164337163,0,-56,219,3.081640720367432,-5.254101753234863,-3.8137695789337163,1
-29,-6,45,-6.5748047828674325,-3.2921874523162837,3.5984375476837163,-8,-2,87,3.775488376617432,-8.36923885345459,-5.62255859375,1
-50,-24,8,-6.9432616233825675,-2.818457126617432,3.296972751617432,-28,49,-58,3.560156345367432,-7.46484375,-4.373632907867432,1
-74,-41,-13,-6.3833985328674325,-2.354296922683716,3.27783203125,-22,81,-195,1.9619140625,-5.392871379852295,-3.0625,1
-94,-49,-22,-5.7469725608825675,-2.8519532680511475,4.096093654632568,-65,96,-296,0.30146485567092896,-0.8326172232627869,-0.7177734375,1
-79,-47,-29,-7.211230754852295,-3.4931640625,4.756445407867432,-167,114,-327,-0.5215820670127869,12.65673828125,4.177441596984863,1
-85,-32,-15,-13.408007621765135,-4.225293159484863,3.904687643051148,-123,86,-155,-5.656054973602295,34.4052734375,8.618066787719728,1
-70,3,-24,-9.335840225219727,-4.072167873382568,4.120019435882568,-38,-33,79,-0.40673828125,27.49072265625,9.670801162719727,1
22,23,-46,-9.273633003234863,-4.679883003234863,4.584179878234863,-47,-146,190,0.4115234315395355,14.312402725219727,6.4791016578674325,1
103,23,-51,-9.264062881469727,-4.2587890625,2.048046827316284,-36,-208,178,0.7273437380790709,4.794726848602295,1.9044922590255735,1
52,5,-43,-7.7232422828674325,-1.344628930091858,0.6651367545127869,-69,-191,122,1.0670899152755735,1.50732421875,-0.44501954317092896,1
-49,0,-17,-6.9384765625,-1.244140625,1.0383789539337158,-182,-168,59,1.5025390386581419,0.6890625357627869,-2.813671827316284,1
-89,-2,-3,-7.862011909484862,-2.746679782867432,2.0624024868011475,-244,-143,-53,1.9427734613418581,0.2823242247104645,-3.66064453125,1
-60,1,3,-8.933886528015137,-2.890234470367432,1.6556640863418581,-197,-129,-178,0.7943359613418579,2.406933546066284,-4.42626953125,1
-28,12,10,-8.981738090515137,-2.8519532680511475,1.851855516433716,-140,-118,-265,-1.5168945789337158,4.852148532867432,-4.029101848602295,1
-3,15,21,-7.8667969703674325,-2.717968702316284,2.1341798305511475,-141,-90,-305,-3.4979493618011475,7.594043254852295,-2.8854491710662837,1
5,15,27,-7.2686524391174325,-2.7562501430511475,2.201171875,-148,-44,-324,-5.254101753234863,9.49375057220459,-0.9474609494209291,1
7,9,34,-7.383496284484862,-2.3495118618011475,2.316015720367432,-162,4,-302,-9.407617568969727,12.642382621765135,0.9235351681709291,1
-15,-2,40,-11.64707088470459,-2.507421970367432,3.2682616710662837,-126,22,-270,-14.120996475219727,12.092089653015135,4.971777439117432,1
-49,-8,51,-10.623046875,-2.1581056118011475,3.5266602039337163,-124,15,-226,-13.738183975219727,10.795312881469727,5.7613282203674325,1
-66,-6,43,-8.4697265625,-1.933203220367432,3.7898437976837163,-87,10,-119,-10.106249809265137,8.65634822845459,5.656054973602295,1
-34,-7,26,-8.713769912719728,-2.052832126617432,3.871191501617432,-72,19,2,-9.201855659484863,6.19677734375,4.799511909484863,1
-49,-17,12,-8.708984375,-1.6556640863418581,3.6223633289337163,-80,14,64,-8.78076171875,4.029101848602295,3.0720703601837163,1
-84,-36,0,-8.598925590515138,-3.4979493618011475,4.531543254852295,-67,4,49,-8.043848037719728,0.9043945670127868,2.75146484375,1
-132,-65,-34,-8.484082221984862,-5.565136909484863,5.488574504852295,-9,-1,2,-8.067773818969728,0.02392578125,2.08154296875,1
-212,-106,-106,-8.149121284484862,-11.182909965515137,6.3594727516174325,24,5,-9,-7.9625000953674325,0.3397460877895355,2.617480516433716,1
-215,-136,-258,-11.74277400970459,-18.78173828125,6.952832221984862,-11,24,3,-7.6371097564697275,1.851855516433716,3.63671875,1
-220,-147,-437,-16.561426162719727,-23.21279335021973,5.871387004852295,-86,43,20,-7.9864258766174325,3.081640720367432,4.574609279632568,1
-221,-117,-482,-13.336230278015135,-18.03046989440918,2.550488233566284,-134,44,28,-9.216211318969727,3.6271483898162837,5.206250190734863,1
-183,-57,-482,-9.283203125,-7.957715034484862,0.13876953721046448,-136,19,42,-8.7568359375,2.6605470180511475,4.679883003234863,1
-144,-14,-425,-4.225293159484863,-1.8231445550918581,-0.55029296875,-43,-8,40,-9.106152534484863,1.7130860090255735,3.4261720180511475,1
-107,-6,-317,-0.669921875,2.03369140625,-0.8278320431709291,58,-23,27,-9.08701229095459,1.8949218988418581,2.4404296875,1
-185,5,-182,1.22021484375,4.751660346984863,-1.8662109375,105,-24,23,-8.36923885345459,2.5169923305511475,1.7274414300918581,1
-264,29,-31,1.8709961175918581,5.077050685882568,-2.8615233898162837,78,-14,29,-8.412304878234862,2.7562501430511475,1.45947265625,1
-290,46,106,1.6365234851837158,4.56982421875,-3.225195407867432,38,-2,31,-8.527148246765138,2.296875,1.406835913658142,1
-307,58,237,-0.0047851563431322575,2.722754001617432,-3.2395508289337163,39,4,23,-8.244824409484862,2.024121046066284,1.626953125,1
-267,66,350,-2.550488233566284,0.31103515625,-1.0862305164337158,32,7,13,-7.82373046875,2.316015720367432,2.0145509243011475,1
-176,75,451,-6.8379883766174325,-3.2204101085662837,1.2824219465255735,8,6,7,-6.857129096984862,2.3734376430511475,2.808886766433716,1
-91,113,435,-10.59912109375,-17.781641006469727,4.895215034484863,6,2,-7,-6.794921875,3.0290038585662837,3.679785251617432,1
-59,34,150,-2.100683689117432,-43.420509338378906,12.27392578125,9,-11,-24,-12.001172065734865,4.646386623382568,5.7948241233825675,1
-62,-68,-166,5.474218845367432,-37.07060623168945,12.168652534484865,9,-3,-36,-11.537012100219727,4.608105659484863,4.153515815734863,1
-16,-93,-364,0.9187500476837158,-19.647851943969727,3.775488376617432,-52,7,-19,-7.5557618141174325,5.464648723602295,4.134375095367432,1
-63,-62,-369,-1.5168945789337158,-5.330664157867432,-0.7560546994209291,-151,17,2,-6.6705079078674325,5.306738376617432,3.1916992664337163,1
-57,-30,-301,-2.115039110183716,0.24882812798023224,-1.4259766340255735,-163,23,17,-6.9576172828674325,2.9285156726837163,2.426074266433716,1
-62,-12,-179,-1.047949194908142,5.220605373382568,-2.717968702316284,-27,2,15,-7.82373046875,2.220312595367432,2.402148485183716,1
-117,-3,-26,-0.03349609300494194,5.895312786102295,-2.5648438930511475,68,-13,15,-8.287890434265138,3.22998046875,1.971484422683716,1
-162,-2,118,0.41630861163139343,4.818652629852295,-2.119824171066284,57,-2,30,-7.905078411102295,3.895117282867432,1.7657226324081419,1
-158,-1,259,-0.57421875,3.1103515625,-0.5933594107627869,10,13,49,-7.933789253234862,3.5553710460662837,1.885351657867432,1
-133,-5,412,-3.6845703125,1.344628930091858,0.5215820670127869,-25,28,45,-8.019922256469728,3.3783204555511475,2.483496189117432,1
-44,6,-482,-9.082226753234863,-6.5604491233825675,3.6271483898162837,-61,38,25,-8.508008003234862,4.254004001617432,3.51708984375,1
49,28,355,-13.053906440734865,-35.98916244506836,10.66611385345459,-109,40,18,-9.474609375,4.9765625,4.287499904632568,1
-35,-61,95,-3.320898532867432,-27.54814529418945,13.5419921875,-98,28,40,-9.058300971984863,3.608007907867432,3.5936524868011475,1
-23,-126,-17,-0.50244140625,-13.431933403015135,8.048632621765138,-91,46,51,-7.976855754852295,3.89990234375,3.320898532867432,1
-52,-163,0,-1.7800781726837158,-5.354589939117432,3.416601657867432,-145,62,51,-8.383593559265138,4.320996284484863,3.2347657680511475,1
-110,-175,70,-2.4930665493011475,-2.8998048305511475,1.191503882408142,-205,70,42,-8.024706840515138,3.46923828125,2.761035203933716,1
-96,-172,118,-3.4788086414337163,-2.1533203125,-0.4880859553813934,-150,50,34,-8.46494197845459,2.258593797683716,2.311230421066284,1
-72,-154,187,-5.029199123382568,-2.8041017055511475,-1.335058569908142,-95,35,18,-8.79990291595459,2.674902439117432,2.335156202316284,1
-75,-131,259,-6.81884765625,-4.086523532867432,-1.320703148841858,-75,30,21,-8.689844131469728,3.057714939117432,2.239453077316284,1
-64,-97,310,-9.005663871765137,-6.617871284484862,-1.0192383527755735,-81,26,35,-8.46494197845459,2.962011814117432,2.3973634243011475,1
-56,-55,336,-11.297754287719727,-9.096582412719727,-0.15312500298023224,-86,22,39,-7.9720706939697275,2.6318359375,2.593554735183716,1
-26,-5,309,-12.862500190734865,-9.460253715515137,2.32080078125,-70,13,30,-7.766308784484862,2.339941501617432,2.694042921066284,1
0,27,245,-12.494043350219727,-8.6611328125,3.0672852993011475,-38,5,18,-8.08212947845459,2.36865234375,3.057714939117432,1
-26,38,148,-12.431836128234865,-6.637012004852295,4.588964939117432,-5,-1,0,-10.871874809265137,2.6844727993011475,3.51708984375,1
-92,7,60,-8.862109184265137,-4.727734565734863,5.115332126617432,13,2,-2,-8.187402725219728,2.8854491710662837,3.5792968273162837,1
-149,-27,3,-7.943359375,-4.029101848602295,3.4453125,-23,14,25,-6.1728515625,3.1964843273162837,3.703711032867432,1
-168,-39,-17,-9.35498046875,-3.1247069835662837,2.9955079555511475,-73,35,27,-8.364453315734862,3.27783203125,4.100879192352295,1
-151,-47,-9,-8.862109184265137,-2.335156202316284,3.1486327648162837,-65,29,10,-8.043848037719728,3.5553710460662837,5.062695503234863,1
-137,-47,0,-8.11083984375,-1.0910156965255735,2.27294921875,-19,4,21,-7.019824504852295,6.2685546875,6.617871284484862,1
-131,-39,-8,-8.694628715515138,-0.2344726622104645,2.363867282867432,42,-39,76,-8.431445121765138,10.077539443969727,7.34521484375,1
-130,-35,-10,-8.3740234375,-0.55029296875,2.426074266433716,121,-82,174,-10.225878715515137,14.245409965515135,6.9193358421325675,1
-99,-24,-2,-7.527050971984862,-1.7561523914337158,2.330371141433716,185,-77,320,-13.22617244720459,16.728906631469727,3.7467775344848633,1
-57,-11,19,-10.297656059265137,-3.2874023914337163,2.813671827316284,162,-11,417,-13.80039119720459,15.317285537719727,0.6747070550918579,1
-9,-5,40,-9.06787109375,-3.6462891101837163,3.057714939117432,119,58,441,-10.125391006469727,10.49863338470459,-0.669921875,1
2,-4,42,-9.49853515625,-3.32568359375,2.3734376430511475,108,97,391,-4.387988567352295,5.7948241233825675,-0.7799804806709291,1
-22,-12,49,-9.15878963470459,-3.0194337368011475,2.201171875,153,109,294,-0.10527344048023224,2.27294921875,-1.1819336414337158,1
-61,-21,46,-8.708984375,-2.9237306118011475,2.263378858566284,87,167,176,2.402148485183716,0.6220703125,-1.358984351158142,1
-95,-35,40,-8.646777153015138,-2.603125095367432,1.6939452886581419,88,160,83,2.808886766433716,-0.2583984434604645,-0.9953125119209291,1
-147,-50,34,-9.06787109375,-1.8662109375,1.119726538658142,92,153,-16,2.79931640625,-0.679492175579071,-0.8469726443290709,1
-179,-55,28,-9.010449409484863,-2.311230421066284,0.7704101800918579,78,145,-113,2.100683689117432,0.16748046875,-0.44501954317092896,1
-146,-41,11,-7.6275391578674325,-2.550488233566284,1.201074242591858,61,122,-194,0.3828125,1.07666015625,0.42109376192092896,1
-101,-31,1,-6.397754192352295,-2.268164157867432,1.435546875,9,119,-255,-1.392480492591858,5.43115234375,2.03369140625,1
-79,-25,-1,-7.0054688453674325,-2.502636671066284,2.473925828933716,-67,114,-213,-2.5169923305511475,16.71455192565918,5.512500286102295,1
-59,-33,0,-11.058496475219727,-3.3017578125,4.335351467132568,16,36,-47,-0.16748046875,31.840431213378906,8.005566596984862,1
-103,-32,30,-12.27392578125,-2.4452149868011475,3.1103515625,61,-38,197,1.9284180402755735,31.27578163146973,5.8091797828674325,1
-83,-11,59,-9.30234432220459,-4.277929782867432,5.04833984375,38,-81,360,2.124609470367432,15.19287109375,3.541015625,1
26,-1,58,-7.6753907203674325,-4.541113376617432,4.6416015625,33,-69,347,2.3734376430511475,3.057714939117432,-0.03349609300494194,1
46,-5,45,-7.177734375,-1.7705078125,2.258593797683716,-4,-31,274,2.3255860805511475,-2.258593797683716,-1.6748046875,1
-52,-24,49,-7.4839844703674325,-1.3494141101837158,1.8087891340255735,-40,3,168,3.1103515625,-6.0819334983825675,-4.804296970367432,1
-111,-36,39,-7.5174808502197275,-2.296875,1.93798828125,-25,34,17,3.5218751430511475,-7.2208008766174325,-4.861718654632568,1
-118,-43,22,-7.115527629852295,-2.9715821743011475,1.9140625,-27,54,-117,3.5027344226837163,-5.28759765625,-3.057714939117432,1
-100,-36,3,-6.6322264671325675,-3.0959961414337163,1.6556640863418581,-62,70,-219,3.0050780773162837,-3.1964843273162837,-1.4211914539337158,1
-79,-25,-6,-7.7041015625,-3.4453125,2.0576171875,-121,68,-294,2.689257860183716,1.7800781726837158,2.028906345367432,1
-55,-11,-13,-9.866991996765137,-4.124804973602295,3.13427734375,-69,52,-301,0.16748046875,14.9775390625,1.02880859375,1
-33,-2,-18,-12.551465034484865,-4.254004001617432,3.7659180164337163,-120,1,-62,-0.8086914420127869,32.098827362060554,4.876074314117432,1
-25,14,-17,-10.182812690734863,-3.392675876617432,2.794531345367432,-48,-71,118,2.426074266433716,21.648046493530273,4.971777439117432,1
49,40,-6,-8.70419979095459,-3.8664064407348633,3.6750001907348633,-66,-124,180,1.9044922590255735,11.74277400970459,4.0673828125,1
123,39,5,-8.326171875,-3.8424806594848633,3.009863376617432,-78,-150,129,2.210742235183716,3.2395508289337163,1.9140625,1
100,18,10,-8.450586318969728,-1.6365234851837158,1.2106446027755735,-102,-146,38,2.354296922683716,1.0862305164337158,-0.01914062537252903,1
6,-3,16,-8.39794921875,-0.9187500476837158,0.95703125,-175,-141,-46,1.8087891340255735,1.4642578363418581,-1.6891602277755735,1
-48,-18,12,-8.75205135345459,-1.3972656726837158,1.5503906011581419,-218,-127,-135,0.7991210818290709,2.483496189117432,-2.689257860183716,1
-63,-27,10,-8.78076171875,-1.4403320550918581,1.5647461414337158,-163,-111,-222,-1.3541992902755735,4.59375,-2.8758790493011475,1
-64,-29,12,-8.579785346984862,-1.53125,1.1484375,-142,-86,-266,-3.0672852993011475,7.761523723602295,-2.579199314117432,1
-65,-31,18,-8.618066787719728,-1.4164062738418581,0.7799804806709291,-99,-54,-283,-5.325879096984863,10.082324028015137,-1.885351657867432,1
-67,-25,29,-8.01035213470459,-1.6604492664337158,0.8182617425918579,-159,-14,-279,-6.522168159484862,10.369433403015137,0.468945324420929,1
-49,-13,32,-7.479199409484862,-1.8805664777755735,1.7800781726837158,-163,31,-264,-9.66123104095459,10.3837890625,2.339941501617432,1
-54,-10,36,-13.58984375,-2.7083985805511475,3.6271483898162837,-152,50,-243,-16.063770294189453,10.201952934265137,6.2733397483825675,1
-62,-14,34,-8.641992568969728,-1.971484422683716,3.89990234375,-151,35,-166,-11.450879096984865,7.6371097564697275,4.933495998382568,1
-53,-13,11,-7.29736328125,-2.268164157867432,4.2109375,-92,42,-56,-9.01523494720459,5.971875190734862,4.301855564117432,1
-53,-24,-4,-8.838183403015137,-1.971484422683716,4.368847846984863,-62,37,29,-9.51767635345459,5.297168254852295,4.182226657867432,1
-105,-39,-19,-8.63720703125,-3.32568359375,5.28759765625,-99,33,63,-8.508008003234862,3.94775390625,3.7707033157348633,1
-223,-77,-56,-8.2783203125,-6.852344036102295,5.8331055641174325,-115,20,44,-7.77587890625,0.6890625357627869,3.8185548782348633,1
-262,-105,-152,-8.421875,-15.14023494720459,5.517285346984863,-35,8,5,-8.20175838470459,-1.3254883289337158,2.9476563930511475,1
-202,-99,-291,-10.88144588470459,-19.982812881469727,4.679883003234863,18,7,-5,-8.12998104095459,-0.7225586175918579,3.5027344226837163,1
-156,-73,-424,-12.89121150970459,-21.782032012939453,2.770605564117432,-33,20,4,-8.54150390625,0.9043945670127868,4.387988567352295,1
-99,-62,-482,-11.450879096984865,-17.86298942565918,0.5550781488418579,-78,28,24,-8.785547256469728,1.7322266101837158,4.541113376617432,1
-101,-46,-474,-8.0869140625,-10.828808784484863,-0.6029297113418579,-80,21,39,-9.244921684265137,2.2059571743011475,4.340137004852295,1
-92,-33,-409,-3.99560546875,-4.746875286102295,-0.6747070550918579,-46,2,44,-8.833398818969727,1.9666992425918581,3.9094727039337163,1
-102,-35,-316,0.0,-0.27275392413139343,-0.6507812738418579,15,-17,33,-9.311914443969727,1.8231445550918581,2.8806641101837163,1
-134,-37,-231,1.4738281965255735,1.995410203933716,0.07656250149011612,75,-29,18,-8.84775447845459,1.8327149152755735,1.8709961175918581,1
-196,-32,-146,1.9284180402755735,3.75634765625,-0.7321289181709291,108,-27,15,-8.436230659484862,1.923632860183716,1.4259766340255735,1
-263,-13,-55,2.1533203125,4.273144721984863,-2.1820313930511475,86,-13,22,-8.737695693969728,1.875781297683716,1.1962890625,1
-276,6,40,2.3495118618011475,4.488476753234863,-2.411718845367432,48,0,20,-9.005663871765137,1.31591796875,1.2345703840255735,1
-291,41,142,2.1102540493011475,4.373632907867432,-2.48828125,44,5,5,-8.63720703125,1.1101562976837158,1.4929687976837158,1
-329,60,276,-0.05742187798023224,2.292089939117432,-2.5648438930511475,46,7,-5,-8.168261528015138,1.31591796875,1.8135741949081419,1
-311,71,407,-4.2587890625,-2.1820313930511475,-0.492871105670929,34,6,-4,-6.976758003234862,1.626953125,2.076757907867432,1
-214,81,449,-6.1202149391174325,-13.05869197845459,3.08642578125,25,3,-10,-7.6036133766174325,2.32080078125,2.48828125,1
-107,62,250,-2.335156202316284,-43.83203125,10.843164443969727,13,-3,-29,-13.838671684265135,4.368847846984863,4.498046875,1
-70,-42,-107,7.259082317352295,-40.11396408081055,14.101855278015135,17,0,-47,-11.642285346984865,4.014746189117432,3.5314452648162837,1
-12,-82,-350,1.4259766340255735,-21.49970817565918,5.464648723602295,-11,0,-35,-7.5174808502197275,4.914355754852295,3.6750001907348633,1
-10,-65,-385,-1.4738281965255735,-5.593847751617432,-0.4306640625,-130,15,-18,-7.0341796875,5.201465129852295,2.617480516433716,1
-16,-44,-313,-2.7083985805511475,1.53125,-1.105371117591858,-166,23,-5,-7.1825194358825675,3.42138671875,2.531347751617432,1
-68,-30,-184,-1.000097632408142,6.230273723602295,-2.186816453933716,-48,5,-1,-7.6514649391174325,2.3734376430511475,2.818457126617432,1
-119,-26,-21,0.2392578125,6.7901368141174325,-2.0863282680511475,55,-7,15,-8.39316463470459,3.1486327648162837,2.363867282867432,1
-159,-22,129,1.12451171875,6.038867473602295,-2.162890672683716,50,-1,50,-8.70419979095459,3.7946290969848633,1.957129001617432,1
-169,-10,269,0.9043945670127868,3.488379001617432,-1.4738281965255735,29,7,83,-8.785547256469728,3.5075194835662837,2.0624024868011475,1
-124,-6,395,-0.6651367545127869,0.631640613079071,-0.39238283038139343,16,14,87,-8.641992568969728,3.1103515625,2.268164157867432,1
-59,34,464,-3.2874023914337163,-10.13974666595459,4.751660346984863,-12,29,71,-7.570117473602295,3.828125,2.784960985183716,1
79,61,297,-7.833301067352295,-34.185157775878906,10.3359375,-85,43,58,-9.11572265625,4.66552734375,4.009961128234863,1
-3,-24,109,-2.641406297683716,-21.719823837280273,12.618456840515135,-117,40,46,-9.54160213470459,3.703711032867432,3.5888671875,1
-139,-102,55,0.669921875,-10.685254096984863,6.62744140625,-80,33,47,-7.2208008766174325,3.1629884243011475,2.8758790493011475,1
-124,-134,51,0.3541015684604645,-5.6943359375,2.555273532867432,-108,46,39,-8.402734756469728,3.832910299301148,3.1629884243011475,1
-86,-143,108,-0.985742211341858,-4.038671970367432,1.3733398914337158,-187,72,22,-8.268750190734862,3.5218751430511475,2.4404296875,1
-15,-139,155,-2.450000047683716,-3.7707033157348633,0.588574230670929,-162,60,9,-8.546289443969728,2.641406297683716,2.258593797683716,1
21,-119,204,-5.1201171875,-5.71826171875,0.50244140625,-103,45,0,-8.976953506469727,2.966796875,2.220312595367432,1
0,-88,243,-6.9097657203674325,-7.3260741233825675,1.2297852039337158,-136,50,7,-8.809473037719727,3.512304782867432,2.1341798305511475,1
-52,-52,259,-7.58447265625,-7.474414348602295,1.7322266101837158,-141,47,30,-8.833398818969727,2.99072265625,2.186816453933716,1
-79,-17,264,-8.23046875,-7.8189454078674325,2.665332078933716,-125,36,41,-8.421875,2.598339796066284,2.497851610183716,1
-72,9,255,-9.08701229095459,-6.6322264671325675,2.842382907867432,-102,26,41,-7.694531440734862,2.4452149868011475,2.689257860183716,1
-84,19,249,-11.28818416595459,-6.220703125,3.4548828601837163,-80,17,33,-7.6371097564697275,2.430859327316284,2.60791015625,1
-102,21,204,-11.09677791595459,-5.47900390625,3.1725585460662837,-61,3,26,-7.6610355377197275,2.450000047683716,2.7275390625,1
-110,24,116,-13.149609565734865,-4.990918159484863,4.277929782867432,-22,-3,3,-12.154296875,2.641406297683716,2.9572265148162837,1
-110,3,38,-7.6993165016174325,-3.6462891101837163,4.469336032867432,-8,5,2,-7.91943359375,2.9237306118011475,2.8854491710662837,1
-129,-24,-5,-9.03916072845459,-3.0290038585662837,3.057714939117432,-52,21,38,-6.8954100608825675,2.7275390625,3.105566501617432,1
-151,-36,-10,-9.68994140625,-2.296875,3.2108399868011475,-101,39,38,-9.431543350219727,2.502636671066284,3.1964843273162837,1
-161,-50,-1,-7.9481449127197275,-2.392578125,3.928613424301148,-92,43,15,-8.426660537719728,2.172461032867432,3.4979493618011475,1
-149,-56,1,-7.574902534484862,-1.5647461414337158,3.177343845367432,-54,28,13,-7.7567386627197275,3.4931640625,4.574609279632568,1
-160,-59,-1,-8.455370903015138,-1.0623047351837158,3.0720703601837163,-39,11,46,-8.39794921875,6.9576172828674325,5.71826171875,1
-170,-58,-6,-7.82373046875,-1.2919921875,3.009863376617432,-32,-23,119,-8.881250381469727,10.07275390625,6.8619141578674325,1
-143,-46,-9,-6.7279295921325675,-1.7705078125,2.694042921066284,65,-69,219,-10.565625190734863,12.32177734375,5.828320503234862,1
-104,-27,9,-10.254590034484863,-3.081640720367432,2.6605470180511475,96,-65,343,-14.991894721984865,16.64277458190918,4.177441596984863,1
-58,-10,43,-9.283203125,-3.5266602039337163,3.4500977993011475,81,-25,433,-13.08261775970459,14.78134822845459,2.239453077316284,1
-16,1,56,-8.7568359375,-3.631933689117432,2.6366212368011475,85,3,443,-7.5126953125,9.4267578125,1.248925805091858,1
17,6,72,-8.914746284484863,-3.560156345367432,2.497851610183716,80,37,376,-2.717968702316284,5.388085842132568,0.45458984375,1
2,0,78,-8.675488471984862,-2.938086032867432,2.6366212368011475,151,72,279,0.2392578125,2.60791015625,-0.8086914420127869,1
-60,-26,71,-8.35009765625,-2.6605470180511475,2.268164157867432,77,175,165,2.03369140625,2.430859327316284,-1.024023413658142,1
-133,-47,44,-8.737695693969728,-2.3973634243011475,1.435546875,46,173,92,2.1341798305511475,1.143652319908142,-0.07656250149011612,1
-192,-60,15,-9.455469131469727,-2.665332078933716,1.244140625,38,162,16,2.08154296875,1.057519555091858,0.861328125,1
-210,-56,-5,-8.287890434265138,-2.689257860183716,1.081445336341858,31,137,-43,2.383007764816284,2.808886766433716,2.966796875,1
-178,-45,-9,-7.3500003814697275,-2.7562501430511475,1.392480492591858,-15,100,-60,3.4118163585662837,4.909570217132568,5.115332126617432,1
-120,-36,-2,-6.3833985328674325,-2.794531345367432,2.6318359375,-52,76,-45,4.852148532867432,9.728222846984863,7.383496284484862,1
-62,-40,6,-8.259180068969728,-2.689257860183716,3.584082126617432,17,20,19,6.72314453125,16.939453125,9.555956840515137,1
-103,-30,40,-13.551562309265135,-2.574414014816284,3.0433595180511475,63,-64,115,9.06308650970459,19.327245712280273,6.689648628234862,1
-100,-6,68,-8.484082221984862,-3.3878905773162837,4.565039157867432,61,-110,205,7.8428711891174325,8.99130916595459,3.56494140625,1
9,9,72,-7.976855754852295,-4.675097942352295,4.947851657867432,46,-97,189,8.326171875,1.2824219465255735,-0.6747070550918579,1
69,13,69,-8.0390625,-3.1725585460662837,2.7562501430511475,-8,-50,124,8.2783203125,-2.076757907867432,-2.091113328933716,1
-5,0,73,-7.933789253234862,-1.7657226324081419,2.583984375,-70,18,40,7.10595703125,-3.9812500476837163,-4.029101848602295,1
-67,-19,63,-6.8427734375,-2.770605564117432,2.8232421875,-87,67,-61,6.019726753234862,-3.847265720367432,-3.4596679210662837,1
-88,-29,30,-6.2876954078674325,-3.129492282867432,2.4404296875,-94,99,-148,5.474218845367432,-1.6652344465255735,-1.9523438215255735,1
-99,-36,2,-7.369140625,-3.3400390148162837,2.2538087368011475,-106,114,-191,5.067480564117432,2.7562501430511475,1.2297852039337158,1
-108,-39,-12,-7.6753907203674325,-3.5075194835662837,2.0384767055511475,-151,118,-164,4.47412109375,7.694531440734862,3.2108399868011475,1
-96,-30,-20,-8.933886528015137,-4.120019435882568,2.1341798305511475,-99,78,-104,2.306445360183716,15.57568359375,7.048535346984862,1
-68,-14,-29,-12.10166072845459,-4.636816501617432,2.5169923305511475,-62,-3,8,2.124609470367432,17.82470703125,8.819043159484863,1
-42,3,-38,-12.455761909484865,-4.517187595367432,2.210742235183716,-31,-68,55,4.244433879852295,12.9677734375,7.0389647483825675,1
19,29,-41,-10.034472465515137,-4.37841796875,2.311230421066284,-44,-96,56,4.148730754852295,7.6753907203674325,4.694238185882568,1
82,35,-35,-8.833398818969727,-4.40234375,2.296875,-40,-101,13,3.9716796875,4.220508098602295,2.51220703125,1
108,28,-42,-8.216113090515138,-3.4309570789337163,1.1340820789337158,-75,-99,-38,4.024316310882568,3.617578268051148,0.74169921875,1
77,19,-48,-8.244824409484862,-2.048046827316284,0.98095703125,-101,-113,-91,3.177343845367432,3.541015625,-0.2679687440395355,1
4,5,-35,-8.35009765625,-1.8135741949081419,1.6078125238418581,-76,-129,-145,2.1102540493011475,4.80908203125,-1.052734375,1
-34,-5,-17,-8.795117378234862,-2.2777345180511475,1.7657226324081419,-56,-138,-183,1.344628930091858,6.5987305641174325,-1.5838867425918581,1
-32,-6,1,-8.72812557220459,-2.306445360183716,1.5791015625,-86,-120,-198,0.44023439288139343,9.1875,-1.406835913658142,1
-23,-5,22,-8.283105850219728,-2.454785108566284,1.851855516433716,-64,-96,-210,-0.7991210818290709,9.0439453125,-0.655566394329071,1
-5,-5,38,-8.17783260345459,-2.674902439117432,1.9619140625,-86,-74,-195,-3.2204101085662837,11.55136775970459,-0.11484375596046448,1
3,-8,45,-8.4697265625,-2.4691407680511475,1.947558641433716,-87,-51,-184,-4.584179878234863,9.742578506469727,1.287207007408142,1
-23,-16,54,-8.22568416595459,-2.330371141433716,1.8327149152755735,-127,-30,-200,-6.2733397483825675,7.546191692352295,2.1341798305511475,1
-41,-19,62,-8.359667778015138,-2.641406297683716,2.406933546066284,-141,-2,-226,-10.077539443969727,5.9766602516174325,4.038671970367432,1
-63,-27,71,-12.403124809265135,-3.2586915493011475,2.794531345367432,-132,17,-223,-15.613965034484865,6.2972655296325675,6.00537109375,1
-85,-26,74,-9.240137100219727,-3.18212890625,3.1486327648162837,-132,24,-148,-11.249902725219727,4.7373046875,4.694238185882568,1
-108,-27,33,-5.220605373382568,-4.445410251617432,3.8664064407348633,-79,36,-47,-7.622754096984862,3.5697267055511475,3.1486327648162837,1
-163,-40,-55,-8.44580078125,-7.670605659484862,3.6271483898162837,-5,39,28,-9.718652725219727,3.3974609375,3.7419922351837163,1
-198,-40,-149,-9.6181640625,-12.379199028015135,4.689453125,10,34,60,-9.173144340515137,3.4309570789337163,4.048242092132568,1
-144,-33,-236,-8.675488471984862,-14.752636909484865,3.85205078125,-6,28,64,-6.613086223602295,3.2443358898162837,3.6510741710662837,1
-105,-16,-331,-10.106249809265137,-17.508886337280273,2.5361328125,-14,26,54,-6.3833985328674325,3.0194337368011475,3.5553710460662837,1
-77,-1,-413,-10.74267578125,-19.35595703125,1.248925805091858,-31,23,40,-8.61328125,3.3161132335662837,4.373632907867432,1
-77,11,-448,-9.005663871765137,-15.86279296875,0.3636718690395355,-54,12,37,-10.31201171875,3.13427734375,4.3544921875,1
-92,28,-428,-5.7900390625,-9.94834041595459,-0.1435546875,-39,-3,43,-9.938769340515137,2.545703172683716,3.3400390148162837,1
-52,23,-360,-2.622265577316284,-4.478906154632568,0.6651367545127869,9,-16,43,-9.244921684265137,2.378222703933716,2.65576171875,1
-73,11,-273,-0.21533203125,0.13876953721046448,0.5933594107627869,41,-18,38,-7.952929973602295,2.56005859375,1.9140625,1
-135,11,-188,1.358984351158142,2.282519578933716,0.93310546875,38,-14,34,-7.6036133766174325,2.79931640625,1.6748046875,1
-223,15,-89,2.7323243618011475,3.4022462368011475,-0.04306640848517418,29,-11,27,-8.335741996765138,2.7323243618011475,1.8135741949081419,1
-249,30,8,3.2443358898162837,3.2108399868011475,-0.30146485567092896,35,-11,15,-8.905176162719727,2.765820264816284,1.8470703363418581,1
-249,44,112,2.6796875,2.890234470367432,-0.9091796875,37,-5,1,-8.63720703125,2.8615233898162837,1.7705078125,1
-219,65,211,1.3302735090255735,1.4786132574081419,-0.03828125074505806,27,3,-5,-8.005566596984862,2.9955079555511475,2.009765625,1
-188,85,307,-1.272851586341858,-0.612500011920929,1.1149414777755735,7,7,-8,-7.9242191314697275,3.1103515625,2.387793064117432,1
-187,93,360,-4.28271484375,-7.8763675689697275,4.78515625,-3,6,-10,-7.77587890625,3.0146484375,2.521777391433716,1
-19,84,229,-3.6702148914337163,-28.16543006896973,9.551172256469727,8,0,-21,-8.268750190734862,3.225195407867432,3.3017578125,1
-104,-10,-7,2.0576171875,-33.725780487060554,16.64277458190918,31,-12,-44,-12.12558650970459,3.80419921875,3.904687643051148,1
-10,-71,-249,3.25390625,-26.89736366271973,12.690234184265135,31,-7,-68,-10.149316787719727,4.254004001617432,2.497851610183716,1
-46,-108,-333,0.5550781488418579,-10.579980850219727,6.163281440734862,-51,1,-66,-7.9864258766174325,5.230175971984863,3.18212890625,1
-105,-85,-290,-0.7273437380790709,-0.7273437380790709,1.3733398914337158,-157,13,-40,-7.574902534484862,4.622460842132568,2.4404296875,1
-87,-39,-214,-0.11484375596046448,3.4931640625,-0.8278320431709291,-140,22,-12,-7.976855754852295,2.7083985805511475,2.100683689117432,1
-73,-12,-105,0.961816430091858,5.991015911102295,-2.392578125,-38,13,6,-8.125195503234862,2.770605564117432,2.9045898914337163,1
-111,-3,26,1.804003953933716,5.7374024391174325,-1.995410203933716,6,4,38,-7.881152629852295,3.3161132335662837,2.555273532867432,1
-153,0,152,1.8566406965255735,4.301855564117432,-1.3972656726837158,-10,8,72,-7.8955078125,3.273046970367432,2.650976657867432,1
-132,17,269,0.40673828125,2.196386814117432,0.009570312686264515,-11,4,90,-8.005566596984862,2.9572265148162837,2.84716796875,1
-64,35,369,-2.3016602993011475,-0.14833985269069672,1.5360351800918581,2,0,87,-8.508008003234862,2.746679782867432,2.7323243618011475,1
-60,52,417,-7.7998046875,-14.149706840515135,4.95263671875,11,9,69,-9.264062881469727,2.9715821743011475,2.646191358566284,1
25,32,271,-8.44580078125,-27.86396598815918,11.537012100219727,5,25,45,-10.54648494720459,3.4500977993011475,3.2395508289337163,1
-49,-45,125,-4.081738471984863,-20.269922256469727,12.479687690734865,-9,32,33,-9.101366996765137,3.655859470367432,2.842382907867432,1
-96,-109,85,-2.6366212368011475,-10.83359432220459,7.4217777252197275,-69,40,26,-7.9002933502197275,3.9381837844848633,2.459570407867432,1
-138,-138,113,-2.569628953933716,-5.852246284484862,3.392675876617432,-168,60,9,-7.838086128234862,3.85205078125,2.3447265625,1
-148,-150,148,-2.818457126617432,-3.665429830551148,1.153222680091858,-241,93,-10,-8.101269721984862,3.27783203125,2.32080078125,1
-126,-155,191,-3.5505859851837163,-3.18212890625,-0.15791015326976776,-221,74,-17,-8.65634822845459,2.866308689117432,2.56005859375,1
-89,-150,257,-5.727832317352295,-3.4261720180511475,-0.660351574420929,-170,48,-10,-9.06787109375,2.794531345367432,2.5361328125,1
-104,-132,315,-9.59423828125,-5.282812595367432,-0.41630861163139343,-162,36,7,-8.981738090515137,3.0768554210662837,2.4212892055511475,1
-95,-91,341,-12.93906307220459,-6.4408202171325675,0.478515625,-128,19,32,-8.766406059265138,2.737109422683716,2.450000047683716,1
-77,-38,328,-14.647363662719727,-6.354687690734862,1.41162109375,-98,0,44,-8.8525390625,2.483496189117432,2.459570407867432,1
-102,4,260,-12.94384765625,-5.057910442352295,2.316015720367432,-64,-9,48,-8.574999809265138,2.32080078125,2.555273532867432,1
-115,27,162,-11.130273818969727,-4.66552734375,2.842382907867432,-37,-11,44,-9.551172256469727,2.244238376617432,2.244238376617432,1
-107,19,65,-10.154101371765137,-4.057812690734863,3.2156250476837163,-16,0,25,-9.40283203125,2.6844727993011475,2.220312595367432,1
-97,-1,10,-8.24960994720459,-3.713281393051148,1.93798828125,-23,4,36,-6.7470703125,3.2060546875,2.5409181118011475,1
-131,-16,-1,-9.49375057220459,-3.22998046875,2.191601514816284,-63,16,55,-7.785449504852295,3.296972751617432,3.0433595180511475,1
-185,-40,7,-8.651562690734862,-3.1438477039337163,3.440527439117432,-50,14,61,-8.723340034484862,4.71337890625,4.76123046875,1
-193,-46,-11,-6.852344036102295,-3.2204101085662837,3.608007907867432,42,2,108,-8.761621475219728,8.718554496765138,5.756543159484862,1
-143,-45,-48,-7.335644721984862,-3.4596679210662837,3.7946290969848633,31,-4,210,-9.651659965515137,12.46533203125,5.560351848602295,1
-106,-45,-68,-9.479394912719727,-3.13427734375,3.5458009243011475,62,-19,299,-11.38388729095459,14.030077934265135,4.947851657867432,1
-86,-34,-57,-10.5751953125,-3.5458009243011475,4.349707126617432,105,-10,382,-13.293164253234865,16.039844512939453,3.2108399868011475,1
-45,-29,-38,-8.929101943969727,-2.8567383289337163,4.206152439117432,105,11,447,-10.484277725219727,13.27402400970459,2.450000047683716,1
-48,-26,-4,-8.900390625,-2.8328125476837163,2.722754001617432,102,25,444,-5.139257907867432,8.307031631469728,1.5695313215255735,1
-58,-17,34,-8.163476943969728,-2.770605564117432,2.48828125,120,18,395,-0.69384765625,2.526562452316284,1.22021484375,1
-48,-15,63,-7.761523723602295,-3.22998046875,2.5887696743011475,91,69,281,1.8566406965255735,-0.6172851920127869,0.095703125,1
-37,-20,67,-8.1826171875,-2.84716796875,2.1820313930511475,126,75,153,2.966796875,-2.938086032867432,-1.6556640863418581,1
-76,-34,64,-8.771191596984862,-2.363867282867432,1.9188476800918581,104,85,36,3.32568359375,-2.775390625,-2.483496189117432,1
-127,-44,56,-9.024805068969727,-2.694042921066284,1.8949218988418581,76,87,-68,3.70849609375,-2.8328125476837163,-2.502636671066284,1
-137,-44,41,-8.196972846984862,-3.153418064117432,2.292089939117432,77,86,-167,3.3400390148162837,-1.5647461414337158,-1.8662109375,1
-113,-42,21,-7.0533204078674325,-3.009863376617432,2.761035203933716,9,98,-241,2.138964891433716,1.899707078933716,-1.0431641340255735,1
-81,-47,6,-5.8187499046325675,-2.770605564117432,4.263574123382568,-24,124,-270,1.5408203601837158,8.263964653015138,1.72265625,1
-57,-52,11,-7.53662109375,-2.359081983566284,4.297070503234863,-83,118,-171,0.1435546875,22.70556640625,6.187207221984862,1
-98,-29,67,-10.938867568969727,-3.0672852993011475,4.129590034484863,-4,15,12,0.16748046875,31.15615272521973,9.843066215515137,1
-61,-7,81,-7.550976753234862,-4.28271484375,6.6513671875,51,-80,224,4.325781345367432,23.083593368530273,7.2734375,1
24,-1,65,-9.857421875,-3.9573242664337163,4.431054592132568,8,-107,335,5.52685546875,10.125391006469727,2.124609470367432,1
22,0,53,-8.460156440734862,-2.2298829555511475,3.0529296398162837,-7,-84,327,4.689453125,0.22011719644069672,-2.5361328125,1
-44,-12,43,-7.7950196266174325,-2.191601514816284,3.2874023914337163,-76,-51,259,3.2443358898162837,-5.077050685882568,-5.278027534484863,1
-69,-24,20,-7.39306640625,-2.8567383289337163,3.392675876617432,-50,-10,122,3.3352539539337163,-8.838183403015137,-7.594043254852295,1
-84,-34,-5,-6.7662110328674325,-2.48828125,3.1103515625,5,46,-35,3.641504049301148,-7.34521484375,-6.182422161102295,1
-107,-40,-13,-6.2015624046325675,-2.4404296875,3.0529296398162837,-26,89,-149,3.27783203125,-4.943066596984863,-3.6462891101837163,1
-118,-42,-10,-5.483788967132568,-3.057714939117432,3.416601657867432,-89,125,-232,3.1151368618011475,-2.583984375,-1.4690430164337158,1
-90,-32,-16,-8.072558403015138,-3.895117282867432,3.9381837844848633,-217,157,-248,6.469531536102295,5.426367282867432,5.81396484375,1
-62,-23,-24,-9.938769340515137,-3.7946290969848633,4.493261814117432,-156,138,-169,2.87109375,22.79170036315918,11.010644912719727,1
-66,-16,-26,-12.43662166595459,-3.66064453125,4.335351467132568,3,-20,43,4.239648342132568,25.78242301940918,12.355273246765135,1
-53,17,-10,-9.97705078125,-3.9716796875,3.153418064117432,-15,-112,159,2.8375976085662837,14.025293350219727,7.929004192352295,1
49,49,3,-7.6131839752197275,-4.632031440734863,4.225293159484863,-37,-155,146,1.981054782867432,4.574609279632568,3.4740235805511475,1
133,51,0,-6.8619141578674325,-4.086523532867432,3.2395508289337163,-75,-140,80,1.9906250238418581,1.5503906011581419,0.6507812738418579,1
106,29,-11,-7.24951171875,-1.971484422683716,1.5025390386581419,-158,-123,5,2.6318359375,0.57421875,-1.7992187738418581,1
0,3,-5,-7.84765625,-0.9713867306709291,1.31591796875,-220,-116,-95,3.081640720367432,0.11484375596046448,-3.2634766101837163,1
-79,-7,5,-8.531933784484862,-2.239453077316284,2.234668016433716,-179,-123,-210,2.067187547683716,1.5934571027755735,-3.895117282867432,1
-87,-13,10,-8.4697265625,-3.5027344226837163,3.0002930164337163,-141,-119,-280,0.45458984375,4.971777439117432,-4.096093654632568,1
-49,-13,8,-8.053418159484862,-3.4022462368011475,2.32080078125,-132,-91,-310,-1.7513672113418581,7.096386909484862,-2.9763672351837163,1
-36,-17,3,-7.9146485328674325,-2.646191358566284,1.7513672113418581,-155,-55,-319,-4.268359661102295,10.197168350219727,-0.9235351681709291,1
-60,-18,4,-7.9912109375,-1.7705078125,1.957129001617432,-160,-14,-317,-7.192090034484862,10.47470760345459,0.8278320431709291,1
-82,-22,26,-11.71884822845459,-1.9906250238418581,3.1390626430511475,-163,0,-320,-15.11630916595459,12.29306697845459,3.4788086414337163,1
-55,-18,53,-9.58945369720459,-2.162890672683716,4.574609279632568,-216,13,-237,-15.298145294189453,11.039355278015137,6.086719036102295,1
-23,-12,48,-7.1490235328674325,-1.047949194908142,4.387988567352295,-128,33,-108,-9.933984756469727,7.311718940734862,4.23486328125,1
-40,-11,47,-8.77597713470459,-0.612500011920929,3.8185548782348633,-41,38,8,-10.178027153015137,5.9862303733825675,4.842578411102295,1
-63,-14,53,-8.718554496765138,-2.3734376430511475,4.660742282867432,-73,31,72,-9.058300971984863,4.880859375,3.6941406726837163,1
-51,-15,28,-7.330859661102295,-4.120019435882568,5.16796875,-111,16,75,-6.794921875,1.5360351800918581,3.488379001617432,1
-69,-38,-24,-8.84775447845459,-6.8619141578674325,7.2208008766174325,-40,-9,34,-9.283203125,-0.08613281697034836,2.94287109375,1
-124,-95,-93,-8.263964653015138,-9.42197322845459,9.527246475219727,59,-13,2,-9.455469131469727,0.1435546875,2.579199314117432,1
-217,-171,-194,-9.838281631469727,-14.484667778015135,8.929101943969727,59,2,5,-6.641797065734862,1.933203220367432,3.923828125,1
-275,-190,-359,-16.556640625,-21.8203125,7.1729493141174325,-42,30,18,-7.670605659484862,3.057714939117432,4.201367378234863,1
-265,-146,-482,-16.04463005065918,-21.30830192565918,3.5314452648162837,-125,44,20,-9.938769340515137,3.584082126617432,4.440625190734863,1
-223,-48,-482,-11.16855525970459,-13.101758003234865,1.3063477277755735,-134,28,27,-8.08212947845459,3.033789157867432,4.2109375,1
-158,11,-471,-6.3690428733825675,-4.775586128234863,0.27275392413139343,-78,5,34,-8.168261528015138,2.4452149868011475,3.641504049301148,1
-116,22,-368,-2.717968702316284,0.0,-0.37324219942092896,-22,-3,21,-8.87646484375,2.531347751617432,3.0050780773162837,1
-156,22,-250,-0.7512695193290709,3.3831055164337163,0.16748046875,28,-15,9,-8.718554496765138,2.8280274868011475,2.4691407680511475,1
-202,24,-129,0.8421875238418579,4.297070503234863,0.095703125,66,-18,14,-8.388379096984862,2.9955079555511475,2.000195264816284,1
-231,21,-23,2.0145509243011475,5.019629001617432,-0.13876953721046448,51,-8,28,-8.73291015625,3.1964843273162837,1.9284180402755735,1
-282,22,71,3.2826173305511475,4.134375095367432,-1.4020508527755735,32,2,38,-8.842968940734863,2.985937595367432,2.067187547683716,1
-284,30,158,2.569628953933716,2.27294921875,-1.26806640625,28,5,38,-8.03427791595459,2.65576171875,2.1102540493011475,1
-258,49,252,0.4641601741313934,1.4546874761581419,-1.0623047351837158,24,7,29,-7.455273628234862,2.574414014816284,2.3447265625,1
-216,66,363,-2.79931640625,-0.913964867591858,0.55029296875,19,4,16,-7.431347846984862,2.583984375,2.694042921066284,1
-165,51,423,-6.5269532203674325,-9.90048885345459,5.6656250953674325,32,-2,-2,-7.1585936546325675,2.842382907867432,2.794531345367432,1
-113,15,254,-5.76611328125,-35.63027572631836,12.19736385345459,50,-18,-28,-8.99130916595459,4.009961128234863,4.086523532867432,1
-133,-79,-57,4.124804973602295,-40.453712463378906,13.355371475219727,38,-18,-59,-11.752344131469727,4.699023723602295,3.89990234375,1
-45,-110,-309,3.4453125,-24.471288681030273,6.5125975608825675,-12,-3,-62,-8.25439453125,5.402441501617432,3.0242187976837163,1
-14,-100,-386,0.6172851920127869,-9.39804744720459,1.5743163824081419,-129,12,-40,-7.7950196266174325,5.9288086891174325,3.3783204555511475,1
-31,-82,-350,-0.478515625,-0.7177734375,-0.6986328363418579,-213,29,-13,-7.598828315734862,4.23486328125,2.51220703125,1
-38,-62,-260,-0.4306640625,4.268359661102295,-3.4931640625,-118,25,-1,-7.8428711891174325,2.406933546066284,2.674902439117432,1
-79,-29,-123,0.3636718690395355,6.8140625953674325,-4.263574123382568,16,0,16,-8.407519340515138,2.8375976085662837,2.722754001617432,1
-139,2,23,0.9953125119209291,7.2782225608825675,-4.182226657867432,49,-3,45,-8.455370903015138,3.4931640625,2.172461032867432,1
-176,32,158,1.0431641340255735,5.593847751617432,-2.765820264816284,43,2,75,-8.35009765625,3.392675876617432,2.1581056118011475,1
-174,51,290,-0.37324219942092896,3.6702148914337163,-1.1819336414337158,22,9,83,-7.598828315734862,2.99072265625,2.311230421066284,1
-164,48,418,-3.560156345367432,0.8804687857627869,0.765625,12,15,71,-6.900195598602295,2.89501953125,2.4212892055511475,1
-84,41,466,-5.28759765625,-14.221484184265135,5.9766602516174325,-7,26,49,-7.8428711891174325,3.6941406726837163,3.1007812023162837,1
5,1,227,-4.488476753234863,-37.84101486206055,15.709668159484865,-28,31,22,-10.230664253234863,3.99560546875,3.7946290969848633,1
-89,-125,0,2.674902439117432,-26.701171875,13.293164253234865,-28,16,5,-9.51767635345459,4.153515815734863,3.4835937023162837,1
-27,-180,-84,1.17236328125,-12.494043350219727,6.81884765625,-92,30,-10,-8.87646484375,4.789941310882568,3.0912110805511475,1
-19,-187,-54,-0.3541015684604645,-5.6943359375,2.665332078933716,-252,86,-13,-8.436230659484862,5.057910442352295,2.6605470180511475,1
24,-177,6,-1.1005859375,-3.0768554210662837,0.3780273497104645,-316,97,-5,-8.134765625,3.6462891101837163,2.665332078933716,1
67,-162,79,-1.6221679449081419,-1.7513672113418581,-1.4786132574081419,-214,57,9,-8.134765625,2.1581056118011475,2.6318359375,1
54,-146,163,-2.091113328933716,-1.9762696027755735,-2.1820313930511475,-144,35,15,-8.383593559265138,2.650976657867432,2.622265577316284,1
-12,-140,248,-3.158203125,-3.158203125,-2.70361328125,-80,12,40,-8.670702934265138,2.746679782867432,2.3973634243011475,1
-68,-121,312,-4.292285442352295,-6.211133003234862,-2.9572265148162837,-65,0,55,-8.503222465515138,2.6318359375,2.2538087368011475,1
-59,-95,349,-5.364160060882568,-7.8955078125,-1.0383789539337158,-49,-6,58,-8.187402725219728,2.335156202316284,2.138964891433716,1
-16,-63,398,-8.857324600219727,-8.651562690734862,-0.13398437201976776,-40,-9,55,-8.120409965515138,2.0384767055511475,2.10546875,1
7,-2,437,-18.020898818969727,-10.087109565734863,2.9572265148162837,-14,-13,45,-9.718652725219727,1.8709961175918581,2.603125095367432,1
12,6,381,-22.09785270690918,-12.479687690734865,6.761425971984862,21,-10,17,-11.824121475219727,2.46435546875,3.3161132335662837,1
-40,17,212,-9.03916072845459,-9.843066215515137,4.340137004852295,42,-5,27,-6.6226563453674325,2.8280274868011475,3.6845703125,1
-130,0,53,-8.450586318969728,-6.857129096984862,5.584277629852295,-17,8,42,-6.3355469703674325,3.4979493618011475,3.5266602039337163,1
-159,-18,-28,-9.192285537719727,-6.81884765625,3.25390625,-67,23,30,-8.01513671875,3.009863376617432,3.7659180164337163,1
-94,-20,-63,-8.187402725219728,-5.545996189117432,3.081640720367432,-75,42,2,-7.58447265625,3.3831055164337163,3.856836080551148,1
-92,-37,-62,-7.5796875953674325,-3.2682616710662837,2.387793064117432,-47,30,11,-7.5557618141174325,5.254101753234863,5.378515720367432,1
-125,-33,-60,-8.388379096984862,-1.971484422683716,2.9955079555511475,19,-14,60,-7.5126953125,8.354883193969728,8.603711128234862,1
-110,-21,-68,-8.12998104095459,-1.9523438215255735,3.6702148914337163,111,-61,154,-9.316699028015137,14.771778106689453,7.369140625,1
-66,-13,-61,-8.144335746765138,-1.6317383050918581,3.0146484375,126,-83,296,-12.91513729095459,16.815038681030273,5.6895508766174325,1
-31,1,-22,-10.278515815734863,-2.8806641101837163,2.8232421875,156,-44,397,-13.99658203125,17.953907012939453,1.215429663658142,1
14,1,26,-8.63720703125,-3.1725585460662837,3.392675876617432,108,17,453,-10.64697265625,13.427148818969727,-0.12919922173023224,1
12,-2,59,-8.25439453125,-2.99072265625,2.0384767055511475,97,50,438,-5.732617378234862,7.024609565734862,-0.6412109732627869,1
8,-1,87,-9.455469131469727,-3.631933689117432,2.411718845367432,192,60,373,-1.6939452886581419,0.7464843988418579,0.8421875238418579,1
-8,-16,96,-9.488965034484863,-3.4596679210662837,2.430859327316284,168,130,236,1.5743163824081419,-0.37324219942092896,-1.65087890625,1
-76,-34,78,-8.49365234375,-2.670117139816284,1.36376953125,135,139,151,2.593554735183716,-0.8278320431709291,-1.167578101158142,1
-134,-40,44,-8.713769912719728,-2.84716796875,1.69873046875,95,133,69,2.9237306118011475,-1.5216797590255735,-0.5933594107627869,1
-151,-43,17,-8.99609375,-3.512304782867432,1.5264648199081419,116,116,-29,3.18212890625,-2.234668016433716,-0.4354492127895355,1
-143,-43,7,-8.307031631469728,-3.4596679210662837,1.4977539777755735,145,94,-132,2.196386814117432,-1.5216797590255735,0.10527344048023224,1
-114,-36,4,-7.08203125,-3.3878905773162837,1.6078125238418581,102,79,-227,1.07666015625,0.540722668170929,-0.009570312686264515,1
-87,-30,9,-7.187304973602295,-3.3017578125,1.9284180402755735,15,82,-292,-0.492871105670929,5.81396484375,-0.01435546949505806,1
-76,-31,16,-6.9911131858825675,-3.057714939117432,3.273046970367432,-153,141,-241,-2.143749952316284,16.800683975219727,4.6416015625,1
-75,-40,20,-10.847949028015137,-3.320898532867432,4.579394817352295,6,65,-72,-1.957129001617432,35.060840606689446,11.704492568969727,1
-115,-30,40,-10.699609756469727,-3.1199219226837163,3.32568359375,39,-47,214,0.8182617425918579,32.85488510131836,9.6181640625,1
-53,-4,51,-7.8045902252197275,-4.40234375,5.7900390625,-15,-104,383,0.8134765625,14.695215225219727,4.483691692352295,1
33,-3,65,-7.881152629852295,-4.560254096984863,4.651172161102295,-63,-95,370,1.2345703840255735,1.12451171875,-0.9953125119209291,1
20,-9,58,-7.785449504852295,-2.3973634243011475,2.8041017055511475,-85,-55,285,2.2298829555511475,-4.770801067352295,-3.823339939117432,1
-48,-23,50,-7.6131839752197275,-2.048046827316284,2.583984375,-81,-12,163,2.9715821743011475,-7.5796875953674325,-5.8666014671325675,1
-79,-34,28,-7.39306640625,-3.0529296398162837,2.784960985183716,-29,14,14,3.727636814117432,-7.594043254852295,-5.62255859375,1
-92,-43,1,-7.29736328125,-3.1869142055511475,2.521777391433716,6,44,-120,4.000390529632568,-5.7948241233825675,-4.196582317352295,1
-97,-40,-13,-7.115527629852295,-3.0912110805511475,2.009765625,-6,80,-222,3.4261720180511475,-3.536230564117432,-2.526562452316284,1
-95,-34,-14,-6.498242378234862,-3.2108399868011475,2.186816453933716,-48,109,-304,2.220312595367432,0.8134765625,-0.55029296875,1
-76,-17,-9,-7.6849613189697275,-3.679785251617432,2.60791015625,-143,146,-298,2.000195264816284,13.82431697845459,3.3017578125,1
-38,1,-8,-9.64208984375,-4.239648342132568,3.761132955551148,-100,111,-128,0.4258789122104645,27.54814529418945,11.178125381469727,1
-13,14,-7,-12.08251953125,-4.239648342132568,3.4788086414337163,-41,-23,84,2.215527296066284,26.51933670043945,12.159082412719727,1
29,34,0,-10.431640625,-4.316211223602295,3.919043064117432,-70,-118,184,2.091113328933716,13.742968559265135,9.106152534484863,1
90,39,-2,-8.03427791595459,-4.057812690734863,3.856836080551148,-74,-160,160,1.4881836175918581,5.16796875,4.440625190734863,1
105,27,-12,-7.354785442352295,-2.962011814117432,2.244238376617432,-120,-161,97,0.9713867306709291,1.3972656726837158,0.4641601741313934,1
45,2,-18,-7.48876953125,-1.5743163824081419,1.6843750476837158,-160,-145,10,1.1484375,-0.5072265863418579,-2.263378858566284,1
-41,-17,-15,-8.326171875,-1.79443359375,1.6700195074081419,-170,-126,-89,1.3015625476837158,-0.3158203065395355,-2.962011814117432,1
-94,-26,-9,-8.938672065734863,-2.56005859375,1.8135741949081419,-155,-112,-200,0.26318359375,1.22021484375,-3.42138671875,1
