0,0.1,0.2,-8.498437881469727,-4.311425685882568,1.7370117902755737,0.3,0.4,0.5,-9.11093807220459,3.0194337368011475,-0.8326172232627869,3
0,0,0,-8.49365234375,-4.301855564117432,1.7417968511581419,0,0,0,-9.072656631469727,2.9333007335662837,-0.78955078125,3
0,0,0,-8.474512100219728,-4.397558689117432,1.7705078125,0,0,0,-9.120508193969727,2.962011814117432,-0.8469726443290709,3
1,0,0,-8.503222465515138,-4.311425685882568,1.7561523914337158,0,0,0,-9.101366996765137,2.9285156726837163,-0.8326172232627869,3
0,0,0,-8.479296684265138,-4.249218940734863,1.72265625,0,0,0,-9.144433975219727,2.962011814117432,-0.8086914420127869,3
-1,0,0,-8.4697265625,-4.301855564117432,1.7274414300918581,0,0,0,-9.096582412719727,2.9524414539337163,-0.7847656607627869,3
0,0,0,-8.48886775970459,-4.411914348602295,1.7609375715255735,0,0,0,-9.125292778015137,2.94287109375,-0.8517578244209291,3
0,0,0,-8.49365234375,-4.306640625,1.7609375715255735,0,0,0,-9.08701229095459,2.9476563930511475,-0.8134765625,3
0,0,0,-8.527148246765138,-4.287499904632568,1.7609375715255735,0,0,0,-9.106152534484863,3.0290038585662837,-0.8182617425918579,3
-1,0,0,-8.551074028015138,-4.373632907867432,1.6891602277755735,-2,0,0,-9.3310546875,3.0672852993011475,-0.5694336295127869,3
0,1,0,-8.407519340515138,-4.598535060882568,1.55517578125,-2,-8,2,-9.78085994720459,2.622265577316284,0.6029297113418579,3
11,5,-1,-7.857226848602295,-4.670312404632568,1.3541992902755735,13,-16,6,-9.11093807220459,2.775390625,0.5694336295127869,3
24,5,1,-8.36923885345459,-4.536328315734863,1.12451171875,6,-3,7,-8.77597713470459,2.8375976085662837,-0.44501954317092896,3
15,-6,7,-8.981738090515137,-4.387988567352295,1.2297852039337158,-3,8,7,-8.87646484375,2.9955079555511475,-0.83740234375,3
-19,-20,11,-9.029589653015137,-4.4501953125,1.239355444908142,3,13,9,-8.708984375,3.440527439117432,-1.0144531726837158,3
-34,-18,9,-8.41709041595459,-4.555469036102295,1.4211914539337158,-2,14,17,-8.546289443969728,3.8137695789337163,-1.009667992591858,3
-19,-6,2,-8.115625381469728,-4.148730754852295,1.957129001617432,-17,11,23,-8.460156440734862,2.7562501430511475,-0.03349609300494194,3
11,-1,4,-8.68505859375,-4.689453125,2.2538087368011475,6,0,26,-8.92431640625,3.488379001617432,0.18183593451976776,3
25,-1,12,-9.359766006469727,-4.866504192352295,1.7083008289337158,0,10,7,-9.465039253234863,3.9094727039337163,-0.7847656607627869,3
4,-5,14,-8.957812309265137,-4.201367378234863,1.5168945789337158,-23,15,-5,-9.173144340515137,4.311425685882568,-1.5456055402755735,3
-32,-6,6,-8.56064510345459,-4.081738471984863,1.8709961175918581,-29,16,-16,-9.35498046875,3.349609375,-1.971484422683716,3
-32,-1,-4,-8.82861328125,-4.435840129852295,3.22998046875,-9,10,-21,-9.11572265625,3.703711032867432,-2.526562452316284,3
-4,-2,-15,-8.311816215515138,-3.9142580032348633,4.129590034484863,-2,13,-15,-8.359667778015138,3.976464986801148,-2.46435546875,3
10,3,-20,-7.5557618141174325,-3.13427734375,2.789746046066284,-20,17,-10,-8.005566596984862,3.631933689117432,-1.4786132574081419,3
4,5,-18,-7.5126953125,-2.722754001617432,2.08154296875,-8,9,-6,-7.9146485328674325,3.249121189117432,-1.2537109851837158,3
-4,4,-10,-8.024706840515138,-2.8854491710662837,1.9044922590255735,6,0,-2,-8.139551162719728,3.7419922351837163,-1.837500095367432,3
-25,5,-2,-8.96738338470459,-3.785058736801148,1.827929735183716,2,-3,-2,-9.23056697845459,4.115234375,-2.770605564117432,3
-18,8,3,-9.56552791595459,-4.383203029632568,2.191601514816284,2,0,-7,-10.230664253234863,3.880761861801148,-2.842382907867432,3
9,-1,3,-19.56171989440918,1.3015625476837158,2.148535251617432,8,9,0,-9.484179496765137,4.072167873382568,-2.579199314117432,3
-35,-32,22,-8.287890434265138,-2.22509765625,4.2587890625,-21,19,7,-8.75205135345459,3.5553710460662837,-1.8805664777755735,3
-39,-29,16,-7.8667969703674325,-4.167870998382568,2.8615233898162837,-42,12,3,-8.713769912719728,3.22998046875,-1.7417968511581419,3
-23,-21,-1,-7.598828315734862,-5.100976467132568,1.971484422683716,-17,0,0,-8.474512100219728,3.63671875,-2.08154296875,3
14,-1,-14,-7.330859661102295,-4.756445407867432,1.8135741949081419,-3,-7,-1,-8.292675971984862,4.407128810882568,-2.459570407867432,3
12,13,-28,-7.072461128234862,-4.335351467132568,2.48828125,-11,-11,-2,-8.326171875,3.9812500476837163,-2.8328125476837163,3
21,25,-28,-6.785351753234862,-3.9716796875,2.713183641433716,0,-17,-6,-8.05820369720459,3.3400390148162837,-2.7323243618011475,3
11,33,-29,-7.718457221984862,-4.18701171875,3.0672852993011475,8,-27,-14,-9.120508193969727,2.8519532680511475,-2.569628953933716,3
22,38,-23,-9.857421875,-3.928613424301148,4.632031440734863,34,-38,-16,-10.771387100219727,2.789746046066284,-2.378222703933716,3
-51,17,-10,-11.302538871765135,-6.665722846984862,2.48828125,37,-39,-21,-11.331250190734865,3.8137695789337163,-0.8230468630790709,3
-1,26,-9,-7.1729493141174325,-5.8426756858825675,-1.5695313215255735,25,-39,-15,-9.13486385345459,2.65576171875,-0.19140625,3
-1,40,2,-6.952832221984862,-5.612988471984863,-2.124609470367432,28,-18,-6,-8.723340034484862,2.583984375,0.6986328363418579,3
9,37,6,-7.665820598602295,-6.689648628234862,-0.4976562559604645,7,-3,-2,-8.87646484375,2.6605470180511475,0.39238283038139343,3
-5,11,3,-7.751953125,-5.727832317352295,0.2823242247104645,7,9,3,-8.06298828125,2.3447265625,0.588574230670929,3
-25,4,1,-7.4935550689697275,-5.823535442352295,-0.5455078482627869,-2,19,2,-7.9720706939697275,2.4452149868011475,0.512011706829071,3
-19,7,-14,-6.8475584983825675,-5.828320503234862,-1.406835913658142,-7,26,5,-8.25439453125,2.3447265625,0.12919922173023224,3
-5,15,-22,-6.9097657203674325,-6.067578315734862,-1.1867188215255735,-19,38,9,-9.4267578125,3.0672852993011475,0.8756836056709291,3
4,9,-20,-7.957715034484862,-6.091504096984862,-0.8278320431709291,-40,10,-2,-11.21640682220459,0.15791015326976776,4.727734565734863,3
-20,-3,7,-8.455370903015138,-5.971875190734862,-1.9044922590255735,19,-24,-8,-11.115918159484863,1.4833984375,1.7848633527755735,3
-31,0,26,-7.560546875,-6.6083006858825675,-2.052832126617432,33,-37,-6,-9.130078315734863,1.923632860183716,-0.06699218600988388,3
-18,10,23,-7.1346678733825675,-6.134570598602295,-1.6652344465255735,34,-47,-4,-8.149121284484862,1.9140625,0.83740234375,3
17,10,17,-7.4935550689697275,-6.689648628234862,-0.8086914420127869,25,-41,-7,-8.263964653015138,2.186816453933716,1.0862305164337158,3
15,0,9,-7.5126953125,-5.8426756858825675,-0.8708984255790709,13,-26,0,-8.259180068969728,2.0145509243011475,0.937890648841858,3
7,-12,10,-7.665820598602295,-5.445508003234863,-1.3541992902755735,10,-8,9,-8.431445121765138,2.306445360183716,1.6604492664337158,3
8,-21,19,-7.402637004852295,-5.158398628234863,-2.1533203125,28,-4,19,-7.857226848602295,2.8280274868011475,2.143749952316284,3
0,-24,24,-7.7088871002197275,-5.2158203125,-2.009765625,25,7,25,-7.7328128814697275,3.464453220367432,2.052832126617432,3
-11,-32,23,-8.2783203125,-5.507714748382568,-1.7322266101837158,21,16,34,-7.8428711891174325,4.268359661102295,2.2538087368011475,3
-2,-38,24,-8.421875,-5.19189453125,-1.3541992902755735,-14,23,27,-7.809375286102295,2.617480516433716,2.531347751617432,3
-2,-44,22,-9.752148628234863,-5.301953315734863,-0.2440429776906967,-42,31,9,-10.843164443969727,3.608007907867432,1.6604492664337158,3
-20,-51,18,-10.484277725219727,-4.588964939117432,0.88525390625,-12,38,12,-12.876855850219727,3.8903322219848633,-2.2059571743011475,3
-59,-54,21,-11.35996150970459,-4.18701171875,1.392480492591858,-4,31,-4,-11.74755859375,3.3352539539337163,-4.373632907867432,3
11,-3,10,-9.1875,4.325781345367432,2.7562501430511475,10,28,-17,-8.87168025970459,4.636816501617432,-5.148828029632568,3
-41,2,-16,-7.2208008766174325,5.019629001617432,0.612500011920929,-40,30,-13,-6.713574409484862,4.947851657867432,-2.75146484375,3
5,1,-31,-7.120312690734862,0.01914062537252903,2.5648438930511475,-9,13,-14,-6.761425971984862,2.665332078933716,-1.7274414300918581,3
14,-6,-19,-9.1875,1.244140625,0.08613281697034836,16,6,-18,-7.6371097564697275,4.09130859375,-2.9572265148162837,3
-21,-4,0,-8.8046875,5.378515720367432,0.15312500298023224,-21,3,-4,-8.771191596984862,5.340234279632568,-2.244238376617432,3
-29,26,0,-9.120508193969727,0.6220703125,2.4691407680511475,-29,-8,6,-8.8046875,3.4596679210662837,-1.1867188215255735,3
14,41,1,-9.742578506469727,0.0047851563431322575,2.545703172683716,13,-11,10,-8.354883193969728,2.8519532680511475,-2.392578125,3
15,24,-15,-19.576074600219727,2.1820313930511475,0.07656250149011612,3,-1,-3,-9.83349609375,2.2777345180511475,-3.0050780773162837,3
12,2,0,-11.178125381469727,4.900000095367432,0.6507812738418579,17,11,-11,-9.862207412719727,5.005273342132568,-4.2109375,3
-111,9,1,-9.704297065734863,5.053124904632568,0.08613281697034836,-51,31,0,-8.436230659484862,5.354589939117432,-2.9045898914337163,3
-117,17,-15,-7.6083984375,0.01914062537252903,0.4306640625,-62,29,0,-7.6036133766174325,3.5936524868011475,-1.98583984375,3
-40,1,-31,-9.240137100219727,0.01914062537252903,0.9235351681709291,-39,9,-12,-8.043848037719728,3.1629884243011475,-1.5216797590255735,3
55,-6,-18,-7.0868163108825675,-4.287499904632568,2.27294921875,3,-6,-15,-8.665918350219728,3.488379001617432,-2.41650390625,3
62,0,-12,-7.29736328125,-3.689355611801148,2.435644626617432,1,-10,-12,-8.718554496765138,4.42626953125,-3.177343845367432,3
24,6,-9,-7.072461128234862,-3.51708984375,2.914160251617432,-18,-13,-4,-8.24960994720459,3.7228517532348633,-3.1438477039337163,3
2,15,-17,-6.7422852516174325,-4.124804973602295,2.9285156726837163,13,-25,-4,-8.326171875,2.650976657867432,-2.761035203933716,3
-1,21,-31,-8.622851371765138,-5.455078125,3.5027344226837163,47,-40,-2,-9.85263729095459,2.99072265625,-3.153418064117432,3
-2,13,-24,-10.83837890625,-6.038867473602295,3.1007812023162837,53,-38,-6,-11.93896484375,1.2776367664337158,-3.440527439117432,3
-58,6,-6,-9.83349609375,-8.20654296875,-1.000097632408142,11,-17,-31,-12.135156631469727,3.5984375476837163,-1.909277439117432,3
-24,29,14,-7.6753907203674325,-6.29248046875,-3.5553710460662837,-36,4,0,-10.197168350219727,4.526757717132568,4.469336032867432,3
18,46,25,-6.474316596984862,-5.565136909484863,-1.8662109375,-12,0,21,-7.77587890625,2.502636671066284,4.014746189117432,3
-11,26,24,-6.9671874046325675,-4.78515625,0.3828125,21,-2,19,-7.522265911102295,0.8661133050918579,1.0048828125,3
-49,6,14,-7.144238471984862,-6.1297850608825675,-0.8230468630790709,33,2,7,-7.574902534484862,1.7083008289337158,-1.225000023841858,3
-7,6,4,-7.742383003234862,-6.2876954078674325,-1.6413086652755735,2,33,-5,-8.30224609375,2.115039110183716,-1.047949194908142,3
4,2,-5,-7.785449504852295,-5.569921970367432,-1.7035156488418581,-18,12,-7,-9.484179496765137,2.339941501617432,5.225390911102295,3
0,0,-7,-7.44091796875,-4.842578411102295,-1.6700195074081419,-28,10,-17,-10.292871475219727,2.339941501617432,1.2537109851837158,3
-9,0,0,-8.78076171875,-4.95263671875,-1.4738281965255735,7,0,-7,-11.068066596984863,1.095800757408142,-0.3875976502895355,3
-21,10,16,-8.503222465515138,-5.086621284484863,-2.048046827316284,36,-35,-1,-9.776074409484863,1.4833984375,1.8566406965255735,3
-11,23,12,-7.5892581939697275,-5.589062690734863,-1.72265625,57,-53,-5,-9.1875,2.3495118618011475,2.028906345367432,3
-19,8,2,-7.474414348602295,-6.7518553733825675,-0.4306640625,20,-46,-6,-8.5654296875,1.861425876617432,0.4976562559604645,3
14,5,4,-7.5414066314697275,-6.1919922828674325,-1.057519555091858,0,-33,-9,-8.053418159484862,1.837500095367432,0.631640613079071,3
13,-1,4,-7.833301067352295,-5.9766602516174325,-1.53125,5,-26,-4,-8.10605525970459,2.808886766433716,1.368554711341858,3
17,-5,6,-7.9625000953674325,-5.9814453125,-2.0384767055511475,7,-17,6,-8.268750190734862,2.1820313930511475,2.0863282680511475,3
34,-4,11,-8.043848037719728,-5.378515720367432,-2.1341798305511475,8,-9,10,-7.929004192352295,1.8949218988418581,2.378222703933716,3
21,-16,11,-7.6753907203674325,-4.923925876617432,-1.7178710699081419,14,-1,13,-7.6131839752197275,1.971484422683716,2.2059571743011475,3
8,-24,12,-6.995898723602295,-4.938281536102295,-2.10546875,16,5,16,-7.4122071266174325,2.1102540493011475,2.067187547683716,3
0,-30,16,-7.39306640625,-5.019629001617432,-1.837500095367432,40,12,23,-8.54150390625,3.5218751430511475,2.316015720367432,3
-13,-39,17,-9.742578506469727,-5.6943359375,-1.406835913658142,-25,21,25,-11.52744197845459,4.100879192352295,3.923828125,3
-1,-41,19,-12.570605278015135,-5.9623045921325675,0.6029297113418579,41,21,20,-13.341015815734865,4.349707126617432,-0.18662109971046448,3
-25,20,7,-12.001172065734865,0.612500011920929,0.06220703199505806,-2,29,7,-11.235547065734863,4.435840129852295,-4.320996284484863,3
-55,26,1,-9.723437309265137,3.832910299301148,3.6941406726837163,-38,47,-8,-8.27353572845459,3.880761861801148,-5.397656440734863,3
21,-6,-18,-6.96240234375,0.7751953005790709,4.938281536102295,-71,53,-17,-6.9384765625,3.2108399868011475,-2.6844727993011475,3
14,-5,-30,-9.029589653015137,0.88525390625,0.05742187798023224,-25,22,-25,-7.498340129852295,0.937890648841858,0.07177734375,3
5,-6,-22,-9.723437309265137,1.6556640863418581,0.7847656607627869,31,9,-19,-8.508008003234862,4.206152439117432,-1.65087890625,3
13,-6,3,-9.76171875,4.938281536102295,1.4259766340255735,10,7,0,-8.91953182220459,5.555566310882568,-2.890234470367432,3
5,-6,0,-8.330957412719728,1.263281226158142,0.59814453125,4,10,17,-8.283105850219728,4.627246379852295,-3.0768554210662837,3
6,1,16,-8.019922256469728,0.631640613079071,0.0,5,15,25,-8.005566596984862,3.1629884243011475,-2.32080078125,3
5,-6,1,-9.484179496765137,1.244140625,1.3015625476837158,17,4,9,-9.465039253234863,1.8662109375,-1.1627930402755735,3
25,27,-18,-10.33115291595459,0.03828125074505806,0.0,26,-10,-18,-10.30722713470459,3.1677734851837163,-2.962011814117432,3
6,-21,1,-19.37031364440918,2.574414014816284,4.900000095367432,7,2,-20,-9.173144340515137,3.966894626617432,-3.51708984375,3
-39,1,0,-8.5654296875,0.01914062537252903,0.3062500059604645,-34,17,-20,-8.49365234375,3.832910299301148,-3.1869142055511475,3
-40,-6,4,-8.551074028015138,1.2537109851837158,0.07656250149011612,-8,7,-7,-8.287890434265138,3.7707033157348633,-1.7035156488418581,3
-54,-44,7,-8.53671932220459,0.7369140982627869,0.1435546875,0,-4,-2,-8.54150390625,4.440625190734863,-2.383007764816284,3
-46,-20,0,-9.76171875,4.172656536102295,1.225000023841858,-13,-4,4,-8.450586318969728,4.18701171875,-3.512304782867432,3
-7,7,-11,-7.3404297828674325,-6.378613471984862,1.98583984375,-33,-6,5,-8.44101619720459,3.5027344226837163,-2.842382907867432,3
25,18,-23,-7.6849613189697275,-4.134375095367432,4.507617473602295,-21,-17,-5,-8.29746150970459,2.622265577316284,-2.5361328125,3
2,7,-25,-7.4217777252197275,-2.746679782867432,4.842578411102295,-6,-28,-11,-8.517578125,2.46435546875,-2.9715821743011475,3
3,9,-18,-8.862109184265137,-4.923925876617432,4.459765911102295,-9,-32,-18,-9.80478572845459,2.5361328125,-3.4979493618011475,3
8,10,-21,-10.57041072845459,-5.732617378234862,1.1962890625,-12,-23,-20,-11.584863662719727,1.7752929925918581,-3.4931640625,3
-3,29,-11,-9.90048885345459,-8.08212947845459,-1.4642578363418581,-6,-6,-28,-11.393457412719727,2.545703172683716,-2.521777391433716,3
33,45,8,-8.168261528015138,-6.4168944358825675,-4.4501953125,-13,0,-5,-11.895898818969727,2.583984375,3.727636814117432,3
52,62,16,-7.498340129852295,-5.435937404632568,-3.0242187976837163,20,-13,20,-9.283203125,1.7178710699081419,5.799609661102295,3
34,42,20,-7.335644721984862,-2.8854491710662837,0.21533203125,29,-1,21,-7.7710938453674325,0.44501954317092896,2.3255860805511475,3
-30,17,17,-7.570117473602295,-4.56982421875,-0.6747070550918579,44,0,8,-7.498340129852295,1.3876953125,-0.22968751192092896,3
-33,11,2,-7.857226848602295,-5.81396484375,-1.5121093988418581,21,15,-4,-7.5892581939697275,2.263378858566284,-0.8326172232627869,3
-19,11,-10,-7.751953125,-6.24462890625,-2.1820313930511475,10,24,-6,-8.484082221984862,3.42138671875,1.5982421636581419,3
-6,14,-14,-7.306933879852295,-5.349804878234863,-2.36865234375,-50,16,-7,-9.776074409484863,1.9140625,2.9811522960662837,3
1,12,-8,-8.22568416595459,-5.6895508766174325,-1.0192383527755735,-33,11,-8,-10.804883003234863,1.5743163824081419,0.6507812738418579,3
31,14,3,-8.713769912719728,-3.6750001907348633,-1.1627930402755735,3,-13,2,-10.039258003234863,1.167578101158142,0.11484375596046448,3
-1,20,15,-8.163476943969728,-4.828222751617432,-2.210742235183716,39,-37,1,-9.843066215515137,0.02392578125,2.17724609375,3
20,32,11,-7.641894817352295,-5.545996189117432,-2.263378858566284,78,-53,-5,-9.666015625,2.0576171875,1.8662109375,3
18,19,3,-7.7567386627197275,-5.9814453125,-1.3494141101837158,38,-36,-2,-8.2783203125,2.406933546066284,1.1149414777755735,3
20,6,4,-7.6849613189697275,-5.512500286102295,-1.8087891340255735,10,-26,-5,-8.096484184265138,2.4404296875,0.588574230670929,3
8,-5,3,-8.06298828125,-5.531640529632568,-1.971484422683716,34,-21,2,-7.838086128234862,2.603125095367432,1.4211914539337158,3
10,-12,8,-7.933789253234862,-4.986133098602295,-2.311230421066284,33,-14,4,-7.9959964752197275,3.25390625,2.292089939117432,3
4,-19,13,-7.9481449127197275,-5.340234279632568,-2.0624024868011475,9,-4,9,-7.594043254852295,3.4309570789337163,2.22509765625,3
-5,-29,10,-7.6371097564697275,-5.368945598602295,-1.7705078125,-19,10,15,-7.4600586891174325,3.03857421875,2.115039110183716,3
-15,-38,5,-7.4169921875,-5.412011623382568,-1.177148461341858,-25,20,19,-7.737597942352295,3.713281393051148,2.138964891433716,3
-22,-55,-3,-9.45068359375,-5.426367282867432,0.50244140625,-56,18,33,-10.59912109375,4.679883003234863,4.340137004852295,3
-32,-73,-9,-11.93418025970459,-5.340234279632568,0.8996093869209291,-1,24,30,-11.254687309265137,3.1438477039337163,-0.009570312686264515,3
-53,26,16,-14.54209041595459,0.765625,0.0,-53,46,21,-12.790722846984865,5.569921970367432,-3.655859470367432,3
-53,4,5,-19.236328125,2.603125095367432,2.009765625,-54,48,6,-9.862207412719727,3.0529296398162837,-5.005273342132568,3
9,42,0,-9.1875,2.641406297683716,0.02871093899011612,-38,50,-3,-7.7806644439697275,2.698828220367432,-4.464550971984863,3
72,2,-9,-7.3404297828674325,1.272851586341858,0.6507812738418579,-50,43,-8,-7.378711223602295,2.000195264816284,-1.55517578125,3
18,7,0,-9.3310546875,0.009570312686264515,0.27753907442092896,20,15,-14,-8.10605525970459,2.717968702316284,0.27275392413139343,3
5,-3,6,-9.742578506469727,1.6173828840255735,0.22968751192092896,38,4,-2,-8.364453315734862,4.78515625,-1.9906250238418581,3
-10,-2,7,-9.16357421875,4.938281536102295,1.8470703363418581,-1,8,9,-8.795117378234862,5.091406345367432,-3.033789157867432,3
7,-4,3,-7.9625000953674325,0.0047851563431322575,0.34453126788139343,-7,4,19,-7.82373046875,3.6702148914337163,-2.009765625,3
14,-2,18,-9.417187690734863,0.4593750238418579,0.01435546949505806,0,7,19,-8.05820369720459,2.8806641101837163,-2.665332078933716,3
12,-4,3,-19.360742568969727,0.9953125119209291,0.02871093899011612,3,15,4,-9.579882621765137,3.4979493618011475,-3.4979493618011475,3
15,1,0,-11.560937881469727,4.9765625,1.225000023841858,-17,17,-10,-10.158886909484863,5.359375,-3.37353515625,3
-6,-20,3,-9.283203125,-1.50732421875,6.2015624046325675,-45,18,-14,-8.402734756469728,4.335351467132568,-2.282519578933716,3
-42,-41,1,-6.91455078125,-2.7562501430511475,4.105664253234863,-33,11,-10,-8.091699600219728,3.2874023914337163,-1.6700195074081419,3
-25,-39,-3,-6.876269817352295,-3.66064453125,2.574414014816284,-16,-1,-14,-8.316601753234862,3.4548828601837163,-2.024121046066284,3
-19,-23,-6,-6.9671874046325675,-4.622460842132568,1.995410203933716,4,-11,-11,-8.61328125,4.01953125,-2.220312595367432,3
3,4,-14,-7.450488567352295,-5.196679592132568,2.627050876617432,8,-18,-3,-8.531933784484862,4.316211223602295,-2.569628953933716,3
37,24,-24,-7.383496284484862,-4.684668064117432,3.1725585460662837,15,-29,-6,-8.402734756469728,3.679785251617432,-2.579199314117432,3
42,30,-27,-8.029492378234862,-4.086523532867432,3.158203125,17,-39,-12,-8.82861328125,3.808984518051148,-3.5697267055511475,3
11,29,-33,-9.077441215515137,-5.010058879852295,3.3400390148162837,-5,-34,-21,-9.819140434265137,3.2156250476837163,-3.608007907867432,3
-19,25,-32,-10.25937557220459,-6.4312500953674325,1.9188476800918581,23,-26,-24,-12.240429878234865,1.8327149152755735,-3.8137695789337163,3
23,39,0,-9.5703125,-7.378711223602295,-0.13876953721046448,9,-4,-37,-11.46044921875,3.320898532867432,-1.7896484136581419,3
0,38,13,-7.1107420921325675,-5.924023628234862,-2.722754001617432,-40,7,-2,-9.388476371765137,2.650976657867432,4.9287109375,3
4,50,12,-6.019726753234862,-5.895312786102295,-2.450000047683716,11,-5,22,-7.7567386627197275,1.02880859375,4.909570217132568,3
23,47,14,-6.9384765625,-4.636816501617432,-0.8565430045127869,20,-4,15,-8.005566596984862,0.5072265863418579,1.5360351800918581,3
-12,22,18,-7.9002933502197275,-5.115332126617432,-0.4306640625,62,-9,12,-8.359667778015138,1.851855516433716,-0.06220703199505806,3
-26,6,1,-8.603711128234862,-7.1585936546325675,-0.7799804806709291,45,15,4,-8.44580078125,2.402148485183716,-1.17236328125,3
2,8,-13,-7.9959964752197275,-6.412109375,-1.2584961652755735,22,39,0,-8.651562690734862,3.440527439117432,1.0910156965255735,3
16,9,-10,-7.9864258766174325,-4.8330078125,-0.95703125,-16,10,-1,-9.871777534484863,2.450000047683716,3.70849609375,3
1,-3,-5,-8.1826171875,-5.2158203125,-0.516796886920929,22,-6,-7,-11.07763671875,2.531347751617432,0.985742211341858,3
-19,-1,6,-7.8667969703674325,-4.775586128234863,-1.5934571027755735,-10,-18,5,-9.675585746765137,2.761035203933716,-0.10527344048023224,3
-13,12,11,-7.10595703125,-5.852246284484862,-2.10546875,18,-39,0,-9.666015625,0.9713867306709291,1.9762696027755735,3
1,20,2,-7.08203125,-6.412109375,-2.167675733566284,35,-44,-8,-8.61328125,2.5409181118011475,1.4307616949081419,3
18,11,-6,-7.4361329078674325,-6.6465821266174325,-1.239355444908142,-7,-21,-3,-8.06298828125,3.1199219226837163,0.985742211341858,3
4,-8,-8,-7.909863471984862,-5.646484375,-0.703417956829071,-32,-12,2,-7.785449504852295,2.665332078933716,1.2824219465255735,3
-7,-23,0,-8.192187309265138,-5.617773532867432,-1.153222680091858,-14,-8,7,-7.929004192352295,2.761035203933716,1.2919921875,3
-3,-27,9,-8.134765625,-5.660840034484862,-1.4977539777755735,-6,-2,13,-8.12998104095459,2.765820264816284,1.5121093988418581,3
9,-28,17,-7.885937690734862,-5.512500286102295,-1.3063477277755735,-4,4,22,-7.7088871002197275,2.7083985805511475,1.5408203601837158,3
15,-32,19,-7.742383003234862,-5.345019817352295,-0.9522461295127868,-5,12,29,-8.25439453125,2.813671827316284,1.8327149152755735,3
3,-45,19,-8.675488471984862,-5.4072265625,-0.564648449420929,2,16,39,-9.25927734375,3.976464986801148,2.311230421066284,3
-26,-63,13,-10.087109565734863,-5.612988471984863,0.8230468630790709,-47,23,40,-10.943652153015137,2.5361328125,2.3447265625,3
-44,-77,8,-10.948437690734863,-6.062793254852295,1.4929687976837158,2,37,21,-12.36962890625,3.880761861801148,-1.5408203601837158,3
-42,-67,5,-8.986523628234863,-5.321094036102295,2.3255860805511475,4,32,2,-9.646875381469727,5.345019817352295,-4.454980373382568,3
-20,-31,0,-6.9671874046325675,-4.7373046875,3.1629884243011475,-25,43,1,-7.77587890625,5.612988471984863,-4.957421779632568,3
29,1,-5,-6.3211913108825675,-4.081738471984863,2.569628953933716,-86,41,-2,-7.4217777252197275,4.6416015625,-2.311230421066284,3
47,16,0,-6.613086223602295,-2.842382907867432,2.004980564117432,-37,11,-13,-8.053418159484862,1.105371117591858,-0.34453126788139343,3
-2,13,9,-6.928906440734862,-2.87109375,2.0863282680511475,52,-3,-14,-8.244824409484862,4.01953125,-2.22509765625,3
22,-3,0,-9.704297065734863,4.900000095367432,1.8805664777755735,19,5,2,-7.981640815734862,5.7613282203674325,-2.9237306118011475,3
5,25,1,-8.484082221984862,5.378515720367432,2.770605564117432,5,-1,14,-8.450586318969728,5.388085842132568,-1.3302735090255735,3
7,31,0,-9.800000190734863,0.0047851563431322575,2.473925828933716,-10,-6,0,-8.94345760345459,4.254004001617432,-1.6700195074081419,3
17,20,-30,-9.1875,0.01914062537252903,1.7752929925918581,4,1,-19,-8.73291015625,2.8328125476837163,-2.555273532867432,3
9,-6,-21,-9.417187690734863,5.895312786102295,2.4691407680511475,16,13,-3,-8.627636909484862,5.9527344703674325,-2.359081983566284,3
12,3,7,-9.76171875,4.900000095367432,2.526562452316284,-11,11,8,-8.450586318969728,5.656054973602295,-1.5791015625,3
-11,-40,1,-7.952929973602295,-2.775390625,4.04345703125,-16,7,12,-7.7088871002197275,4.876074314117432,-2.27294921875,3
-28,-37,-5,-7.283008098602295,-3.6032226085662837,4.024316310882568,-6,0,5,-7.8907227516174325,4.105664253234863,-2.019335985183716,3
0,-20,-7,-7.383496284484862,-4.550683498382568,3.5314452648162837,10,-7,-1,-8.32138729095459,4.813867092132568,-2.268164157867432,3
8,-3,-7,-7.3404297828674325,-4.612890720367432,3.51708984375,-6,-9,1,-8.35009765625,5.172753810882568,-2.5409181118011475,3
11,10,-11,-6.852344036102295,-4.675097942352295,3.368750095367432,-21,-14,0,-8.101269721984862,4.349707126617432,-2.5648438930511475,3
23,23,-18,-6.732715129852295,-3.7180664539337163,3.5553710460662837,-19,-23,-10,-8.101269721984862,3.5697267055511475,-2.775390625,3
6,29,-25,-7.1968750953674325,-4.407128810882568,3.1199219226837163,-6,-32,-21,-8.92431640625,3.6032226085662837,-2.765820264816284,3
0,38,-33,-7.981640815734862,-6.890625,2.363867282867432,-8,-33,-25,-9.7138671875,3.3783204555511475,-2.201171875,3
0,39,-17,-9.46982479095459,-6.5078125,1.4977539777755735,10,-21,-32,-11.59921932220459,2.79931640625,-1.981054782867432,3
19,36,13,-9.991406440734863,-7.259082317352295,1.1484375,0,-3,-38,-11.4365234375,4.498046875,-0.21533203125,3
-10,28,17,-7.1729493141174325,-7.0293946266174325,-0.95703125,-10,5,0,-8.460156440734862,3.22998046875,4.0673828125,3
2,34,-1,-6.3929686546325675,-5.708691596984862,-1.12451171875,-1,-2,18,-7.211230754852295,1.7513672113418581,4.311425685882568,3
3,33,-2,-6.7757811546325675,-5.211035251617432,-0.98095703125,23,-7,7,-8.10605525970459,1.1962890625,2.392578125,3
5,27,7,-7.6371097564697275,-5.6512694358825675,-0.6412109732627869,68,-11,2,-8.819043159484863,2.9045898914337163,0.5215820670127869,3
-3,19,6,-8.378808975219728,-6.3116211891174325,-0.34931641817092896,25,24,-1,-8.747265815734862,3.4357421398162837,-0.8900390863418579,3
-19,10,-6,-7.885937690734862,-6.780566692352295,-0.4115234315395355,-17,44,3,-8.82382869720459,3.5553710460662837,1.1627930402755735,3
1,5,-10,-7.4935550689697275,-6.3355469703674325,-0.11484375596046448,-38,15,-7,-9.694726943969727,1.167578101158142,3.5505859851837163,3
9,5,-1,-7.6514649391174325,-5.474218845367432,-0.4354492127895355,9,-7,-16,-10.02490234375,2.115039110183716,1.8087891340255735,3
0,11,9,-7.77587890625,-5.852246284484862,-0.50244140625,3,-24,-5,-9.335840225219727,2.627050876617432,0.39238283038139343,3
-13,16,9,-7.6371097564697275,-6.4073243141174325,-0.7512695193290709,25,-38,2,-9.297558784484863,1.3781250715255735,0.08134765923023224,3
9,26,6,-7.2782225608825675,-6.9193358421325675,-0.9091796875,61,-42,3,-9.077441215515137,1.8087891340255735,0.7129883170127869,3
32,20,3,-6.948047161102295,-6.6513671875,-0.7177734375,51,-33,-2,-8.6611328125,2.4930665493011475,2.091113328933716,3
26,5,1,-7.072461128234862,-5.8905272483825675,-0.6029297113418579,25,-24,-6,-8.364453315734862,3.5936524868011475,2.617480516433716,3
3,-8,2,-7.527050971984862,-5.5986328125,-1.0670899152755735,0,-14,-1,-7.91943359375,3.7659180164337163,1.89013671875,3
-4,-19,7,-7.7232422828674325,-5.895312786102295,-1.7561523914337158,-16,-1,4,-7.570117473602295,3.4500977993011475,1.9523438215255735,3
-1,-21,10,-7.63232421875,-5.756543159484862,-1.5934571027755735,-14,5,10,-7.5318360328674325,3.0002930164337163,2.028906345367432,3
-3,-27,14,-7.7088871002197275,-5.364160060882568,-1.2058594226837158,-14,12,17,-7.550976753234862,2.9237306118011475,1.909277439117432,3
-9,-37,19,-8.139551162719728,-5.507714748382568,0.10527344048023224,0,18,26,-8.263964653015138,3.2443358898162837,1.8470703363418581,3
-29,-56,20,-9.508105278015137,-5.617773532867432,1.4833984375,-45,20,38,-10.50341796875,4.9287109375,2.650976657867432,3
-31,-72,20,-10.71396541595459,-5.828320503234862,2.0384767055511475,-15,34,41,-11.38388729095459,3.0912110805511475,-0.607714831829071,3
-24,-68,22,-10.97714900970459,-5.8091797828674325,2.650976657867432,0,32,8,-11.321680068969727,4.675097942352295,-3.1916992664337163,3
-9,-44,17,-8.402734756469728,-4.770801067352295,3.919043064117432,4,38,-6,-8.574999809265138,5.55078125,-5.005273342132568,3
19,-18,5,-6.474316596984862,-4.01953125,3.6462891101837163,-43,49,-1,-7.10595703125,5.129687786102295,-3.761132955551148,3
52,-2,-4,-6.306836128234862,-2.713183641433716,2.6318359375,-64,40,-5,-7.192090034484862,2.330371141433716,-0.9522461295127868,3
22,-6,1,-7.306933879852295,-2.12939453125,2.746679782867432,31,9,-10,-8.244824409484862,3.3974609375,-0.478515625,3
-21,-15,7,-7.87158203125,-2.7562501430511475,3.0146484375,31,9,1,-8.54150390625,6.230273723602295,-2.5887696743011475,3
-35,2,0,-8.574999809265138,6.14892578125,2.603125095367432,-5,13,17,-8.455370903015138,6.278125286102295,-2.268164157867432,3
-24,-4,17,-8.364453315734862,1.33984375,3.153418064117432,-18,8,18,-8.06298828125,4.053027629852295,-1.7035156488418581,3
-5,6,-6,-9.1875,0.0,2.454785108566284,-5,1,-1,-8.790331840515138,3.737207174301148,-2.335156202316284,3
-4,2,-2,-8.10605525970459,-3.4357421398162837,4.344922065734863,0,1,-15,-8.522363662719728,4.254004001617432,-2.574414014816284,3
-14,-5,1,-8.196972846984862,-3.5745117664337163,3.880761861801148,-2,10,-10,-8.622851371765138,5.9048829078674325,-2.9333007335662837,3
-15,-10,5,-8.244824409484862,-3.713281393051148,3.828125,-51,17,-2,-7.9720706939697275,5.6416993141174325,-1.899707078933716,3
-15,-6,4,-7.3404297828674325,-3.4261720180511475,3.94775390625,-35,9,0,-7.814160346984862,4.297070503234863,-1.89013671875,3
-5,1,0,-7.1490235328674325,-3.51708984375,4.029101848602295,-12,0,-5,-7.909863471984862,4.033886909484863,-2.220312595367432,3
8,6,0,-7.354785442352295,-3.3161132335662837,4.397558689117432,13,-14,-8,-8.307031631469728,4.397558689117432,-2.292089939117432,3
-7,11,-3,-7.1729493141174325,-3.464453220367432,4.225293159484863,15,-23,-9,-8.235254287719728,4.933495998382568,-2.7801759243011475,3
-13,19,-17,-7.1968750953674325,-4.703808784484863,4.038671970367432,1,-29,-16,-8.196972846984862,4.507617473602295,-2.9189453125,3
-13,31,-42,-7.742383003234862,-5.340234279632568,3.46923828125,-34,-34,-34,-8.01035213470459,4.5458984375,-3.2108399868011475,3
6,42,-53,-8.747265815734862,-6.3211913108825675,3.8376953601837163,-24,-39,-41,-9.68515682220459,3.1677734851837163,-3.799414157867432,3
18,51,-28,-9.99619197845459,-6.158496379852295,2.665332078933716,-13,-21,-40,-13.20703125,2.3447265625,-1.6795898675918581,3
30,49,-2,-9.01523494720459,-7.3500003814697275,0.01435546949505806,-10,-4,-23,-12.546679496765135,1.4546874761581419,4.407128810882568,3
6,43,3,-5.656054973602295,-6.794921875,-2.426074266433716,13,-7,9,-7.9720706939697275,0.9091796875,4.33056640625,3
6,50,-4,-5.416797161102295,-5.8809571266174325,-2.435644626617432,41,-15,15,-6.9671874046325675,1.5503906011581419,1.818359375,3
31,51,-6,-8.01035213470459,-7.1298828125,-1.2776367664337158,51,-19,4,-7.8667969703674325,1.6795898675918581,0.4258789122104645,3
50,31,-4,-8.708984375,-5.57470703125,-0.30146485567092896,81,-4,3,-8.335741996765138,3.3065431118011475,0.6651367545127869,3
10,12,-4,-8.747265815734862,-4.909570217132568,0.42109376192092896,44,30,5,-8.905176162719727,3.3543946743011475,0.3828125,3
-28,3,-5,-7.8045902252197275,-5.876172065734862,0.09091796725988388,-20,38,11,-9.03916072845459,3.392675876617432,2.6126954555511475,3
-19,1,-12,-6.9911131858825675,-6.7997069358825675,-0.29667970538139343,-15,18,4,-9.06787109375,2.009765625,2.32080078125,3
11,1,-7,-6.995898723602295,-6.5078125,-0.29667970538139343,-3,7,-3,-10.45556640625,2.172461032867432,0.7369140982627869,3
1,5,10,-7.08203125,-5.971875190734862,-1.191503882408142,-13,-19,2,-9.149218559265137,1.995410203933716,0.0047851563431322575,3
-20,16,16,-7.3165040016174325,-6.7183594703674325,-1.3494141101837158,32,-38,-6,-9.651659965515137,0.93310546875,1.2584961652755735,3
-7,29,9,-7.211230754852295,-7.24951171875,-1.272851586341858,48,-42,-12,-9.35019588470459,2.9285156726837163,2.713183641433716,3
44,30,3,-6.986328125,-7.091601848602295,-0.5455078482627869,18,-36,0,-8.402734756469728,3.3352539539337163,2.258593797683716,3
27,14,3,-7.235156536102295,-5.612988471984863,-0.516796886920929,-4,-25,-1,-7.909863471984862,2.4212892055511475,1.6795898675918581,3
3,0,11,-7.617969036102295,-6.086719036102295,-0.7512695193290709,7,-21,-7,-8.01035213470459,2.17724609375,1.3541992902755735,3
4,-14,14,-7.8045902252197275,-6.1202149391174325,-0.8421875238418579,21,-12,-5,-8.120409965515138,3.0768554210662837,1.5886719226837158,3
-1,-27,16,-7.6849613189697275,-5.632129192352295,-0.612500011920929,-4,4,7,-7.82373046875,3.8664064407348633,1.72265625,3
-9,-38,20,-7.5653324127197275,-5.7230467796325675,-0.17226563394069672,-13,19,28,-7.503125190734862,3.713281393051148,2.091113328933716,3
-3,-47,23,-7.905078411102295,-5.7708983421325675,-0.6890625357627869,-8,24,44,-7.9959964752197275,4.024316310882568,2.115039110183716,3
-9,-50,29,-8.900390625,-5.28759765625,-1.4499024152755735,-47,28,57,-9.283203125,5.8091797828674325,2.694042921066284,3
-24,-43,41,-9.63730525970459,-4.780371189117432,-1.052734375,-18,20,50,-10.37900447845459,2.722754001617432,0.512011706829071,3
-26,-37,54,-11.020215034484863,-4.957421779632568,1.6556640863418581,15,34,16,-11.211621284484863,6.2972655296325675,-3.5266602039337163,3
-59,-44,43,-10.5751953125,-3.8759765625,2.186816453933716,-15,49,-6,-8.886034965515137,6.043652534484862,-4.880859375,3
-73,-32,6,-7.8763675689697275,-4.148730754852295,3.9333984851837163,-61,54,-4,-7.3021483421325675,5.459863185882568,-2.043261766433716,3
-16,-8,-22,-6.397754192352295,-3.5266602039337163,4.04345703125,-43,36,-5,-7.091601848602295,2.674902439117432,-0.6507812738418579,3
-5,-8,-22,-6.986328125,-2.4691407680511475,3.966894626617432,0,17,-12,-8.41709041595459,3.349609375,-0.9235351681709291,3
-14,-10,-9,-7.474414348602295,-3.8137695789337163,3.46923828125,8,13,-3,-8.46494197845459,4.995703220367432,-2.076757907867432,3
-9,-8,-1,-8.20175838470459,-4.3544921875,3.584082126617432,4,6,7,-8.54150390625,5.732617378234862,-2.2298829555511475,3
11,-4,-4,-8.546289443969728,-4.129590034484863,3.46923828125,-6,-1,6,-7.909863471984862,4.85693359375,-1.9523438215255735,3
15,-2,-7,-8.92431640625,-3.617578268051148,2.842382907867432,-4,0,-4,-8.307031631469728,4.153515815734863,-2.550488233566284,3
14,-5,-7,-8.187402725219728,-3.368750095367432,3.0290038585662837,-17,10,-11,-8.39794921875,4.52197265625,-2.5169923305511475,3
12,-9,-1,-8.747265815734862,-3.4500977993011475,3.1916992664337163,-17,15,-8,-8.933886528015137,5.139257907867432,-1.79443359375,3
6,-13,5,-8.4697265625,-3.3878905773162837,3.1629884243011475,-24,13,-4,-8.32138729095459,5.292382717132568,-1.22021484375,3
-5,-8,1,-7.670605659484862,-3.03857421875,2.985937595367432,-16,3,-4,-7.8907227516174325,4.541113376617432,-1.5886719226837158,3
-6,1,-2,-7.3739261627197275,-3.7707033157348633,3.2826173305511475,2,-7,-5,-7.8189454078674325,4.52197265625,-1.899707078933716,3
17,17,-5,-7.570117473602295,-3.8855469226837163,3.7419922351837163,31,-19,-5,-8.005566596984862,4.861718654632568,-2.024121046066284,3
24,30,-10,-7.2686524391174325,-4.2109375,4.072167873382568,30,-27,-7,-7.335644721984862,5.7134766578674325,-2.091113328933716,3
36,39,-25,-7.1585936546325675,-5.187109470367432,4.01953125,22,-33,-5,-7.905078411102295,4.756445407867432,-3.0481445789337163,3
31,42,-46,-8.139551162719728,-5.010058879852295,3.081640720367432,40,-37,-6,-8.986523628234863,2.985937595367432,-5.081836223602295,3
26,39,-62,-10.12060546875,-6.0484375953674325,3.3400390148162837,79,-30,-3,-11.1015625,2.9093749523162837,-4.158300876617432,3
-13,27,-53,-10.83837890625,-5.7421875,1.0048828125,-29,-23,-22,-13.240527153015135,5.182324409484863,2.569628953933716,3
-6,41,-19,-7.34521484375,-8.091699600219728,-0.6747070550918579,-9,-15,-28,-10.627832412719727,3.3831055164337163,2.5887696743011475,3
29,57,-10,-4.9765625,-6.373828411102295,-2.019335985183716,-2,-8,-3,-7.474414348602295,2.024121046066284,2.507421970367432,3
24,52,-9,-5.780468940734862,-5.847461223602295,-1.4259766340255735,26,-19,1,-7.1585936546325675,1.5695313215255735,2.03369140625,3
13,38,-11,-6.7040038108825675,-6.517383098602295,-1.4977539777755735,88,-26,0,-7.527050971984862,2.473925828933716,1.5168945789337158,3
11,26,-5,-7.9959964752197275,-6.53173828125,-0.4115234315395355,99,-8,11,-8.307031631469728,4.938281536102295,0.5550781488418579,3
-25,2,-7,-7.838086128234862,-6.7662110328674325,0.492871105670929,6,34,4,-8.36923885345459,4.627246379852295,-0.8661133050918579,3
-23,-3,-12,-6.952832221984862,-7.0150389671325675,-0.26318359375,-58,47,4,-8.4697265625,3.990820407867432,2.698828220367432,3
15,4,-8,-6.828418254852295,-6.4312500953674325,-0.95703125,-27,12,-6,-9.608593940734863,2.186816453933716,2.6318359375,3
18,7,4,-7.0772461891174325,-6.1919922828674325,-0.9091796875,5,-10,-17,-9.776074409484863,2.7083985805511475,0.64599609375,3
-8,5,14,-7.05810546875,-7.1107420921325675,-0.703417956829071,10,-24,-9,-9.120508193969727,2.387793064117432,0.636425793170929,3
-7,13,5,-6.81884765625,-7.450488567352295,-0.7225586175918579,33,-40,-11,-9.197070121765137,3.75634765625,1.7274414300918581,3
13,16,-1,-6.445605754852295,-7.84765625,-0.5550781488418579,5,-35,0,-8.216113090515138,4.191796779632568,1.4546874761581419,3
28,5,1,-6.57958984375,-6.876269817352295,-0.14833985269069672,-31,-13,3,-7.9146485328674325,3.61279296875,0.93310546875,3
5,-7,7,-6.7470703125,-6.660937786102295,-0.287109375,-40,-3,-3,-7.9959964752197275,2.966796875,0.6747070550918579,3
11,-14,13,-7.15380859375,-7.0054688453674325,-0.02871093899011612,-27,0,1,-8.39794921875,3.5458009243011475,1.9762696027755735,3
4,-23,17,-7.05810546875,-6.7470703125,0.2918945252895355,-40,6,19,-8.326171875,4.799511909484863,2.794531345367432,3
-12,-33,20,-6.8379883766174325,-6.5748047828674325,0.3636718690395355,-91,11,37,-7.785449504852295,3.641504049301148,2.9189453125,3
-4,-41,26,-6.971972942352295,-6.8954100608825675,0.516796886920929,-77,10,45,-7.5174808502197275,3.0050780773162837,2.454785108566284,3
10,-52,30,-7.694531440734862,-6.780566692352295,0.6890625357627869,-33,18,50,-8.01513671875,2.746679782867432,1.3015625476837158,3
7,-68,32,-9.082226753234863,-6.1728515625,1.5647461414337158,-4,30,51,-9.35498046875,5.100976467132568,0.08134765923023224,3
-10,-90,41,-10.752245903015137,-5.608203411102295,1.909277439117432,-73,58,47,-11.465234756469727,5.38330078125,-1.1484375,3
-54,-100,52,-10.417284965515137,-4.861718654632568,1.2537109851837158,-90,56,20,-10.88144588470459,3.6702148914337163,-0.59814453125,3
-94,-79,46,-8.474512100219728,-4.727734565734863,3.3161132335662837,16,32,-6,-8.857324600219727,5.440722942352295,-1.435546875,3
-55,-39,23,-6.3594727516174325,-4.742089748382568,4.167870998382568,18,33,-7,-6.450390815734862,5.349804878234863,-1.74658203125,3
16,0,-4,-5.943164348602295,-3.5266602039337163,3.368750095367432,13,17,-4,-6.7279295921325675,4.813867092132568,-0.9187500476837158,3
39,19,-13,-6.6800780296325675,-2.79931640625,2.9093749523162837,43,0,0,-7.3643555641174325,5.895312786102295,-0.9091796875,3
21,23,-4,-7.287793159484862,-3.1677734851837163,3.3639647960662837,36,3,12,-7.929004192352295,7.2447266578674325,-1.6078125238418581,3
0,23,3,-7.283008098602295,-3.1247069835662837,3.2826173305511475,-10,2,21,-8.03427791595459,6.182422161102295,-0.607714831829071,3
-4,30,5,-7.790234565734862,-3.3065431118011475,3.46923828125,1,-7,14,-7.82373046875,4.411914348602295,-1.4738281965255735,3
-4,30,12,-8.603711128234862,-3.5984375476837163,4.493261814117432,-18,5,-1,-7.87158203125,5.091406345367432,-1.995410203933716,3
-4,20,18,-8.9482421875,-3.895117282867432,4.47412109375,12,6,-11,-8.388379096984862,5.258886814117432,-1.7417968511581419,3
2,7,18,-9.603808403015137,-4.053027629852295,5.010058879852295,8,7,-7,-7.8667969703674325,6.6944336891174325,-1.2345703840255735,3
4,-2,6,-8.44580078125,-3.7707033157348633,5.033984661102295,-9,10,1,-7.239941596984862,6.1728515625,-1.6604492664337158,3
-3,-17,-5,-7.641894817352295,-2.914160251617432,5.55078125,-21,7,6,-7.1968750953674325,5.392871379852295,-1.5264648199081419,3
5,-19,-5,-7.450488567352295,-2.985937595367432,4.598535060882568,-12,3,1,-7.742383003234862,5.187109470367432,-1.215429663658142,3
-6,-13,-4,-7.570117473602295,-3.344824314117432,3.6271483898162837,-7,-2,-5,-8.134765625,5.81396484375,-1.024023413658142,3
-17,-3,-9,-7.0054688453674325,-3.6032226085662837,3.27783203125,-19,-10,-12,-8.019922256469728,5.8570313453674325,-0.9091796875,3
2,8,-15,-7.24951171875,-3.8664064407348633,3.7467775344848633,-16,-21,-15,-7.933789253234862,5.172753810882568,-0.8326172232627869,3
9,15,-20,-7.4839844703674325,-2.8328125476837163,3.560156345367432,6,-35,-19,-8.0869140625,4.588964939117432,-1.2584961652755735,3
-17,19,-24,-8.36923885345459,-4.081738471984863,3.5075194835662837,29,-49,-27,-9.149218559265137,4.28271484375,-1.435546875,3
-22,31,-26,-8.7568359375,-5.316308498382568,2.674902439117432,41,-55,-36,-10.082324028015137,4.2109375,-1.33984375,3
-3,48,-10,-10.40771484375,-5.8857421875,1.5743163824081419,31,-48,-52,-11.345605850219727,4.751660346984863,-0.19619141519069672,3
26,51,0,-9.02001953125,-6.833203315734862,0.3301757872104645,29,-38,-43,-9.776074409484863,4.335351467132568,1.26806640625,3
30,47,1,-7.48876953125,-5.8570313453674325,-1.0862305164337158,46,-16,-15,-7.689746379852295,3.1007812023162837,1.368554711341858,3
15,40,-9,-7.5174808502197275,-5.971875190734862,-0.535937488079071,17,3,-1,-7.96728515625,3.61279296875,1.5025390386581419,3
15,32,-16,-7.790234565734862,-5.684765815734862,-0.14833985269069672,-8,9,3,-7.6993165016174325,2.359081983566284,1.4451172351837158,3
15,23,-13,-7.8907227516174325,-5.321094036102295,-0.30146485567092896,31,13,0,-7.4935550689697275,1.5121093988418581,0.98095703125,3
8,18,-5,-7.9959964752197275,-5.488574504852295,-0.21054688096046448,64,22,-3,-8.517578125,2.1533203125,0.7799804806709291,3
-10,19,-1,-7.5126953125,-6.187207221984862,0.11005859822034836,78,27,-8,-9.914843559265137,3.61279296875,1.1340820789337158,3
-3,14,0,-7.383496284484862,-6.67529296875,0.01435546949505806,40,34,0,-10.3837890625,5.010058879852295,2.3016602993011475,3
6,14,-3,-7.216015815734862,-6.62744140625,-0.22011719644069672,-32,2,16,-9.512890815734863,3.785058736801148,4.9287109375,3
11,20,-3,-7.53662109375,-6.10107421875,-0.655566394329071,14,-57,1,-9.287988662719727,0.9283203482627868,3.7898437976837163,3
10,28,-2,-7.498340129852295,-5.847461223602295,-0.8996093869209291,33,-65,-15,-9.23056697845459,2.6605470180511475,0.8756836056709291,3
29,23,0,-7.7998046875,-6.1680665016174325,-0.5455078482627869,26,-45,-9,-8.29746150970459,2.9524414539337163,0.78955078125,3
33,7,3,-7.646679878234862,-5.7613282203674325,-0.8804687857627869,11,-23,-8,-7.4935550689697275,3.42138671875,0.8230468630790709,3
25,-2,8,-7.8955078125,-5.306738376617432,-0.636425793170929,-10,-3,-9,-7.641894817352295,3.761132955551148,1.2058594226837158,3
-12,-18,12,-7.8428711891174325,-5.488574504852295,-0.6268554925918579,-7,5,-5,-7.7950196266174325,4.292285442352295,2.10546875,3
-16,-25,13,-7.7471680641174325,-5.76611328125,-0.8421875238418579,-11,12,11,-7.6275391578674325,4.684668064117432,2.9572265148162837,3
-15,-29,12,-7.68017578125,-6.0101561546325675,-0.18662109971046448,-31,17,32,-7.670605659484862,3.895117282867432,3.3304688930511475,3
-24,-35,18,-7.737597942352295,-5.751758098602295,-0.2392578125,-30,19,37,-7.91943359375,3.1199219226837163,2.148535251617432,3
-34,-29,23,-7.63232421875,-5.7421875,-1.5025390386581419,-42,44,35,-8.618066787719728,3.6510741710662837,0.703417956829071,3
9,-3,30,-8.527148246765138,-6.254199504852295,-0.631640613079071,-74,43,43,-10.900586128234863,2.7562501430511475,4.3544921875,3
14,-4,38,-9.800000190734863,-5.306738376617432,1.4307616949081419,15,42,36,-10.962793350219727,5.560351848602295,-0.7273437380790709,3
7,-36,48,-11.398241996765135,-4.679883003234863,4.124804973602295,-19,40,13,-10.254590034484863,6.8379883766174325,-3.6032226085662837,3
-58,-70,44,-9.551172256469727,-3.1629884243011475,3.8759765625,-24,34,7,-7.7041015625,5.8426756858825675,-4.287499904632568,3
-58,-62,25,-7.8285160064697275,-2.9237306118011475,3.8616211414337163,-26,35,5,-6.593945503234862,4.636816501617432,-3.0242187976837163,3
6,-31,19,-7.0868163108825675,-2.583984375,3.2108399868011475,-16,35,1,-6.952832221984862,3.631933689117432,-2.2538087368011475,3
46,-4,21,-7.933789253234862,-1.167578101158142,2.9237306118011475,-24,29,-9,-8.01513671875,4.469336032867432,-1.6173828840255735,3
22,-3,18,-8.627636909484862,-1.626953125,3.0912110805511475,-10,18,-2,-8.450586318969728,4.909570217132568,-1.17236328125,3
-16,-12,13,-9.21142578125,-1.119726538658142,2.87109375,31,3,5,-8.307031631469728,5.124902248382568,-0.88525390625,3
-25,-14,3,-8.618066787719728,-2.239453077316284,3.1725585460662837,18,-1,0,-7.87158203125,5.249316692352295,-1.31591796875,3
-15,-11,-2,-8.84775447845459,-1.5934571027755735,3.6271483898162837,9,-2,-6,-8.125195503234862,5.115332126617432,-1.7800781726837158,3
-17,-9,0,-8.6611328125,-2.454785108566284,3.703711032867432,7,2,-7,-7.9720706939697275,5.531640529632568,-2.363867282867432,3
-2,-6,3,-9.101366996765137,-3.2108399868011475,3.7180664539337163,2,9,-2,-8.220898628234862,6.125,-2.6366212368011475,3
11,-9,1,-8.97216796875,-2.3973634243011475,3.56494140625,-26,15,2,-7.713672161102295,6.4073243141174325,-2.3495118618011475,3
-21,-11,-3,-8.000781059265138,-1.2106446027755735,3.4261720180511475,-22,15,7,-7.330859661102295,5.388085842132568,-2.220312595367432,3
-27,-3,-7,-7.407422065734862,-1.9284180402755735,3.5314452648162837,-22,9,2,-7.53662109375,5.33544921875,-2.100683689117432,3
-7,10,-6,-7.8045902252197275,-2.052832126617432,3.9094727039337163,-13,0,0,-7.862011909484862,5.258886814117432,-2.115039110183716,3
1,20,-12,-7.976855754852295,-2.5409181118011475,4.13916015625,-13,-8,-3,-7.9002933502197275,5.268456935882568,-1.981054782867432,3
-4,30,-20,-7.957715034484862,-2.4212892055511475,4.608105659484863,-4,-19,-7,-7.594043254852295,4.847363471984863,-2.196386814117432,3
-49,31,-24,-7.4600586891174325,-2.2538087368011475,4.368847846984863,9,-32,-12,-7.905078411102295,4.52197265625,-2.263378858566284,3
-81,39,-35,-8.17783260345459,-4.588964939117432,3.129492282867432,28,-51,-18,-9.37890625,4.273144721984863,-2.239453077316284,3
-14,50,-28,-9.297558784484863,-4.799511909484863,2.87109375,60,-71,-17,-10.536913871765137,3.4596679210662837,-2.65576171875,3
-10,45,-15,-11.661425590515135,-5.033984661102295,1.6078125238418581,102,-72,-30,-11.996386528015135,3.4931640625,-2.7083985805511475,3
24,50,7,-9.412402153015137,-4.852148532867432,-1.6700195074081419,73,-40,-40,-9.85263729095459,4.703808784484863,-1.17236328125,3
28,51,0,-7.570117473602295,-5.507714748382568,-2.9955079555511475,-51,8,-25,-7.641894817352295,5.163183689117432,1.17236328125,3
7,43,-13,-7.019824504852295,-6.278125286102295,-2.60791015625,-100,21,0,-7.426562786102295,3.3831055164337163,5.196679592132568,3
42,31,-15,-7.450488567352295,-4.646386623382568,-0.7273437380790709,-5,0,4,-7.3739261627197275,2.0145509243011475,4.598535060882568,3
5,7,-12,-8.292675971984862,-4.440625190734863,-0.6029297113418579,61,-4,6,-8.479296684265138,3.617578268051148,1.7896484136581419,3
-11,5,-7,-8.330957412719728,-5.8426756858825675,-1.50732421875,3,16,4,-8.78076171875,3.32568359375,-0.27275392413139343,3
10,11,-7,-7.737597942352295,-6.1776366233825675,-1.4738281965255735,1,33,11,-8.651562690734862,2.239453077316284,-0.07177734375,3
31,16,-4,-7.4696292877197275,-5.033984661102295,-1.033593773841858,12,29,8,-9.077441215515137,2.60791015625,0.468945324420929,3
13,18,-2,-7.881152629852295,-4.85693359375,-1.33984375,28,-5,-4,-10.225878715515137,2.306445360183716,2.239453077316284,3
0,17,3,-8.49365234375,-5.445508003234863,-1.7417968511581419,39,-36,0,-9.857421875,3.5266602039337163,2.1102540493011475,3
2,21,7,-7.34521484375,-6.0819334983825675,-2.028906345367432,19,-41,0,-9.201855659484863,2.94287109375,1.8470703363418581,3
9,27,-3,-7.072461128234862,-5.6991209983825675,-1.7370117902755735,20,-50,-9,-8.747265815734862,2.9189453125,1.909277439117432,3
11,17,-7,-7.6371097564697275,-6.397754192352295,-1.6221679449081419,31,-41,-16,-7.9959964752197275,3.5027344226837163,1.0670899152755735,3
12,-1,-2,-7.96728515625,-5.775683879852295,-1.2297852039337158,0,-18,-14,-7.641894817352295,4.230078220367432,0.7464843988418579,3
-10,-18,3,-7.9481449127197275,-5.7374024391174325,-1.26806640625,-20,0,-7,-7.560546875,4.316211223602295,1.320703148841858,3
-11,-22,5,-7.718457221984862,-6.1919922828674325,-1.4211914539337158,-11,4,4,-7.46484375,3.9142580032348633,1.7992187738418581,3
-3,-27,8,-7.68017578125,-5.47900390625,-1.167578101158142,-8,7,14,-7.2782225608825675,3.641504049301148,2.2490234375,3
-5,-40,16,-7.7998046875,-5.47900390625,-1.2537109851837158,8,7,22,-7.8428711891174325,3.785058736801148,2.5409181118011475,3
-17,-54,19,-7.742383003234862,-5.440722942352295,-1.41162109375,-2,15,29,-8.0390625,4.172656536102295,2.5648438930511475,3
-36,-64,18,-8.383593559265138,-5.196679592132568,-1.5838867425918581,-33,27,35,-9.1875,4.498046875,2.603125095367432,3
-33,-67,21,-9.967480659484863,-5.632129192352295,-0.2918945252895355,-51,26,49,-11.063281059265137,3.5266602039337163,1.5168945789337158,3
5,-71,28,-10.73789119720459,-5.919238567352295,1.79443359375,-2,35,37,-11.69492244720459,5.067480564117432,-2.10546875,3
-2,-58,32,-9.56552791595459,-4.588964939117432,2.914160251617432,-5,36,7,-9.388476371765137,4.167870998382568,-3.9381837844848633,3
0,-36,19,-7.91943359375,-3.61279296875,4.1630859375,-18,44,-4,-7.5079102516174325,5.057910442352295,-3.5458009243011475,3
40,-15,9,-6.8475584983825675,-2.5648438930511475,3.416601657867432,-30,42,-5,-6.881054878234862,4.780371189117432,-2.5169923305511475,3
46,-9,11,-7.354785442352295,-1.7705078125,3.2682616710662837,-26,25,-8,-7.82373046875,4.560254096984863,-0.7943359613418579,3
-7,-18,16,-7.9912109375,-1.69873046875,3.3113281726837163,11,9,-4,-7.751953125,4.933495998382568,-1.4020508527755735,3
-35,-22,11,-8.283105850219728,-2.024121046066284,3.3161132335662837,16,10,5,-7.5796875953674325,5.708691596984862,-2.071972608566284,3
-29,-20,3,-8.292675971984862,-2.138964891433716,3.6510741710662837,-6,13,3,-7.9625000953674325,5.421582221984863,-2.000195264816284,3
-36,-17,0,-8.479296684265138,-2.497851610183716,3.631933689117432,-15,14,-8,-8.455370903015138,5.129687786102295,-1.885351657867432,3
-18,-10,4,-8.8525390625,-2.8519532680511475,3.7707033157348633,-18,14,-14,-8.61328125,5.187109470367432,-1.9523438215255735,3
-16,-5,7,-8.412304878234862,-3.03857421875,3.75634765625,-17,13,-9,-8.49365234375,5.077050685882568,-1.9906250238418581,3
-13,-1,9,-8.718554496765138,-2.8758790493011475,3.4979493618011475,-22,13,0,-8.36923885345459,5.416797161102295,-2.043261766433716,3
-6,0,6,-8.06298828125,-3.1964843273162837,3.785058736801148,-22,11,2,-7.594043254852295,5.09619140625,-1.8709961175918581,3
-10,2,-2,-7.7088871002197275,-2.890234470367432,4.2587890625,-10,4,0,-7.550976753234862,5.440722942352295,-1.93798828125,3
3,5,-7,-7.5557618141174325,-3.51708984375,4.483691692352295,-21,-3,-5,-7.7471680641174325,5.62255859375,-2.0624024868011475,3
18,15,-12,-7.5079102516174325,-3.201269626617432,4.981347560882568,-10,-12,-4,-8.024706840515138,5.392871379852295,-2.239453077316284,3
8,19,-18,-7.216015815734862,-3.1390626430511475,5.14404296875,-13,-19,-3,-7.6371097564697275,4.933495998382568,-2.138964891433716,3
-18,21,-24,-7.3404297828674325,-2.306445360183716,4.526757717132568,-3,-27,-7,-7.981640815734862,3.9716796875,-2.17724609375,3
-66,21,-34,-8.06298828125,-4.421484470367432,3.7467775344848633,22,-41,-12,-8.5654296875,4.048242092132568,-2.4404296875,3
-12,43,-49,-8.77597713470459,-6.1202149391174325,2.000195264816284,48,-48,-4,-10.048828125,4.923925876617432,-1.7035156488418581,3
29,69,-35,-10.8623046875,-5.412011623382568,1.177148461341858,72,-46,-14,-11.537012100219727,4.751660346984863,-1.263281226158142,3
52,64,-2,-9.957910537719727,-6.96240234375,0.11484375596046448,32,-29,-34,-9.670801162719727,5.2158203125,-0.10048828274011612,3
53,46,8,-7.163379192352295,-6.211133003234862,-1.5168945789337158,-46,5,-15,-8.053418159484862,3.5458009243011475,1.5886719226837158,3
59,35,-9,-6.971972942352295,-4.775586128234863,-0.44501954317092896,-66,17,1,-7.6753907203674325,2.5361328125,2.4452149868011475,3
1,18,-18,-7.2208008766174325,-5.16796875,-0.6747070550918579,-4,3,9,-8.20654296875,1.909277439117432,2.335156202316284,3
-2,16,-18,-7.885937690734862,-5.9144530296325675,-0.5550781488418579,66,0,12,-8.101269721984862,3.6462891101837163,0.74169921875,3
-2,11,-10,-8.311816215515138,-5.900097846984862,-0.7464843988418579,43,22,8,-8.149121284484862,4.062597751617432,-0.01914062537252903,3
-9,6,-9,-7.838086128234862,-5.536426067352295,-0.5550781488418579,15,37,6,-8.115625381469728,3.3591797351837163,0.492871105670929,3
-32,2,-13,-7.68017578125,-5.469433784484863,-0.18662109971046448,-12,24,-4,-9.766504287719727,2.6796875,4.105664253234863,3
-35,-3,-14,-7.7041015625,-6.4073243141174325,-0.36845704913139343,58,-17,-7,-10.757031440734863,4.167870998382568,2.0576171875,3
-12,1,1,-7.498340129852295,-5.507714748382568,-0.3780273497104645,0,-21,-7,-9.287988662719727,3.5888671875,0.19619141519069672,3
-27,7,5,-7.000683784484862,-6.4073243141174325,-1.0383789539337158,0,-37,-22,-8.957812309265137,2.56005859375,1.047949194908142,3
-12,15,-2,-6.857129096984862,-6.8475584983825675,-1.0383789539337158,28,-46,-29,-8.63242244720459,3.1486327648162837,1.5743163824081419,3
8,1,-5,-7.306933879852295,-6.7518553733825675,0.0478515625,-15,-22,-19,-8.54150390625,4.708593845367432,0.7512695193290709,3
-7,-10,0,-7.2447266578674325,-6.2972655296325675,-0.8804687857627869,-62,-3,-5,-8.053418159484862,3.177343845367432,0.8756836056709291,3
-19,-15,3,-7.560546875,-6.833203315734862,-1.248925805091858,-33,-6,-1,-8.029492378234862,2.674902439117432,1.72265625,3
-1,-19,6,-7.4935550689697275,-6.7662110328674325,-1.0910156965255735,-16,-8,0,-8.03427791595459,2.502636671066284,1.837500095367432,3
1,-20,9,-7.378711223602295,-6.211133003234862,-1.047949194908142,-17,-1,2,-8.077343940734862,2.296875,1.947558641433716,3
-4,-29,10,-7.335644721984862,-5.943164348602295,-0.98095703125,-18,8,7,-8.618066787719728,1.885351657867432,1.827929735183716,3
-19,-38,11,-6.948047161102295,-5.627343654632568,-1.4929687976837158,4,17,14,-8.139551162719728,1.9140625,1.7848633527755735,3
-25,-44,18,-7.4600586891174325,-5.6895508766174325,-1.861425876617432,14,23,19,-9.383691787719727,3.6845703125,1.933203220367432,3
-25,-40,26,-9.058300971984863,-6.115429878234862,-0.961816430091858,0,25,26,-10.536913871765137,3.0194337368011475,1.98583984375,3
-19,-34,39,-10.699609756469727,-5.589062690734863,0.2344726622104645,25,37,10,-11.71884822845459,4.277929782867432,-2.095898389816284,3
-17,-23,35,-10.23544979095459,-6.278125286102295,2.574414014816284,20,23,-13,-9.11572265625,4.081738471984863,-4.368847846984863,3
3,-16,-4,-8.388379096984862,-5.301953315734863,6.3451170921325675,-16,30,-17,-8.096484184265138,5.4072265625,-3.9621095657348633,3
17,-6,-10,-6.7040038108825675,-3.1007812023162837,4.751660346984863,-44,27,-10,-7.5653324127197275,3.3352539539337163,-1.7178710699081419,3
17,-5,2,-7.259082317352295,-2.698828220367432,3.0672852993011475,2,14,-8,-8.326171875,3.0625,-1.6078125238418581,3
-12,-8,12,-7.9481449127197275,-3.177343845367432,1.8949218988418581,23,7,-3,-8.498437881469728,3.9333984851837163,-2.569628953933716,3
-5,0,6,-7.9720706939697275,-4.076953411102295,1.272851586341858,0,12,5,-8.890820503234863,4.914355754852295,-3.1869142055511475,3
20,20,-4,-8.51279354095459,-3.4548828601837163,1.33984375,-44,8,5,-8.97216796875,3.952539205551148,-1.3254883289337158,3
11,24,-7,-8.517578125,-2.813671827316284,2.1102540493011475,-3,1,-5,-8.6611328125,2.665332078933716,-1.6317383050918581,3
-27,0,-11,-9.340624809265137,-3.828125,3.928613424301148,4,8,-9,-8.866894721984863,3.990820407867432,-2.9333007335662837,3
-5,-19,-1,-9.479394912719727,-3.799414157867432,4.2587890625,-14,7,-5,-8.689844131469728,4.1630859375,-2.3016602993011475,3
-39,-37,9,-9.11093807220459,-3.08642578125,3.727636814117432,0,4,-2,-8.579785346984862,4.344922065734863,-1.1962890625,3
-50,-36,9,-7.72802734375,-4.364062786102295,2.2298829555511475,-8,1,-2,-8.220898628234862,4.852148532867432,-2.6605470180511475,3
-32,-18,4,-7.2208008766174325,-4.9287109375,1.9666992425918581,-35,5,-3,-8.263964653015138,4.488476753234863,-2.761035203933716,3
-18,-9,2,-7.359570503234862,-5.134472846984863,3.0768554210662837,-29,0,-2,-8.527148246765138,3.6845703125,-1.909277439117432,3
-4,-9,-12,-7.1011719703674325,-5.230175971984863,4.28271484375,-4,-12,0,-8.44101619720459,3.8616211414337163,-2.473925828933716,3
-4,2,-23,-6.7040038108825675,-4.895215034484863,3.6510741710662837,-11,-18,-3,-8.60849666595459,3.488379001617432,-2.392578125,3
13,21,-30,-6.5078125,-5.110547065734863,3.27783203125,-1,-31,-11,-9.024805068969727,2.6366212368011475,-2.378222703933716,3
28,40,-31,-7.1729493141174325,-5.9862303733825675,3.27783203125,24,-41,-14,-9.78564453125,2.70361328125,-2.670117139816284,3
40,48,-19,-9.694726943969727,-5.7852540016174325,2.2538087368011475,43,-36,-10,-11.16855525970459,2.244238376617432,-2.7323243618011475,3
19,55,-5,-10.3837890625,-8.287890434265138,-0.9522461295127868,51,-26,-23,-12.379199028015135,3.25390625,-2.210742235183716,3
72,69,-1,-7.909863471984862,-6.8379883766174325,-3.1438477039337163,12,-8,-11,-9.479394912719727,3.832910299301148,1.4642578363418581,3
67,63,-10,-6.522168159484862,-5.47900390625,-1.26806640625,-2,-6,14,-7.522265911102295,3.0720703601837163,4.85693359375,3
23,37,-5,-7.05810546875,-3.799414157867432,0.07177734375,1,-3,10,-7.5414066314697275,1.7992187738418581,3.0290038585662837,3
-31,14,2,-7.4600586891174325,-6.067578315734862,-1.1819336414337158,22,-3,2,-8.641992568969728,2.27294921875,1.272851586341858,3
-18,19,-3,-7.306933879852295,-7.3165040016174325,-2.1820313930511475,21,10,4,-8.933886528015137,2.741894483566284,0.01914062537252903,3
3,26,-12,-7.211230754852295,-7.1250977516174325,-1.5934571027755735,-14,36,9,-9.029589653015137,3.1964843273162837,0.01914062537252903,3
5,18,-17,-7.455273628234862,-6.1297850608825675,-0.2918945252895355,-72,26,11,-9.455469131469727,0.861328125,2.9189453125,3
-7,5,-13,-8.08212947845459,-5.522070407867432,-0.41630861163139343,7,-3,0,-10.201952934265137,0.468945324420929,2.220312595367432,3
-6,9,3,-7.5892581939697275,-5.254101753234863,-1.6078125238418581,35,-28,0,-9.97226619720459,1.9284180402755735,0.8278320431709291,3
-13,20,14,-7.3165040016174325,-6.34033203125,-1.6700195074081419,33,-40,-7,-9.790430068969727,1.4211914539337158,0.961816430091858,3
1,25,5,-6.780566692352295,-7.235156536102295,-1.885351657867432,41,-44,-11,-8.833398818969727,2.244238376617432,1.9666992425918581,3
22,15,-1,-7.0772461891174325,-6.9384765625,-1.1340820789337158,14,-33,-10,-8.11083984375,2.172461032867432,1.6604492664337158,3
10,-2,-1,-7.2208008766174325,-6.5843749046325675,-1.12451171875,8,-31,-11,-8.263964653015138,2.000195264816284,1.1580078601837158,3
3,-14,0,-7.20166015625,-6.1537108421325675,-1.7370117902755735,24,-23,-5,-7.881152629852295,2.41650390625,1.7848633527755735,3
2,-17,7,-7.522265911102295,-5.7230467796325675,-1.7513672113418581,16,-9,-2,-8.0390625,2.79931640625,2.4452149868011475,3
2,-22,19,-7.761523723602295,-5.871387004852295,-1.6843750476837158,4,-2,3,-8.25439453125,2.9285156726837163,2.258593797683716,3
-2,-32,17,-7.570117473602295,-6.325976848602295,-1.358984351158142,-2,10,8,-8.115625381469728,2.9093749523162837,2.483496189117432,3
-7,-42,16,-7.0868163108825675,-5.7948241233825675,-1.248925805091858,-11,20,15,-7.862011909484862,2.694042921066284,2.124609470367432,3
-3,-48,18,-7.3739261627197275,-5.756543159484862,-0.4976562559604645,-14,26,26,-8.73291015625,3.1438477039337163,1.244140625,3
-13,-64,23,-9.364550590515137,-5.512500286102295,1.320703148841858,-54,37,34,-10.0966796875,4.498046875,0.9091796875,3
-38,-85,28,-10.603906631469727,-5.57470703125,1.5408203601837158,-70,45,34,-11.182909965515137,2.789746046066284,0.3541015684604645,3
-60,-89,35,-10.493847846984863,-4.938281536102295,1.7752929925918581,-45,38,12,-10.92929744720459,4.876074314117432,-1.5360351800918581,3
-54,-66,34,-8.168261528015138,-5.09619140625,2.84716796875,-34,38,6,-8.8525390625,5.124902248382568,-2.722754001617432,3
-10,-35,21,-7.0054688453674325,-4.9287109375,3.2204101085662837,-16,40,12,-7.881152629852295,4.325781345367432,-2.9189453125,3
39,-13,10,-7.091601848602295,-3.689355611801148,2.8615233898162837,-6,38,5,-7.3882813453674325,3.952539205551148,-2.378222703933716,3
14,-9,6,-7.2255859375,-2.335156202316284,3.153418064117432,-28,33,-4,-8.0869140625,4.081738471984863,-1.4786132574081419,3
-46,-12,1,-7.1346678733825675,-2.8998048305511475,3.1486327648162837,-23,26,-1,-8.54150390625,4.153515815734863,-0.93310546875,3
-51,-3,-5,-7.08203125,-4.42626953125,3.42138671875,-19,12,5,-8.77597713470459,4.56982421875,-0.679492175579071,3
-25,10,-12,-7.9385743141174325,-4.708593845367432,3.584082126617432,0,-5,0,-8.91953182220459,3.5027344226837163,-1.4786132574081419,3
-7,11,-11,-8.134765625,-5.014843940734863,4.201367378234863,1,-2,-8,-9.125292778015137,4.076953411102295,-2.215527296066284,3
-4,3,-9,-8.24960994720459,-5.397656440734863,3.9716796875,-5,14,-6,-8.976953506469727,4.454980373382568,-2.574414014816284,3
2,-2,-8,-8.287890434265138,-5.014843940734863,3.7659180164337163,-32,26,-5,-8.63242244720459,5.196679592132568,-2.009765625,3
11,-2,-6,-7.2303709983825675,-4.493261814117432,3.727636814117432,-25,18,0,-7.952929973602295,4.407128810882568,-1.5264648199081419,3
5,1,-6,-6.7662110328674325,-4.37841796875,3.832910299301148,-9,7,0,-7.7232422828674325,4.411914348602295,-1.5121093988418581,3
23,8,-6,-7.20166015625,-4.478906154632568,4.005176067352295,5,-4,0,-8.39316463470459,4.392773628234863,-1.909277439117432,3
29,11,-3,-7.450488567352295,-4.220508098602295,4.263574123382568,0,-12,-1,-8.694628715515138,4.7373046875,-1.9188476800918581,3
16,18,-5,-6.684863567352295,-4.679883003234863,3.871191501617432,5,-19,-1,-8.34531307220459,4.220508098602295,-2.009765625,3
30,37,-20,-6.613086223602295,-5.225390911102295,3.42138671875,17,-30,-4,-8.17783260345459,3.655859470367432,-1.923632860183716,3
56,57,-35,-6.8714842796325675,-5.23974609375,3.0481445789337163,28,-44,-11,-8.65634822845459,3.4357421398162837,-1.7083008289337158,3
57,70,-43,-7.881152629852295,-5.584277629852295,2.717968702316284,42,-58,-17,-10.09189510345459,3.2395508289337163,-1.5599609613418581,3
31,72,-37,-10.0009765625,-6.0005860328674325,1.7752929925918581,52,-60,-22,-11.441308975219727,3.27783203125,-1.2919921875,3
40,72,-19,-9.555956840515137,-6.8954100608825675,0.36845704913139343,15,-50,-32,-10.943652153015137,3.919043064117432,-0.12441406399011612,3
45,63,-9,-7.785449504852295,-5.7613282203674325,-1.1005859375,13,-33,-24,-9.091796875,2.808886766433716,0.8421875238418579,3
28,50,-2,-7.2925782203674325,-6.115429878234862,-1.009667992591858,20,-10,-5,-8.220898628234862,2.459570407867432,1.6700195074081419,3
12,37,-6,-6.9576172828674325,-6.4312500953674325,-0.4641601741313934,11,0,3,-8.067773818969728,1.7130860090255735,1.5982421636581419,3
4,24,-9,-7.043750286102295,-6.125,-0.04306640848517418,24,4,0,-7.9864258766174325,1.6413086652755735,1.7848633527755735,3
-6,15,-7,-7.235156536102295,-6.2733397483825675,-0.40673828125,32,12,-9,-8.388379096984862,1.971484422683716,1.818359375,3
-11,10,-10,-7.120312690734862,-6.641797065734862,-0.44023439288139343,26,20,-6,-8.82382869720459,2.311230421066284,2.0576171875,3
-15,6,-12,-6.9097657203674325,-6.684863567352295,-0.7225586175918579,21,21,0,-9.345410346984863,2.5887696743011475,2.383007764816284,3
1,7,-4,-7.2542967796325675,-6.7662110328674325,-0.5550781488418579,22,5,3,-9.92441463470459,2.8328125476837163,2.483496189117432,3
-3,6,6,-7.3260741233825675,-6.665722846984862,-0.8134765625,20,-18,3,-9.029589653015137,2.330371141433716,2.210742235183716,3
0,9,5,-7.34521484375,-7.239941596984862,-0.9426758289337158,34,-36,0,-9.359766006469727,2.6796875,1.4929687976837158,3
1,11,0,-6.876269817352295,-6.7518553733825675,-0.8469726443290709,-11,-39,4,-8.87168025970459,3.033789157867432,2.866308689117432,3
11,4,-1,-6.7422852516174325,-7.1107420921325675,-0.612500011920929,-14,-31,6,-8.4697265625,2.383007764816284,3.0720703601837163,3
5,-11,0,-6.7279295921325675,-6.565234661102295,-0.6890625357627869,-1,-26,6,-7.82373046875,2.430859327316284,1.923632860183716,3
-2,-26,5,-6.9911131858825675,-6.3594727516174325,-0.39238283038139343,-42,-11,9,-7.87158203125,2.746679782867432,2.6366212368011475,3
-17,-40,13,-7.474414348602295,-6.498242378234862,-0.6890625357627869,-35,-2,9,-7.814160346984862,1.9188476800918581,2.48828125,3
-27,-48,16,-7.139453411102295,-6.4791016578674325,-0.3062500059604645,-24,6,15,-7.885937690734862,2.12939453125,2.51220703125,3
-20,-52,18,-7.2064452171325675,-6.5556640625,0.16748046875,-23,13,23,-7.957715034484862,2.148535251617432,2.12939453125,3
0,-57,26,-7.809375286102295,-6.6561522483825675,0.50244140625,3,29,35,-8.29746150970459,2.70361328125,1.5838867425918581,3
-2,-69,37,-9.622949600219727,-6.7901368141174325,1.177148461341858,20,48,45,-9.694726943969727,3.7228517532348633,-0.17705078423023224,3
-30,-85,41,-10.489062309265137,-6.5365233421325675,1.5695313215255735,-6,65,33,-11.41259765625,4.751660346984863,-1.6221679449081419,3
-74,-91,39,-9.766504287719727,-5.0244140625,1.248925805091858,-47,36,-7,-10.64218807220459,3.536230564117432,0.39238283038139343,3
-72,-60,27,-7.3165040016174325,-4.789941310882568,1.6795898675918581,33,21,-17,-8.78076171875,3.9860353469848633,-1.3541992902755735,3
-16,-12,12,-6.206347942352295,-4.215722560882568,2.392578125,17,35,-11,-7.2208008766174325,4.56982421875,-2.3734376430511475,3
32,22,7,-6.7518553733825675,-3.2204101085662837,2.1341798305511475,1,24,-16,-7.3165040016174325,4.134375095367432,-1.7752929925918581,3
24,34,12,-7.48876953125,-2.717968702316284,2.41650390625,24,11,-12,-8.220898628234862,4.789941310882568,-0.5311523675918579,3
-22,30,19,-7.211230754852295,-3.0672852993011475,2.555273532867432,26,0,2,-8.594141006469728,5.397656440734863,-1.9619140625,3
-32,32,12,-7.737597942352295,-4.5458984375,3.5792968273162837,5,-2,10,-8.326171875,4.813867092132568,-1.6748046875,3
-1,39,3,-8.713769912719728,-4.995703220367432,4.014746189117432,-33,5,1,-8.99130916595459,3.8616211414337163,-2.51220703125,3
29,34,-2,-9.532031059265137,-4.746875286102295,4.416699409484863,2,14,-6,-9.61337947845459,2.9524414539337163,-2.5887696743011475,3
23,7,0,-10.11582088470459,-3.732421875,6.1441407203674325,-1,22,0,-9.024805068969727,5.512500286102295,-1.9523438215255735,3
1,-35,13,-8.766406059265138,-1.7657226324081419,6.4551758766174325,-22,13,8,-8.192187309265138,4.273144721984863,-1.6939452886581419,3
-26,-44,13,-8.10605525970459,-2.8615233898162837,4.086523532867432,2,4,8,-7.905078411102295,3.966894626617432,-2.282519578933716,3
-3,-30,6,-7.838086128234862,-4.048242092132568,2.698828220367432,5,-3,3,-8.30224609375,4.316211223602295,-2.3734376430511475,3
14,-4,-6,-7.527050971984862,-4.66552734375,3.2443358898162837,3,-11,3,-8.646777153015138,4.603320598602295,-2.36865234375,3
30,12,-24,-7.622754096984862,-4.263574123382568,3.8855469226837163,-6,-18,0,-8.546289443969728,3.85205078125,-2.502636671066284,3
40,24,-41,-6.986328125,-3.856836080551148,3.0002930164337163,6,-32,-7,-8.646777153015138,2.9093749523162837,-2.4691407680511475,3
57,49,-52,-6.8379883766174325,-4.005176067352295,2.191601514816284,27,-41,-15,-8.388379096984862,3.0959961414337163,-3.3591797351837163,3
46,63,-51,-7.4696292877197275,-4.316211223602295,1.0431641340255735,34,-42,-19,-8.881250381469727,3.13427734375,-3.8424806594848633,3
32,70,-32,-7.9720706939697275,-5.531640529632568,0.17226563394069672,36,-39,-21,-10.3837890625,3.66064453125,-2.9093749523162837,3
12,62,-2,-10.048828125,-6.546093940734862,-0.15312500298023224,19,-21,-39,-13.187891006469727,3.631933689117432,-1.052734375,3
28,55,18,-9.646875381469727,-6.67529296875,-0.93310546875,-9,-10,-34,-10.06796932220459,4.789941310882568,3.5027344226837163,3
19,48,-1,-7.7710938453674325,-5.249316692352295,-1.4307616949081419,-28,10,-8,-7.330859661102295,2.6366212368011475,4.124804973602295,3
-6,35,-14,-6.971972942352295,-4.59375,-0.7704101800918579,-12,8,-3,-7.450488567352295,0.9474609494209291,1.6843750476837158,3
-26,11,-12,-7.737597942352295,-5.206250190734863,-0.4498046934604645,57,-6,-3,-8.450586318969728,1.119726538658142,1.4929687976837158,3
-43,-5,-8,-8.120409965515138,-6.474316596984862,-0.27275392413139343,55,10,-5,-8.61328125,2.1533203125,0.37324219942092896,3
-48,-9,-19,-7.4839844703674325,-6.809277534484862,-0.8230468630790709,2,43,-2,-8.766406059265138,2.622265577316284,-0.03349609300494194,3
-23,-5,-26,-7.6131839752197275,-7.8428711891174325,-0.27753907442092896,-21,31,0,-9.680371284484863,2.3016602993011475,3.273046970367432,3
19,-2,-12,-7.4839844703674325,-6.660937786102295,-1.0048828125,6,-16,-1,-10.33115291595459,2.411718845367432,1.9762696027755735,3
17,7,5,-7.431347846984862,-5.321094036102295,-1.2058594226837158,-6,-32,-5,-9.20664119720459,1.4164062738418581,0.7847656607627869,3
-24,7,1,-7.144238471984862,-6.412109375,-1.3541992902755735,16,-45,-8,-9.87656307220459,1.6652344465255735,1.827929735183716,3
-4,12,-3,-6.689648628234862,-7.239941596984862,-1.45947265625,2,-43,-4,-8.909960746765137,2.70361328125,2.4691407680511475,3
19,2,-5,-6.474316596984862,-6.67529296875,-0.9187500476837158,-20,-30,0,-8.12998104095459,1.8566406965255735,1.5647461414337158,3
-4,-9,0,-6.904980659484862,-6.6322264671325675,-1.2297852039337158,-17,-23,-1,-8.134765625,1.8566406965255735,0.9235351681709291,3
6,-16,3,-7.330859661102295,-6.8619141578674325,-1.105371117591858,-11,-11,2,-8.235254287719728,2.36865234375,1.4451172351837158,3
-1,-26,5,-7.235156536102295,-6.5078125,-0.8039062619209291,-8,0,14,-8.311816215515138,2.8232421875,2.354296922683716,3
-17,-32,8,-6.785351753234862,-6.3355469703674325,-0.9091796875,-28,9,25,-7.522265911102295,2.4452149868011475,2.435644626617432,3
-6,-33,12,-6.589160442352295,-7.177734375,-1.0192383527755735,-31,18,27,-7.9864258766174325,1.248925805091858,2.2490234375,3
5,-38,17,-7.383496284484862,-6.6322264671325675,0.18662109971046448,-11,21,33,-8.929101943969727,2.316015720367432,2.268164157867432,3
-9,-54,19,-9.130078315734863,-5.90966796875,1.5503906011581419,-17,19,48,-10.249804496765137,3.94775390625,3.3831055164337163,3
-28,-71,21,-11.158984184265137,-6.0245118141174325,1.7370117902755735,-18,35,41,-12.116015434265135,2.316015720367432,-0.095703125,3
-52,-80,24,-10.14453125,-5.7613282203674325,1.6843750476837158,3,32,9,-10.489062309265137,3.464453220367432,-2.938086032867432,3
-53,-56,24,-8.048632621765138,-5.201465129852295,2.0384767055511475,-16,34,-15,-9.096582412719727,4.459765911102295,-3.7467775344848633,3
-6,-23,18,-6.450390815734862,-4.627246379852295,2.569628953933716,-25,36,-12,-7.665820598602295,4.565039157867432,-2.119824171066284,3
32,-1,14,-6.4599609375,-3.3304688930511475,2.004980564117432,5,21,-10,-7.718457221984862,3.2682616710662837,-0.937890648841858,3
16,6,22,-6.876269817352295,-2.9237306118011475,1.7800781726837158,33,9,-9,-8.019922256469728,3.7802734375,-1.215429663658142,3
-8,12,25,-7.503125190734862,-3.4261720180511475,2.201171875,22,5,-2,-8.63720703125,4.40234375,-1.851855516433716,3
-3,29,17,-7.8524417877197275,-3.85205078125,2.5169923305511475,14,0,-2,-8.819043159484863,4.1630859375,-1.07666015625,3
28,45,4,-9.46982479095459,-4.000390529632568,3.5027344226837163,4,1,-3,-9.072656631469727,3.7898437976837163,-1.861425876617432,3
8,21,-1,-9.967480659484863,-3.057714939117432,4.096093654632568,-11,5,-7,-9.766504287719727,3.320898532867432,-2.3973634243011475,3
-34,-7,-6,-9.08701229095459,-3.4835937023162837,4.373632907867432,-4,16,4,-8.771191596984862,3.919043064117432,-2.459570407867432,3
-8,-23,1,-8.574999809265138,-3.1151368618011475,5.33544921875,-27,14,4,-8.651562690734862,4.268359661102295,-1.6317383050918581,3
-8,-30,8,-8.12998104095459,-3.4931640625,4.244433879852295,-8,1,2,-8.383593559265138,3.799414157867432,-1.244140625,3
1,-22,-3,-7.498340129852295,-3.8424806594848633,3.25390625,-2,-6,-1,-8.5654296875,4.28271484375,-1.5456055402755735,3
26,-2,-8,-7.570117473602295,-3.7946290969848633,3.3017578125,1,-13,3,-8.857324600219727,3.9142580032348633,-1.6556640863418581,3
10,6,-17,-7.120312690734862,-3.9716796875,3.081640720367432,10,-24,0,-8.551074028015138,3.9333984851837163,-1.9427734613418581,3
3,19,-28,-6.857129096984862,-3.7419922351837163,2.8519532680511475,7,-36,-3,-8.20654296875,3.56494140625,-2.08154296875,3
-2,30,-32,-7.4169921875,-4.096093654632568,2.359081983566284,8,-47,-1,-8.44580078125,3.416601657867432,-1.6317383050918581,3
-2,49,-33,-9.311914443969727,-5.220605373382568,1.5791015625,25,-52,7,-11.26904296875,2.770605564117432,-1.095800757408142,3
-11,56,-15,-11.225976943969727,-7.163379192352295,0.36845704913139343,69,-59,3,-14.077929496765135,2.8615233898162837,-1.272851586341858,3
17,52,0,-7.809375286102295,-7.163379192352295,-1.837500095367432,59,-32,-6,-9.244921684265137,3.5936524868011475,0.40673828125,3
51,54,0,-7.34521484375,-5.450293064117432,-0.7129883170127869,48,9,-7,-7.4217777252197275,2.583984375,1.4259766340255735,3
25,33,-5,-7.211230754852295,-5.464648723602295,-0.492871105670929,-45,25,-13,-6.6800780296325675,4.249218940734863,2.091113328933716,3
2,20,-5,-7.4935550689697275,-5.7852540016174325,-0.703417956829071,-28,14,-15,-7.77587890625,2.641406297683716,2.574414014816284,3
7,12,2,-8.091699600219728,-5.498144626617432,-1.071874976158142,49,5,-14,-8.32138729095459,3.4548828601837163,1.6460937261581419,3
-10,4,5,-7.8667969703674325,-5.4072265625,-1.3254883289337158,36,17,-8,-8.890820503234863,3.928613424301148,0.55029296875,3
-38,-1,-5,-7.498340129852295,-5.847461223602295,-1.4211914539337158,-15,42,5,-8.78076171875,3.2204101085662837,0.9235351681709291,3
-18,0,-11,-7.7041015625,-6.86669921875,-1.052734375,-47,46,2,-9.35019588470459,2.56005859375,1.971484422683716,3
10,2,-3,-8.17783260345459,-5.679980754852295,-0.5263671875,-30,6,-3,-10.101465225219727,1.5456055402755735,2.6318359375,3
-12,0,5,-7.9146485328674325,-5.751758098602295,-0.7273437380790709,0,-29,-4,-9.417187690734863,1.17236328125,2.009765625,3
-15,6,3,-7.527050971984862,-6.6800780296325675,-1.3063477277755735,29,-44,-7,-9.46982479095459,2.196386814117432,1.9140625,3
19,12,-4,-7.048535346984862,-6.890625,-0.937890648841858,11,-44,-11,-8.48886775970459,2.186816453933716,1.5121093988418581,3
13,-2,-3,-7.168164253234862,-5.679980754852295,-0.703417956829071,1,-30,-10,-8.46494197845459,2.019335985183716,1.4881836175918581,3
-2,-14,3,-7.3739261627197275,-6.0101561546325675,-0.98095703125,9,-23,-6,-8.32138729095459,2.761035203933716,1.1149414777755735,3
-6,-24,6,-7.6131839752197275,-6.4312500953674325,-1.2297852039337158,-16,-6,-1,-8.096484184265138,3.3783204555511475,1.861425876617432,3
-2,-29,8,-7.5174808502197275,-6.0771484375,-1.4451172351837158,-48,7,9,-7.7998046875,3.105566501617432,2.138964891433716,3
-1,-31,12,-7.44091796875,-5.560351848602295,-1.392480492591858,-37,15,16,-7.5174808502197275,2.024121046066284,2.406933546066284,3
-7,-37,17,-7.455273628234862,-5.321094036102295,-1.0383789539337158,-13,17,25,-8.23046875,3.1486327648162837,2.717968702316284,3
-14,-47,22,-8.096484184265138,-5.828320503234862,0.095703125,-38,22,38,-9.718652725219727,3.8137695789337163,2.115039110183716,3
-18,-59,19,-9.292773246765137,-6.5269532203674325,1.272851586341858,-84,31,48,-10.876660346984863,2.966796875,2.1581056118011475,3
-5,-64,24,-11.02978515625,-6.0580077171325675,1.5647461414337158,-27,44,44,-12.38877010345459,2.3973634243011475,-0.9091796875,3
-14,-57,36,-9.90048885345459,-4.990918159484863,2.2490234375,8,40,12,-10.85752010345459,3.488379001617432,-2.761035203933716,3
-24,-35,35,-7.8285160064697275,-3.823339939117432,3.541015625,6,39,-3,-7.790234565734862,4.722949504852295,-3.6845703125,3
21,-4,24,-6.708789348602295,-3.7898437976837163,3.440527439117432,-28,39,-2,-7.115527629852295,4.699023723602295,-2.296875,3
56,14,8,-6.7422852516174325,-2.689257860183716,3.1486327648162837,-14,26,-3,-7.3882813453674325,3.5984375476837163,-1.8327149152755735,3
16,11,0,-8.120409965515138,-2.292089939117432,3.4548828601837163,11,14,-4,-8.30224609375,4.373632907867432,-1.1388672590255735,3
-10,5,-3,-8.60849666595459,-3.541015625,3.584082126617432,13,10,1,-8.665918350219728,5.62255859375,-1.248925805091858,3
1,5,-12,-8.077343940734862,-3.3783204555511475,3.5218751430511475,2,3,7,-7.9146485328674325,5.325879096984863,-1.5695313215255735,3
2,2,-19,-7.7710938453674325,-2.866308689117432,3.536230564117432,-3,0,9,-7.6514649391174325,4.416699409484863,-1.3015625476837158,3
-4,1,-16,-8.986523628234863,-2.890234470367432,3.5218751430511475,8,2,4,-8.857324600219727,3.66064453125,-2.1820313930511475,3
-8,-5,-7,-8.953027725219727,-2.6318359375,3.4931640625,10,4,-7,-9.488965034484863,4.608105659484863,-2.4404296875,3
-15,-9,7,-9.5224609375,-3.4835937023162837,3.5458009243011475,-17,15,-5,-9.192285537719727,5.177539348602295,-2.282519578933716,3
1,-11,9,-8.196972846984862,-3.4261720180511475,4.158300876617432,-29,20,0,-7.952929973602295,4.90478515625,-1.837500095367432,3
-6,-11,1,-7.3165040016174325,-2.698828220367432,3.75634765625,-27,16,0,-7.6036133766174325,4.52197265625,-1.89013671875,3
-1,-12,2,-7.6275391578674325,-3.4835937023162837,4.1630859375,-20,4,-6,-8.08212947845459,4.306640625,-1.5456055402755735,3
-6,-7,1,-7.5653324127197275,-3.679785251617432,4.009961128234863,-7,-11,-9,-8.34531307220459,4.694238185882568,-1.9762696027755735,3
-10,5,-11,-6.9911131858825675,-4.373632907867432,4.072167873382568,-6,-21,-10,-8.44580078125,4.201367378234863,-2.0624024868011475,3
-3,18,-22,-6.8954100608825675,-4.120019435882568,4.072167873382568,8,-29,-9,-8.474512100219728,4.081738471984863,-2.148535251617432,3
15,28,-24,-7.20166015625,-4.191796779632568,3.8855469226837163,18,-39,-12,-9.13486385345459,3.7707033157348633,-2.406933546066284,3
18,34,-28,-8.0390625,-4.636816501617432,3.4740235805511475,31,-46,-15,-9.244921684265137,3.6223633289337163,-2.430859327316284,3
9,48,-39,-9.130078315734863,-5.062695503234863,2.296875,44,-44,-6,-10.278515815734863,2.8280274868011475,-2.0576171875,3
46,62,-33,-11.04892635345459,-6.7279295921325675,1.0144531726837158,49,-35,-12,-11.661425590515135,3.2826173305511475,-1.861425876617432,3
43,50,-26,-8.570215225219728,-6.086719036102295,0.08134765923023224,24,-8,-23,-9.407617568969727,3.4931640625,-0.10048828274011612,3
7,39,-18,-7.1490235328674325,-5.660840034484862,-1.1627930402755735,-20,11,-11,-7.670605659484862,3.5745117664337163,2.186816453933716,3
-14,30,-15,-6.684863567352295,-6.2876954078674325,-1.000097632408142,-39,4,8,-8.115625381469728,3.0433595180511475,4.009961128234863,3
15,28,-12,-6.660937786102295,-6.474316596984862,-0.02392578125,22,-11,11,-8.115625381469728,1.4451172351837158,3.1199219226837163,3
10,19,-5,-7.72802734375,-5.603417873382568,0.2918945252895355,52,-8,11,-8.881250381469727,2.282519578933716,1.53125,3
-11,11,-2,-7.5079102516174325,-6.421679973602295,0.095703125,37,13,11,-8.742480278015138,2.22509765625,0.22011719644069672,3
-6,9,-7,-7.2686524391174325,-6.7470703125,-0.26318359375,6,23,10,-9.08701229095459,2.076757907867432,0.2679687440395355,3
6,8,0,-7.474414348602295,-6.589160442352295,-0.512011706829071,-3,17,-2,-10.25937557220459,2.6126954555511475,0.8469726443290709,3
13,13,13,-7.63232421875,-6.0484375953674325,-0.516796886920929,7,-10,1,-9.27841854095459,3.1103515625,2.296875,3
-8,11,10,-7.665820598602295,-6.1728515625,-0.20576171576976776,23,-43,-4,-9.369336128234863,2.6126954555511475,3.6941406726837163,3
-13,8,3,-7.2734375,-6.713574409484862,-0.12919922173023224,28,-49,-9,-8.957812309265137,3.368750095367432,2.119824171066284,3
9,0,-1,-6.928906440734862,-7.20166015625,0.2344726622104645,0,-33,-10,-8.149121284484862,3.1390626430511475,1.5408203601837158,3
-5,-17,3,-7.0628905296325675,-6.306836128234862,-0.39716798067092896,-25,-19,-5,-7.622754096984862,3.0242187976837163,1.382910132408142,3
-20,-26,10,-7.306933879852295,-6.67529296875,-0.9474609494209291,-23,-7,-3,-7.981640815734862,2.593554735183716,1.7130860090255735,3
-4,-26,12,-7.4696292877197275,-6.6083006858825675,-0.9953125119209291,1,0,0,-8.24960994720459,2.7083985805511475,2.0576171875,3
