-14,3,0,-7.747168064117432,-3.765918016433716,3.7515625953674316,1,2,-8,-6.900195598602295,1.53125,6.742285251617432,3
-13,3,-3,-7.7950196266174325,-3.737207174301148,3.847265720367432,3,1,-8,-6.9097657203674325,1.5886719226837158,6.6561522483825675,3
-10,3,-3,-7.7806644439697275,-3.641504049301148,3.9094727039337163,3,1,-9,-6.8954100608825675,1.5743163824081419,6.5843749046325675,3
-10,1,-2,-7.72802734375,-3.560156345367432,3.919043064117432,3,2,-11,-6.8236327171325675,1.5886719226837158,6.5365233421325675,3
-10,0,1,-7.6993165016174325,-3.5027344226837163,3.9142580032348633,3,3,-12,-6.8619141578674325,1.6556640863418581,6.5556640625,3
-11,-2,8,-7.65625,-3.4596679210662837,3.856836080551148,3,4,-12,-6.881054878234862,1.6748046875,6.5987305641174325,3
-11,-3,14,-7.6131839752197275,-3.512304782867432,3.7707033157348633,2,4,-12,-6.904980659484862,1.7322266101837158,6.660937786102295,3
-10,-3,20,-7.6371097564697275,-3.5888671875,3.6941406726837163,3,4,-11,-6.8427734375,1.6748046875,6.684863567352295,3
-9,-3,24,-7.68017578125,-3.66064453125,3.641504049301148,5,4,-11,-6.852344036102295,1.69873046875,6.67529296875,3
-9,-2,27,-7.68017578125,-3.737207174301148,3.617578268051148,3,4,-11,-6.828418254852295,1.6748046875,6.684863567352295,3
-10,-2,28,-7.6993165016174325,-3.7898437976837163,3.608007907867432,4,3,-11,-6.8379883766174325,1.69873046875,6.708789348602295,3
-11,-1,27,-7.7471680641174325,-3.8759765625,3.6271483898162837,4,3,-10,-6.857129096984862,1.72265625,6.6705079078674325,3
-12,-1,25,-7.713672161102295,-3.895117282867432,3.5936524868011475,3,3,-10,-6.809277534484862,1.6939452886581419,6.603515625,3
-18,-6,22,-7.68017578125,-3.512304782867432,4.273144721984863,-2,6,-7,-6.7040038108825675,1.8231445550918581,6.6705079078674325,3
-56,-20,31,-8.450586318969728,-3.655859470367432,4.454980373382568,-7,9,-5,-7.402637004852295,1.6221679449081419,7.139453411102295,3
-74,-38,29,-7.7232422828674325,-3.4309570789337163,4.842578411102295,5,11,-8,-5.8426756858825675,1.6125977039337158,6.043652534484862,3
-94,-36,15,-7.6514649391174325,-3.727636814117432,4.416699409484863,-16,14,-9,-6.3211913108825675,2.292089939117432,5.852246284484862,3
-61,-25,-2,-7.311718940734862,-3.7707033157348633,5.00048828125,-44,16,-30,-7.7710938453674325,2.028906345367432,6.474316596984862,3
-15,-13,-9,-5.756543159484862,-3.3017578125,4.962207317352295,11,8,-56,-7.761523723602295,1.6891602277755735,6.474316596984862,3
3,-10,-1,-5.459863185882568,-3.009863376617432,5.211035251617432,63,0,-57,-7.168164253234862,2.8519532680511475,5.636914253234862,3
-1,-12,16,-6.2494139671325675,-2.722754001617432,5.124902248382568,33,2,-30,-6.9336915016174325,3.5314452648162837,5.345019817352295,3
-30,-14,28,-6.5843749046325675,-3.03857421875,4.746875286102295,-7,7,-18,-6.761425971984862,2.784960985183716,5.7900390625,3
-28,-8,22,-6.617871284484862,-3.641504049301148,4.957421779632568,-7,5,-27,-6.785351753234862,2.100683689117432,6.134570598602295,3
-9,0,10,-6.81884765625,-3.488379001617432,4.943066596984863,16,-1,-37,-7.0533204078674325,2.3255860805511475,6.14892578125,3
-14,4,12,-7.335644721984862,-3.5314452648162837,4.799511909484863,20,-8,-37,-7.933789253234862,2.287304639816284,6.4599609375,3
-17,17,30,-9.23056697845459,-5.072265625,4.18701171875,40,-13,-37,-9.201855659484863,1.8135741949081419,7.335644721984862,3
25,24,41,-11.020215034484863,-6.378613471984862,4.254004001617432,55,-7,-36,-10.06796932220459,1.3063477277755735,7.7806644439697275,3
29,15,35,-8.498437881469728,-5.450293064117432,2.8328125476837163,45,4,-2,-7.1346678733825675,0.612500011920929,6.976758003234862,3
-4,3,32,-7.7471680641174325,-4.990918159484863,2.335156202316284,0,3,41,-6.77099609375,-0.3349609375,7.3978519439697275,3
-31,-1,36,-6.72314453125,-4.837792873382568,1.9140625,-18,-3,46,-5.847461223602295,-2.043261766433716,6.8858399391174325,3
-33,-5,28,-6.38818359375,-4.770801067352295,1.7417968511581419,23,0,20,-5.397656440734863,-1.263281226158142,6.6322264671325675,3
-15,-8,25,-6.9432616233825675,-4.636816501617432,1.818359375,-8,5,24,-6.1058592796325675,0.2679687440395355,6.7757811546325675,3
-5,-9,24,-6.713574409484862,-4.191796779632568,2.067187547683716,-32,7,32,-5.8091797828674325,0.01435546949505806,6.660937786102295,3
-3,-9,19,-6.8619141578674325,-4.325781345367432,2.162890672683716,-24,3,35,-6.038867473602295,0.24882812798023224,6.833203315734862,3
8,-2,30,-10.71875,-4.66552734375,3.081640720367432,-32,1,17,-9.273633003234863,0.11484375596046448,8.41709041595459,3
-16,4,43,-8.65634822845459,-3.823339939117432,2.8328125476837163,-3,-10,-18,-7.0150389671325675,-0.8804687857627869,7.29736328125,3
-29,12,26,-7.8045902252197275,-5.019629001617432,3.3113281726837163,61,-18,-43,-7.29736328125,-0.22490234673023224,6.8379883766174325,3
42,13,1,-7.952929973602295,-4.938281536102295,3.2060546875,43,-12,-47,-6.8954100608825675,0.13876953721046448,6.7997069358825675,3
33,3,4,-7.857226848602295,-3.1151368618011475,3.3400390148162837,33,0,-44,-5.991015911102295,0.3780273497104645,6.57958984375,3
-28,-11,21,-7.6131839752197275,-3.727636814117432,2.9285156726837163,-6,6,-32,-5.823535442352295,0.27275392413139343,6.971972942352295,3
-20,-16,21,-7.550976753234862,-4.368847846984863,2.3973634243011475,-8,7,-35,-6.0245118141174325,-0.5933594107627869,7.239941596984862,3
0,-15,18,-7.383496284484862,-4.096093654632568,2.311230421066284,22,4,-41,-5.703906536102295,-0.3062500059604645,7.043750286102295,3
-9,-19,18,-7.311718940734862,-3.8376953601837163,2.024121046066284,10,5,-28,-5.565136909484863,0.20097656548023224,6.9193358421325675,3
-23,-23,16,-7.84765625,-3.871191501617432,1.98583984375,-4,5,-14,-6.1728515625,-0.12919922173023224,7.211230754852295,3
-43,-28,18,-9.460253715515137,-3.8903322219848633,2.8615233898162837,6,7,-7,-7.7088871002197275,0.5790039300918579,7.570117473602295,3
-52,-29,12,-10.28330135345459,-4.320996284484863,4.13916015625,14,12,-9,-9.25449275970459,1.8709961175918581,7.665820598602295,3
-52,-14,6,-10.21152400970459,-4.120019435882568,5.660840034484862,-2,16,-16,-9.967480659484863,3.2921874523162837,7.5557618141174325,3
-21,4,-15,-6.6226563453674325,-3.966894626617432,6.19677734375,-13,15,-19,-7.761523723602295,3.617578268051148,6.0340819358825675,3
43,13,-39,-6.641797065734862,-2.9237306118011475,6.7040038108825675,4,18,-23,-6.8427734375,3.5936524868011475,5.6895508766174325,3
15,4,-24,-6.0580077171325675,-0.9283203482627868,5.9862303733825675,-6,19,-14,-5.8331055641174325,3.871191501617432,5.258886814117432,3
-57,0,0,-5.823535442352295,-2.115039110183716,5.6416993141174325,-21,13,-7,-6.067578315734862,3.129492282867432,5.359375,3
-29,9,1,-5.7948241233825675,-3.4979493618011475,5.129687786102295,-5,9,-13,-6.5125975608825675,2.617480516433716,5.627343654632568,3
4,15,4,-5.943164348602295,-2.8758790493011475,4.766015529632568,7,6,-13,-6.761425971984862,2.7083985805511475,5.7708983421325675,3
-9,13,17,-6.1776366233825675,-2.938086032867432,4.794726848602295,0,3,-7,-6.72314453125,2.60791015625,5.924023628234862,3
-13,15,24,-7.091601848602295,-3.46923828125,4.847363471984863,-5,2,0,-7.7567386627197275,2.521777391433716,6.5508790016174325,3
3,13,37,-8.627636909484862,-3.6750001907348633,5.8809571266174325,-13,3,2,-8.809473037719727,2.215527296066284,7.20166015625,3
-12,0,36,-6.9911131858825675,-3.1725585460662837,5.220605373382568,20,0,10,-7.067676067352295,1.7370117902755735,6.4073243141174325,3
-31,-7,24,-7.598828315734862,-3.4979493618011475,5.6895508766174325,8,-2,20,-7.0868163108825675,2.593554735183716,6.278125286102295,3
-32,-12,25,-7.2255859375,-3.249121189117432,5.359375,-32,0,18,-6.924121379852295,1.6939452886581419,6.187207221984862,3
-42,-18,29,-6.38818359375,-3.3639647960662837,5.7708983421325675,1,1,-9,-6.613086223602295,1.3733398914337158,6.0245118141174325,3
-35,-20,28,-6.158496379852295,-3.703711032867432,5.325879096984863,5,2,-22,-6.72314453125,2.282519578933716,5.9144530296325675,3
-24,-15,26,-6.306836128234862,-3.63671875,4.828222751617432,-11,1,-24,-6.732715129852295,2.2490234375,5.9144530296325675,3
-23,-11,21,-6.163281440734862,-3.63671875,4.703808784484863,-2,-1,-33,-6.6465821266174325,2.08154296875,5.943164348602295,3
-17,-5,11,-5.8666014671325675,-3.5075194835662837,4.847363471984863,11,-5,-40,-6.325976848602295,2.406933546066284,5.703906536102295,3
-12,-1,0,-5.632129192352295,-3.37353515625,5.091406345367432,13,-8,-41,-6.282910346984862,2.6605470180511475,5.565136909484863,3
-4,4,-6,-6.9193358421325675,-3.46923828125,5.450293064117432,15,-7,-43,-7.7806644439697275,2.5648438930511475,6.29248046875,3
5,11,11,-10.16845703125,-3.751562595367432,5.823535442352295,16,-5,-48,-10.201952934265137,2.36865234375,7.8285160064697275,3
-12,18,39,-11.273828506469727,-4.249218940734863,5.512500286102295,38,-2,-46,-10.058398246765137,1.5743163824081419,8.134765625,3
-21,14,41,-8.51279354095459,-4.675097942352295,3.6989259719848633,53,-1,-25,-6.8714842796325675,1.55517578125,6.9193358421325675,3
6,11,29,-7.3212890625,-4.722949504852295,2.8041017055511475,-4,0,16,-6.641797065734862,0.703417956829071,6.7997069358825675,3
8,0,35,-7.0868163108825675,-4.431054592132568,2.3495118618011475,-13,-2,28,-6.641797065734862,-1.3063477277755735,6.9911131858825675,3
-19,-9,40,-6.8714842796325675,-4.512402534484863,1.5838867425918581,27,-1,24,-5.7708983421325675,-0.9761719107627868,6.5125975608825675,3
-28,-11,34,-7.4839844703674325,-4.85693359375,1.3733398914337158,-9,4,38,-5.847461223602295,-0.40673828125,6.5556640625,3
-18,-10,22,-7.751953125,-4.679883003234863,1.3063477277755735,-28,11,38,-5.8666014671325675,-0.9474609494209291,6.493457317352295,3
-15,-7,13,-7.5653324127197275,-4.268359661102295,1.4786132574081419,-18,16,29,-5.8091797828674325,-0.17226563394069672,6.5556640625,3
-22,-4,8,-7.139453411102295,-4.009961128234863,1.7752929925918581,-26,16,24,-5.76611328125,-0.16748046875,6.450390815734862,3
-18,2,15,-9.417187690734863,-4.440625190734863,2.402148485183716,-16,14,4,-8.39794921875,-0.22490234673023224,7.790234565734862,3
2,15,31,-9.627734184265137,-4.550683498382568,2.8328125476837163,0,5,-21,-8.11083984375,-0.559863269329071,7.718457221984862,3
13,28,20,-8.49365234375,-4.679883003234863,3.2634766101837163,38,-4,-36,-7.809375286102295,-0.4880859553813934,7.29736328125,3
53,31,-7,-7.84765625,-4.608105659484863,3.4357421398162837,34,-6,-41,-7.2064452171325675,-0.31103515625,6.91455078125,3
56,23,-17,-7.5892581939697275,-3.2921874523162837,3.3831055164337163,34,-3,-44,-6.4073243141174325,-0.22011719644069672,6.6083006858825675,3
9,4,4,-7.7710938453674325,-3.153418064117432,3.4596679210662837,21,1,-41,-6.3642578125,0.10048828274011612,6.6800780296325675,3
-18,-14,23,-7.44091796875,-3.608007907867432,2.665332078933716,10,7,-41,-6.1680665016174325,-0.17705078423023224,6.77099609375,3
-22,-23,28,-7.34521484375,-3.823339939117432,2.1341798305511475,10,8,-36,-5.756543159484862,-0.1435546875,6.7279295921325675,3
-19,-27,30,-7.0533204078674325,-3.7419922351837163,1.5886719226837158,-1,5,-24,-5.43115234375,-0.512011706829071,6.72314453125,3
-39,-33,30,-6.780566692352295,-3.4500977993011475,0.7560546994209291,9,0,-16,-4.995703220367432,-0.8182617425918579,6.24462890625,3
-57,-30,28,-9.857421875,-4.053027629852295,1.5121093988418581,6,1,-9,-8.196972846984862,-0.19140625,7.2734375,3
-39,-21,29,-12.12558650970459,-4.799511909484863,3.0002930164337163,15,12,-9,-10.441210746765137,0.3780273497104645,7.766308784484862,3
-24,-13,18,-11.058496475219727,-4.306640625,3.966894626617432,24,24,-12,-10.18759822845459,1.7848633527755735,7.3165040016174325,3
-32,1,5,-8.067773818969728,-4.053027629852295,4.943066596984863,-21,22,-13,-8.795117378234862,2.4452149868011475,6.5078125,3
1,20,-21,-6.8954100608825675,-4.3544921875,6.014941692352295,-7,19,-37,-7.598828315734862,1.909277439117432,5.708691596984862,3
43,18,-42,-6.541308879852295,-3.349609375,6.522168159484862,16,20,-49,-6.038867473602295,2.794531345367432,4.933495998382568,3
-1,5,-44,-5.7469725608825675,-1.7561523914337158,5.8091797828674325,-13,15,-29,-5.799609661102295,3.2921874523162837,4.579394817352295,3
-25,6,-39,-6.067578315734862,-2.8375976085662837,6.254199504852295,-21,9,-22,-6.9815430641174325,2.818457126617432,5.04833984375,3
10,11,-34,-6.421679973602295,-2.7801759243011475,5.589062690734863,-4,5,-18,-7.455273628234862,2.938086032867432,5.321094036102295,3
12,8,-20,-6.3929686546325675,-2.335156202316284,5.139257907867432,2,0,-5,-7.10595703125,2.9189453125,5.292382717132568,3
0,4,-6,-6.6083006858825675,-2.569628953933716,4.95263671875,10,-6,6,-7.5079102516174325,2.622265577316284,5.8809571266174325,3
-9,-2,17,-7.617969036102295,-2.574414014816284,4.986133098602295,13,-7,6,-9.216211318969727,2.5361328125,6.493457317352295,3
-21,-14,50,-7.809375286102295,-2.746679782867432,5.57470703125,35,0,9,-8.65634822845459,2.258593797683716,6.2015624046325675,3
-45,-24,66,-7.4169921875,-2.808886766433716,5.426367282867432,16,8,35,-8.22568416595459,3.2204101085662837,6.0723633766174325,3
-54,-27,75,-7.115527629852295,-3.2586915493011475,5.249316692352295,-61,6,64,-7.594043254852295,2.4212892055511475,5.7948241233825675,3
-49,-24,77,-6.34033203125,-3.37353515625,4.837792873382568,-40,1,46,-6.67529296875,0.7943359613418579,5.6895508766174325,3
-42,-13,78,-6.2398438453674325,-3.5745117664337163,4.588964939117432,1,-3,11,-6.517383098602295,1.5695313215255735,5.4072265625,3
-47,-7,73,-6.187207221984862,-4.249218940734863,4.852148532867432,-11,-4,-11,-6.96240234375,1.93798828125,5.412011623382568,3
-53,-2,54,-5.536426067352295,-4.962207317352295,5.115332126617432,-1,-2,-35,-6.4599609375,1.69873046875,5.196679592132568,3
-15,-2,12,-5.043554782867432,-4.59375,5.196679592132568,14,-4,-49,-5.708691596984862,2.095898389816284,5.010058879852295,3
0,-3,-26,-5.1201171875,-3.6032226085662837,5.373730659484863,2,-6,-53,-5.8809571266174325,2.339941501617432,4.95263671875,3
1,3,-43,-7.8428711891174325,-3.655859470367432,5.3115234375,8,-5,-66,-8.7568359375,2.1581056118011475,6.187207221984862,3
21,15,-15,-11.297754287719727,-4.373632907867432,6.8379883766174325,4,-6,-77,-11.020215034484863,2.4930665493011475,7.785449504852295,3
67,36,9,-11.871973037719727,-1.9906250238418581,7.9625000953674325,18,-9,-72,-11.560937881469727,1.368554711341858,7.7232422828674325,3
-44,15,59,-10.52255916595459,-4.78515625,4.440625190734863,66,0,-64,-8.12998104095459,1.129296898841858,6.325976848602295,3
-8,-2,41,-7.4122071266174325,-4.464550971984863,0.8182617425918579,54,14,-13,-6.014941692352295,1.7083008289337158,6.330761909484862,3
35,2,28,-7.283008098602295,-3.7419922351837163,0.9905273914337158,-42,14,40,-6.325976848602295,0.17705078423023224,6.4168944358825675,3
3,0,30,-6.689648628234862,-3.4500977993011475,1.4259766340255735,-1,13,36,-5.187109470367432,-1.4881836175918581,6.8236327171325675,3
7,-1,26,-7.53662109375,-4.579394817352295,1.5743163824081419,1,19,46,-5.589062690734863,0.3541015684604645,6.756640911102295,3
45,-2,27,-8.053418159484862,-4.148730754852295,2.119824171066284,-58,20,71,-6.31640625,-0.11005859822034836,7.0868163108825675,3
11,-10,34,-7.29736328125,-3.6223633289337163,2.268164157867432,-56,13,72,-6.158496379852295,-0.684277355670929,6.4408202171325675,3
-27,-18,26,-7.3500003814697275,-3.99560546875,1.9762696027755735,-29,-1,63,-7.15380859375,-1.0383789539337158,6.302051067352295,3
-49,-14,22,-9.83349609375,-4.239648342132568,2.3495118618011475,0,-7,42,-9.68515682220459,-1.320703148841858,6.589160442352295,3
-77,-5,26,-9.512890815734863,-3.904687643051148,2.8758790493011475,19,-7,7,-8.929101943969727,-1.320703148841858,6.7040038108825675,3
-83,13,8,-7.6131839752197275,-4.962207317352295,2.818457126617432,26,-9,-17,-7.885937690734862,-1.6748046875,6.4312500953674325,3
20,31,-26,-7.68017578125,-5.196679592132568,3.6223633289337163,34,-6,-46,-7.5126953125,-1.3063477277755735,6.8954100608825675,3
71,26,-39,-7.5796875953674325,-3.3304688930511475,3.5218751430511475,49,-6,-66,-6.7518553733825675,-0.40673828125,7.306933879852295,3
8,10,-10,-7.6083984375,-2.813671827316284,3.5266602039337163,13,-3,-58,-6.72314453125,0.492871105670929,6.570019721984862,3
-16,-4,10,-7.2542967796325675,-3.5792968273162837,2.646191358566284,-1,0,-53,-6.378613471984862,-0.02871093899011612,5.828320503234862,3
-1,-11,16,-6.852344036102295,-3.665429830551148,1.971484422683716,1,0,-47,-5.33544921875,-0.32060548663139343,5.388085842132568,3
1,-16,20,-6.53173828125,-3.37353515625,1.335058569908142,8,0,-40,-5.177539348602295,-0.2583984434604645,5.38330078125,3
-21,-25,35,-7.7232422828674325,-3.1390626430511475,1.0431641340255735,11,0,-29,-6.4551758766174325,-0.01435546949505806,6.1441407203674325,3
-66,-31,53,-10.556055068969727,-3.94775390625,1.5216797590255735,12,7,-14,-9.058300971984863,0.2823242247104645,7.4696292877197275,3
-65,-25,52,-12.65195369720459,-4.823437690734863,2.75146484375,0,19,1,-10.74267578125,0.7369140982627869,8.39794921875,3
-47,-9,33,-11.74755859375,-4.90478515625,4.23486328125,-10,25,7,-10.5751953125,1.201074242591858,8.455370903015138,3
-7,9,6,-8.192187309265138,-4.828222751617432,5.201465129852295,25,7,-16,-7.976855754852295,1.79443359375,7.6993165016174325,3
32,25,-23,-6.761425971984862,-3.928613424301148,6.900195598602295,6,0,-33,-7.091601848602295,3.8759765625,5.158398628234863,3
33,17,-36,-5.354589939117432,-2.670117139816284,6.780566692352295,-15,7,-29,-5.378515720367432,3.61279296875,4.277929782867432,3
-4,7,-32,-5.359375,-2.2059571743011475,5.943164348602295,8,7,-27,-5.541211128234863,3.928613424301148,4.383203029632568,3
-9,9,-30,-6.163281440734862,-2.9715821743011475,6.038867473602295,-8,7,-19,-7.0628905296325675,3.8185548782348633,4.919140815734863,3
13,13,-30,-6.474316596984862,-3.129492282867432,5.450293064117432,2,6,-14,-7.259082317352295,2.8998048305511475,5.33544921875,3
18,7,-28,-6.69921875,-2.694042921066284,5.278027534484863,23,0,-7,-7.0054688453674325,2.722754001617432,5.47900390625,3
0,-5,-15,-7.01025390625,-2.4691407680511475,5.321094036102295,16,0,3,-6.9576172828674325,2.6318359375,5.76611328125,3
-17,-9,2,-8.029492378234862,-2.8567383289337163,5.392871379852295,-7,3,2,-8.929101943969727,2.583984375,6.9193358421325675,3
-12,-14,18,-7.6514649391174325,-2.9715821743011475,5.584277629852295,-16,7,-3,-8.263964653015138,1.9762696027755735,6.7279295921325675,3
-30,-23,27,-7.0772461891174325,-2.713183641433716,5.163183689117432,17,3,0,-7.144238471984862,2.071972608566284,6.306836128234862,3
-43,-29,35,-6.6226563453674325,-2.9093749523162837,5.206250190734863,-8,1,15,-6.637012004852295,2.6126954555511475,5.62255859375,3
-46,-27,39,-6.235058784484862,-2.985937595367432,5.053124904632568,-27,4,9,-6.660937786102295,2.03369140625,5.330664157867432,3
-33,-16,41,-5.895312786102295,-3.2634766101837163,4.828222751617432,-23,4,-12,-7.0150389671325675,2.234668016433716,5.177539348602295,3
-14,-2,46,-6.0723633766174325,-3.22998046875,5.00048828125,-15,2,-24,-7.3882813453674325,2.430859327316284,5.268456935882568,3
-12,2,48,-5.679980754852295,-3.1629884243011475,5.426367282867432,-5,-1,-28,-7.2447266578674325,2.497851610183716,5.273242473602295,3
-10,1,38,-5.584277629852295,-3.18212890625,6.1297850608825675,7,-7,-31,-7.2303709983825675,2.698828220367432,5.163183689117432,3
-18,-3,33,-5.804394721984862,-2.914160251617432,6.402539253234862,8,-9,-27,-6.6944336891174325,2.713183641433716,5.033984661102295,3
-21,-5,38,-6.541308879852295,-3.5936524868011475,6.7279295921325675,19,-11,-27,-7.574902534484862,2.2777345180511475,6.086719036102295,3
0,9,43,-8.838183403015137,-4.794726848602295,6.713574409484862,-4,-23,-13,-9.335840225219727,2.3016602993011475,7.6610355377197275,3
20,17,37,-11.379101753234865,-5.234961032867432,6.498242378234862,0,-26,-25,-11.1494140625,0.12441406399011612,7.82373046875,3
22,0,28,-9.92919921875,-4.986133098602295,4.383203029632568,79,-6,-51,-8.5654296875,-0.06220703199505806,6.756640911102295,3
0,-17,21,-8.742480278015138,-3.823339939117432,2.3495118618011475,48,16,-11,-7.2064452171325675,1.3015625476837158,6.9576172828674325,3
-50,-25,44,-7.9242191314697275,-3.9573242664337163,1.4786132574081419,-60,22,46,-6.1919922828674325,-0.34453126788139343,6.756640911102295,3
-70,-21,43,-6.062793254852295,-3.89990234375,0.7177734375,-28,21,42,-4.349707126617432,-2.210742235183716,6.7518553733825675,3
-31,-10,26,-6.900195598602295,-4.622460842132568,0.7847656607627869,-15,21,32,-4.5458984375,-0.9522461295127868,6.4551758766174325,3
3,-2,21,-8.455370903015138,-4.062597751617432,1.4929687976837158,-33,19,27,-6.4168944358825675,-0.7847656607627869,7.431347846984862,3
-17,4,28,-7.952929973602295,-3.8616211414337163,2.028906345367432,-1,17,13,-6.665722846984862,-0.7082031369209291,6.890625,3
-19,7,22,-6.809277534484862,-4.340137004852295,2.36865234375,5,14,14,-6.373828411102295,0.27275392413139343,6.3594727516174325,3
-11,12,11,-8.46494197845459,-4.340137004852295,2.674902439117432,-3,8,14,-8.024706840515138,-0.12441406399011612,6.8379883766174325,3
-15,28,17,-10.18759822845459,-4.517187595367432,3.679785251617432,5,-1,-15,-9.555956840515137,-0.8421875238418579,8.192187309265138,3
-7,43,-5,-6.7183594703674325,-4.679883003234863,3.703711032867432,40,-16,-37,-7.2686524391174325,-1.2058594226837158,6.7518553733825675,3
59,43,-48,-7.1298828125,-4.66552734375,3.9860353469848633,54,-19,-38,-7.043750286102295,-0.703417956829071,6.378613471984862,3
84,20,-38,-8.718554496765138,-3.0529296398162837,3.9573242664337163,20,-9,-37,-6.9384765625,-0.478515625,6.134570598602295,3
-19,-12,13,-8.953027725219727,-2.22509765625,3.732421875,5,-1,-43,-6.6800780296325675,-0.492871105670929,6.2254881858825675,3
-97,-28,33,-8.2783203125,-3.5745117664337163,2.22509765625,13,1,-52,-6.5556640625,-0.50244140625,6.412109375,3
-57,-21,17,-6.995898723602295,-4.100879192352295,0.93310546875,22,1,-50,-5.9383788108825675,-0.4498046934604645,6.3690428733825675,3
4,-10,11,-6.3642578125,-3.416601657867432,0.583789050579071,22,-3,-37,-5.47900390625,-1.0192383527755735,6.5125975608825675,3
5,-13,34,-7.2303709983825675,-2.9524414539337163,0.6220703125,49,-10,-38,-5.86181640625,-1.8135741949081419,6.852344036102295,3
-22,-21,49,-8.29746150970459,-3.4548828601837163,0.9905273914337158,72,-8,-42,-5.6943359375,-0.8708984255790709,6.570019721984862,3
-46,-24,48,-12.17343807220459,-3.880761861801148,2.234668016433716,43,6,-31,-10.082324028015137,1.2345703840255735,7.407422065734862,3
-38,-17,40,-11.64707088470459,-4.59375,4.220508098602295,27,26,-23,-10.891016006469727,2.502636671066284,7.5126953125,3
-17,-2,36,-8.766406059265138,-4.383203029632568,4.651172161102295,-17,34,6,-9.460253715515137,3.7228517532348633,6.785351753234862,3
3,15,31,-8.043848037719728,-4.076953411102295,6.187207221984862,-42,16,-2,-9.220995903015137,2.842382907867432,7.1107420921325675,3
-8,16,21,-6.9815430641174325,-3.6462891101837163,7.192090034484862,-7,15,-29,-7.58447265625,4.024316310882568,4.636816501617432,3
-33,5,-10,-5.435937404632568,-3.2634766101837163,5.47900390625,-37,13,5,-5.7900390625,3.808984518051148,3.751562595367432,3
-24,5,-42,-6.1202149391174325,-3.4500977993011475,5.555566310882568,-53,8,22,-6.019726753234862,2.8041017055511475,3.9333984851837163,3
-8,10,-51,-6.5030274391174325,-3.2204101085662837,5.297168254852295,-18,5,0,-6.8236327171325675,2.17724609375,4.59375,3
-1,13,-47,-6.5365233421325675,-2.94287109375,4.95263671875,-7,0,-7,-7.546191692352295,2.5887696743011475,5.158398628234863,3
2,9,-36,-6.7422852516174325,-2.7801759243011475,4.938281536102295,-1,-8,0,-7.3739261627197275,2.115039110183716,5.565136909484863,3
-9,2,-24,-7.259082317352295,-2.617480516433716,4.632031440734863,15,-15,4,-7.4696292877197275,1.7992187738418581,6.0484375953674325,3
-17,-2,3,-9.30234432220459,-2.8758790493011475,5.325879096984863,14,-8,-6,-8.862109184265137,2.024121046066284,6.5365233421325675,3
-22,-15,27,-7.8524417877197275,-2.808886766433716,5.139257907867432,8,5,-5,-7.4935550689697275,2.0576171875,5.823535442352295,3
-29,-25,34,-7.2734375,-2.87109375,5.177539348602295,-18,14,11,-7.05810546875,2.641406297683716,5.459863185882568,3
-32,-30,51,-6.69921875,-2.650976657867432,5.053124904632568,-64,15,18,-6.7183594703674325,1.7322266101837158,5.469433784484863,3
-40,-27,73,-6.4168944358825675,-3.1151368618011475,4.861718654632568,-21,9,-13,-7.1107420921325675,1.248925805091858,5.627343654632568,3
-16,-15,85,-6.3642578125,-3.6510741710662837,4.842578411102295,1,3,-30,-7.4169921875,2.27294921875,5.3115234375,3
6,-5,79,-5.8666014671325675,-3.560156345367432,5.378515720367432,8,-2,-28,-6.976758003234862,2.507421970367432,4.895215034484863,3
1,-6,61,-5.522070407867432,-3.4835937023162837,5.7230467796325675,15,-5,-27,-6.857129096984862,2.411718845367432,4.732519626617432,3
-15,-15,42,-5.55078125,-3.89990234375,5.900097846984862,21,-5,-33,-6.852344036102295,2.411718845367432,4.766015529632568,3
-13,-11,20,-6.469531536102295,-3.8616211414337163,5.7421875,26,-5,-41,-7.527050971984862,2.698828220367432,5.019629001617432,3
-2,3,0,-8.30224609375,-4.04345703125,5.967090129852295,2,-3,-38,-9.297558784484863,3.105566501617432,6.211133003234862,3
23,25,-5,-9.63730525970459,-3.8376953601837163,6.1537108421325675,-12,-5,-29,-10.345507621765137,1.6460937261581419,6.708789348602295,3
23,20,25,-13.642480850219727,-4.153515815734863,6.230273723602295,16,4,-27,-12.159082412719727,0.24882812798023224,7.885937690734862,3
14,-6,36,-9.694726943969727,-4.565039157867432,2.024121046066284,37,16,-1,-6.904980659484862,-0.7321289181709291,7.283008098602295,3
-18,-11,18,-9.30234432220459,-3.344824314117432,1.2058594226837158,-4,13,33,-6.833203315734862,-1.009667992591858,7.91943359375,3
-56,-11,14,-6.6322264671325675,-3.7180664539337163,1.047949194908142,-14,6,30,-5.187109470367432,-2.665332078933716,7.378711223602295,3
-49,-5,3,-6.3211913108825675,-3.856836080551148,0.6172851920127869,27,10,12,-5.04833984375,-1.191503882408142,6.761425971984862,3
-6,0,-2,-7.120312690734862,-3.7802734375,1.0910156965255735,-27,12,24,-5.512500286102295,-0.32539063692092896,6.637012004852295,3
-16,-1,6,-8.144335746765138,-3.32568359375,1.392480492591858,-40,13,25,-6.254199504852295,-0.8708984255790709,6.900195598602295,3
-33,0,12,-7.96728515625,-3.6989259719848633,1.5025390386581419,-14,8,14,-6.53173828125,-0.4976562559604645,6.7901368141174325,3
-30,6,8,-7.91943359375,-3.808984518051148,2.162890672683716,-22,3,14,-7.2686524391174325,-0.3397460877895355,6.857129096984862,3
-12,14,17,-9.718652725219727,-4.392773628234863,2.9333007335662837,-13,0,1,-9.0439453125,-1.000097632408142,7.402637004852295,3
11,22,24,-8.713769912719728,-4.244433879852295,3.3065431118011475,10,-9,-15,-7.8667969703674325,-1.2106446027755735,6.5078125,3
29,22,9,-8.149121284484862,-4.364062786102295,3.8664064407348633,27,-14,-29,-7.479199409484862,-1.4451172351837158,6.206347942352295,3
28,11,-4,-7.9864258766174325,-3.541015625,3.32568359375,31,-11,-42,-7.144238471984862,-1.31591796875,6.0723633766174325,3
-4,-4,2,-7.84765625,-3.3113281726837163,3.0433595180511475,25,-4,-43,-7.0054688453674325,-0.7943359613418579,6.1058592796325675,3
-17,-16,13,-7.65625,-3.63671875,2.3016602993011475,12,3,-36,-6.43603515625,-0.59814453125,6.254199504852295,3
-12,-22,20,-6.9576172828674325,-3.63671875,1.119726538658142,-4,6,-26,-5.6512694358825675,-0.7704101800918579,6.139355659484862,3
-12,-23,24,-6.7662110328674325,-3.5027344226837163,0.3301757872104645,-1,5,-20,-4.76123046875,-1.143652319908142,5.924023628234862,3
-24,-20,20,-6.9193358421325675,-3.4788086414337163,-0.0047851563431322575,1,0,-6,-4.37841796875,-0.8565430045127869,5.55078125,3
-34,-16,18,-10.31201171875,-3.7659180164337163,1.4403320550918581,2,0,-3,-8.263964653015138,-0.684277355670929,6.8379883766174325,3
-33,-21,31,-12.517969131469727,-5.033984661102295,4.096093654632568,18,12,-5,-10.64697265625,-0.3636718690395355,8.120409965515138,3
2,-28,24,-11.163769721984863,-4.59375,4.9287109375,-37,10,12,-9.455469131469727,-1.3876953125,10.40293025970459,3
-22,-16,14,-8.58935546875,-3.6223633289337163,5.531640529632568,58,3,-40,-9.249707221984863,-0.34453126788139343,8.25439453125,3
-21,5,-4,-7.1968750953674325,-4.158300876617432,6.4073243141174325,63,-2,-57,-9.249707221984863,4.33056640625,4.383203029632568,3
37,15,-29,-5.7613282203674325,-3.655859470367432,6.8619141578674325,-23,11,-30,-7.2447266578674325,4.373632907867432,3.158203125,3
32,6,-33,-5.244531154632568,-1.8327149152755735,6.1202149391174325,1,23,-21,-6.014941692352295,3.2634766101837163,3.928613424301148,3
-17,2,-17,-5.105762004852295,-2.08154296875,6.110644817352295,-9,18,-6,-6.570019721984862,3.7419922351837163,4.249218940734863,3
-7,5,-7,-5.560351848602295,-2.8328125476837163,5.876172065734862,-9,11,-1,-7.617969036102295,2.378222703933716,5.5029296875,3
3,9,0,-5.991015911102295,-2.5887696743011475,5.708691596984862,33,2,-8,-7.6371097564697275,2.392578125,5.967090129852295,3
-10,2,7,-6.2685546875,-2.737109422683716,5.469433784484863,25,-4,1,-6.77099609375,2.41650390625,5.804394721984862,3
-12,-2,3,-6.7518553733825675,-3.0912110805511475,5.426367282867432,11,-7,7,-6.852344036102295,2.115039110183716,6.0101561546325675,3
0,0,11,-8.77597713470459,-3.2874023914337163,6.474316596984862,8,-4,-5,-8.58935546875,1.947558641433716,6.6705079078674325,3
-3,-4,24,-7.2303709983825675,-2.8854491710662837,6.1441407203674325,9,1,-10,-7.933789253234862,2.052832126617432,6.211133003234862,3
-7,-7,25,-6.220703125,-2.962011814117432,6.091504096984862,16,-1,-4,-7.560546875,2.4691407680511475,5.589062690734863,3
-3,-9,30,-5.804394721984862,-2.665332078933716,5.8857421875,0,-1,4,-7.1585936546325675,2.263378858566284,5.187109470367432,3
-13,-11,36,-5.7852540016174325,-2.89501953125,5.8426756858825675,10,1,-9,-7.0628905296325675,2.196386814117432,4.890429973602295,3
-15,-10,34,-5.522070407867432,-2.99072265625,5.541211128234863,2,1,-21,-7.1729493141174325,2.48828125,4.923925876617432,3
-16,-6,29,-5.435937404632568,-3.0959961414337163,5.751758098602295,9,0,-30,-7.235156536102295,2.450000047683716,4.986133098602295,3
-24,-6,20,-4.861718654632568,-2.7323243618011475,5.947949409484862,14,-7,-30,-6.7997069358825675,2.6126954555511475,4.708593845367432,3
-33,-8,4,-4.880859375,-2.94287109375,6.613086223602295,1,-8,-34,-6.522168159484862,2.7562501430511475,4.220508098602295,3
-16,-6,-12,-5.9383788108825675,-2.8998048305511475,6.5365233421325675,3,-2,-45,-7.7998046875,2.784960985183716,4.727734565734863,3
-12,0,0,-9.364550590515137,-2.8567383289337163,7.287793159484862,3,0,-52,-10.25937557220459,2.9955079555511475,6.43603515625,3
-52,15,42,-10.18759822845459,-3.56494140625,6.1680665016174325,-20,-8,-32,-10.828808784484863,2.5169923305511475,7.82373046875,3
-23,25,52,-9.39804744720459,-5.5029296875,5.4072265625,30,-14,-28,-9.225781440734863,-0.17226563394069672,7.163379192352295,3
24,9,28,-9.58945369720459,-4.220508098602295,3.0672852993011475,77,2,-21,-7.8763675689697275,0.2440429776906967,7.450488567352295,3
-24,-9,43,-8.96738338470459,-3.5075194835662837,1.5168945789337158,-17,20,28,-6.4551758766174325,-0.07656250149011612,7.790234565734862,3
-68,-11,47,-7.1585936546325675,-4.072167873382568,1.07666015625,-69,18,57,-5.2158203125,-2.172461032867432,7.6083984375,3
-24,-4,31,-6.904980659484862,-4.670312404632568,0.69384765625,-32,9,42,-4.708593845367432,-2.9237306118011475,7.1490235328674325,3
-1,0,25,-7.65625,-3.9621095657348633,1.3254883289337158,-17,8,22,-5.211035251617432,-1.5647461414337158,7.091601848602295,3
-20,-2,26,-7.6849613189697275,-4.09130859375,1.9762696027755735,-26,8,17,-5.852246284484862,-0.8421875238418579,7.2925782203674325,3
-15,-3,17,-7.239941596984862,-4.301855564117432,2.2298829555511475,-31,3,22,-5.804394721984862,-0.6507812738418579,7.096386909484862,3
-1,0,13,-8.05820369720459,-4.344922065734863,2.784960985183716,-26,-4,18,-6.91455078125,-0.684277355670929,7.096386909484862,3
5,10,16,-9.441113471984863,-4.526757717132568,3.4931640625,3,-7,-9,-8.307031631469728,-0.540722668170929,7.450488567352295,3
12,19,11,-8.603711128234862,-4.493261814117432,3.928613424301148,23,-11,-37,-8.4697265625,-0.22011719644069672,7.211230754852295,3
22,17,-2,-7.694531440734862,-4.143945217132568,3.9381837844848633,43,-10,-41,-7.881152629852295,-0.32539063692092896,6.948047161102295,3
14,9,-2,-7.120312690734862,-3.4740235805511475,3.273046970367432,25,-9,-25,-6.6226563453674325,-0.5790039300918579,6.4886717796325675,3
-6,2,14,-6.976758003234862,-3.5314452648162837,2.765820264816284,9,-8,-22,-5.971875190734862,-1.9427734613418581,6.2159180641174325,3
-2,-2,27,-7.560546875,-4.053027629852295,2.220312595367432,23,-2,-42,-6.029296875,-1.9427734613418581,6.2972655296325675,3
6,-2,29,-7.718457221984862,-4.172656536102295,1.79443359375,8,9,-45,-5.7613282203674325,-1.0383789539337158,6.5987305641174325,3
4,-6,21,-7.0293946266174325,-3.976464986801148,1.5360351800918581,-15,14,-37,-4.627246379852295,-1.909277439117432,6.34033203125,3
-6,-12,6,-7.2064452171325675,-3.832910299301148,0.913964867591858,1,18,-47,-4.2109375,-2.3447265625,6.1058592796325675,3
-28,-17,3,-10.02011775970459,-3.727636814117432,1.5121093988418581,0,22,-43,-7.0628905296325675,-1.2824219465255735,7.431347846984862,3
-46,-19,2,-11.8671875,-4.053027629852295,3.3065431118011475,-6,23,-9,-9.59423828125,-0.765625,8.311816215515138,3
-24,-17,-3,-11.93896484375,-3.9860353469848633,4.009961128234863,9,27,5,-11.489160537719727,0.5550781488418579,8.65634822845459,3
-3,2,4,-9.66123104095459,-3.3878905773162837,5.163183689117432,-3,24,0,-10.321581840515137,1.7657226324081419,8.029492378234862,3
5,22,-6,-6.1728515625,-2.99072265625,6.0723633766174325,-7,9,0,-7.737597942352295,2.3255860805511475,5.258886814117432,3
36,24,-23,-5.679980754852295,-2.296875,6.5843749046325675,26,3,-13,-6.3929686546325675,2.502636671066284,4.651172161102295,3
11,13,-10,-5.9048829078674325,-0.9713867306709291,6.378613471984862,18,3,-7,-6.1680665016174325,3.368750095367432,4.244433879852295,3
-18,3,6,-6.5269532203674325,-1.981054782867432,7.2447266578674325,-12,4,0,-7.1298828125,2.94287109375,4.632031440734863,3
-1,-2,8,-6.6561522483825675,-2.4212892055511475,6.857129096984862,-8,6,0,-7.4696292877197275,2.4930665493011475,5.325879096984863,3
-8,-9,13,-6.4551758766174325,-2.3016602993011475,6.282910346984862,1,-1,3,-7.3500003814697275,2.450000047683716,5.416797161102295,3
-20,-16,19,-6.2159180641174325,-2.717968702316284,5.6656250953674325,4,-11,11,-7.15380859375,2.119824171066284,5.646484375,3
-18,-20,20,-6.4791016578674325,-3.03857421875,5.43115234375,21,-16,12,-7.0150389671325675,1.9427734613418581,5.5986328125,3
-19,-21,24,-7.8667969703674325,-3.2586915493011475,5.330664157867432,18,-8,13,-8.484082221984862,2.3016602993011475,5.9623045921325675,3
-18,-19,31,-8.077343940734862,-3.3783204555511475,5.282812595367432,-1,1,18,-8.9482421875,2.1820313930511475,6.220703125,3
-14,-14,23,-6.9336915016174325,-3.3400390148162837,5.38330078125,3,0,20,-7.7950196266174325,1.72265625,5.679980754852295,3
-7,-11,13,-5.90966796875,-3.0050780773162837,5.38330078125,6,-3,18,-6.948047161102295,1.6604492664337158,5.110547065734863,3
-7,-10,15,-5.7421875,-2.79931640625,5.8187499046325675,13,0,-1,-6.86669921875,1.7274414300918581,4.852148532867432,3
-5,-5,22,-5.756543159484862,-2.9955079555511475,5.9144530296325675,8,6,-21,-6.976758003234862,2.17724609375,4.813867092132568,3
6,0,22,-5.019629001617432,-3.1151368618011475,6.0819334983825675,11,8,-32,-6.86669921875,2.0576171875,4.230078220367432,3
10,-5,8,-3.3783204555511475,-2.6366212368011475,5.608203411102295,29,9,-44,-5.584277629852295,1.8662109375,3.631933689117432,3
-7,-9,-9,-3.320898532867432,-2.306445360183716,5.04833984375,28,11,-55,-5.7852540016174325,2.263378858566284,3.320898532867432,3
-2,-4,-17,-7.3165040016174325,-2.555273532867432,6.7279295921325675,23,10,-81,-8.96738338470459,3.0050780773162837,6.125,3
-13,6,-17,-8.436230659484862,-1.8709961175918581,7.359570503234862,-1,14,-89,-11.206835746765137,3.9860353469848633,5.823535442352295,3
-1,31,-4,-11.441308975219727,-2.8567383289337163,8.053418159484862,-29,9,-60,-13.455859184265135,3.4979493618011475,8.82861328125,3
16,42,19,-11.273828506469727,-3.51708984375,7.3643555641174325,17,0,-30,-10.680468559265137,1.9044922590255735,8.240038871765138,3
-3,23,20,-8.235254287719728,-4.239648342132568,4.9765625,19,2,-14,-6.7997069358825675,1.4833984375,6.5843749046325675,3
-12,8,8,-5.7852540016174325,-3.9333984851837163,2.674902439117432,-52,8,15,-5.828320503234862,-0.09091796725988388,6.349902629852295,3
-44,-4,38,-6.541308879852295,-4.689453125,2.36865234375,-29,3,28,-7.3260741233825675,-2.000195264816284,7.08203125,3
-57,-8,56,-6.0580077171325675,-5.268456935882568,1.3781250715255735,-25,-1,48,-5.799609661102295,-1.9427734613418581,6.1058592796325675,3
-51,-6,45,-6.924121379852295,-5.397656440734863,1.4642578363418581,-53,-1,54,-5.488574504852295,-2.7323243618011475,5.71826171875,3
-47,-3,31,-7.450488567352295,-4.95263671875,1.69873046875,-37,0,35,-6.0580077171325675,-2.191601514816284,6.0580077171325675,3
-49,-2,26,-7.527050971984862,-4.608105659484863,2.028906345367432,-6,-5,24,-6.5508790016174325,-1.4164062738418581,5.8187499046325675,3
-38,0,22,-6.9911131858825675,-4.565039157867432,2.27294921875,-3,-9,21,-6.6226563453674325,-1.0910156965255735,5.679980754852295,3
-24,3,23,-8.32138729095459,-4.584179878234863,2.8806641101837163,10,-7,5,-7.8907227516174325,-1.2776367664337158,6.378613471984862,3
-4,11,28,-9.555956840515137,-4.742089748382568,3.5553710460662837,17,-5,-14,-8.665918350219728,-1.4259766340255735,6.8714842796325675,3
21,18,22,-8.933886528015137,-4.703808784484863,4.206152439117432,20,-4,-30,-8.766406059265138,-1.5456055402755735,7.05810546875,3
25,10,14,-7.431347846984862,-3.942968845367432,3.6750001907348633,21,-3,-39,-7.144238471984862,-1.6652344465255735,6.565234661102295,3
1,-2,19,-7.0772461891174325,-3.6223633289337163,3.1629884243011475,21,-4,-42,-6.498242378234862,-1.272851586341858,6.4312500953674325,3
-16,-11,32,-6.7901368141174325,-4.01953125,2.3734376430511475,22,-4,-46,-5.9048829078674325,-1.263281226158142,6.220703125,3
-6,-11,33,-6.72314453125,-4.507617473602295,1.69873046875,22,-4,-50,-5.517285346984863,-0.88525390625,6.3594727516174325,3
7,-12,20,-6.0484375953674325,-4.120019435882568,0.9522461295127868,19,-4,-47,-4.66552734375,-1.02880859375,5.971875190734862,3
-8,-15,7,-6.029296875,-3.775488376617432,0.5455078482627869,23,-4,-40,-3.9381837844848633,-0.9905273914337158,5.7900390625,3
-39,-17,13,-9.61337947845459,-3.856836080551148,0.669921875,14,-1,-23,-6.402539253234862,-1.105371117591858,6.7662110328674325,3
-49,-14,28,-13.982226371765135,-4.885644435882568,2.7801759243011475,23,4,-6,-11.47959041595459,-1.5456055402755735,9.072656631469727,3
-32,-14,24,-13.163965225219727,-5.172753810882568,3.7946290969848633,35,14,14,-11.36474609375,-0.20097656548023224,9.646875381469727,3
-21,-4,9,-10.996289253234863,-4.689453125,4.172656536102295,-14,3,19,-9.240137100219727,-2.2538087368011475,10.292871475219727,3
-14,10,-5,-6.613086223602295,-4.014746189117432,4.813867092132568,42,1,-18,-6.857129096984862,1.89013671875,6.3833985328674325,3
16,26,-32,-6.5556640625,-4.359277248382568,6.617871284484862,20,0,-36,-7.211230754852295,4.062597751617432,3.1007812023162837,3
41,21,-47,-6.14892578125,-2.6844727993011475,6.7183594703674325,-12,14,-36,-6.6465821266174325,3.66064453125,3.0002930164337163,3
0,10,-42,-5.603417873382568,-1.8662109375,6.881054878234862,10,22,-27,-6.900195598602295,3.5745117664337163,3.7467775344848633,3
-6,4,-37,-5.52685546875,-2.4930665493011475,6.19677734375,-20,21,-3,-7.2925782203674325,3.51708984375,4.526757717132568,3
5,4,-31,-6.00537109375,-2.555273532867432,5.531640529632568,-11,15,5,-7.259082317352295,2.292089939117432,5.38330078125,3
0,2,-22,-6.421679973602295,-2.574414014816284,5.043554782867432,8,7,1,-7.3500003814697275,2.478710889816284,5.799609661102295,3
-9,-2,-8,-6.5508790016174325,-2.392578125,4.531543254852295,-8,-3,12,-7.2686524391174325,2.119824171066284,6.182422161102295,3
-13,0,21,-7.9720706939697275,-2.9476563930511475,5.254101753234863,8,-12,6,-9.27841854095459,1.7561523914337158,6.9576172828674325,3
-2,-1,51,-7.283008098602295,-3.13427734375,5.5986328125,28,-10,6,-8.144335746765138,1.6843750476837158,6.2637696266174325,3
0,-3,60,-6.8475584983825675,-3.1103515625,5.9288086891174325,33,-9,20,-7.000683784484862,2.215527296066284,5.67041015625,3
-3,-9,64,-6.7662110328674325,-3.0912110805511475,6.2015624046325675,-12,-8,27,-6.7040038108825675,1.971484422683716,5.249316692352295,3
-17,-14,66,-6.349902629852295,-3.32568359375,5.9527344703674325,7,-4,-8,-6.5365233421325675,1.2919921875,5.04833984375,3
-15,-15,60,-6.24462890625,-3.6989259719848633,5.517285346984863,22,0,-39,-6.9097657203674325,2.27294921875,5.04833984375,3
-15,-11,51,-5.9623045921325675,-3.6845703125,5.201465129852295,16,0,-49,-6.976758003234862,2.603125095367432,5.421582221984863,3
-14,-9,33,-5.053124904632568,-3.8185548782348633,5.081836223602295,34,-10,-54,-6.235058784484862,3.0672852993011475,5.545996189117432,3
-7,-10,-3,-3.4022462368011475,-3.5314452648162837,5.115332126617432,45,-20,-41,-4.9765625,3.6462891101837163,4.47412109375,3
17,-9,-42,-4.722949504852295,-3.541015625,5.656054973602295,50,-24,-30,-6.4599609375,3.7467775344848633,4.493261814117432,3
48,-1,-49,-9.8095703125,-3.2874023914337163,7.881152629852295,44,-16,-41,-10.50341796875,3.832910299301148,5.727832317352295,3
8,7,-25,-11.632715225219727,-2.746679782867432,7.929004192352295,45,-9,-59,-10.895800590515137,3.1486327648162837,7.0150389671325675,3
-2,32,-19,-11.62314510345459,-4.0673828125,7.359570503234862,35,-4,-45,-10.69003963470459,3.5984375476837163,7.067676067352295,3
34,27,-13,-9.37890625,-3.296972751617432,5.100976467132568,3,11,-14,-8.603711128234862,2.215527296066284,6.857129096984862,3
-8,7,9,-6.220703125,-2.143749952316284,2.962011814117432,-23,26,11,-6.8475584983825675,2.028906345367432,7.0341796875,3
-55,-7,56,-5.565136909484863,-3.273046970367432,2.019335985183716,-68,31,41,-6.3642578125,0.22011719644069672,7.2734375,3
-75,-12,90,-5.512500286102295,-3.7419922351837163,1.4020508527755735,-36,29,49,-5.632129192352295,-0.19140625,7.187304973602295,3
-63,-11,96,-7.000683784484862,-5.105762004852295,1.5838867425918581,-62,30,69,-5.522070407867432,0.16269531846046448,6.6322264671325675,3
-2,-3,68,-8.22568416595459,-5.268456935882568,1.9284180402755735,-64,28,66,-5.8331055641174325,-1.1484375,7.474414348602295,3
8,2,49,-8.814257621765137,-4.612890720367432,2.5361328125,-31,21,37,-6.2398438453674325,-0.8469726443290709,7.263867378234862,3
-12,4,35,-7.560546875,-4.431054592132568,2.79931640625,-28,11,25,-6.4886717796325675,0.08613281697034836,6.952832221984862,3
-17,5,15,-7.168164253234862,-4.459765911102295,3.1486327648162837,-14,-1,16,-6.952832221984862,-0.34931641817092896,7.1250977516174325,3
-8,8,13,-9.034375190734863,-4.708593845367432,4.009961128234863,19,-7,-12,-8.402734756469728,-0.25361329317092896,7.7998046875,3
-17,9,10,-7.6083984375,-4.076953411102295,3.7467775344848633,20,-10,-32,-7.665820598602295,0.14833985269069672,7.10595703125,3
-23,10,-11,-7.3212890625,-4.411914348602295,3.6271483898162837,1,-5,-33,-7.4169921875,0.26318359375,7.0293946266174325,3
0,6,-25,-8.077343940734862,-3.928613424301148,3.3974609375,-6,-1,-38,-6.67529296875,-0.17705078423023224,6.708789348602295,3
-16,-2,-11,-8.44101619720459,-3.3639647960662837,3.1247069835662837,-3,-1,-45,-6.3451170921325675,0.14833985269069672,6.780566692352295,3
-34,-6,4,-8.139551162719728,-3.7467775344848633,2.478710889816284,1,0,-52,-6.306836128234862,0.08134765923023224,6.756640911102295,3
-14,-2,6,-7.6610355377197275,-3.990820407867432,1.8805664777755735,11,0,-49,-5.95751953125,0.31103515625,6.4168944358825675,3
7,4,10,-7.594043254852295,-3.6271483898162837,1.6125977039337158,3,1,-37,-6.1680665016174325,-0.03349609300494194,6.325976848602295,3
5,6,23,-6.8427734375,-3.541015625,1.4786132574081419,5,3,-32,-5.445508003234863,-0.8708984255790709,6.1297850608825675,3
1,1,23,-5.086621284484863,-3.225195407867432,0.9761719107627868,21,-4,-28,-3.3161132335662837,-1.6652344465255735,5.426367282867432,3
-12,-3,27,-7.7710938453674325,-3.5888671875,1.296777367591858,34,-6,-23,-5.93359375,-0.8996093869209291,6.4886717796325675,3
33,-2,39,-12.781152725219727,-5.091406345367432,2.737109422683716,17,-5,1,-10.49863338470459,-0.55029296875,10.07275390625,3
5,-14,52,-12.98691463470459,-3.7802734375,4.507617473602295,40,6,9,-10.804883003234863,-0.095703125,10.97714900970459,3
-66,-23,57,-11.331250190734865,-4.220508098602295,4.608105659484863,18,0,9,-8.953027725219727,0.583789050579071,9.225781440734863,3
-93,-2,35,-8.699414253234862,-4.124804973602295,5.847461223602295,29,-3,-37,-8.307031631469728,3.6845703125,5.378515720367432,3
0,19,-21,-5.301953315734863,-4.177441596984863,6.780566692352295,-13,6,-30,-6.421679973602295,5.062695503234863,2.7562501430511475,3
55,11,-56,-6.0580077171325675,-0.8086914420127869,5.560351848602295,-22,23,-9,-6.1441407203674325,4.033886909484863,3.3878905773162837,3
-36,-7,-23,-6.5365233421325675,0.607714831829071,5.727832317352295,-15,28,-6,-6.7901368141174325,3.828125,4.096093654632568,3
-76,-6,4,-6.211133003234862,-2.067187547683716,5.708691596984862,-30,23,-9,-7.68017578125,3.2443358898162837,5.033984661102295,3
-14,4,8,-6.1919922828674325,-2.4930665493011475,5.115332126617432,-23,21,-10,-7.20166015625,2.2059571743011475,6.019726753234862,3
-22,3,16,-6.3690428733825675,-2.3447265625,4.655957221984863,-6,12,-11,-6.804492473602295,2.311230421066284,6.3594727516174325,3
-28,6,19,-6.31640625,-3.1916992664337163,4.320996284484863,-25,-4,-4,-6.8379883766174325,1.818359375,6.4647459983825675,3
-1,10,24,-8.25439453125,-3.7898437976837163,5.268456935882568,13,-12,-13,-8.1826171875,1.335058569908142,6.833203315734862,3
0,-1,37,-8.862109184265137,-3.3783204555511475,5.8809571266174325,22,-7,-17,-8.39316463470459,2.2777345180511475,6.48388671875,3
-38,-14,28,-7.1585936546325675,-3.1390626430511475,5.139257907867432,2,-2,0,-7.139453411102295,2.258593797683716,5.7134766578674325,3
-27,-16,17,-7.474414348602295,-3.608007907867432,5.531640529632568,-11,-1,8,-7.5414066314697275,2.172461032867432,5.5029296875,3
-23,-17,21,-6.8714842796325675,-3.0768554210662837,5.148828029632568,-5,0,-1,-7.239941596984862,1.6652344465255735,5.16796875,3
-31,-18,21,-6.426465034484862,-3.0768554210662837,4.914355754852295,5,3,-15,-7.1585936546325675,2.335156202316284,4.966992378234863,3
-29,-15,19,-6.0245118141174325,-3.1869142055511475,4.818652629852295,-11,2,-14,-7.0054688453674325,2.220312595367432,5.04833984375,3
-16,-9,13,-5.62255859375,-3.3400390148162837,5.354589939117432,0,-2,-21,-6.732715129852295,2.08154296875,5.139257907867432,3
10,-6,-4,-5.373730659484863,-3.13427734375,6.31640625,4,-7,-26,-6.306836128234862,2.32080078125,4.852148532867432,3
41,-10,-22,-6.325976848602295,-2.521777391433716,7.2208008766174325,5,-6,-37,-7.283008098602295,2.335156202316284,5.354589939117432,3
26,-11,-14,-9.5703125,-1.827929735183716,6.9576172828674325,4,-7,-44,-9.11093807220459,2.311230421066284,6.8714842796325675,3
-5,0,-9,-10.18759822845459,-4.507617473602295,5.71826171875,10,-23,-36,-10.4794921875,1.93798828125,8.72812557220459,3
20,14,2,-9.728222846984863,-5.330664157867432,4.105664253234863,46,-36,-21,-9.225781440734863,1.225000023841858,8.675488471984862,3
21,15,21,-8.747265815734862,-5.545996189117432,2.186816453933716,96,-20,-16,-7.235156536102295,0.37324219942092896,6.8475584983825675,3
-6,11,42,-7.742383003234862,-5.134472846984863,1.4833984375,15,10,16,-6.4168944358825675,1.0048828125,7.39306640625,3
-67,8,59,-6.4551758766174325,-4.110449314117432,1.4977539777755735,-52,19,46,-5.19189453125,-1.6125977039337158,6.5987305641174325,3
-74,8,52,-6.24462890625,-5.617773532867432,1.2824219465255735,-10,17,44,-4.990918159484863,-1.4977539777755735,6.603515625,3
32,17,14,-6.900195598602295,-5.7421875,2.162890672683716,-31,18,52,-5.488574504852295,-0.861328125,6.7422852516174325,3
65,16,1,-7.53662109375,-4.555469036102295,2.79931640625,-29,22,40,-5.421582221984863,-1.225000023841858,6.785351753234862,3
43,2,1,-7.6131839752197275,-3.942968845367432,2.775390625,7,27,20,-5.364160060882568,-0.3875976502895355,6.904980659484862,3
1,-6,11,-7.881152629852295,-3.703711032867432,2.813671827316284,-10,23,19,-6.5556640625,-0.01914062537252903,7.4217777252197275,3
-22,-2,30,-9.986620903015137,-4.359277248382568,3.3591797351837163,-7,17,-3,-8.58457088470459,-0.74169921875,8.63242244720459,3
-18,10,27,-8.44101619720459,-4.459765911102295,3.081640720367432,30,3,-39,-7.838086128234862,-0.69384765625,8.05820369720459,3
15,23,-7,-7.239941596984862,-4.464550971984863,3.3161132335662837,51,-5,-52,-7.4361329078674325,-0.32539063692092896,7.6131839752197275,3
52,22,-29,-7.0341796875,-3.6462891101837163,3.0194337368011475,38,-6,-51,-6.570019721984862,-0.01435546949505806,7.34521484375,3
30,9,-8,-7.431347846984862,-2.717968702316284,3.2204101085662837,10,-4,-44,-6.306836128234862,0.01914062537252903,7.2208008766174325,3
-11,-7,28,-7.713672161102295,-3.2204101085662837,2.966796875,4,-2,-48,-6.086719036102295,-0.45458984375,7.44091796875,3
-28,-18,42,-7.6275391578674325,-3.751562595367432,2.383007764816284,15,-5,-51,-5.656054973602295,-0.36845704913139343,7.192090034484862,3
-28,-20,34,-7.2064452171325675,-3.923828125,2.067187547683716,20,-8,-45,-4.966992378234863,-0.4258789122104645,6.9097657203674325,3
-20,-24,16,-6.0723633766174325,-3.6750001907348633,1.5025390386581419,18,-10,-33,-3.631933689117432,-0.7608398795127869,6.014941692352295,3
-27,-29,10,-7.192090034484862,-3.32568359375,1.2584961652755735,2,-5,-20,-4.766015529632568,-0.7751953005790709,6.3594727516174325,3
-48,-33,40,-11.608789443969727,-3.9333984851837163,2.03369140625,-12,13,-12,-9.20664119720459,-0.4976562559604645,8.292675971984862,3
-52,-36,69,-12.27392578125,-4.40234375,3.0002930164337163,0,28,-1,-10.675683975219727,0.42109376192092896,8.862109184265137,3
-90,-28,74,-11.9150390625,-4.196582317352295,3.5697267055511475,-2,29,-1,-11.40781307220459,1.4546874761581419,9.5224609375,3
-110,3,53,-8.2783203125,-4.981347560882568,4.172656536102295,-6,11,-8,-8.785547256469728,2.4930665493011475,7.067676067352295,3
0,44,-6,-6.86669921875,-6.3116211891174325,6.72314453125,4,6,-18,-7.6610355377197275,2.784960985183716,4.541113376617432,3
119,47,-76,-6.043652534484862,-4.167870998382568,7.46484375,12,10,-27,-6.373828411102295,3.3974609375,3.7659180164337163,3
59,14,-82,-5.7134766578674325,0.669921875,7.785449504852295,-3,11,-11,-6.0819334983825675,3.464453220367432,3.832910299301148,3
-52,-4,-50,-5.86181640625,-0.8996093869209291,7.407422065734862,-19,7,1,-7.0293946266174325,2.842382907867432,4.47412109375,3
-51,-4,-31,-6.1058592796325675,-2.813671827316284,6.421679973602295,-2,4,-4,-7.8045902252197275,2.378222703933716,5.249316692352295,3
-3,0,-18,-6.2159180641174325,-2.545703172683716,5.301953315734863,8,0,-1,-7.4457035064697275,2.526562452316284,5.455078125,3
-1,-6,0,-6.302051067352295,-2.22509765625,5.014843940734863,-4,-7,11,-7.0293946266174325,2.234668016433716,5.7900390625,3
-21,-11,24,-7.211230754852295,-2.627050876617432,4.837792873382568,0,-11,10,-7.546191692352295,1.7657226324081419,6.091504096984862,3
-28,-11,53,-8.307031631469728,-3.177343845367432,5.057910442352295,20,-5,-1,-8.49365234375,1.885351657867432,6.43603515625,3
-24,-9,64,-7.6371097564697275,-3.4931640625,4.684668064117432,17,2,2,-7.7998046875,2.115039110183716,6.067578315734862,3
-9,-5,57,-6.91455078125,-3.56494140625,4.828222751617432,0,1,9,-7.0293946266174325,2.03369140625,5.703906536102295,3
-5,-5,53,-6.3451170921325675,-3.2108399868011475,5.072265625,0,-2,4,-6.780566692352295,1.5408203601837158,5.354589939117432,3
-17,-6,52,-6.230273723602295,-3.3639647960662837,5.52685546875,18,-1,-18,-6.876269817352295,1.9666992425918581,5.043554782867432,3
-22,-9,47,-6.182422161102295,-3.25390625,6.0340819358825675,6,3,-31,-7.1250977516174325,2.454785108566284,5.019629001617432,3
-30,-14,33,-5.756543159484862,-3.5697267055511475,6.2876954078674325,8,3,-38,-6.7901368141174325,2.4930665493011475,5.172753810882568,3
-16,-17,8,-5.6751952171325675,-3.3639647960662837,6.2637696266174325,14,0,-42,-6.4599609375,3.0768554210662837,5.258886814117432,3
-18,-23,-15,-5.273242473602295,-2.646191358566284,6.043652534484862,4,-7,-35,-5.895312786102295,3.1869142055511475,4.636816501617432,3
-20,-19,-23,-7.1585936546325675,-2.406933546066284,5.8570313453674325,-7,-8,-28,-7.742383003234862,3.27783203125,5.775683879852295,3
-13,-3,-9,-10.465136528015137,-2.84716796875,6.665722846984862,-50,-13,-27,-11.2451171875,3.033789157867432,8.20175838470459,3
-19,24,10,-9.694726943969727,-3.6271483898162837,5.76611328125,-35,-23,-28,-10.398144721984863,0.8708984255790709,7.6371097564697275,3
22,27,31,-10.512988090515137,-5.172753810882568,6.10107421875,68,-11,-41,-9.603808403015137,0.512011706829071,7.091601848602295,3
40,2,43,-8.125195503234862,-4.627246379852295,3.1725585460662837,44,14,-8,-6.3116211891174325,1.272851586341858,6.5604491233825675,3
-22,-14,54,-7.790234565734862,-3.70849609375,2.17724609375,-46,24,43,-5.943164348602295,-0.0478515625,7.239941596984862,3
-85,-19,63,-6.8427734375,-4.47412109375,1.5982421636581419,-39,18,48,-5.627343654632568,-2.41650390625,7.0389647483825675,3
-72,-15,52,-6.378613471984862,-4.679883003234863,0.9905273914337158,14,17,32,-5.268456935882568,-1.2297852039337158,7.0054688453674325,3
-13,-6,38,-6.8236327171325675,-4.78515625,1.2106446027755735,-31,22,50,-5.67041015625,-0.1435546875,6.8714842796325675,3
12,-2,37,-7.4457035064697275,-4.062597751617432,1.7657226324081419,-53,23,56,-6.3211913108825675,-0.7321289181709291,7.1490235328674325,3
-2,-4,43,-7.7471680641174325,-4.172656536102295,2.27294921875,-25,17,46,-6.29248046875,-0.8421875238418579,7.01025390625,3
-13,-4,38,-8.986523628234863,-4.588964939117432,2.775390625,-10,10,30,-7.115527629852295,-0.8565430045127869,7.5414066314697275,3
-22,5,20,-9.814355850219727,-4.732519626617432,3.320898532867432,-1,1,2,-7.7567386627197275,-1.119726538658142,8.053418159484862,3
-20,19,-12,-8.436230659484862,-4.651172161102295,3.6989259719848633,23,-9,-27,-7.4935550689697275,-0.8278320431709291,7.761523723602295,3
22,26,-48,-7.3165040016174325,-4.454980373382568,4.201367378234863,29,-15,-39,-7.4169921875,-0.19619141519069672,7.4122071266174325,3
41,17,-56,-7.0150389671325675,-3.249121189117432,3.7467775344848633,19,-12,-36,-6.7422852516174325,0.21054688096046448,7.0389647483825675,3
1,-1,-22,-7.3165040016174325,-2.521777391433716,3.7802734375,-8,-6,-27,-6.445605754852295,0.0478515625,7.3212890625,3
-38,-18,20,-7.39306640625,-3.1103515625,3.1677734851837163,-18,-1,-31,-5.95751953125,-0.540722668170929,7.622754096984862,3
-47,-26,41,-7.431347846984862,-3.66064453125,2.306445360183716,-9,-2,-34,-5.364160060882568,-0.7082031369209291,7.3978519439697275,3
-35,-24,45,-7.550976753234862,-3.9860353469848633,1.875781297683716,-7,-4,-30,-5.115332126617432,-0.660351574420929,6.928906440734862,3
-28,-22,38,-6.4408202171325675,-3.7228517532348633,1.31591796875,-4,-7,-22,-4.124804973602295,-0.9953125119209291,6.2494139671325675,3
-36,-24,18,-6.115429878234862,-3.3017578125,0.8039062619209291,0,-8,-13,-3.416601657867432,-0.9666016101837158,5.732617378234862,3
-47,-25,25,-10.728320121765137,-3.7659180164337163,1.875781297683716,-16,-4,0,-8.139551162719728,-1.1101562976837158,7.7328128814697275,3
-32,-28,65,-12.2978515625,-4.52197265625,3.0242187976837163,21,1,-3,-11.21640682220459,-1.36376953125,8.92431640625,3
-32,-15,92,-13.240527153015135,-5.00048828125,4.3544921875,65,20,-8,-11.9150390625,1.12451171875,8.641992568969728,3
-11,15,78,-8.522363662719728,-5.52685546875,5.847461223602295,-12,22,0,-8.579785346984862,2.9572265148162837,7.05810546875,3
55,39,9,-5.632129192352295,-5.579492092132568,6.828418254852295,2,19,-15,-6.402539253234862,1.909277439117432,5.254101753234863,3
106,32,-43,-7.1011719703674325,-3.3352539539337163,7.6610355377197275,37,24,-45,-6.158496379852295,3.617578268051148,5.067480564117432,3
9,3,-44,-5.828320503234862,-0.9474609494209291,7.177734375,-12,26,-29,-5.435937404632568,3.7467775344848633,4.464550971984863,3
-56,-11,-47,-5.52685546875,-2.100683689117432,7.2303709983825675,-30,23,-25,-6.603515625,3.3352539539337163,5.153613567352295,3
-15,-8,-53,-5.6991209983825675,-2.842382907867432,6.3594727516174325,-20,19,-26,-7.1729493141174325,2.593554735183716,5.823535442352295,3
0,-11,-45,-5.947949409484862,-1.9619140625,5.8187499046325675,17,8,-22,-7.01025390625,2.598339796066284,5.924023628234862,3
-8,-16,-31,-6.220703125,-2.363867282867432,5.28759765625,22,-4,-4,-6.69921875,2.8567383289337163,5.919238567352295,3
-15,-13,-12,-6.91455078125,-2.4404296875,4.632031440734863,27,-12,11,-8.24960994720459,2.650976657867432,6.469531536102295,3
-10,-5,19,-8.115625381469728,-3.1103515625,5.6512694358825675,29,-8,11,-9.527246475219727,2.51220703125,6.6705079078674325,3
-2,-6,31,-6.9097657203674325,-3.057714939117432,5.345019817352295,29,-2,18,-7.96728515625,2.10546875,6.0005860328674325,3
-2,-4,33,-6.4073243141174325,-2.842382907867432,5.593847751617432,0,-3,33,-7.139453411102295,2.119824171066284,5.627343654632568,3
-8,-3,41,-5.8187499046325675,-2.7801759243011475,5.7134766578674325,0,-6,21,-6.665722846984862,1.0862305164337158,5.306738376617432,3
-8,0,41,-5.660840034484862,-3.1629884243011475,5.852246284484862,31,-3,-10,-6.924121379852295,2.048046827316284,4.938281536102295,3
-2,0,35,-5.6991209983825675,-2.8854491710662837,6.10107421875,11,1,-22,-7.096386909484862,2.87109375,4.799511909484863,3
-19,-6,32,-5.8331055641174325,-2.8615233898162837,6.302051067352295,-4,7,-30,-6.7470703125,2.6796875,4.861718654632568,3
-29,-14,18,-5.124902248382568,-2.7275390625,6.211133003234862,-1,8,-38,-5.6991209983825675,2.650976657867432,4.871289253234863,3
-36,-25,0,-3.488379001617432,-1.79443359375,5.895312786102295,4,2,-40,-4.28271484375,2.9955079555511475,4.072167873382568,3
-22,-22,-15,-4.115234375,-2.071972608566284,6.354687690734862,13,1,-46,-6.0245118141174325,3.3113281726837163,3.966894626617432,3
34,-11,-16,-7.139453411102295,-2.426074266433716,7.3260741233825675,-2,5,-68,-9.776074409484863,3.871191501617432,5.278027534484863,3
7,15,13,-9.37890625,-2.7562501430511475,7.46484375,5,1,-56,-12.718945503234865,3.1151368618011475,7.77587890625,3
-30,43,65,-10.42685604095459,-4.684668064117432,6.9384765625,15,-16,-35,-13.379297256469727,1.7322266101837158,8.067773818969728,3
-37,45,87,-11.809765815734865,-5.483788967132568,6.7470703125,57,-7,-33,-11.068066596984863,0.492871105670929,7.885937690734862,3
-54,6,76,-8.737695693969728,-7.3165040016174325,4.263574123382568,35,10,-8,-6.115429878234862,0.9474609494209291,7.163379192352295,3
-13,2,34,-7.283008098602295,-4.962207317352295,2.263378858566284,-34,15,34,-5.14404296875,0.03349609300494194,7.909863471984862,3
-7,2,23,-6.0340819358825675,-4.407128810882568,1.6652344465255735,-29,7,33,-4.799511909484863,-1.5503906011581419,7.3978519439697275,3
-5,-1,20,-6.0580077171325675,-4.23486328125,1.4833984375,-3,8,24,-4.794726848602295,-0.45458984375,6.8619141578674325,3
-4,-6,22,-7.546191692352295,-4.325781345367432,1.6556640863418581,-58,19,40,-5.359375,-0.468945324420929,6.5843749046325675,3
-21,-8,16,-7.8763675689697275,-4.009961128234863,1.50732421875,-73,25,43,-5.81396484375,-1.081445336341858,6.708789348602295,3
-35,-6,2,-7.455273628234862,-3.928613424301148,1.4499024152755735,-40,18,35,-5.8857421875,-1.287207007408142,6.4168944358825675,3
-30,0,-9,-7.594043254852295,-3.871191501617432,1.53125,-14,8,22,-6.9097657203674325,-0.8517578244209291,6.8379883766174325,3
-20,12,5,-9.90048885345459,-4.024316310882568,2.36865234375,-1,6,4,-9.096582412719727,-0.8661133050918579,7.6036133766174325,3
-13,23,30,-9.35019588470459,-4.134375095367432,2.9811522960662837,0,1,-15,-8.263964653015138,-1.191503882408142,7.455273628234862,3
1,32,18,-7.5653324127197275,-4.579394817352295,3.27783203125,11,-10,-26,-7.4696292877197275,-1.69873046875,6.69921875,3
49,31,-10,-7.3643555641174325,-4.28271484375,3.3974609375,31,-15,-42,-6.737500190734862,-1.7609375715255735,6.2685546875,3
39,16,-9,-7.7806644439697275,-3.0242187976837163,3.5745117664337163,32,-8,-50,-6.5269532203674325,-1.129296898841858,6.043652534484862,3
-34,-6,19,-7.862011909484862,-3.4548828601837163,2.99072265625,9,1,-48,-6.4886717796325675,-0.78955078125,6.1202149391174325,3
-21,-16,20,-7.3404297828674325,-5.19189453125,1.8135741949081419,0,6,-42,-6.014941692352295,-0.7082031369209291,6.1537108421325675,3
18,-13,9,-6.8858399391174325,-4.507617473602295,0.861328125,-5,3,-36,-5.201465129852295,-1.8566406965255735,5.967090129852295,3
0,-13,9,-6.1728515625,-3.80419921875,0.516796886920929,23,0,-40,-4.392773628234863,-2.713183641433716,5.33544921875,3
-22,-14,11,-8.10605525970459,-3.976464986801148,0.8421875238418579,37,-3,-35,-6.6513671875,-1.215429663658142,6.450390815734862,3
-31,-19,22,-12.43662166595459,-4.431054592132568,2.8041017055511475,27,-1,-6,-10.88144588470459,-0.5790039300918579,8.909960746765137,3
-22,-21,25,-12.72373104095459,-4.95263671875,4.0673828125,48,15,3,-11.2451171875,0.9713867306709291,9.340624809265137,3
4,-18,16,-9.87656307220459,-4.478906154632568,4.37841796875,11,18,12,-8.68505859375,1.0383789539337158,9.240137100219727,3
0,1,2,-8.34531307220459,-3.966894626617432,5.464648723602295,10,4,-14,-8.450586318969728,2.115039110183716,7.2255859375,3
27,15,-20,-7.263867378234862,-4.143945217132568,7.546191692352295,35,2,-45,-7.641894817352295,3.4788086414337163,3.904687643051148,3
51,6,-53,-5.392871379852295,-2.70361328125,7.211230754852295,6,3,-25,-5.603417873382568,3.8903322219848633,3.0959961414337163,3
18,-8,-61,-4.799511909484863,-0.961816430091858,6.7757811546325675,-20,4,-3,-5.7421875,3.158203125,3.1725585460662837,3
-20,-3,-42,-5.163183689117432,-1.5408203601837158,5.799609661102295,-5,5,-12,-7.2782225608825675,2.627050876617432,3.9142580032348633,3
-15,5,-24,-5.751758098602295,-2.387793064117432,5.9048829078674325,2,9,-23,-8.01513671875,2.9237306118011475,4.670312404632568,3
-3,5,-10,-5.679980754852295,-2.430859327316284,5.010058879852295,1,11,-19,-7.6036133766174325,2.789746046066284,4.842578411102295,3
-14,-2,3,-5.660840034484862,-2.0863282680511475,4.6416015625,7,6,-6,-7.1250977516174325,2.378222703933716,5.325879096984863,3
-27,-1,22,-6.402539253234862,-2.483496189117432,5.029199123382568,11,4,1,-8.077343940734862,2.292089939117432,5.943164348602295,3
-10,8,56,-8.651562690734862,-3.2682616710662837,6.29248046875,0,10,0,-9.80478572845459,2.335156202316284,6.890625,3
0,8,73,-7.402637004852295,-3.03857421875,6.3833985328674325,-16,10,8,-8.412304878234862,2.1820313930511475,6.498242378234862,3
-16,1,70,-6.230273723602295,-2.770605564117432,5.876172065734862,-15,1,20,-7.168164253234862,1.875781297683716,5.943164348602295,3
-24,-7,71,-6.0962891578674325,-2.9333007335662837,5.81396484375,-2,-7,15,-6.665722846984862,1.5025390386581419,5.321094036102295,3
-41,-13,68,-6.029296875,-3.2443358898162837,5.90966796875,16,-7,-9,-6.6083006858825675,1.8470703363418581,4.95263671875,3
-37,-13,48,-6.139355659484862,-3.732421875,5.8187499046325675,11,-3,-27,-6.952832221984862,2.426074266433716,4.722949504852295,3
-29,-15,23,-5.86181640625,-3.3591797351837163,6.220703125,4,-2,-32,-6.809277534484862,2.713183641433716,4.694238185882568,3
-23,-24,-3,-5.0244140625,-2.162890672683716,6.6800780296325675,-9,-3,-29,-5.9144530296325675,3.0242187976837163,4.397558689117432,3
-32,-29,-13,-3.8137695789337163,-1.095800757408142,5.76611328125,-22,-9,-21,-5.488574504852295,2.646191358566284,4.086523532867432,3
0,-7,-9,-7.905078411102295,-3.2108399868011475,6.029296875,-1,-12,-25,-10.6708984375,2.287304639816284,6.10107421875,3
4,18,23,-12.00595760345459,-3.4022462368011475,6.924121379852295,-24,-12,-39,-12.881640434265135,1.3063477277755735,7.58447265625,3
-48,39,43,-11.967676162719727,-4.828222751617432,5.924023628234862,2,-2,-53,-11.79062557220459,0.01435546949505806,7.3021483421325675,3
16,34,39,-9.63730525970459,-5.9048829078674325,4.727734565734863,46,12,-49,-8.077343940734862,-0.18662109971046448,6.9336915016174325,3
25,13,26,-7.718457221984862,-3.7228517532348633,3.2395508289337163,14,18,-4,-6.230273723602295,0.5263671875,7.713672161102295,3
-41,-6,42,-6.4312500953674325,-3.4500977993011475,2.383007764816284,-30,4,31,-5.110547065734863,-1.9427734613418581,6.952832221984862,3
-65,-15,43,-5.9623045921325675,-4.148730754852295,1.5695313215255735,22,-1,22,-4.411914348602295,-2.56005859375,6.4168944358825675,3
-24,-13,34,-7.216015815734862,-4.90478515625,1.33984375,7,4,20,-5.33544921875,-1.167578101158142,6.6800780296325675,3
8,-12,24,-8.244824409484862,-4.100879192352295,1.31591796875,-31,12,28,-5.991015911102295,-1.033593773841858,6.689648628234862,3
-17,-11,22,-7.9385743141174325,-3.966894626617432,1.311132788658142,-24,10,31,-6.1537108421325675,-1.3733398914337158,6.522168159484862,3
-30,-5,8,-7.259082317352295,-3.8903322219848633,1.1627930402755735,-4,4,21,-5.81396484375,-1.5216797590255735,6.5030274391174325,3
-31,4,0,-9.106152534484863,-4.172656536102295,2.239453077316284,4,2,1,-8.005566596984862,-1.311132788658142,7.383496284484862,3
-7,15,6,-10.350293159484863,-4.52197265625,3.37353515625,10,3,-22,-9.000879287719727,-1.0383789539337158,7.9625000953674325,3
-4,23,-3,-8.043848037719728,-4.014746189117432,3.75634765625,13,5,-27,-7.019824504852295,-0.59814453125,7.15380859375,3
13,20,-21,-7.407422065734862,-4.009961128234863,3.880761861801148,-3,6,-27,-6.014941692352295,-0.669921875,7.048535346984862,3
20,10,-16,-7.44091796875,-3.0242187976837163,3.5697267055511475,0,6,-35,-5.8426756858825675,-0.8708984255790709,6.9576172828674325,3
-12,-4,18,-7.522265911102295,-3.0481445789337163,3.320898532867432,1,5,-37,-6.211133003234862,-0.588574230670929,7.1107420921325675,3
-30,-18,53,-7.8045902252197275,-3.5984375476837163,2.48828125,-4,3,-27,-6.445605754852295,-1.0048828125,7.239941596984862,3
-36,-22,66,-7.646679878234862,-3.976464986801148,1.6843750476837158,0,0,-22,-5.9527344703674325,-1.60302734375,6.995898723602295,3
-32,-18,55,-7.235156536102295,-4.28271484375,1.4403320550918581,0,-4,-21,-5.608203411102295,-1.909277439117432,6.732715129852295,3
-15,-13,35,-6.5748047828674325,-4.3544921875,1.0192383527755735,22,-9,-23,-5.196679592132568,-2.521777391433716,5.8905272483825675,3
-14,-14,19,-7.6275391578674325,-3.919043064117432,1.5982421636581419,42,-9,-21,-6.0580077171325675,-1.6843750476837158,5.62255859375,3
-23,-22,12,-11.2451171875,-4.722949504852295,3.751562595367432,29,3,-9,-9.910058975219727,-0.564648449420929,7.359570503234862,3
-16,-26,5,-12.738085746765135,-4.742089748382568,4.756445407867432,25,27,0,-12.068163871765135,1.1484375,8.096484184265138,3
-33,-20,-6,-9.503320693969727,-3.847265720367432,5.053124904632568,-1,32,19,-9.029589653015137,2.454785108566284,7.4361329078674325,3
-27,3,-30,-7.87158203125,-4.301855564117432,5.7134766578674325,-34,11,19,-8.354883193969728,1.6556640863418581,7.0389647483825675,3
41,24,-52,-6.613086223602295,-3.5314452648162837,7.287793159484862,3,5,-25,-7.72802734375,2.2777345180511475,5.230175971984863,3
44,14,-56,-5.081836223602295,-1.406835913658142,6.5843749046325675,27,5,-30,-6.2015624046325675,3.1247069835662837,3.928613424301148,3
-13,1,-33,-4.766015529632568,-1.057519555091858,6.1441407203674325,-14,3,1,-6.1202149391174325,3.4835937023162837,3.5888671875,3
-21,3,-14,-4.990918159484863,-2.091113328933716,6.220703125,-33,3,5,-7.120312690734862,2.41650390625,4.167870998382568,3
-5,5,3,-5.703906536102295,-2.363867282867432,6.125,-1,1,-9,-7.6083984375,2.292089939117432,4.871289253234863,3
-10,0,16,-5.90966796875,-2.263378858566284,5.871387004852295,3,-3,-4,-7.3404297828674325,2.287304639816284,5.4072265625,3
-18,-3,27,-6.9576172828674325,-2.746679782867432,5.837890625,8,-6,1,-7.7328128814697275,2.0145509243011475,6.038867473602295,3
-17,-4,44,-7.981640815734862,-2.962011814117432,5.895312786102295,2,-1,-1,-8.795117378234862,2.000195264816284,6.5748047828674325,3
-22,-8,55,-7.4217777252197275,-3.081640720367432,5.3115234375,5,5,2,-8.263964653015138,1.79443359375,6.3355469703674325,3
-22,-8,67,-6.986328125,-3.201269626617432,5.244531154632568,-5,4,13,-7.4935550689697275,2.024121046066284,6.00537109375,3
-30,-6,79,-6.3594727516174325,-3.2204101085662837,5.541211128234863,-17,2,4,-6.86669921875,1.5886719226837158,5.459863185882568,3
-25,-3,73,-5.555566310882568,-3.7802734375,5.947949409484862,2,4,-22,-6.5508790016174325,1.7130860090255735,5.206250190734863,3
-10,-3,54,-5.7374024391174325,-3.3591797351837163,6.235058784484862,5,4,-37,-6.8379883766174325,2.359081983566284,5.211035251617432,3
-27,-10,40,-5.617773532867432,-3.3591797351837163,6.4599609375,1,1,-40,-7.1250977516174325,2.51220703125,5.28759765625,3
-44,-19,17,-4.990918159484863,-3.560156345367432,6.72314453125,7,-3,-38,-6.603515625,2.473925828933716,5.187109470367432,3
-32,-20,-13,-4.612890720367432,-3.4835937023162837,6.5604491233825675,14,-12,-33,-6.7279295921325675,2.593554735183716,4.794726848602295,3
-17,-13,-30,-5.943164348602295,-3.249121189117432,6.258984565734862,18,-18,-33,-8.531933784484862,2.3447265625,5.6943359375,3
-23,3,-17,-8.517578125,-3.1247069835662837,5.7374024391174325,10,-21,-35,-9.886133193969727,1.93798828125,7.139453411102295,3
-36,26,13,-11.19248104095459,-3.832910299301148,5.388085842132568,6,-19,-37,-10.771387100219727,0.8517578244209291,7.527050971984862,3
-4,29,42,-12.618456840515135,-5.263671875,5.488574504852295,22,0,-40,-10.37900447845459,-0.4498046934604645,7.646679878234862,3
20,7,22,-8.89560604095459,-3.9716796875,3.0959961414337163,29,16,-13,-6.900195598602295,-0.8421875238418579,7.7710938453674325,3
0,-6,19,-8.263964653015138,-3.5984375476837163,2.617480516433716,-15,10,27,-5.799609661102295,-1.909277439117432,7.6514649391174325,3
-24,-15,28,-6.182422161102295,-3.3831055164337163,1.6221679449081419,4,4,33,-3.99560546875,-2.402148485183716,6.5843749046325675,3
-27,-15,28,-6.19677734375,-3.89990234375,1.4307616949081419,5,7,32,-3.94775390625,-0.88525390625,5.971875190734862,3
6,-12,27,-7.7710938453674325,-4.148730754852295,1.382910132408142,-23,18,33,-5.474218845367432,-0.3541015684604645,6.713574409484862,3
5,-8,36,-7.72802734375,-3.631933689117432,1.5264648199081419,-18,22,25,-6.0005860328674325,-0.3062500059604645,7.01025390625,3
-21,-5,36,-7.1490235328674325,-3.9621095657348633,1.923632860183716,-12,13,32,-6.211133003234862,-0.37324219942092896,7.1729493141174325,3
-15,0,30,-9.455469131469727,-4.78515625,2.7562501430511475,-8,4,28,-8.421875,-0.9761719107627868,8.17783260345459,3
-5,13,31,-9.914843559265137,-4.627246379852295,3.3974609375,13,0,-1,-8.407519340515138,-1.2776367664337158,8.072558403015138,3
1,27,6,-7.177734375,-4.770801067352295,3.85205078125,29,-3,-21,-6.617871284484862,-0.9426758289337158,6.852344036102295,3
48,28,-34,-7.1250977516174325,-4.632031440734863,3.9573242664337163,13,-3,-33,-6.570019721984862,-0.9043945670127868,7.08203125,3
45,15,-44,-7.766308784484862,-3.0194337368011475,3.617578268051148,18,-2,-45,-6.7422852516174325,-0.8661133050918579,7.2782225608825675,3
-13,0,-15,-8.01513671875,-3.0481445789337163,3.4835937023162837,14,-1,-43,-6.852344036102295,-0.3828125,7.24951171875,3
-24,-6,4,-7.7088871002197275,-3.8664064407348633,2.7083985805511475,-6,0,-35,-6.5030274391174325,-0.6747070550918579,7.043750286102295,3
3,-7,9,-7.3212890625,-3.8424806594848633,2.095898389816284,3,0,-36,-5.593847751617432,-1.3063477277755735,7.024609565734862,3
6,-9,12,-7.0772461891174325,-3.536230564117432,1.6891602277755735,16,-1,-37,-4.919140815734863,-1.3254883289337158,6.4168944358825675,3
-3,-9,12,-5.8905272483825675,-3.3304688930511475,1.2919921875,16,-2,-25,-3.679785251617432,-1.000097632408142,5.38330078125,3
-3,-11,6,-7.168164253234862,-3.5218751430511475,2.215527296066284,-1,2,-7,-5.14404296875,-0.6172851920127869,5.71826171875,3
9,-20,17,-11.1494140625,-4.364062786102295,3.66064453125,-9,11,4,-9.87656307220459,-0.468945324420929,8.1826171875,3
19,-28,34,-12.43662166595459,-4.076953411102295,4.799511909484863,16,18,11,-11.38388729095459,0.34453126788139343,9.091796875,3
-44,-19,55,-11.38388729095459,-3.9381837844848633,5.0244140625,4,13,13,-11.55136775970459,0.8756836056709291,10.053613662719727,3
-45,11,34,-6.8379883766174325,-4.919140815734863,5.244531154632568,41,-12,-10,-8.460156440734862,2.359081983566284,6.890625,3
50,40,-29,-6.0245118141174325,-5.244531154632568,6.9911131858825675,53,-9,-26,-7.2303709983825675,4.158300876617432,3.8759765625,3
97,33,-76,-5.541211128234863,-2.689257860183716,6.9193358421325675,2,5,-21,-5.483788967132568,4.201367378234863,3.2108399868011475,3
27,11,-77,-5.182324409484863,-0.6029297113418579,7.3260741233825675,-16,19,-13,-5.555566310882568,3.541015625,3.617578268051148,3
-30,0,-55,-5.799609661102295,-1.047949194908142,6.890625,-22,22,-16,-6.976758003234862,3.2060546875,4.766015529632568,3
-19,1,-39,-6.2733397483825675,-2.196386814117432,6.9097657203674325,-37,23,-19,-7.24951171875,2.713183641433716,5.589062690734863,3
-20,-3,-26,-6.091504096984862,-1.7513672113418581,5.273242473602295,-18,16,-23,-6.5843749046325675,2.354296922683716,5.560351848602295,3
-36,-5,-14,-6.1680665016174325,-2.124609470367432,4.943066596984863,-14,8,-12,-6.689648628234862,2.545703172683716,5.799609661102295,3
-25,-1,3,-7.1250977516174325,-2.550488233566284,5.220605373382568,-16,1,-4,-8.44580078125,2.3016602993011475,6.5125975608825675,3
-8,0,38,-7.790234565734862,-2.5409181118011475,6.0962891578674325,0,2,-6,-9.776074409484863,2.1533203125,6.7901368141174325,3
-25,-3,68,-6.8236327171325675,-2.2490234375,6.038867473602295,16,1,4,-8.383593559265138,2.162890672683716,6.3833985328674325,3
-41,-6,78,-5.589062690734863,-2.674902439117432,5.780468940734862,3,-7,22,-6.928906440734862,2.296875,5.469433784484863,3
-29,-5,83,-5.6656250953674325,-3.0002930164337163,5.775683879852295,-4,-11,20,-6.69921875,1.6413086652755735,5.282812595367432,3
-26,-5,92,-6.2685546875,-3.0720703601837163,6.0771484375,6,-5,-8,-6.737500190734862,1.861425876617432,5.187109470367432,3
-42,-10,94,-6.3690428733825675,-3.27783203125,6.1680665016174325,-6,0,-23,-6.302051067352295,2.292089939117432,5.029199123382568,3
-60,-18,76,-5.6943359375,-3.4596679210662837,6.019726753234862,-18,0,-21,-5.612988471984863,2.143749952316284,4.943066596984863,3
-52,-18,41,-5.6416993141174325,-4.115234375,6.1058592796325675,-15,0,-29,-6.8379883766174325,2.100683689117432,5.325879096984863,3
-21,-6,14,-7.239941596984862,-3.871191501617432,6.110644817352295,-13,-6,-41,-8.814257621765137,1.89013671875,6.3451170921325675,3
-25,8,14,-10.417284965515137,-4.014746189117432,6.302051067352295,10,-12,-59,-11.379101753234865,1.119726538658142,7.39306640625,3
-27,19,32,-12.56103515625,-4.85693359375,5.373730659484863,26,-4,-60,-11.345605850219727,0.44023439288139343,7.1585936546325675,3
10,10,17,-9.776074409484863,-4.990918159484863,3.03857421875,48,11,-31,-8.23046875,0.12441406399011612,7.0150389671325675,3
30,-2,-6,-9.220995903015137,-3.512304782867432,1.626953125,0,15,26,-6.8619141578674325,-0.3828125,7.235156536102295,3
-28,-9,0,-7.20166015625,-2.9715821743011475,1.1627930402755735,-25,7,52,-5.234961032867432,-2.019335985183716,6.43603515625,3
-56,-11,-1,-6.684863567352295,-3.4309570789337163,0.9666016101837158,7,5,46,-4.59375,-1.885351657867432,6.163281440734862,3
-16,-9,0,-7.574902534484862,-3.89990234375,0.8996093869209291,-6,11,40,-5.292382717132568,-0.9283203482627868,6.6513671875,3
0,-7,15,-8.043848037719728,-3.3543946743011475,1.4833984375,-20,12,37,-6.3690428733825675,-0.540722668170929,6.8714842796325675,3
-16,-6,28,-7.58447265625,-3.679785251617432,2.052832126617432,-5,8,35,-6.57958984375,-0.29667970538139343,7.0293946266174325,3
-16,-5,22,-7.550976753234862,-4.000390529632568,2.426074266433716,-6,0,33,-7.024609565734862,-0.7943359613418579,6.86669921875,3
