0,0.1,0.2,-7.96728515625,-3.215625047683716,3.732421875,-8,0.3,3,-7.235156536102295,2.1341798305511475,5.924023628234863,4
0,0,0,-7.9720706939697275,-3.057714939117432,3.75634765625,-5,0,0,-7.287793159484862,2.191601514816284,5.8091797828674325,4
-3,0,0,-7.9385743141174325,-2.9476563930511475,3.785058736801148,-4,0,-2,-7.3021483421325675,2.3016602993011475,5.6895508766174325,4
-5,0,2,-7.9912109375,-3.009863376617432,3.799414157867432,-3,0,-2,-7.383496284484862,2.3495118618011475,5.656054973602295,4
-3,0,2,-7.96728515625,-3.0720703601837163,3.8137695789337163,-1,0,-3,-7.34521484375,2.359081983566284,5.632129192352295,4
0,2,0,-7.8428711891174325,-3.1199219226837163,3.895117282867432,0,1,-4,-7.369140625,2.3447265625,5.703906536102295,4
18,9,-9,-7.7806644439697275,-3.6989259719848633,4.498046875,6,0,-7,-7.53662109375,2.0576171875,6.0580077171325675,4
31,10,-19,-7.905078411102295,-3.808984518051148,4.6416015625,20,-10,-9,-7.4935550689697275,1.7322266101837158,6.4647459983825675,4
33,5,-26,-7.455273628234862,-5.412011623382568,4.416699409484863,40,-23,-10,-7.46484375,1.41162109375,6.833203315734862,4
49,10,-42,-6.125,-6.5365233421325675,3.5505859851837163,56,-37,-11,-7.546191692352295,1.358984351158142,6.67529296875,4
65,16,-57,-5.86181640625,-6.689648628234862,3.3065431118011475,67,-40,-10,-7.306933879852295,1.1962890625,6.014941692352295,4
64,10,-63,-6.641797065734862,-6.3116211891174325,3.3878905773162837,63,-26,-13,-6.8379883766174325,1.167578101158142,5.632129192352295,4
53,-4,-63,-7.646679878234862,-6.043652534484862,3.3543946743011475,45,-9,-29,-6.77099609375,1.5599609613418581,5.95751953125,4
44,-1,-68,-6.9336915016174325,-6.4168944358825675,2.191601514816284,31,-3,-40,-7.617969036102295,1.7178710699081419,5.780468940734862,4
78,36,-97,-5.7134766578674325,-7.08203125,2.1820313930511475,37,-10,-43,-7.63232421875,1.60302734375,5.632129192352295,4
122,71,-129,-5.201465129852295,-6.952832221984862,2.627050876617432,51,-30,-40,-7.1011719703674325,3.3974609375,5.799609661102295,4
131,86,-132,-6.617871284484862,-7.0054688453674325,3.7946290969848633,30,-47,-40,-8.531933784484862,4.943066596984863,5.1201171875,4
113,84,-118,-7.68017578125,-6.14892578125,5.392871379852295,50,-64,-48,-8.431445121765138,4.885644435882568,5.2158203125,4
68,81,-113,-7.369140625,-6.53173828125,4.699023723602295,134,-83,-74,-6.689648628234862,5.708691596984862,4.349707126617432,4
91,124,-139,-6.1919922828674325,-5.656054973602295,2.507421970367432,148,-90,-83,-5.608203411102295,6.019726753234862,3.85205078125,4
143,166,-160,-4.923925876617432,-4.37841796875,1.368554711341858,147,-92,-92,-6.469531536102295,4.9765625,3.5218751430511475,4
158,195,-144,-1.3972656726837158,-5.077050685882568,-0.8756836056709291,161,-102,-105,-8.211328506469728,4.196582317352295,2.99072265625,4
175,241,-137,0.6029297113418579,-10.42685604095459,-3.0529296398162837,208,-132,-134,-8.785547256469728,3.4500977993011475,2.411718845367432,4
212,267,-171,-3.344824314117432,-15.829297065734865,-1.837500095367432,207,-168,-189,-11.828906059265135,5.756543159484862,3.2204101085662837,4
204,244,-217,-6.0771484375,-18.130956649780273,-0.4880859553813934,162,-205,-219,-13.269238471984865,8.890820503234863,5.71826171875,4
189,192,-231,-6.278125286102295,-18.954004287719727,-0.3349609375,155,-230,-212,-11.98203182220459,7.9242191314697275,5.507714748382568,4
169,145,-254,-6.570019721984862,-17.877344131469727,-1.296777367591858,152,-263,-189,-10.010546684265137,10.16845703125,5.09619140625,4
108,117,-272,-6.10107421875,-16.145116806030273,-1.9906250238418581,117,-298,-158,-8.929101943969727,10.350293159484863,3.8137695789337163,4
66,114,-276,-5.321094036102295,-13.838671684265135,-2.8519532680511475,124,-322,-135,-7.239941596984862,10.350293159484863,2.60791015625,4
32,121,-261,-4.732519626617432,-11.824121475219727,-2.3973634243011475,96,-315,-107,-4.962207317352295,10.23544979095459,1.052734375,4
-12,124,-240,-3.0194337368011475,-10.637402534484863,-1.72265625,67,-292,-91,-3.033789157867432,9.455469131469727,1.1867188215255735,4
-60,122,-229,-0.98095703125,-9.37412166595459,-0.7082031369209291,73,-269,-62,-1.4690430164337158,8.307031631469728,1.406835913658142,4
-109,123,-222,1.84228515625,-8.263964653015138,1.3254883289337158,-5,-235,-18,0.21054688096046448,10.106249809265137,2.052832126617432,4
-74,152,-225,4.120019435882568,-9.551172256469727,2.100683689117432,-104,-194,0,2.622265577316284,9.244921684265137,2.938086032867432,4
-16,170,-236,4.392773628234863,-10.240234375,4.85693359375,-170,-167,-3,5.43115234375,11.1015625,3.392675876617432,4
-12,155,-250,3.2921874523162837,-9.311914443969727,5.579492092132568,-186,-146,0,7.2734375,10.225878715515137,2.6318359375,4
12,117,-237,3.18212890625,-7.46484375,6.187207221984862,-188,-119,8,8.20175838470459,9.072656631469727,1.6556640863418581,4
-5,58,-195,3.22998046875,-5.488574504852295,5.76611328125,-178,-108,6,7.952929973602295,6.952832221984862,1.07666015625,4
-23,6,-163,3.2682616710662837,-4.541113376617432,5.254101753234863,-157,-105,4,7.4935550689697275,5.158398628234863,0.8182617425918579,4
-42,-41,-132,3.392675876617432,-3.1007812023162837,4.129590034484863,-129,-110,5,7.498340129852295,2.9572265148162837,0.095703125,4
-55,-83,-97,3.63671875,-2.411718845367432,3.0002930164337163,-92,-118,-7,7.84765625,1.0623047351837158,-1.5982421636581419,4
-110,-126,-50,3.7659180164337163,-1.1101562976837158,0.7225586175918579,-24,-136,-34,6.852344036102295,0.8278320431709291,-4.273144721984863,4
-203,-152,4,3.5314452648162837,-2.674902439117432,-2.79931640625,10,-110,-48,5.172753810882568,2.674902439117432,-10.656542778015137,4
-380,-114,33,5.14404296875,-6.986328125,-6.7757811546325675,109,69,-21,3.2682616710662837,3.6223633289337163,-12.049023628234865,4
-334,-10,79,-0.9426758289337158,-17.853418350219727,19.518651962280273,192,283,-55,1.851855516433716,1.98583984375,1.071874976158142,4
-14,-2,25,12.479687690734865,-9.938769340515137,4.689453125,10,-12,-44,8.708984375,15.02060604095459,20.140722274780273,4
-57,0,89,14.80527400970459,-9.1396484375,0.8756836056709291,44,28,-61,14.63779354095459,4.440625190734863,1.6748046875,4
9,12,70,14.94882869720459,-9.68994140625,-1.6748046875,-9,40,-59,12.407910346984865,8.785547256469728,7.5318360328674325,4
55,22,78,8.412304878234862,-5.3115234375,1.191503882408142,-90,15,-67,7.139453411102295,5.014843940734863,7.0054688453674325,4
85,22,142,2.9715821743011475,-4.172656536102295,2.03369140625,-62,27,-108,2.9715821743011475,4.488476753234863,5.541211128234863,4
79,31,205,0.32539063692092896,-4.143945217132568,0.8948242068290709,44,11,-180,1.0862305164337158,3.46923828125,4.900000095367432,4
98,63,251,-0.8517578244209291,-5.38330078125,-0.39716798067092896,102,-26,-261,-0.03349609300494194,3.5314452648162837,2.8567383289337163,4
194,133,242,-1.8949218988418581,-6.9097657203674325,-0.8900390863418579,-28,-9,-299,-1.3254883289337158,4.598535060882568,1.129296898841858,4
244,204,219,-4.306640625,-6.8954100608825675,3.0768554210662837,-142,59,-313,-2.689257860183716,6.9336915016174325,1.9188476800918581,4
84,225,247,-7.527050971984862,-1.65087890625,5.364160060882568,-174,124,-329,-6.1058592796325675,7.426562786102295,5.110547065734863,4
-99,192,307,-13.814745903015135,-5.7948241233825675,7.402637004852295,-180,166,-318,-10.680468559265137,7.3021483421325675,7.833301067352295,4
-105,117,251,-15.255078315734865,-10.460351943969727,10.21152400970459,-227,153,-230,-14.66171932220459,8.99609375,12.46054744720459,4
-68,49,100,-10.40293025970459,-7.766308784484862,11.59921932220459,-145,99,-104,-10.637402534484863,5.517285346984863,10.661328315734863,4
-33,0,4,-6.62744140625,-3.2682616710662837,7.909863471984862,-27,44,-28,-7.378711223602295,2.3255860805511475,8.909960746765137,4
-41,-30,-22,-6.2972655296325675,-5.589062690734863,5.924023628234862,72,-5,-8,-7.5079102516174325,2.9189453125,6.5604491233825675,4
67,-24,-76,-7.426562786102295,-9.383691787719727,6.4791016578674325,76,-45,10,-8.340527534484862,5.368945598602295,5.148828029632568,4
161,-3,-155,-5.67041015625,-7.809375286102295,4.287499904632568,58,-73,43,-8.68505859375,2.7275390625,4.966992378234863,4
212,52,-211,-0.512011706829071,-8.460156440734862,-0.3780273497104645,125,-138,43,-10.350293159484863,-0.27275392413139343,5.545996189117432,4
264,126,-241,-3.9716796875,-12.159082412719727,-1.1101562976837158,226,-192,36,-15.09238338470459,-0.11962890625,4.794726848602295,4
248,143,-251,-8.699414253234862,-14.32675838470459,-0.34453126788139343,220,-191,5,-14.11142635345459,2.028906345367432,5.81396484375,4
239,132,-254,-9.005663871765137,-14.465527534484865,-0.8182617425918579,183,-174,-64,-8.24960994720459,2.186816453933716,4.962207317352295,4
189,102,-227,-8.244824409484862,-13.719042778015135,-0.8182617425918579,181,-162,-124,-4.191796779632568,3.1869142055511475,3.541015625,4
127,85,-205,-7.3643555641174325,-11.86240291595459,-1.7992187738418581,129,-186,-162,-4.268359661102295,5.517285346984863,2.8854491710662837,4
89,118,-193,-6.8427734375,-10.814453125,-2.641406297683716,85,-230,-193,-6.19677734375,7.10595703125,2.124609470367432,4
99,175,-188,-7.2542967796325675,-9.393261909484863,-2.32080078125,126,-271,-212,-7.2208008766174325,8.263964653015138,1.9140625,4
124,213,-176,-6.8858399391174325,-7.8955078125,-1.0144531726837158,147,-271,-205,-6.4791016578674325,9.99619197845459,0.636425793170929,4
134,219,-164,-3.7659180164337163,-7.283008098602295,-0.7369140982627869,114,-251,-170,-4.828222751617432,8.34531307220459,0.4354492127895355,4
92,217,-150,-1.0910156965255735,-7.933789253234862,-0.05742187798023224,84,-249,-157,-4.703808784484863,6.8140625953674325,0.4737304747104645,4
154,241,-184,-1.2297852039337158,-12.116015434265135,-0.7704101800918579,60,-276,-180,-6.125,9.66123104095459,1.933203220367432,4
257,252,-252,-4.85693359375,-13.628125190734865,0.7273437380790709,51,-311,-206,-8.27353572845459,13.53720760345459,3.4788086414337163,4
212,210,-265,-6.43603515625,-14.991894721984865,2.330371141433716,55,-339,-207,-10.47470760345459,17.1787109375,4.42626953125,4
169,167,-267,-5.6991209983825675,-16.02070426940918,1.3733398914337158,58,-335,-166,-6.4599609375,16.29345703125,1.65087890625,4
110,134,-259,-4.483691692352295,-14.18798828125,1.4307616949081419,44,-312,-127,-0.679492175579071,14.3076171875,-1.1340820789337158,4
38,125,-254,-3.799414157867432,-11.235547065734863,0.4258789122104645,0,-294,-90,0.6172851920127869,10.240234375,-2.335156202316284,4
6,135,-244,-3.727636814117432,-8.838183403015137,0.0,2,-281,-68,0.287109375,8.866894721984863,-2.914160251617432,4
-6,142,-244,-4.062597751617432,-7.9864258766174325,1.1819336414337158,-54,-241,-52,0.7608398795127869,8.508008003234862,-1.6317383050918581,4
-60,143,-219,-2.138964891433716,-7.2447266578674325,2.263378858566284,-92,-199,-70,1.4833984375,9.527246475219727,2.478710889816284,4
-21,144,-220,0.4593750238418579,-11.824121475219727,7.08203125,-150,-166,-57,2.689257860183716,13.053906440734865,8.072558403015138,4
80,110,-258,0.17226563394069672,-14.671289443969727,10.23544979095459,-216,-124,-14,5.8091797828674325,15.585254669189453,8.522363662719728,4
70,32,-258,0.42109376192092896,-13.37451171875,9.953125,-248,-92,41,8.340527534484862,13.479784965515135,7.5796875953674325,4
82,-43,-231,0.40673828125,-9.92441463470459,7.01025390625,-229,-87,92,8.340527534484862,9.359766006469727,3.349609375,4
-2,-108,-175,0.5455078482627869,-4.072167873382568,2.4691407680511475,-248,-94,116,6.517383098602295,3.727636814117432,-0.32060548663139343,4
-80,-148,-133,1.320703148841858,-2.316015720367432,-2.263378858566284,-134,-145,75,3.966894626617432,0.14833985269069672,-3.2443358898162837,4
-78,-159,-114,0.9043945670127868,-0.9905273914337158,-3.856836080551148,30,-198,23,1.6795898675918581,-0.06220703199505806,-5.148828029632568,4
-121,-171,-83,1.009667992591858,-0.3636718690395355,-3.0959961414337163,187,-197,-6,2.2777345180511475,1.7992187738418581,-8.527148246765138,4
-258,-132,-12,6.469531536102295,-3.0146484375,-5.129687786102295,287,-29,-29,5.3115234375,1.7848633527755735,-10.278515815734863,4
-226,-31,103,5.971875190734862,-15.030176162719727,26.92128944396973,301,138,-128,8.326171875,8.307031631469728,15.76230525970459,4
12,-34,135,16.159473419189453,-7.7232422828674325,6.952832221984862,67,15,-96,14.776562690734865,9.082226753234863,17.724218368530273,4
21,-28,247,8.005566596984862,-4.699023723602295,4.373632907867432,13,28,-137,11.321680068969727,1.248925805091858,5.9288086891174325,4
123,-30,318,2.215527296066284,-5.278027534484863,0.0047851563431322575,-89,77,-219,5.560351848602295,1.3015625476837158,1.3972656726837158,4
194,4,353,-2.12939453125,-6.8236327171325675,-1.3302735090255735,-57,127,-304,-0.39716798067092896,2.0145509243011475,2.0576171875,4
347,116,341,-4.71337890625,-6.77099609375,-1.153222680091858,-44,123,-378,-5.09619140625,4.47412109375,2.60791015625,4
432,223,209,-8.048632621765138,-9.75693416595459,2.36865234375,-189,154,-388,-10.048828125,4.919140815734863,3.32568359375,4
222,293,112,-10.268945693969727,-3.895117282867432,4.306640625,-267,211,-353,-19.265039443969727,2.9333007335662837,10.02490234375,4
-10,299,74,-13.814745903015135,-2.722754001617432,9.694726943969727,-168,178,-234,-17.79121208190918,4.52197265625,7.6275391578674325,4
-71,215,86,-12.972558975219727,-8.335741996765138,11.541796684265135,-49,137,-101,-14.39853572845459,0.17226563394069672,7.0772461891174325,4
94,174,25,-9.216211318969727,-9.890917778015137,10.16845703125,202,49,-107,-13.628125190734865,-0.478515625,4.852148532867432,4
248,132,-52,-8.139551162719728,-5.005273342132568,9.106152534484863,230,0,-147,-10.42685604095459,5.837890625,4.325781345367432,4
175,43,-34,-7.622754096984862,-1.0910156965255735,8.87168025970459,170,-1,-152,-6.948047161102295,6.5269532203674325,4.2587890625,4
197,-19,7,-7.177734375,-4.062597751617432,6.0484375953674325,203,-1,-152,-6.4886717796325675,4.818652629852295,4.277929782867432,4
216,-46,23,-7.785449504852295,-6.952832221984862,2.9237306118011475,373,-21,-168,-7.713672161102295,5.110547065734863,3.751562595367432,4
236,-41,21,-8.359667778015138,-9.000879287719727,0.04306640848517418,350,-27,-154,-8.670702934265138,5.8091797828674325,3.4022462368011475,4
297,10,-20,-9.16357421875,-10.173242568969727,-1.4690430164337158,274,-42,-109,-9.857421875,5.340234279632568,4.507617473602295,4
266,27,-59,-10.661328315734863,-9.474609375,-0.19140625,293,-70,-80,-11.50351619720459,4.182226657867432,4.167870998382568,4
266,25,-99,-11.580078125,-9.249707221984863,1.2537109851837158,189,-71,-40,-10.895800590515137,4.90478515625,4.120019435882568,4
304,21,-120,-10.484277725219727,-7.8189454078674325,1.6891602277755735,151,-93,-47,-8.32138729095459,6.10107421875,4.574609279632568,4
317,18,-110,-9.92441463470459,-6.7997069358825675,0.8948242068290709,120,-111,-95,-6.0245118141174325,6.3451170921325675,4.0673828125,4
343,25,-75,-10.16845703125,-7.957715034484862,0.21054688096046448,90,-113,-149,-4.555469036102295,7.120312690734862,3.942968845367432,4
344,27,-59,-7.168164253234862,-7.4361329078674325,-1.344628930091858,147,-121,-194,-3.3400390148162837,7.455273628234862,3.0672852993011475,4
283,30,-62,-3.5697267055511475,-7.15380859375,-2.598339796066284,220,-138,-201,-3.1103515625,6.125,1.4977539777755735,4
245,51,-80,-3.6271483898162837,-9.30712890625,-0.4354492127895355,232,-151,-193,-6.72314453125,5.924023628234862,1.8805664777755735,4
257,47,-94,-7.4696292877197275,-13.068262100219727,2.354296922683716,182,-163,-195,-11.785840034484865,7.3882813453674325,5.7230467796325675,4
250,13,-115,-10.015332221984863,-15.585254669189453,3.9333984851837163,219,-211,-196,-13.833887100219727,7.0772461891174325,10.50341796875,4
247,-38,-166,-13.403223037719727,-19.217187881469727,2.459570407867432,241,-265,-151,-11.35996150970459,10.556055068969727,10.517773628234863,4
225,-80,-244,-14.1640625,-17.685937881469727,-0.03349609300494194,160,-294,-72,-4.488476753234863,13.364941596984865,7.144238471984862,4
142,-117,-293,-14.537304878234865,-14.633008003234865,-0.21533203125,31,-285,-17,-1.4881836175918581,11.446093559265135,3.4835937023162837,4
2,-130,-302,-11.498730659484865,-11.493945121765135,-0.468945324420929,2,-268,5,-0.8565430045127869,8.929101943969727,1.8949218988418581,4
-56,-89,-317,-8.527148246765138,-10.029687881469727,-0.3397460877895355,-32,-236,34,-0.27753907442092896,7.72802734375,1.7848633527755735,4
-106,-35,-316,-5.751758098602295,-10.613476753234863,2.966796875,-55,-180,54,1.8470703363418581,7.881152629852295,4.464550971984863,4
-42,26,-326,-4.04345703125,-13.51806640625,6.445605754852295,-66,-116,86,6.091504096984862,8.570215225219728,7.594043254852295,4
-10,27,-325,-3.928613424301148,-10.814453125,6.3116211891174325,-164,-81,134,7.479199409484862,10.417284965515137,4.048242092132568,4
-53,-27,-260,-1.6843750476837158,-7.4122071266174325,5.6751952171325675,-176,-94,111,7.622754096984862,5.9288086891174325,1.8949218988418581,4
-75,-98,-182,-0.15312500298023224,-2.9045898914337163,2.306445360183716,-130,-123,75,6.0484375953674325,3.158203125,-1.167578101158142,4
-102,-130,-122,1.3541992902755735,-1.1149414777755735,-0.8661133050918579,-33,-153,25,4.498046875,1.6413086652755735,-2.94287109375,4
-103,-114,-84,1.7322266101837158,-0.40673828125,-1.875781297683716,71,-162,-17,3.1916992664337163,0.39716798067092896,-4.603320598602295,4
-150,-84,-30,1.7992187738418581,0.6507812738418579,-2.694042921066284,162,-107,-31,3.2586915493011475,1.3254883289337158,-7.9959964752197275,4
-266,-4,48,5.234961032867432,-2.091113328933716,-3.4261720180511475,174,74,-32,4.507617473602295,1.0623047351837158,-7.335644721984862,4
-142,47,122,1.081445336341858,-10.819238662719727,29.24687576293945,155,182,-89,6.91455078125,1.5791015625,19.11669921875,4
57,6,167,12.31699275970459,-5.172753810882568,5.924023628234862,0,54,-131,10.26416015625,7.761523723602295,16.910741806030273,4
109,-5,316,3.18212890625,-4.23486328125,4.708593845367432,0,84,-233,6.780566692352295,-0.3301757872104645,7.048535346984862,4
224,19,368,-1.009667992591858,-9.646875381469727,-1.4786132574081419,-8,114,-348,-0.8039062619209291,4.565039157867432,3.895117282867432,4
331,114,315,-2.5169923305511475,-13.317090034484865,-1.22021484375,-132,105,-329,-3.3113281726837163,10.556055068969727,8.029492378234862,4
301,173,209,-3.4022462368011475,-11.733202934265135,5.268456935882568,-153,104,-262,-3.7707033157348633,9.527246475219727,6.546093940734862,4
54,129,132,-1.4786132574081419,-6.3929686546325675,11.015429496765137,-85,128,-218,-5.660840034484862,8.067773818969728,5.8091797828674325,4
-153,74,108,0.937890648841858,-11.546582221984865,8.56064510345459,15,121,-228,-6.211133003234862,6.804492473602295,5.67041015625,4
-4,106,10,2.569628953933716,-13.647265434265135,7.3739261627197275,62,117,-265,-7.9146485328674325,7.622754096984862,5.9048829078674325,4
94,136,-83,2.450000047683716,-8.03427791595459,6.7040038108825675,4,98,-224,-8.44101619720459,8.785547256469728,7.2208008766174325,4
73,178,-111,0.8421875238418579,-9.474609375,4.110449314117432,-14,46,-163,-14.168848037719727,4.445410251617432,5.9144530296325675,4
142,228,-155,-3.153418064117432,-14.609082221984865,2.335156202316284,115,-30,-130,-16.728906631469727,3.1916992664337163,3.5792968273162837,4
221,252,-205,-5.55078125,-16.661914825439453,-1.5647461414337158,289,-98,-131,-14.85791015625,3.990820407867432,4.407128810882568,4
200,229,-228,-5.081836223602295,-16.53271484375,-3.225195407867432,262,-125,-134,-9.555956840515137,5.498144626617432,4.435840129852295,4
151,208,-233,-6.708789348602295,-14.388964653015135,-2.9715821743011475,172,-132,-154,-6.804492473602295,3.608007907867432,2.8758790493011475,4
127,189,-218,-8.56064510345459,-10.42685604095459,-1.6604492664337158,237,-148,-220,-6.1441407203674325,4.837792873382568,2.8041017055511475,4
88,172,-170,-7.96728515625,-6.5748047828674325,-2.115039110183716,359,-198,-254,-6.72314453125,6.8858399391174325,2.0624024868011475,4
88,184,-105,-7.4600586891174325,-5.148828029632568,-2.3447265625,314,-206,-225,-7.87158203125,7.7998046875,1.5743163824081419,4
118,204,-34,-7.6036133766174325,-4.71337890625,-1.6795898675918581,295,-194,-199,-7.909863471984862,7.9146485328674325,1.899707078933716,4
153,220,13,-7.46484375,-5.282812595367432,-0.2918945252895355,292,-176,-198,-6.498242378234862,7.8667969703674325,0.8326172232627869,4
159,211,26,-6.708789348602295,-5.258886814117432,1.2058594226837158,89,-111,-152,-4.560254096984863,7.809375286102295,1.358984351158142,4
111,179,45,-6.0484375953674325,-4.167870998382568,2.60791015625,-57,-60,-118,-4.0673828125,6.9336915016174325,1.89013671875,4
102,152,62,-6.110644817352295,-5.7708983421325675,3.7898437976837163,-146,-24,-106,-5.220605373382568,6.5987305641174325,3.3639647960662837,4
199,130,27,-8.551074028015138,-7.65625,4.742089748382568,-44,-20,-135,-8.27353572845459,6.7997069358825675,5.220605373382568,4
271,99,-19,-11.50351619720459,-6.852344036102295,4.708593845367432,-3,-29,-140,-9.1875,6.5078125,6.881054878234862,4
237,55,-56,-11.00107479095459,-4.828222751617432,4.579394817352295,57,-49,-165,-7.6753907203674325,6.2733397483825675,6.211133003234862,4
211,29,-89,-11.07763671875,-4.751660346984863,3.8376953601837163,137,-62,-205,-6.8379883766174325,8.340527534484862,6.0101561546325675,4
237,23,-107,-9.5703125,-4.636816501617432,3.1438477039337163,245,-97,-234,-6.541308879852295,9.1396484375,5.325879096984863,4
239,23,-99,-7.3165040016174325,-4.201367378234863,1.9619140625,277,-128,-208,-5.991015911102295,8.39794921875,3.0529296398162837,4
211,25,-86,-5.541211128234863,-5.828320503234862,1.0623047351837158,272,-142,-181,-5.646484375,7.3260741233825675,1.957129001617432,4
230,30,-123,-4.933495998382568,-9.75693416595459,0.703417956829071,308,-175,-162,-5.837890625,6.4886717796325675,3.8616211414337163,4
188,-5,-209,-7.522265911102295,-14.561230659484865,6.2015624046325675,200,-217,-73,-6.7040038108825675,13.096972465515135,11.04892635345459,4
162,-83,-358,-13.01084041595459,-22.303613662719727,9.66123104095459,83,-251,86,-5.9048829078674325,18.67646598815918,15.704883575439453,4
129,-158,-426,-14.202343940734865,-17.245702743530273,7.5653324127197275,32,-269,205,-2.9189453125,16.681055068969727,11.828906059265135,4
8,-221,-347,-10.565625190734863,-12.60888671875,6.043652534484862,-13,-249,223,0.27753907442092896,9.225781440734863,3.0672852993011475,4
-137,-256,-279,-8.39316463470459,-10.154101371765137,0.88525390625,-49,-202,196,1.368554711341858,4.766015529632568,-0.93310546875,4
-195,-220,-247,-5.632129192352295,-7.115527629852295,-1.8566406965255735,-50,-180,160,1.1101562976837158,2.8806641101837163,-2.052832126617432,4
-211,-145,-210,-3.61279296875,-4.13916015625,-3.416601657867432,-7,-162,117,0.8039062619209291,1.244140625,-3.8664064407348633,4
-244,-46,-146,-1.368554711341858,-2.622265577316284,-3.2347657680511475,110,-96,83,2.8567383289337163,-0.09091796725988388,-5.512500286102295,4
-267,44,-53,2.091113328933716,-3.631933689117432,-1.7274414300918581,170,21,26,6.7470703125,1.9140625,-5.225390911102295,4
-276,130,36,6.493457317352295,-5.593847751617432,2.0624024868011475,129,171,-15,7.53662109375,3.1916992664337163,2.717968702316284,4
-45,49,45,13.32666015625,-9.335840225219727,8.474512100219728,-21,90,-35,9.766504287719727,4.890429973602295,18.403711318969727,4
85,59,119,8.240038871765138,-1.0144531726837158,6.9193358421325675,-100,65,-67,10.04404354095459,-0.13876953721046448,6.541308879852295,4
97,41,237,3.0050780773162837,-0.4115234315395355,3.942968845367432,-67,83,-194,3.6223633289337163,-0.7608398795127869,2.244238376617432,4
124,55,320,-0.2823242247104645,-3.3639647960662837,-1.3972656726837158,-57,96,-319,-2.4930665493011475,1.4307616949081419,2.067187547683716,4
268,154,297,-1.4690430164337158,-9.436327934265137,-2.8519532680511475,-27,58,-423,-7.4600586891174325,6.325976848602295,4.177441596984863,4
323,280,223,-4.632031440734863,-7.144238471984862,0.6029297113418579,-162,47,-426,-10.029687881469727,6.62744140625,4.048242092132568,4
184,358,147,-11.091992378234863,-7.641894817352295,7.0628905296325675,-175,141,-433,-17.748144149780273,2.985937595367432,6.1537108421325675,4
6,348,101,-14.8818359375,-4.33056640625,12.470117568969727,38,163,-417,-22.26533317565918,7.1825194358825675,11.355175971984865,4
-117,219,151,-12.91513729095459,-7.455273628234862,11.570508003234865,101,99,-300,-14.85791015625,7.2734375,9.13486385345459,4
52,162,101,-8.03427791595459,-8.933886528015137,8.771191596984862,58,68,-216,-12.29306697845459,5.177539348602295,5.278027534484863,4
245,129,4,-7.527050971984862,-5.81396484375,8.527148246765138,89,57,-194,-10.30722713470459,7.29736328125,4.311425685882568,4
209,51,-18,-7.019824504852295,-1.5934571027755735,8.87646484375,138,29,-131,-9.16357421875,7.929004192352295,5.23974609375,4
101,-23,-3,-7.05810546875,-2.593554735183716,6.29248046875,159,4,-86,-7.646679878234862,5.660840034484862,4.861718654632568,4
169,-35,-25,-9.010449409484863,-7.067676067352295,3.665429830551148,203,-25,-50,-8.029492378234862,3.85205078125,4.675097942352295,4
273,-32,-56,-11.369531631469727,-8.000781059265138,1.9044922590255735,221,-44,-20,-9.919629096984863,3.5027344226837163,4.861718654632568,4
283,-19,-72,-12.154296875,-6.31640625,0.4019531309604645,216,-53,-7,-10.249804496765137,3.4548828601837163,5.6991209983825675,4
223,-2,-64,-10.54648494720459,-6.0962891578674325,-0.08134765923023224,224,-57,-17,-8.574999809265138,3.7228517532348633,6.254199504852295,4
204,14,-60,-8.814257621765137,-7.3739261627197275,-0.27753907442092896,169,-44,-27,-7.4361329078674325,3.4022462368011475,5.6895508766174325,4
246,33,-68,-8.12998104095459,-7.192090034484862,-0.64599609375,114,-35,-59,-6.809277534484862,2.17724609375,5.541211128234863,4
259,41,-72,-7.617969036102295,-5.995800971984862,-0.32539063692092896,133,-52,-113,-6.412109375,1.4546874761581419,5.081836223602295,4
247,35,-82,-6.7662110328674325,-5.158398628234863,-0.10527344048023224,169,-80,-164,-6.498242378234862,1.7035156488418581,3.679785251617432,4
221,21,-82,-7.5796875953674325,-5.325879096984863,-0.2344726622104645,151,-98,-200,-8.35009765625,3.3161132335662837,3.3304688930511475,4
219,17,-75,-10.02490234375,-6.7422852516174325,-0.2823242247104645,130,-94,-235,-12.216504096984865,4.115234375,3.5266602039337163,4
217,11,-68,-10.891016006469727,-8.005566596984862,-0.3636718690395355,203,-90,-248,-11.876757621765135,4.541113376617432,2.694042921066284,4
193,9,-72,-11.321680068969727,-8.149121284484862,-0.6986328363418579,228,-69,-215,-10.422070503234863,5.306738376617432,3.6941406726837163,4
158,7,-95,-9.010449409484863,-7.3021483421325675,-0.41630861163139343,129,-46,-172,-9.18271541595459,4.95263671875,4.1630859375,4
137,11,-110,-7.87158203125,-6.852344036102295,-0.32060548663139343,86,-42,-152,-8.694628715515138,3.1438477039337163,3.3974609375,4
155,19,-115,-8.20654296875,-7.4457035064697275,-0.29667970538139343,237,-57,-189,-8.30224609375,3.4500977993011475,2.641406297683716,4
178,28,-117,-8.61328125,-6.6083006858825675,-0.24882812798023224,200,-59,-157,-7.4839844703674325,6.206347942352295,2.8854491710662837,4
154,28,-113,-8.551074028015138,-5.8091797828674325,0.16748046875,159,-55,-114,-6.402539253234862,7.0389647483825675,3.440527439117432,4
134,25,-116,-8.024706840515138,-6.29248046875,0.16748046875,154,-53,-75,-5.392871379852295,6.6226563453674325,3.7898437976837163,4
137,35,-134,-9.70908260345459,-7.3260741233825675,0.8517578244209291,149,-69,-54,-7.1107420921325675,8.019922256469728,6.10107421875,4
92,32,-152,-9.59423828125,-7.550976753234862,2.9572265148162837,150,-88,-36,-7.0150389671325675,8.259180068969728,6.81884765625,4
81,35,-164,-9.512890815734863,-7.617969036102295,3.5314452648162837,143,-100,-23,-6.6561522483825675,8.17783260345459,7.8955078125,4
58,37,-163,-7.2734375,-7.1490235328674325,3.08642578125,139,-103,-20,-4.526757717132568,7.4696292877197275,6.900195598602295,4
45,37,-164,-5.273242473602295,-6.139355659484862,2.7083985805511475,126,-109,-18,-2.9811522960662837,6.43603515625,6.5748047828674325,4
14,38,-155,-3.832910299301148,-6.8427734375,2.27294921875,97,-118,-10,-1.5216797590255735,7.20166015625,7.426562786102295,4
56,61,-177,-2.94287109375,-12.38877010345459,5.7900390625,-6,-131,38,-0.07656250149011612,11.680566787719727,11.98203182220459,4
126,34,-245,-4.895215034484863,-16.944238662719727,9.11093807220459,-93,-141,127,-0.7608398795127869,14.97275447845459,13.94394588470459,4
76,-31,-288,-5.522070407867432,-15.006250381469727,6.6561522483825675,-63,-191,186,-1.6125977039337158,14.561230659484865,10.83359432220459,4
-6,-109,-279,-3.8616211414337163,-12.5849609375,2.962011814117432,-46,-218,210,-0.9713867306709291,9.264062881469727,5.258886814117432,4
-45,-164,-252,-2.79931640625,-7.6514649391174325,0.3636718690395355,0,-221,190,0.06220703199505806,4.292285442352295,2.0145509243011475,4
-84,-192,-204,-1.26806640625,-4.033886909484863,-1.263281226158142,53,-210,150,1.3781250715255735,1.837500095367432,0.5790039300918579,4
-129,-178,-145,0.636425793170929,-1.8470703363418581,-2.784960985183716,120,-178,101,1.909277439117432,0.4019531309604645,-1.5456055402755735,4
-184,-109,-81,3.1103515625,-1.5503906011581419,-5.0244140625,177,-60,69,3.3113281726837163,1.2919921875,-6.804492473602295,4
-225,28,-33,6.029296875,-2.1533203125,-4.392773628234863,150,147,51,3.7467775344848633,1.3781250715255735,-3.0290038585662837,4
-115,48,16,4.85693359375,-6.19677734375,19.88232421875,141,162,-9,1.7178710699081419,-0.095703125,26.20830154418945,4
0,28,55,11.484375,-1.5025390386581419,3.0290038585662837,-59,31,-25,9.92441463470459,3.6510741710662837,12.283495903015135,4
9,6,152,7.2255859375,-0.6986328363418579,2.3495118618011475,33,24,-129,6.756640911102295,-3.832910299301148,4.076953411102295,4
129,25,215,3.2204101085662837,-1.6173828840255735,-0.44023439288139343,8,40,-231,1.875781297683716,1.79443359375,3.6032226085662837,4
129,65,289,-0.6220703125,-1.8662109375,-0.15312500298023224,-31,52,-301,-0.8326172232627869,2.402148485183716,3.0290038585662837,4
176,118,327,-3.823339939117432,-9.6181640625,0.04306640848517418,-42,60,-387,-4.679883003234863,2.191601514816284,3.1151368618011475,4
300,231,294,-6.14892578125,-9.962695121765137,2.70361328125,-54,65,500,-10.7666015625,3.4548828601837163,3.3831055164337163,4
239,320,225,-10.843164443969727,-4.990918159484863,7.550976753234862,-185,108,500,-22.66250038146973,6.3690428733825675,8.053418159484862,4
-28,309,258,-17.111719131469727,-2.550488233566284,10.09189510345459,-232,148,-461,-26.06953239440918,10.393359184265137,14.66650390625,4
-129,164,267,-15.891504287719727,-7.5318360328674325,10.847949028015137,-202,142,-151,-13.570703506469727,3.871191501617432,9.25449275970459,4
-67,85,163,-9.776074409484863,-7.426562786102295,7.1250977516174325,-100,136,-41,-12.86728572845459,-0.3301757872104645,6.1680665016174325,4
-21,37,58,-8.024706840515138,-5.612988471984863,10.891016006469727,3,86,-40,-9.933984756469727,6.62744140625,7.3260741233825675,4
-12,-26,-21,-4.349707126617432,-10.07275390625,11.709277153015135,-97,58,7,-6.9815430641174325,5.3115234375,6.474316596984862,4
83,-42,-125,-2.60791015625,-15.795801162719727,6.62744140625,-107,59,0,-6.0819334983825675,-0.8134765625,0.669921875,4
229,-23,-215,-6.9671874046325675,-15.125879287719727,3.6271483898162837,101,33,-27,-8.833398818969727,-1.804003953933716,-3.37353515625,4
243,-10,-264,-10.948437690734863,-13.503710746765135,0.7369140982627869,254,4,-12,-10.771387100219727,-2.842382907867432,-3.63671875,4
192,17,-269,-13.331445693969727,-10.685254096984863,-1.6365234851837158,263,-14,-23,-10.728320121765137,-1.8662109375,-0.20097656548023224,4
78,49,-191,-10.771387100219727,-5.072265625,-4.502831935882568,300,-26,-49,-9.68994140625,-1.17236328125,0.74169921875,4
77,89,-105,-9.532031059265137,-5.077050685882568,-3.94775390625,331,-29,-74,-9.0439453125,1.4403320550918581,3.4022462368011475,4
107,108,-40,-9.292773246765137,-4.4501953125,-1.53125,299,-10,-96,-8.244824409484862,2.4930665493011475,4.100879192352295,4
86,108,-10,-7.3165040016174325,-4.033886909484863,0.559863269329071,352,-17,-119,-7.05810546875,2.387793064117432,4.053027629852295,4
114,116,-16,-4.78515625,-6.5365233421325675,1.9906250238418581,400,-49,-120,-6.306836128234862,2.004980564117432,3.0720703601837163,4
147,123,-15,-3.751562595367432,-6.613086223602295,3.1677734851837163,382,-76,-130,-9.154004096984863,1.02880859375,2.359081983566284,4
202,128,-17,-5.71826171875,-10.52734375,3.2921874523162837,340,-99,-168,-13.604199409484865,2.0576171875,1.344628930091858,4
286,120,-70,-9.005663871765137,-11.81455135345459,0.961816430091858,256,-94,-159,-16.446582794189453,4.172656536102295,1.50732421875,4
347,113,-132,-12.781152725219727,-10.938867568969727,-4.612890720367432,142,-79,-107,-13.451074600219727,6.9193358421325675,4.454980373382568,4
285,108,-129,-11.800195693969727,-7.857226848602295,-2.617480516433716,141,-119,-98,-11.59921932220459,7.5126953125,4.306640625,4
239,92,-123,-10.35986328125,-7.546191692352295,-2.028906345367432,183,-174,-92,-7.8189454078674325,9.345410346984863,1.2297852039337158,4
334,101,-144,-8.287890434265138,-7.39306640625,-3.7180664539337163,176,-212,-92,-5.76611328125,8.029492378234862,0.7751953005790709,4
402,102,-139,-6.62744140625,-5.7421875,-4.158300876617432,200,-247,-106,-4.651172161102295,7.6993165016174325,0.540722668170929,4
356,83,-90,-7.9481449127197275,-7.0150389671325675,-2.784960985183716,222,-262,-113,-2.335156202316284,8.809473037719727,2.10546875,4
306,72,-66,-14.317187309265135,-10.565625190734863,0.01435546949505806,304,-251,-135,-0.9091796875,14.106640815734865,3.03857421875,4
251,30,-125,-11.98203182220459,-9.393261909484863,1.4307616949081419,195,-220,-68,2.076757907867432,13.47021484375,2.234668016433716,4
122,-30,-214,-7.713672161102295,-9.986620903015137,2.162890672683716,200,-179,-12,3.5697267055511475,12.470117568969727,-0.02392578125,4
88,-53,-311,-6.5078125,-11.752344131469727,0.6172851920127869,-5,-138,120,2.12939453125,11.3408203125,1.1580078601837158,4
91,-48,-365,-6.493457317352295,-12.00595760345459,-0.2392578125,-227,-128,166,0.16269531846046448,8.665918350219728,2.435644626617432,4
29,-45,-359,-6.3929686546325675,-9.335840225219727,0.25361329317092896,-134,-156,83,0.10048828274011612,4.689453125,3.7659180164337163,4
1,-23,-321,-6.0771484375,-8.77597713470459,1.6652344465255735,0,-157,16,1.7513672113418581,4.502831935882568,2.22509765625,4
-47,7,-281,-4.909570217132568,-9.488965034484863,4.124804973602295,-84,-114,24,5.498144626617432,6.3451170921325675,5.43115234375,4
-35,12,-236,-3.8664064407348633,-14.561230659484865,9.56552791595459,-90,-112,13,7.737597942352295,10.058398246765137,6.7662110328674325,4
-75,-61,-168,-1.5408203601837158,-12.742871284484865,6.1919922828674325,14,-123,17,9.795214653015137,12.982129096984865,3.153418064117432,4
-143,-123,-108,1.933203220367432,-10.7666015625,2.48828125,7,-118,54,9.06308650970459,11.484375,-0.5455078482627869,4
-166,-137,-91,3.6702148914337163,-7.862011909484862,-0.2392578125,-83,-75,105,7.3260741233825675,7.378711223602295,-1.8805664777755735,4
-154,-100,-81,3.6271483898162837,-4.579394817352295,-1.7274414300918581,5,-51,95,5.4072265625,3.904687643051148,-3.0242187976837163,4
-196,-36,-42,3.4357421398162837,-3.1964843273162837,-4.0673828125,108,27,71,3.440527439117432,3.177343845367432,-5.019629001617432,4
-200,88,24,4.52197265625,-1.7561523914337158,-2.646191358566284,146,158,30,2.478710889816284,1.4690430164337158,-1.4451172351837158,4
-51,19,72,6.0580077171325675,-5.368945598602295,13.742968559265135,108,124,-63,1.119726538658142,2.0624024868011475,22.198339462280273,4
77,-2,134,4.038671970367432,-4.033886909484863,2.603125095367432,-67,43,-108,4.536328315734863,4.775586128234863,9.981836318969727,4
157,1,242,-0.17705078423023224,-3.8616211414337163,1.818359375,-31,66,-224,0.492871105670929,0.22011719644069672,3.368750095367432,4
340,86,266,-1.311132788658142,-9.436327934265137,-3.3783204555511475,-19,91,-349,-4.766015529632568,2.9955079555511475,4.129590034484863,4
340,205,227,-1.851855516433716,-12.91513729095459,2.784960985183716,-110,73,-404,-9.388476371765137,10.871874809265137,7.431347846984862,4
167,203,140,-0.01914062537252903,-12.254785537719727,10.12060546875,-264,121,-344,-12.345703125,7.84765625,6.9097657203674325,4
-18,144,56,3.42138671875,-15.21201229095459,10.3359375,-129,143,-318,-16.28388786315918,3.8424806594848633,9.88134765625,4
-5,134,-68,4.28271484375,-17.67158317565918,6.2685546875,107,98,-310,-15.21201229095459,7.9864258766174325,7.7806644439697275,4
93,151,-165,1.6078125238418581,-13.685546875,4.009961128234863,157,48,-241,-10.64218807220459,10.90537166595459,6.2685546875,4
140,157,-224,-1.1962890625,-11.62314510345459,3.7659180164337163,56,19,-143,-8.311816215515138,7.790234565734862,4.04345703125,4
99,145,-245,-2.138964891433716,-11.881543159484865,2.775390625,96,5,-126,-7.4600586891174325,4.8330078125,2.3495118618011475,4
88,148,-261,-2.387793064117432,-13.015625,0.14833985269069672,234,-9,-143,-8.981738090515137,4.727734565734863,1.5264648199081419,4
94,153,-270,-2.383007764816284,-13.80039119720459,-2.239453077316284,271,-17,-161,-11.50830078125,6.2254881858825675,1.1484375,4
60,175,-279,-3.03857421875,-13.192675590515135,-2.808886766433716,254,-15,-164,-13.073046684265135,5.234961032867432,1.4786132574081419,4
-19,199,-273,-3.9333984851837163,-13.527636528015135,-2.784960985183716,288,-52,-183,-13.39365291595459,5.727832317352295,2.239453077316284,4
-29,254,-255,-5.947949409484862,-13.891308784484865,-2.99072265625,355,-133,-213,-15.23593807220459,7.2447266578674325,3.009863376617432,4
-14,292,-222,-7.450488567352295,-14.097070693969727,-0.06699218600988388,340,-202,-212,-12.647168159484865,10.895800590515137,2.722754001617432,4
-12,299,-181,-8.1826171875,-12.230859756469727,0.913964867591858,282,-221,-194,-7.498340129852295,12.551465034484865,3.0529296398162837,4
14,293,-144,-8.000781059265138,-12.12558650970459,0.7464843988418579,276,-229,-181,-4.660742282867432,11.379101753234865,3.5553710460662837,4
55,276,-133,-6.522168159484862,-9.120508193969727,-0.13398437201976776,316,-252,-145,-3.8376953601837163,9.436327934265137,1.923632860183716,4
51,254,-123,-4.962207317352295,-7.527050971984862,-0.8039062619209291,273,-259,-87,-3.5888671875,8.168261528015138,0.13876953721046448,4
68,244,-120,-4.507617473602295,-7.6371097564697275,-1.392480492591858,207,-247,-37,-2.593554735183716,7.3021483421325675,-1.057519555091858,4
97,249,-134,-4.507617473602295,-8.531933784484862,-1.9140625,67,-228,0,-2.794531345367432,8.56064510345459,0.34931641817092896,4
113,252,-141,-5.507714748382568,-10.64218807220459,-0.06220703199505806,0,-237,-19,-2.4404296875,9.85263729095459,1.052734375,4
111,240,-161,-6.5125975608825675,-10.59912109375,0.9235351681709291,-19,-234,-43,-0.3349609375,9.11572265625,1.0144531726837158,4
92,215,-179,-5.919238567352295,-8.240038871765138,1.4499024152755735,-39,-218,-51,1.244140625,9.216211318969727,1.3015625476837158,4
72,185,-147,-5.067480564117432,-9.819140434265137,3.3878905773162837,-76,-188,-62,2.071972608566284,10.804883003234863,3.129492282867432,4
82,163,-144,-5.412011623382568,-13.245312690734865,9.656445503234863,-78,-163,-65,4.957421779632568,14.30283260345459,8.187402725219728,4
101,135,-191,-4.766015529632568,-11.953320503234865,11.283398628234865,-103,-153,4,6.589160442352295,15.791015625,6.593945503234862,4
114,80,-209,-4.5458984375,-11.187695503234863,9.340624809265137,-145,-133,70,5.5029296875,11.202051162719727,3.5984375476837163,4
93,-38,-191,-3.1103515625,-9.197070121765137,8.24960994720459,-224,-139,131,4.900000095367432,10.039258003234863,2.210742235183716,4
48,-153,-172,-1.7274414300918581,-7.9002933502197275,2.8854491710662837,-221,-171,113,3.56494140625,5.6512694358825675,0.6412109732627869,4
-2,-214,-158,-0.6890625357627869,-6.876269817352295,-1.0048828125,-23,-207,21,3.296972751617432,3.2826173305511475,-0.9953125119209291,4
-115,-246,-129,0.98095703125,-6.6944336891174325,-2.6844727993011475,126,-191,-14,5.3115234375,5.522070407867432,-1.4451172351837158,4
-203,-208,-93,2.9955079555511475,-5.995800971984862,-3.6510741710662837,253,-118,-30,7.144238471984862,5.038769721984863,-4.454980373382568,4
-239,-67,-43,6.3690428733825675,-5.5986328125,-4.900000095367432,203,55,-43,8.330957412719728,4.081738471984863,-2.6796875,4
-216,93,47,7.560546875,-3.4453125,-0.3875976502895355,42,206,-39,6.948047161102295,4.670312404632568,4.574609279632568,4
-84,5,90,8.68505859375,-7.814160346984862,1.7130860090255735,-27,65,-67,5.579492092132568,5.924023628234862,16.95380973815918,4
101,37,138,2.87109375,-4.029101848602295,1.9523438215255735,-63,51,-109,4.3544921875,2.2298829555511475,4.579394817352295,4
177,49,213,0.4641601741313934,-2.6844727993011475,0.9235351681709291,55,56,-227,0.8230468630790709,1.923632860183716,2.579199314117432,4
190,84,270,-1.9523438215255735,-4.478906154632568,-0.7273437380790709,-15,68,-297,-1.02880859375,1.9666992425918581,2.478710889816284,4
218,140,291,-4.847363471984863,-7.68017578125,0.588574230670929,-43,73,-379,-4.344922065734863,3.320898532867432,3.1869142055511475,4
193,191,294,-7.0389647483825675,-7.8763675689697275,2.938086032867432,-185,113,-432,-10.1923828125,4.483691692352295,4.172656536102295,4
89,214,297,-12.19736385345459,-7.235156536102295,7.2208008766174325,-311,192,-409,-19.41816520690918,5.684765815734862,10.45556640625,4
-56,200,304,-15.393848419189453,-7.9864258766174325,7.751953125,-230,206,-300,-20.418262481689453,3.6845703125,14.264551162719727,4
-18,147,227,-12.80029296875,-10.49863338470459,10.33115291595459,-82,135,-147,-11.307324409484865,4.325781345367432,11.55136775970459,4
44,103,117,-9.125292778015137,-7.15380859375,8.603711128234862,43,66,-62,-7.933789253234862,0.8661133050918579,7.5126953125,4
-4,38,53,-7.7088871002197275,-4.598535060882568,7.814160346984862,86,19,-50,-7.048535346984862,3.9142580032348633,5.93359375,4
-60,-18,3,-7.139453411102295,-4.368847846984863,6.4551758766174325,85,-23,6,-7.2542967796325675,5.52685546875,7.4935550689697275,4
-74,-51,-57,-8.144335746765138,-5.053124904632568,4.660742282867432,97,-44,20,-7.6610355377197275,0.2583984434604645,7.407422065734862,4
-37,-63,-117,-9.646875381469727,-5.105762004852295,3.8185548782348633,118,-46,17,-7.1729493141174325,-0.21533203125,7.790234565734862,4
-38,-80,-140,-10.9580078125,-3.5984375476837163,4.005176067352295,123,-54,47,-7.7232422828674325,0.861328125,7.096386909484862,4
-89,-100,-127,-10.589550971984863,-2.052832126617432,3.344824314117432,95,-46,80,-8.149121284484862,1.4690430164337158,6.426465034484862,4
-122,-96,-103,-9.895703315734863,-1.84228515625,2.569628953933716,104,-26,89,-8.0869140625,2.966796875,5.47900390625,4
-98,-77,-78,-9.072656631469727,-2.0624024868011475,2.46435546875,-12,15,111,-7.2303709983825675,5.498144626617432,4.120019435882568,4
-68,-57,-53,-8.240038871765138,-1.93798828125,2.598339796066284,-98,44,136,-5.7421875,6.589160442352295,2.4930665493011475,4
-59,-46,-18,-8.570215225219728,-2.124609470367432,2.808886766433716,-151,64,148,-6.330761909484862,7.369140625,2.201171875,4
-59,-39,25,-7.5653324127197275,-3.0002930164337163,3.153418064117432,-162,70,159,-6.890625,8.790331840515138,2.359081983566284,4
-41,-47,52,-7.2064452171325675,-4.751660346984863,3.1486327648162837,-151,80,181,-7.5126953125,9.795214653015137,2.378222703933716,4
-34,-84,75,-8.11083984375,-4.804296970367432,3.320898532867432,-141,103,202,-6.6800780296325675,10.919726371765137,1.6652344465255735,4
-161,-176,120,-10.560839653015137,-4.722949504852295,1.272851586341858,-130,132,224,-5.541211128234863,10.651758193969727,0.20097656548023224,4
-163,-243,135,-13.80039119720459,-9.03916072845459,-2.9045898914337163,-123,159,216,-5.531640529632568,11.680566787719727,-3.856836080551148,4
-210,-302,150,-14.963184356689453,-9.02001953125,-4.90478515625,-148,194,212,-7.46484375,13.259668350219727,-5.297168254852295,4
-247,-383,168,-15.16416072845459,-11.09677791595459,-6.426465034484862,-194,208,217,-12.474902153015135,12.96298885345459,-4.938281536102295,4
-234,-448,171,-12.25,-14.76220703125,-8.886034965515137,-259,216,237,-13.479784965515135,11.5322265625,-3.464453220367432,4
-202,-471,172,-8.125195503234862,-14.609082221984865,-11.044140815734863,-307,219,229,-13.3984375,9.747363090515137,-1.9523438215255735,4
-177,-412,143,-2.8758790493011475,-13.460644721984865,-11.59921932220459,-323,218,207,-11.757128715515135,7.6753907203674325,-0.2440429776906967,4
-132,-299,106,0.7225586175918579,-9.130078315734863,-8.29746150970459,-349,179,204,-8.747265815734862,5.388085842132568,1.8662109375,4
-103,-237,86,2.028906345367432,-5.378515720367432,-4.56982421875,-283,124,193,-4.95263671875,3.9573242664337163,0.9666016101837158,4
-71,-233,87,0.7799804806709291,-7.1011719703674325,-2.8375976085662837,-252,102,176,-3.94775390625,3.4596679210662837,1.981054782867432,4
-3,-236,88,-1.5886719226837158,-9.024805068969727,-0.74169921875,-188,85,146,-4.09130859375,5.110547065734863,5.081836223602295,4
-5,-242,123,-2.646191358566284,-9.35498046875,1.033593773841858,-152,57,136,-5.359375,9.790430068969727,8.82382869720459,4
-42,-256,181,-2.813671827316284,-13.355371475219727,0.9905273914337158,-106,50,151,-6.7470703125,12.886425971984865,8.503222465515138,4
-30,-259,177,-2.17724609375,-13.001269340515135,0.913964867591858,-66,35,197,-6.474316596984862,11.202051162719727,6.325976848602295,4
-51,-255,142,-1.167578101158142,-11.039355278015137,0.7560546994209291,-123,25,251,-8.22568416595459,10.579980850219727,3.6462891101837163,4
-36,-238,83,-2.1102540493011475,-12.5849609375,3.1390626430511475,-138,-3,272,-10.082324028015137,12.336133003234865,4.588964939117432,4
-11,-198,39,-3.61279296875,-15.853222846984865,6.1728515625,-95,-54,272,-12.93906307220459,17.662012100219727,8.594141006469728,4
-19,-181,-9,-1.69873046875,-14.479883193969727,8.723340034484862,-35,-102,303,-12.60410213470459,17.700292587280273,8.340527534484862,4
-46,-182,-69,1.5408203601837158,-12.025097846984865,4.292285442352295,24,-148,329,-11.489160537719727,14.66650390625,6.5556640625,4
-60,-168,-122,3.4835937023162837,-8.58935546875,0.21533203125,150,-170,312,-9.369336128234863,10.393359184265137,3.703711032867432,4
-61,-148,-154,3.9381837844848633,-5.421582221984863,-2.339941501617432,253,-133,260,-6.139355659484862,7.527050971984862,1.5216797590255735,4
-87,-128,-157,3.392675876617432,-4.373632907867432,-2.7562501430511475,296,-72,192,-3.1916992664337163,6.10107421875,1.12451171875,4
-145,-90,-113,4.230078220367432,-4.23486328125,-4.086523532867432,261,26,103,-0.6412109732627869,5.93359375,0.09091796725988388,4
-182,4,-55,5.153613567352295,-6.5556640625,-2.842382907867432,170,155,29,1.1388672590255735,5.608203411102295,3.808984518051148,4
-107,55,14,-1.153222680091858,-7.809375286102295,18.427637100219727,75,169,-7,2.94287109375,4.880859375,25.75849723815918,4
-16,26,63,7.3021483421325675,-3.3161132335662837,-0.20097656548023224,-28,12,-38,6.809277534484862,6.230273723602295,13.355371475219727,4
69,19,132,4.110449314117432,-2.48828125,1.3494141101837158,3,10,-112,4.493261814117432,1.177148461341858,4.081738471984863,4
190,15,193,0.42109376192092896,-5.804394721984862,-0.7369140982627869,-79,44,-192,1.72265625,2.866308689117432,2.579199314117432,4
262,76,229,-2.6605470180511475,-10.780957221984863,-1.358984351158142,-96,81,-254,-1.6843750476837158,7.024609565734862,4.320996284484863,4
406,181,162,-4.488476753234863,-11.785840034484865,0.684277355670929,-84,96,-275,-4.416699409484863,10.924511909484863,5.7948241233825675,4
272,248,139,-6.756640911102295,-4.608105659484863,5.727832317352295,-94,113,-243,-4.029101848602295,10.55126953125,7.235156536102295,4
-22,216,188,-9.034375190734863,-2.8806641101837163,8.450586318969728,-44,91,-213,-2.306445360183716,10.158886909484863,9.35019588470459,4
-204,154,257,-10.900586128234863,-7.9959964752197275,6.8954100608825675,-33,71,-158,0.15791015326976776,13.522851943969727,8.49365234375,4
-131,132,218,-9.790430068969727,-11.12070369720459,5.93359375,-74,63,-58,1.0862305164337158,16.446582794189453,7.378711223602295,4
-22,134,129,-8.263964653015138,-7.641894817352295,6.665722846984862,-100,60,46,0.4115234315395355,15.12109375,6.306836128234862,4
-63,86,81,-7.4696292877197275,-3.584082126617432,7.6131839752197275,-81,58,114,-0.8086914420127869,12.814648628234865,5.498144626617432,4
-169,-13,76,-6.713574409484862,-2.60791015625,6.0819334983825675,-59,76,158,-2.392578125,13.4462890625,3.7467775344848633,4
-269,-132,74,-8.378808975219728,-2.8998048305511475,2.641406297683716,-89,114,213,-4.220508098602295,13.94873046875,1.7848633527755735,4
-403,-240,54,-14.054003715515135,-4.244433879852295,0.2440429776906967,-119,145,252,-6.4886717796325675,11.824121475219727,0.9761719107627868,4
-498,-331,4,-16.968164443969727,-6.904980659484862,0.10527344048023224,-102,174,244,-7.5653324127197275,10.814453125,0.12441406399011612,4
-450,-357,-54,-15.42734432220459,-7.9912109375,0.636425793170929,-109,201,221,-8.761621475219728,11.493945121765135,0.55029296875,4
-250,-342,-35,-8.077343940734862,-6.282910346984862,-0.5933594107627869,-196,220,199,-8.713769912719728,9.88134765625,0.15791015326976776,4
15,-293,8,-1.7178710699081419,-4.4501953125,0.3780273497104645,-263,212,144,-8.771191596984862,9.3310546875,1.5168945789337158,4
-128,-294,164,-0.535937488079071,-8.29746150970459,-1.5982421636581419,-243,178,114,-7.6753907203674325,9.240137100219727,1.6413086652755735,4
-50,-283,116,-1.248925805091858,-9.460253715515137,-0.7799804806709291,-216,153,142,-5.062695503234863,6.948047161102295,2.22509765625,4
-49,-272,80,-2.665332078933716,-8.244824409484862,-1.909277439117432,-176,133,141,-2.89501953125,5.292382717132568,1.5743163824081419,4
-83,-256,76,-4.919140815734863,-6.5987305641174325,-2.162890672683716,-160,131,116,-1.024023413658142,6.29248046875,1.2824219465255735,4
-56,-250,84,-7.15380859375,-5.646484375,-1.72265625,-149,141,110,-1.7800781726837158,9.51767635345459,1.5886719226837158,4
-54,-265,165,-7.5892581939697275,-6.660937786102295,-1.1627930402755735,-152,131,131,-8.096484184265138,14.527734756469727,2.473925828933716,4
-18,-281,226,-5.158398628234863,-12.278711318969727,-0.9043945670127868,-241,115,195,-13.092187881469727,15.81015682220459,-0.11484375596046448,4
-39,-312,240,-7.0628905296325675,-17.3701171875,1.3781250715255735,-329,103,252,-15.73837947845459,17.063867568969727,0.03828125074505806,4
-120,-343,195,-6.31640625,-16.800683975219727,-0.588574230670929,-307,71,304,-16.853321075439453,16.566211700439453,-1.55517578125,4
-138,-326,114,-3.7898437976837163,-14.369824409484865,-0.8900390863418579,-287,15,351,-15.6953125,16.26953125,-1.74658203125,4
-62,-267,29,-0.8230468630790709,-12.934277534484865,1.9619140625,-158,-52,360,-12.661523818969727,16.61884880065918,0.5790039300918579,4
19,-195,-42,2.000195264816284,-12.254785537719727,2.8854491710662837,-56,-94,379,-11.1015625,15.901074409484865,3.3831055164337163,4
28,-177,-90,3.0242187976837163,-10.814453125,2.497851610183716,3,-138,371,-10.83359432220459,14.14013671875,4.029101848602295,4
-13,-184,-121,3.2921874523162837,-8.886034965515137,-1.344628930091858,54,-166,330,-9.61337947845459,11.50830078125,4.04345703125,4
-68,-185,-141,3.727636814117432,-7.3212890625,-4.268359661102295,109,-166,234,-8.024706840515138,8.35009765625,2.890234470367432,4
-130,-163,-140,4.488476753234863,-6.5508790016174325,-4.397558689117432,405,-106,103,-2.8854491710662837,8.15390682220459,-0.4306640625,4
-206,-97,-105,5.220605373382568,-6.9193358421325675,-4.708593845367432,280,67,32,-1.804003953933716,8.15869140625,-0.7751953005790709,4
-224,51,-19,5.517285346984863,-3.919043064117432,-2.3016602993011475,105,229,24,0.88525390625,5.14404296875,7.82373046875,4
50,55,19,5.292382717132568,-3.3783204555511475,6.6226563453674325,76,47,-61,4.990918159484863,9.364550590515137,24.854101181030273,4
34,38,140,2.9093749523162837,-2.8232421875,3.9812500476837163,-125,19,-64,4.28271484375,4.349707126617432,7.115527629852295,4
135,30,222,-0.18183593451976776,-4.550683498382568,2.08154296875,-60,39,-162,2.210742235183716,3.4931640625,3.2060546875,4
232,80,253,-2.583984375,-9.49853515625,-2.359081983566284,-133,66,-201,-0.4115234315395355,8.029492378234862,2.7275390625,4
248,152,251,-5.732617378234862,-9.106152534484863,0.40673828125,-121,81,-210,-0.8182617425918579,8.005566596984862,4.612890720367432,4
229,191,221,-7.0150389671325675,-11.809765815734865,3.2156250476837163,-29,71,-208,-0.7943359613418579,8.244824409484862,6.637012004852295,4
196,208,169,-7.785449504852295,-8.651562690734862,6.0771484375,26,66,-173,-0.0478515625,11.733202934265135,6.86669921875,4
17,174,179,-9.871777534484863,-5.6895508766174325,8.029492378234862,11,73,-106,1.2919921875,14.010937690734865,6.4791016578674325,4
-158,103,207,-10.412500381469727,-7.0533204078674325,6.2159180641174325,-24,104,-12,1.296777367591858,14.8818359375,4.909570217132568,4
-147,53,162,-9.058300971984863,-8.10605525970459,4.478906154632568,-52,134,82,1.2058594226837158,13.3505859375,3.2060546875,4
-135,5,101,-8.92431640625,-5.8809571266174325,3.6845703125,-77,153,140,-0.17226563394069672,12.6806640625,2.603125095367432,4
-205,-48,85,-9.465039253234863,-5.172753810882568,3.0146484375,-97,157,167,-2.9093749523162837,12.93906307220459,2.842382907867432,4
-257,-98,68,-7.6083984375,-5.919238567352295,2.009765625,-108,154,192,-4.01953125,11.972460746765135,2.579199314117432,4
-276,-147,58,-7.024609565734862,-6.0723633766174325,0.3828125,-92,156,210,-3.7467775344848633,11.015429496765137,1.248925805091858,4
-314,-201,86,-9.503320693969727,-8.10605525970459,-1.1149414777755735,-73,166,204,-3.5075194835662837,12.05380916595459,0.24882812798023224,4
-396,-275,115,-11.8671875,-9.94834041595459,-0.14833985269069672,-49,194,201,-5.325879096984863,14.312402725219727,-1.5743163824081419,4
-407,-312,114,-11.068066596984863,-10.1923828125,-1.0670899152755735,-41,251,203,-8.460156440734862,13.187891006469727,-2.392578125,4
-303,-304,104,-7.6083984375,-9.795214653015137,0.06220703199505806,-54,293,191,-8.407519340515138,10.752245903015137,-1.60302734375,4
-232,-315,134,-4.488476753234863,-8.718554496765138,-0.2918945252895355,-100,301,149,-8.17783260345459,9.096582412719727,0.13876953721046448,4
-179,-304,127,-1.7992187738418581,-12.120800971984865,-0.3780273497104645,-161,276,109,-7.4839844703674325,7.838086128234862,2.028906345367432,4
-127,-295,84,-1.153222680091858,-10.07275390625,1.009667992591858,-254,241,151,-5.9288086891174325,7.3739261627197275,2.9093749523162837,4
-118,-314,37,-2.583984375,-8.641992568969728,-0.5263671875,-208,196,179,-2.9572265148162837,5.947949409484862,1.6221679449081419,4
-65,-309,19,-4.885644435882568,-9.68515682220459,-0.9426758289337158,-133,188,144,-1.9044922590255735,7.330859661102295,1.8087891340255735,4
-44,-284,50,-5.19189453125,-8.73291015625,-0.18183593451976776,-125,187,112,-5.139257907867432,11.326464653015135,5.0244140625,4
-63,-264,114,-2.316015720367432,-6.91455078125,-0.287109375,-191,160,139,-9.125292778015137,11.881543159484865,6.2159180641174325,4
-38,-247,147,0.636425793170929,-8.723340034484862,-0.913964867591858,-130,113,161,-7.7328128814697275,10.11582088470459,3.1007812023162837,4
55,-234,128,-1.7035156488418581,-8.388379096984862,0.8900390863418579,-128,130,198,-2.8232421875,9.97226619720459,-2.2777345180511475,4
21,-263,100,-4.263574123382568,-8.6611328125,1.5886719226837158,-190,158,252,-2.354296922683716,11.044140815734863,-2.215527296066284,4
10,-276,94,-5.555566310882568,-9.651659965515137,2.2490234375,-219,112,244,-7.7471680641174325,16.159473419189453,0.4880859553813934,4
-55,-277,157,-4.483691692352295,-11.81455135345459,4.866504192352295,-119,27,239,-15.470410346984865,20.872852325439453,7.689746379852295,4
-6,-239,141,0.05263672024011612,-17.79121208190918,5.325879096984863,-54,-34,294,-13.843457221984865,16.657129287719727,9.283203125,4
12,-197,36,4.373632907867432,-16.733692169189453,4.009961128234863,-15,-112,329,-11.135058403015137,10.7666015625,8.08212947845459,4
-25,-181,-77,7.498340129852295,-12.96298885345459,-1.4546874761581419,38,-173,305,-7.9625000953674325,6.86669921875,6.14892578125,4
-67,-139,-164,6.785351753234862,-8.99609375,-5.469433784484863,69,-185,251,-4.086523532867432,4.933495998382568,4.024316310882568,4
-81,-97,-206,4.04345703125,-6.38818359375,-5.316308498382568,213,-176,148,-1.105371117591858,4.383203029632568,2.311230421066284,4
-119,-72,-189,3.2874023914337163,-5.483788967132568,-5.531640529632568,246,-102,98,1.5934571027755735,4.78515625,-0.4593750238418579,4
-225,-26,-116,3.4453125,-6.5604491233825675,-5.775683879852295,166,13,50,3.8376953601837163,5.129687786102295,-2.550488233566284,4
-270,79,-26,3.4931640625,-7.87158203125,-3.4740235805511475,29,167,28,4.684668064117432,4.244433879852295,-0.16748046875,4
-106,76,39,1.0144531726837158,-12.934277534484865,19.652637481689453,45,189,-37,1.3254883289337158,-2.9572265148162837,22.413671493530273,4
76,30,92,3.8185548782348633,-1.79443359375,5.775683879852295,-62,54,-62,4.90478515625,6.8714842796325675,11.737988471984865,4
129,6,204,0.01914062537252903,-4.550683498382568,4.435840129852295,6,58,-139,3.9621095657348633,1.0862305164337158,1.9284180402755735,4
283,39,232,-2.598339796066284,-10.182812690734863,-0.6220703125,41,74,-231,1.6700195074081419,2.717968702316284,0.22968751192092896,4
401,133,216,-4.301855564117432,-10.058398246765137,-0.34453126788139343,-50,120,-250,1.2776367664337158,6.986328125,1.9044922590255735,4
332,192,188,-5.612988471984863,-7.2686524391174325,5.225390911102295,-75,144,-228,3.1438477039337163,10.71396541595459,4.895215034484863,4
41,147,229,-8.149121284484862,-3.799414157867432,10.560839653015137,-148,168,-122,1.995410203933716,16.728906631469727,5.201465129852295,4
-226,60,316,-9.072656631469727,-7.4169921875,6.43603515625,-126,179,0,0.6986328363418579,17.738574981689453,6.220703125,4
-239,15,326,-8.981738090515137,-14.369824409484865,2.9476563930511475,-113,194,131,-0.4880859553813934,17.317480087280273,4.718163967132568,4
-142,7,242,-5.95751953125,-14.264551162719727,3.641504049301148,-119,177,212,-2.383007764816284,12.6806640625,5.780468940734862,4
-185,-40,181,-5.9814453125,-9.7138671875,3.3543946743011475,-85,159,233,-3.7419922351837163,10.733105659484863,4.852148532867432,4
-293,-120,170,-9.895703315734863,-10.048828125,0.39716798067092896,-55,171,240,-4.636816501617432,11.484375,2.339941501617432,4
-364,-210,144,-13.073046684265135,-10.560839653015137,-0.0478515625,-111,202,246,-5.732617378234862,12.541894912719727,-1.177148461341858,4
-441,-321,126,-16.614063262939453,-8.211328506469728,-0.55029296875,-102,225,222,-6.86669921875,11.98681640625,-1.024023413658142,4
-415,-395,98,-13.886523246765135,-9.704297065734863,-2.7275390625,-106,244,199,-7.957715034484862,11.379101753234865,-0.8086914420127869,4
-282,-416,85,-8.603711128234862,-10.11582088470459,-5.062695503234863,-201,263,183,-8.20175838470459,11.661425590515135,-0.57421875,4
-167,-378,82,-2.698828220367432,-9.862207412719727,-5.6991209983825675,-230,247,166,-9.321484565734863,9.981836318969727,0.655566394329071,4
-87,-318,85,-1.26806640625,-7.8285160064697275,-4.722949504852295,-223,208,171,-7.359570503234862,7.91943359375,1.02880859375,4
-67,-289,73,-4.024316310882568,-7.211230754852295,-4.287499904632568,-200,170,185,-3.344824314117432,6.00537109375,0.7321289181709291,4
-79,-283,84,-7.263867378234862,-7.909863471984862,-3.18212890625,-128,156,170,-2.473925828933716,7.216015815734862,2.311230421066284,4
-65,-267,123,-7.34521484375,-9.125292778015137,-0.7321289181709291,-143,164,132,-5.091406345367432,14.01572322845459,3.713281393051148,4
-25,-263,194,-7.2782225608825675,-11.02500057220459,1.3063477277755735,-181,158,194,-9.49375057220459,17.260059356689453,3.990820407867432,4
-6,-299,223,-6.2733397483825675,-11.570508003234865,2.03369140625,-145,115,267,-9.08701229095459,14.9296875,1.143652319908142,4
-22,-320,147,-3.665429830551148,-12.379199028015135,1.1867188215255735,-147,78,313,-7.766308784484862,14.455957412719727,0.93310546875,4
42,-277,65,-2.08154296875,-14.3076171875,1.4164062738418581,-150,31,335,-9.4267578125,18.96357536315918,2.722754001617432,4
93,-219,15,-0.93310546875,-14.149706840515135,3.4022462368011475,-158,-15,361,-10.843164443969727,21.3896484375,4.517187595367432,4
31,-190,-15,1.4881836175918581,-11.67578125,3.2921874523162837,-102,-73,368,-11.283398628234865,17.212207794189453,6.14892578125,4
-48,-185,-43,2.9811522960662837,-11.09677791595459,1.4881836175918581,11,-130,317,-10.536913871765137,11.948534965515135,5.512500286102295,4
-108,-175,-87,4.90478515625,-9.000879287719727,-2.335156202316284,150,-154,213,-7.84765625,9.077441215515137,4.938281536102295,4
-165,-151,-107,6.115429878234862,-6.794921875,-3.8759765625,226,-138,137,-4.7373046875,6.2685546875,5.110547065734863,4
-184,-101,-102,6.4408202171325675,-5.971875190734862,-3.6462891101837163,218,-104,69,-1.9619140625,4.565039157867432,3.56494140625,4
-232,-41,-59,5.991015911102295,-6.780566692352295,-2.583984375,146,-18,13,1.2824219465255735,3.5266602039337163,2.383007764816284,4
-187,65,-13,5.7374024391174325,-6.67529296875,-0.7608398795127869,72,95,-11,5.584277629852295,3.349609375,5.7469725608825675,4
21,76,14,4.655957221984863,-6.10107421875,7.1825194358825675,162,43,-93,7.5653324127197275,4.512402534484863,18.70039176940918,4
40,54,128,1.320703148841858,-1.009667992591858,5.172753810882568,-82,22,-71,6.1919922828674325,5.7708983421325675,5.16796875,4
132,33,224,-1.6939452886581419,-5.498144626617432,3.349609375,-95,81,-145,2.808886766433716,2.2298829555511475,1.4403320550918581,4
166,40,272,-3.5458009243011475,-6.019726753234862,0.913964867591858,-123,143,-221,-0.7225586175918579,3.1486327648162837,2.473925828933716,4
207,91,299,-6.0771484375,-9.823925971984863,-0.12441406399011612,-115,164,-245,-2.794531345367432,8.39794921875,4.153515815734863,4
335,176,255,-7.7567386627197275,-12.407910346984865,2.2777345180511475,-139,181,-209,-2.378222703933716,7.646679878234862,5.780468940734862,4
259,242,203,-9.943554878234863,-5.837890625,7.46484375,-125,173,-159,-1.8566406965255735,10.47470760345459,10.345507621765137,4
-74,184,228,-13.10654354095459,-4.268359661102295,10.364648818969727,-65,143,-84,-0.512011706829071,16.86767578125,12.862500190734865,4
-229,96,200,-11.919824600219727,-8.718554496765138,8.01513671875,-62,106,59,0.04306640848517418,17.896484375,10.996289253234863,4
-162,45,107,-8.25439453125,-9.144433975219727,7.067676067352295,-72,88,149,-1.12451171875,12.589746475219727,7.929004192352295,4
-143,-34,57,-5.469433784484863,-5.38330078125,5.105762004852295,-77,83,188,-2.9763672351837163,11.158984184265137,5.7469725608825675,4
-235,-127,67,-5.6656250953674325,-4.09130859375,1.5886719226837158,-122,89,223,-4.756445407867432,10.800097465515137,2.387793064117432,4
-319,-200,88,-11.2451171875,-6.7422852516174325,-1.081445336341858,-143,122,239,-5.072265625,12.10166072845459,-2.7801759243011475,4
-438,-296,96,-15.40341854095459,-9.431543350219727,-1.1388672590255735,-111,177,223,-6.570019721984862,13.47021484375,-3.66064453125,4
-478,-369,80,-14.054003715515135,-9.871777534484863,-1.095800757408142,-112,239,222,-11.69492244720459,16.518360137939453,-2.378222703933716,4
-333,-395,73,-8.46494197845459,-9.90048885345459,-1.971484422683716,-199,266,267,-12.781152725219727,14.341113090515135,-2.167675733566284,4
-202,-408,92,-3.66064453125,-10.182812690734863,-3.8185548782348633,-219,245,271,-12.350488662719727,11.76669979095459,-1.6843750476837158,4
-162,-387,145,-1.2919921875,-8.63242244720459,-4.349707126617432,-151,204,236,-11.197265625,10.54648494720459,-0.18662109971046448,4
-114,-331,99,-1.1388672590255735,-10.350293159484863,-3.0194337368011475,-137,190,238,-9.484179496765137,7.742383003234862,-0.8326172232627869,4
-86,-306,76,-4.201367378234863,-8.326171875,-2.1820313930511475,-159,175,247,-6.57958984375,6.158496379852295,-1.0670899152755735,4
-82,-286,93,-5.7469725608825675,-8.761621475219728,-1.9906250238418581,-106,181,221,-4.7373046875,6.450390815734862,-0.8278320431709291,4
-25,-271,121,-6.2637696266174325,-8.503222465515138,-0.3828125,-24,202,163,-3.4835937023162837,8.75205135345459,-0.6986328363418579,4
-11,-286,150,-5.6512694358825675,-7.450488567352295,-0.6986328363418579,-36,226,174,-4.287499904632568,10.800097465515137,-0.559863269329071,4
-18,-295,151,-5.033984661102295,-9.11093807220459,-1.9044922590255735,-78,222,221,-5.249316692352295,13.53720760345459,-0.7847656607627869,4
25,-245,137,-5.105762004852295,-14.944043159484865,4.40234375,-89,194,225,-7.7328128814697275,22.078710556030273,1.5886719226837158,4
65,-204,102,-4.411914348602295,-14.94882869720459,8.953027725219727,-94,162,292,-8.517578125,22.6337890625,2.9093749523162837,4
69,-142,51,-1.33984375,-14.42246150970459,7.354785442352295,-107,120,361,-7.306933879852295,19.494726181030273,4.483691692352295,4
101,-105,0,0.0478515625,-12.331347465515135,6.6083006858825675,-93,54,389,-6.4551758766174325,14.408105850219727,4.268359661102295,4
111,-135,-30,1.392480492591858,-9.790430068969727,5.230175971984863,-74,-16,351,-6.0101561546325675,10.388574600219727,3.4357421398162837,4
45,-205,-50,2.36865234375,-6.48388671875,1.55517578125,-15,-82,258,-5.005273342132568,7.641894817352295,2.162890672683716,4
-34,-253,-81,2.000195264816284,-4.775586128234863,-3.5218751430511475,16,-134,157,-4.387988567352295,3.8664064407348633,0.607714831829071,4
-117,-251,-102,2.296875,-2.450000047683716,-5.871387004852295,120,-152,63,-2.004980564117432,3.3113281726837163,-1.1484375,4
-202,-210,-87,4.096093654632568,-4.622460842132568,-5.636914253234862,151,-122,2,1.9140625,6.019726753234862,-2.311230421066284,4
-205,-128,-32,7.08203125,-5.421582221984863,-3.2826173305511475,212,-30,-67,6.469531536102295,6.8475584983825675,0.19140625,4
-229,26,43,11.824121475219727,-4.890429973602295,-0.8469726443290709,160,89,-83,9.97705078125,8.125195503234862,7.2064452171325675,4
-40,52,60,10.16845703125,-8.72812557220459,8.15390682220459,198,27,-150,8.953027725219727,11.546582221984865,19.84882926940918,4
-8,37,149,4.742089748382568,-2.450000047683716,3.9621095657348633,-123,21,-90,7.6849613189697275,6.948047161102295,6.258984565734862,4
109,27,226,1.177148461341858,-3.3304688930511475,1.923632860183716,-205,80,-131,3.732421875,2.9955079555511475,2.4404296875,4
197,45,276,-1.9427734613418581,-7.2686524391174325,0.10527344048023224,-143,114,-212,0.5215820670127869,3.3113281726837163,2.555273532867432,4
270,130,276,-3.9716796875,-9.82871150970459,-1.4259766340255735,-99,122,-241,-1.1819336414337158,6.6705079078674325,3.42138671875,4
355,245,193,-6.4886717796325675,-9.388476371765137,1.60302734375,-100,158,-269,-3.6845703125,2.7801759243011475,2.737109422683716,4
186,310,166,-9.790430068969727,-1.7752929925918581,5.589062690734863,-60,175,-266,-7.8285160064697275,10.45078182220459,7.450488567352295,4
-105,260,246,-16.5087890625,-2.316015720367432,9.45068359375,-67,149,-203,-7.426562786102295,12.857714653015135,12.690234184265135,4
-181,124,242,-15.513477325439453,-10.661328315734863,8.134765625,-36,95,-93,-3.1151368618011475,17.006444931030273,15.5517578125,4
-96,54,102,-9.871777534484863,-6.373828411102295,7.694531440734862,-45,62,50,1.0623047351837158,18.394140243530273,11.704492568969727,4
-142,-26,37,-8.240038871765138,-1.047949194908142,5.7613282203674325,-89,37,160,-1.1484375,15.47519588470459,8.173047065734862,4
-268,-98,52,-7.7567386627197275,-3.775488376617432,1.4642578363418581,-135,25,214,-5.7900390625,13.05869197845459,6.115429878234862,4
-272,-125,37,-6.4168944358825675,-6.9336915016174325,0.540722668170929,-177,20,255,-8.067773818969728,13.077832221984865,4.04345703125,4
-209,-134,15,-6.158496379852295,-5.541211128234863,0.95703125,-158,31,300,-7.594043254852295,14.154492378234865,-0.06220703199505806,4
-256,-164,45,-10.221094131469727,-4.18701171875,0.27275392413139343,-116,62,357,-7.5079102516174325,16.365234375,-3.7946290969848633,4
-351,-229,73,-14.120996475219727,-6.5269532203674325,1.239355444908142,-26,117,380,-8.450586318969728,18.690820693969727,-4.660742282867432,4
-326,-303,60,-15.776660919189453,-6.589160442352295,3.536230564117432,44,190,368,-10.59912109375,17.853418350219727,-3.7659180164337163,4
-346,-401,99,-14.341113090515135,-9.30234432220459,-0.5455078482627869,87,262,350,-12.695019721984865,15.805371284484865,-1.861425876617432,4
-232,-430,100,-8.436230659484862,-10.225878715515137,-3.4740235805511475,106,315,292,-12.355273246765135,12.69980525970459,0.16269531846046448,4
-182,-429,146,-5.9383788108825675,-8.94345760345459,-4.306640625,93,343,208,-9.857421875,11.31210994720459,-0.5072265863418579,4
-101,-403,107,-3.9142580032348633,-8.41709041595459,-4.416699409484863,-9,329,180,-7.4696292877197275,9.699511528015137,-0.4880859553813934,4
-73,-372,71,-5.8857421875,-8.36923885345459,-3.665429830551148,-56,279,192,-5.4072265625,7.84765625,1.000097632408142,4
-53,-328,63,-5.9766602516174325,-8.503222465515138,-4.129590034484863,2,241,169,-2.7083985805511475,7.68017578125,0.1435546875,4
0,-281,115,-6.7662110328674325,-10.11582088470459,-1.6125977039337158,40,245,104,-0.24882812798023224,10.71396541595459,0.095703125,4
50,-254,178,-4.818652629852295,-10.508203506469727,-0.612500011920929,9,246,117,-1.225000023841858,12.94384765625,0.9713867306709291,4
49,-261,195,-2.746679782867432,-11.446093559265135,-0.703417956829071,97,219,136,-2.268164157867432,11.8193359375,-0.7704101800918579,4
79,-266,139,-2.84716796875,-12.326562881469727,-0.07656250149011612,-59,225,197,-1.5647461414337158,11.29296875,-2.5361328125,4
42,-239,111,-4.445410251617432,-13.39365291595459,3.0529296398162837,-96,175,198,-1.8949218988418581,19.604785919189453,1.4690430164337158,4
-5,-214,91,-3.2395508289337163,-12.93906307220459,6.0580077171325675,-27,110,209,-2.1533203125,19.619140625,3.37353515625,4
0,-196,51,1.033593773841858,-12.551465034484865,6.1297850608825675,9,79,233,-1.60302734375,15.86279296875,3.761132955551148,4
73,-142,-21,3.737207174301148,-11.235547065734863,5.16796875,48,45,230,0.02392578125,13.3505859375,5.799609661102295,4
74,-90,-51,4.699023723602295,-9.072656631469727,4.4501953125,154,37,213,0.41630861163139343,9.962695121765137,5.388085842132568,4
105,-56,-74,5.364160060882568,-8.364453315734862,3.4740235805511475,106,50,200,0.5072265863418579,8.694628715515138,4.670312404632568,4
81,-62,-78,5.220605373382568,-4.550683498382568,2.5648438930511475,30,24,178,0.8134765625,5.9814453125,4.024316310882568,4
-9,-83,-69,4.861718654632568,-2.024121046066284,1.047949194908142,-30,-28,142,1.4977539777755735,2.985937595367432,2.3734376430511475,4
-91,-123,-66,3.976464986801148,-0.8900390863418579,-0.7512695193290709,1,-83,80,1.6460937261581419,1.9619140625,-0.40673828125,4
-129,-145,-66,3.296972751617432,-1.7561523914337158,-4.627246379852295,77,-97,3,2.406933546066284,1.827929735183716,-3.6032226085662837,4
-169,-105,-51,5.187109470367432,-1.081445336341858,-7.096386909484862,143,-26,-45,4.852148532867432,3.4931640625,-7.1107420921325675,4
-253,-53,-14,9.144433975219727,-6.809277534484862,-0.4593750238418579,135,90,-49,8.149121284484862,5.9288086891174325,0.8900390863418579,4
-223,-23,67,4.699023723602295,-12.312207221984865,19.53779411315918,158,113,-120,7.311718940734862,5.6895508766174325,26.72988319396973,4
46,14,121,7.29736328125,-5.268456935882568,3.8424806594848633,-38,-11,-150,8.053418159484862,12.24521541595459,12.446191787719727,4
27,11,290,-0.583789050579071,-4.033886909484863,4.268359661102295,-100,52,-206,4.277929782867432,5.04833984375,4.37841796875,4
202,46,329,-2.966796875,-10.59912109375,-1.4833984375,-143,121,-227,0.02871093899011612,7.503125190734862,3.5745117664337163,4
404,190,263,-4.919140815734863,-13.15439510345459,-2.784960985183716,-134,144,-242,-1.6939452886581419,6.091504096984862,4.057812690734863,4
446,310,151,-6.412109375,-4.7373046875,1.17236328125,-104,137,-256,-3.5266602039337163,8.412304878234862,4.325781345367432,4
106,310,160,-10.824023246765137,-1.8470703363418581,8.11083984375,-123,122,-209,-1.5886719226837158,10.30722713470459,6.412109375,4
-199,228,228,-14.790918350219727,-3.990820407867432,8.48886775970459,-31,113,-178,0.8326172232627869,11.996386528015135,11.900683403015135,4
-257,153,226,-14.54209041595459,-9.723437309265137,7.0533204078674325,14,75,-104,1.2297852039337158,16.441797256469727,12.93906307220459,4
-85,103,92,-10.1923828125,-8.498437881469728,7.5796875953674325,-13,43,32,0.64599609375,17.939550399780273,10.034472465515137,4
-29,44,-7,-8.10605525970459,-2.579199314117432,7.1298828125,-43,37,138,-0.9761719107627868,13.90087890625,6.8379883766174325,4
-148,-39,-5,-7.594043254852295,-0.8278320431709291,5.201465129852295,-95,53,196,-2.65576171875,12.666308403015135,4.9287109375,4
-207,-102,-12,-6.665722846984862,-3.6223633289337163,2.138964891433716,-123,74,239,-4.392773628234863,13.977441787719727,3.2395508289337163,4
-193,-138,-37,-8.36923885345459,-4.2587890625,0.20576171576976776,-119,106,274,-6.474316596984862,15.28378963470459,0.7943359613418579,4
-293,-182,-8,-9.13486385345459,-2.162890672683716,-0.17226563394069672,-125,126,334,-7.5126953125,16.121191024780273,-0.32539063692092896,4
-435,-236,52,-10.2880859375,-2.5409181118011475,-0.535937488079071,-55,127,360,-7.2255859375,12.929491996765135,0.15312500298023224,4
-443,-301,78,-14.680859565734865,-7.263867378234862,0.21533203125,42,123,328,-5.297168254852295,11.513086318969727,-0.7082031369209291,4
-313,-325,49,-15.35556697845459,-8.527148246765138,1.358984351158142,73,158,281,-5.077050685882568,9.704297065734863,-0.36845704913139343,4
-205,-309,38,-10.297656059265137,-5.780468940734862,1.74658203125,76,209,192,-6.0245118141174325,9.957910537719727,0.5694336295127869,4
-212,-295,85,0.13876953721046448,-8.49365234375,-0.612500011920929,36,257,118,-5.474218845367432,10.876660346984863,0.8708984255790709,4
-62,-257,65,0.45458984375,-11.441308975219727,-0.18183593451976776,29,268,64,-3.2443358898162837,10.536913871765137,2.292089939117432,4
-66,-252,36,-2.51220703125,-8.125195503234862,1.6125977039337158,-28,263,62,-0.02392578125,9.986620903015137,3.5075194835662837,4
-158,-267,31,-5.00048828125,-6.852344036102295,1.0048828125,39,244,85,2.22509765625,7.426562786102295,1.7800781726837158,4
-111,-257,20,-6.603515625,-6.469531536102295,1.45947265625,-31,264,113,2.172461032867432,6.1919922828674325,-0.4880859553813934,4
-66,-281,13,-5.9814453125,-4.612890720367432,0.10527344048023224,-120,285,163,-0.612500011920929,8.56064510345459,-2.3016602993011475,4
3,-292,92,-7.287793159484862,-9.460253715515137,0.0478515625,-146,271,127,-2.717968702316284,19.90625,-3.9094727039337163,4
-6,-298,188,-8.665918350219728,-13.723828315734865,2.646191358566284,-65,228,162,-9.216211318969727,24.38994216918945,-3.03857421875,4
-66,-318,194,-8.27353572845459,-15.8388671875,4.206152439117432,-96,212,241,-7.15380859375,21.0068359375,-1.368554711341858,4
-10,-295,109,-3.5745117664337163,-16.192968368530273,1.26806640625,-32,180,281,-4.957421779632568,15.345996856689453,-1.8087891340255735,4
58,-232,33,-1.5647461414337158,-13.833887100219727,1.6173828840255735,-15,162,303,-3.5075194835662837,15.274219512939453,0.30146485567092896,4
68,-187,-16,0.8948242068290709,-11.31689453125,1.7274414300918581,-24,129,315,-3.5505859851837163,14.154492378234865,1.4499024152755735,4
91,-155,-61,2.402148485183716,-11.12070369720459,1.4259766340255735,43,82,293,-3.3639647960662837,12.331347465515135,4.062597751617432,4
106,-153,-91,2.65576171875,-8.857324600219727,-0.39716798067092896,11,30,286,-2.646191358566284,11.398241996765135,4.220508098602295,4
107,-182,-107,2.6796875,-7.369140625,-2.9476563930511475,-76,-58,263,-2.99072265625,7.3882813453674325,4.182226657867432,4
46,-229,-84,1.7752929925918581,-3.4548828601837163,-5.799609661102295,-64,-130,156,-1.129296898841858,2.497851610183716,2.665332078933716,4
-63,-227,-51,4.230078220367432,-2.406933546066284,-7.44091796875,141,-148,30,2.220312595367432,4.746875286102295,0.98095703125,4
-86,-170,-28,8.283105850219728,-3.808984518051148,-5.6943359375,268,-80,-23,5.364160060882568,6.421679973602295,-0.4306640625,4
-148,-76,16,11.005859375,-5.536426067352295,-1.081445336341858,237,59,-44,7.8763675689697275,5.043554782867432,-0.5215820670127869,4
-159,20,69,7.48876953125,-9.177929878234863,15.580469131469727,150,151,-68,7.6036133766174325,8.60849666595459,14.52294921875,4
-6,29,74,11.254687309265137,-6.110644817352295,0.095703125,-8,19,-63,10.66611385345459,9.54638671875,11.46044921875,4
-75,20,164,5.7421875,-2.674902439117432,1.435546875,-77,30,-88,8.436230659484862,2.94287109375,2.450000047683716,4
19,-17,203,2.746679782867432,-4.287499904632568,1.105371117591858,-102,54,-160,4.23486328125,1.8470703363418581,1.033593773841858,4
168,0,250,-0.588574230670929,-3.536230564117432,-0.7751953005790709,-98,80,-233,0.88525390625,1.7083008289337158,1.1580078601837158,4
284,99,281,-4.038671970367432,-5.6751952171325675,-1.7848633527755735,-73,102,-304,-2.56005859375,2.775390625,1.7178710699081419,4
401,257,264,-10.278515815734863,-6.9671874046325675,1.07666015625,-94,113,-354,-6.9097657203674325,6.1441407203674325,3.7802734375,4
428,329,141,-16.264745712280273,-6.948047161102295,8.44101619720459,-230,159,-351,-13.173535346984865,8.699414253234862,6.402539253234862,4
234,246,28,-15.585254669189453,-2.186816453933716,8.17783260345459,-277,193,-220,-15.322071075439453,8.091699600219728,10.4794921875,4
-41,145,12,-13.355371475219727,1.177148461341858,7.1250977516174325,-164,174,-78,-12.527539253234865,3.32568359375,7.474414348602295,4
-294,59,101,-10.948437690734863,-0.64599609375,5.412011623382568,4,150,-62,-11.632715225219727,1.4164062738418581,7.1729493141174325,4
-333,0,174,-9.144433975219727,-8.35009765625,4.206152439117432,147,109,-107,-10.077539443969727,4.943066596984863,8.053418159484862,4
-153,0,161,-7.3212890625,-9.5224609375,3.0625,90,85,-90,-7.7088871002197275,6.570019721984862,9.412402153015137,4
-12,18,121,-6.852344036102295,-6.904980659484862,4.660742282867432,16,61,-75,-6.8140625953674325,4.000390529632568,9.154004096984863,4
5,17,70,-6.8954100608825675,-4.440625190734863,6.158496379852295,78,14,-65,-6.4599609375,0.937890648841858,8.819043159484863,4
-47,-12,13,-7.46484375,-3.5027344226837163,6.0580077171325675,157,-32,-25,-6.6322264671325675,0.95703125,9.154004096984863,4
-72,-45,-45,-8.450586318969728,-3.9333984851837163,5.211035251617432,135,-63,32,-7.498340129852295,3.631933689117432,9.23056697845459,4
-60,-63,-98,-8.795117378234862,-4.421484470367432,4.919140815734863,72,-79,83,-7.9720706939697275,4.048242092132568,7.91943359375,4
-26,-73,-132,-9.465039253234863,-4.057812690734863,5.268456935882568,-29,-81,117,-9.168359756469727,3.225195407867432,7.5653324127197275,4
-4,-88,-153,-10.891016006469727,-4.7373046875,6.4551758766174325,-65,-113,149,-11.1015625,3.990820407867432,8.426660537719728,4
-37,-123,-188,-11.996386528015135,-6.378613471984862,7.4169921875,15,-160,198,-12.345703125,5.86181640625,10.40293025970459,4
-72,-145,-253,-11.513086318969727,-10.699609756469727,8.292675971984862,75,-201,259,-11.278613090515135,9.455469131469727,12.26914119720459,4
-67,-156,-305,-8.522363662719728,-10.728320121765137,7.4935550689697275,104,-209,292,-7.885937690734862,8.981738090515137,10.47470760345459,4
