-2,0,0.1,-7.460058689117432,-3.837695360183716,3.9764649868011475,11,-4,-1,-7.29736328125,4.488476753234863,4.215722560882568,4
-3,1,0,-7.479199409484862,-3.8664064407348633,3.990820407867432,10,-3,-1,-7.283008098602295,4.536328315734863,4.215722560882568,4
-4,1,0,-7.4839844703674325,-3.942968845367432,4.029101848602295,8,-2,-1,-7.259082317352295,4.488476753234863,4.273144721984863,4
-3,1,0,-7.450488567352295,-3.942968845367432,4.038671970367432,8,-3,-1,-7.330859661102295,4.440625190734863,4.273144721984863,4
-1,1,0,-7.4696292877197275,-3.942968845367432,4.062597751617432,10,-4,-1,-7.3021483421325675,4.469336032867432,4.23486328125,4
0,1,-1,-7.4696292877197275,-3.904687643051148,4.024316310882568,10,-3,-1,-7.287793159484862,4.464550971984863,4.172656536102295,4
0,1,0,-7.5126953125,-3.8424806594848633,3.976464986801148,10,-3,-1,-7.2925782203674325,4.445410251617432,4.206152439117432,4
-1,1,0,-7.522265911102295,-3.8376953601837163,3.966894626617432,11,-3,-1,-7.2734375,4.464550971984863,4.230078220367432,4
-2,1,0,-7.5079102516174325,-3.871191501617432,4.009961128234863,11,-3,-1,-7.283008098602295,4.52197265625,4.244433879852295,4
-1,1,0,-7.498340129852295,-3.89990234375,4.024316310882568,9,-3,0,-7.287793159484862,4.507617473602295,4.225293159484863,4
0,1,0,-7.498340129852295,-3.904687643051148,4.000390529632568,8,-2,0,-7.3021483421325675,4.42626953125,4.191796779632568,4
0,1,0,-7.522265911102295,-3.85205078125,3.966894626617432,8,-2,0,-7.34521484375,4.42626953125,4.206152439117432,4
0,2,0,-7.503125190734862,-3.832910299301148,3.9621095657348633,9,-2,0,-7.3260741233825675,4.416699409484863,4.196582317352295,4
0,2,0,-7.53662109375,-3.775488376617432,3.990820407867432,9,-2,-1,-7.359570503234862,4.421484470367432,4.230078220367432,4
-1,1,0,-7.5318360328674325,-3.8185548782348633,4.000390529632568,8,-2,0,-7.306933879852295,4.454980373382568,4.191796779632568,4
-1,1,0,-7.546191692352295,-3.85205078125,3.990820407867432,8,-2,0,-7.378711223602295,4.411914348602295,4.225293159484863,4
-1,1,0,-7.5557618141174325,-3.85205078125,3.9621095657348633,9,-2,0,-7.383496284484862,4.373632907867432,4.18701171875,4
-4,0,1,-7.646679878234862,-3.737207174301148,3.832910299301148,5,5,2,-7.091601848602295,5.077050685882568,4.105664253234863,4
-11,0,1,-8.134765625,-3.631933689117432,3.6223633289337163,-16,16,24,-7.1011719703674325,6.5987305641174325,4.766015529632568,4
-26,-3,0,-8.53671932220459,-3.3400390148162837,3.0146484375,47,18,36,-6.833203315734862,7.5414066314697275,3.4357421398162837,4
-41,-9,0,-8.742480278015138,-2.5648438930511475,2.526562452316284,27,47,70,-5.656054973602295,9.345410346984863,1.5791015625,4
-72,-38,9,-9.412402153015137,-1.5216797590255735,2.7275390625,4,94,96,-5.014843940734863,9.752148628234863,-1.12451171875,4
-183,-97,31,-10.06796932220459,-0.7704101800918579,2.143749952316284,-54,162,130,-4.268359661102295,12.096875190734865,-4.28271484375,4
-311,-172,57,-12.25,-2.3495118618011475,1.5264648199081419,-83,228,156,-5.871387004852295,12.637598037719727,-7.63232421875,4
-311,-238,34,-13.479784965515135,-6.1537108421325675,1.971484422683716,-108,273,188,-6.684863567352295,13.149609565734865,-9.024805068969727,4
-296,-303,0,-12.65673828125,-6.613086223602295,0.74169921875,-71,287,208,-7.6849613189697275,12.690234184265135,-10.780957221984863,4
-281,-376,-31,-11.948534965515135,-8.340527534484862,-4.000390529632568,13,298,225,-8.53671932220459,11.62314510345459,-10.74267578125,4
-193,-411,-84,-10.350293159484863,-10.225878715515137,-5.837890625,71,341,202,-7.4600586891174325,8.0390625,-12.498827934265135,4
-111,-455,-132,-7.4361329078674325,-10.819238662719727,-6.469531536102295,125,384,138,-4.498046875,4.37841796875,-12.886425971984865,4
-18,-459,-153,-6.3833985328674325,-11.21640682220459,-9.11572265625,174,401,46,-4.986133098602295,3.7802734375,-12.302637100219727,4
80,-414,-150,-3.3783204555511475,-12.22128963470459,-6.8954100608825675,169,384,-6,-3.7802734375,8.335741996765138,-10.962793350219727,4
151,-341,-113,-0.9235351681709291,-9.800000190734863,-6.890625,159,340,23,-0.9187500476837158,9.431543350219727,-12.307421684265135,4
260,-266,-88,0.7751953005790709,-11.02978515625,-8.316601753234862,256,317,27,0.8230468630790709,11.546582221984865,-11.546582221984865,4
256,-228,-37,2.306445360183716,-9.216211318969727,-6.1537108421325675,227,309,39,1.5503906011581419,10.57041072845459,-10.254590034484863,4
208,-223,-2,2.7275390625,-9.933984756469727,-5.258886814117432,228,296,50,2.7562501430511475,9.39804744720459,-9.704297065734863,4
275,-220,10,3.799414157867432,-8.665918350219728,-5.8905272483825675,150,265,64,3.153418064117432,8.6611328125,-9.37412166595459,4
211,-230,48,4.215722560882568,-5.388085842132568,-6.325976848602295,172,222,40,1.804003953933716,5.483788967132568,-9.173144340515137,4
185,-211,57,5.115332126617432,-5.71826171875,-8.330957412719728,199,189,-19,0.32060548663139343,5.7469725608825675,-7.7710938453674325,4
111,-164,77,8.120409965515138,-3.081640720367432,-9.49375057220459,180,170,-101,-0.35888671875,8.019922256469728,-10.55126953125,4
-69,-116,148,10.541699409484863,-1.6221679449081419,-11.010644912719727,250,202,-171,-1.9619140625,13.235742568969727,-12.50839900970459,4
-127,58,183,9.412402153015137,-6.5365233421325675,-11.541796684265135,141,306,-207,-4.47412109375,9.532031059265137,-8.029492378234862,4
-142,-91,199,3.904687643051148,-16.078125,-6.6083006858825675,189,134,-196,-8.048632621765138,19.78662109375,13.479784965515135,4
128,24,140,2.985937595367432,-5.072265625,-4.440625190734863,48,42,-174,-1.827929735183716,13.235742568969727,3.665429830551148,4
20,-7,184,1.7513672113418581,-7.474414348602295,-0.4354492127895355,0,26,-165,-1.1580078601837158,9.87656307220459,0.861328125,4
13,-109,202,-1.3494141101837158,-8.809473037719727,6.7662110328674325,-93,-21,-186,-1.2776367664337158,8.68027400970459,2.383007764816284,4
139,-183,223,-5.584277629852295,-10.728320121765137,0.26318359375,-100,-64,-214,-3.0050780773162837,8.44101619720459,1.995410203933716,4
264,-83,244,-8.82382869720459,-6.881054878234862,2.091113328933716,18,-95,-251,-8.36923885345459,10.158886909484863,1.7130860090255735,4
175,-38,256,-12.6806640625,-4.550683498382568,5.617773532867432,-64,-83,-170,-9.077441215515137,9.962695121765137,2.17724609375,4
-87,-67,226,-12.41748046875,-3.6223633289337163,4.397558689117432,-63,-46,-143,-6.794921875,7.144238471984862,0.57421875,4
-206,-69,152,-12.2978515625,-3.6941406726837163,0.607714831829071,43,-9,-141,-6.0723633766174325,9.508105278015137,2.1533203125,4
-230,-95,100,-13.910449028015135,-1.7992187738418581,-4.196582317352295,-24,21,-69,-6.8236327171325675,14.80527400970459,-0.607714831829071,4
-266,-103,81,-13.8291015625,-3.6462891101837163,-6.5508790016174325,-139,107,60,-7.2925782203674325,14.87705135345459,-3.8664064407348633,4
-184,-90,61,-12.283495903015135,-3.6510741710662837,-4.981347560882568,-193,150,129,-7.4600586891174325,10.7666015625,-5.172753810882568,4
-234,-126,84,-10.895800590515137,-4.804296970367432,-3.5792968273162837,-333,170,175,-10.4794921875,6.258984565734862,-11.17333984375,4
-301,-183,88,-9.369336128234863,-7.2255859375,-3.3304688930511475,-282,162,142,-12.230859756469727,5.498144626617432,-11.824121475219727,4
-348,-230,72,-8.814257621765137,-12.22128963470459,-3.775488376617432,-186,170,111,-15.025390625,3.37353515625,-11.5322265625,4
-226,-191,6,-5.301953315734863,-12.86728572845459,-3.871191501617432,-184,201,106,-15.585254669189453,0.7464843988418579,-8.211328506469728,4
-59,-157,-49,-3.823339939117432,-4.574609279632568,1.105371117591858,-117,205,86,-10.728320121765137,0.660351574420929,-4.440625190734863,4
-46,-150,-21,-2.9333007335662837,-8.89560604095459,-1.837500095367432,-100,185,42,-9.316699028015137,1.119726538658142,-3.0433595180511475,4
28,-118,-9,-4.61767578125,-8.905176162719727,1.239355444908142,-98,156,-9,-10.12060546875,1.4164062738418581,-3.0912110805511475,4
-21,-122,43,-3.923828125,-5.325879096984863,3.03857421875,-115,169,-24,-11.71884822845459,4.627246379852295,-3.7898437976837163,4
-127,-154,95,-3.5936524868011475,-7.2686524391174325,5.105762004852295,-42,208,-38,-9.83349609375,6.29248046875,-5.971875190734862,4
-129,-179,104,-2.426074266433716,-8.51279354095459,3.5505859851837163,-254,261,42,-8.84775447845459,7.976855754852295,-5.971875190734862,4
-157,-193,94,-3.22998046875,-9.862207412719727,3.27783203125,-260,278,108,-9.819140434265137,7.46484375,-4.536328315734863,4
-164,-203,69,-2.08154296875,-9.919629096984863,2.9715821743011475,-163,251,144,-8.603711128234862,6.603515625,-3.1916992664337163,4
-158,-204,41,-2.148535251617432,-9.474609375,0.30146485567092896,-53,230,139,-7.6275391578674325,6.421679973602295,-2.593554735183716,4
-133,-184,15,-2.9811522960662837,-10.010546684265137,-0.34453126788139343,-14,219,127,-4.277929782867432,7.402637004852295,-2.7323243618011475,4
-171,-175,-12,-3.5936524868011475,-9.058300971984863,0.4115234315395355,58,225,102,-1.60302734375,6.5748047828674325,-2.3016602993011475,4
-106,-160,-42,-5.129687786102295,-13.44150447845459,-0.15791015326976776,68,206,74,0.11005859822034836,8.450586318969728,-4.23486328125,4
-41,-169,-71,-4.134375095367432,-11.034570693969727,2.335156202316284,101,189,44,0.861328125,9.35498046875,-4.670312404632568,4
-52,-189,-92,-2.454785108566284,-10.804883003234863,1.4499024152755735,-5,169,88,1.3876953125,9.407617568969727,-4.120019435882568,4
-30,-190,-127,-0.16748046875,-9.85263729095459,0.10527344048023224,2,128,111,2.7275390625,8.99130916595459,-2.406933546066284,4
20,-173,-171,1.057519555091858,-10.85752010345459,-2.406933546066284,45,80,98,4.775586128234863,7.6753907203674325,-3.13427734375,4
52,-153,-170,3.27783203125,-8.120409965515138,-2.94287109375,28,48,90,5.488574504852295,7.235156536102295,-4.18701171875,4
76,-126,-152,4.359277248382568,-5.7708983421325675,-3.27783203125,72,46,53,5.187109470367432,4.254004001617432,-5.230175971984863,4
63,-78,-114,5.268456935882568,-4.459765911102295,-3.904687643051148,75,82,12,4.828222751617432,4.182226657867432,-5.043554782867432,4
44,-29,-62,6.373828411102295,-3.03857421875,-3.1916992664337163,50,121,-27,4.5458984375,4.33056640625,-5.756543159484862,4
-34,6,16,6.5078125,-3.0672852993011475,-3.0002930164337163,99,162,-93,4.086523532867432,5.751758098602295,-6.34033203125,4
-173,80,86,6.5030274391174325,-2.5887696743011475,-7.359570503234862,160,256,-170,1.095800757408142,4.526757717132568,-6.541308879852295,4
-37,-50,118,2.670117139816284,-10.613476753234863,4.359277248382568,111,131,-158,-3.03857421875,18.60468864440918,10.728320121765137,4
26,-50,159,2.7323243618011475,-9.584668159484863,-0.7943359613418579,137,23,-152,0.8708984255790709,10.010546684265137,2.234668016433716,4
65,-62,132,0.8326172232627869,-9.75693416595459,-0.8039062619209291,-8,-13,-113,0.3349609375,11.71884822845459,-0.4880859553813934,4
115,-94,143,1.335058569908142,-7.0389647483825675,0.6220703125,-53,-42,-80,0.05742187798023224,11.230761528015137,-0.5455078482627869,4
192,-96,180,-0.4880859553813934,-6.948047161102295,-0.559863269329071,-63,-52,-95,0.35888671875,6.761425971984862,-0.9953125119209291,4
101,-67,288,-4.2587890625,-4.464550971984863,0.655566394329071,-39,-61,-161,-0.703417956829071,6.5030274391174325,0.2823242247104645,4
76,-44,371,-10.484277725219727,-6.10107421875,3.32568359375,87,-55,-225,-3.655859470367432,6.2972655296325675,-0.4641601741313934,4
153,-30,356,-16.49921989440918,-9.01523494720459,6.110644817352295,99,-85,-242,-6.139355659484862,11.642285346984865,-0.69384765625,4
170,22,233,-12.498827934265135,-5.474218845367432,4.5458984375,74,-93,-196,-8.029492378234862,11.0537109375,-1.0862305164337158,4
55,35,105,-10.627832412719727,-3.512304782867432,4.1630859375,0,-71,-142,-7.522265911102295,9.991406440734863,-1.7322266101837158,4
-116,-8,41,-10.91015625,-3.0672852993011475,3.0625,-155,-26,-86,-7.2782225608825675,10.800097465515137,-2.0145509243011475,4
-303,-70,27,-10.0966796875,-2.646191358566284,-0.861328125,-237,49,-12,-7.091601848602295,10.182812690734863,-3.8137695789337163,4
-429,-104,29,-10.326367378234863,-2.603125095367432,-3.928613424301148,-224,111,63,-6.4073243141174325,11.977246284484865,-4.990918159484863,4
-436,-104,18,-10.45078182220459,-3.799414157867432,-4.000390529632568,-240,157,126,-7.560546875,11.59921932220459,-5.493359565734863,4
-307,-109,10,-10.206738471984863,-4.555469036102295,-2.627050876617432,-229,174,156,-8.163476943969728,9.508105278015137,-7.3978519439697275,4
-200,-130,20,-8.72812557220459,-5.359375,-1.8087891340255735,-181,177,154,-9.560742378234863,7.670605659484862,-8.402734756469728,4
-204,-183,51,-9.029589653015137,-8.359667778015138,-2.966796875,-133,175,138,-12.546679496765135,4.459765911102295,-8.618066787719728,4
-206,-194,45,-6.4168944358825675,-10.517773628234863,-3.1007812023162837,-59,168,92,-11.64707088470459,1.5982421636581419,-5.416797161102295,4
-113,-159,24,-4.699023723602295,-9.56552791595459,-2.2298829555511475,-9,140,24,-10.07275390625,0.8661133050918579,-2.598339796066284,4
-102,-153,23,-4.029101848602295,-7.9146485328674325,-0.08613281697034836,-11,131,-30,-6.8236327171325675,0.78955078125,-2.9955079555511475,4
-83,-151,13,-6.163281440734862,-7.091601848602295,-2.172461032867432,-66,140,-52,-5.55078125,3.617578268051148,-3.488379001617432,4
-21,-128,15,-7.766308784484862,-6.29248046875,0.15312500298023224,-28,148,-87,-7.330859661102295,2.138964891433716,-8.005566596984862,4
-129,-155,92,-9.73779296875,-7.3212890625,2.043261766433716,-133,172,-103,-13.192675590515135,5.7469725608825675,-7.144238471984862,4
-189,-179,131,-7.3021483421325675,-8.986523628234863,0.95703125,-270,222,-74,-15.274219512939453,6.325976848602295,-4.555469036102295,4
-164,-170,127,-3.8376953601837163,-8.866894721984863,0.10527344048023224,-304,256,-8,-12.91513729095459,5.306738376617432,-2.024121046066284,4
-150,-160,90,-2.84716796875,-7.909863471984862,0.6507812738418579,-241,245,42,-9.21142578125,3.27783203125,-0.3158203065395355,4
-113,-152,81,-3.80419921875,-7.235156536102295,-0.478515625,-153,195,22,-8.39316463470459,2.6796875,0.4737304747104645,4
-95,-139,83,-6.0771484375,-8.48886775970459,0.5263671875,-138,124,-15,-7.527050971984862,3.1438477039337163,1.45947265625,4
-103,-133,83,-7.139453411102295,-6.235058784484862,1.6460937261581419,-142,68,-50,-6.948047161102295,3.349609375,1.311132788658142,4
-155,-132,94,-6.7518553733825675,-5.354589939117432,1.392480492591858,-141,30,-87,-6.708789348602295,4.000390529632568,1.4738281965255735,4
-139,-125,112,-7.177734375,-5.95751953125,1.272851586341858,-126,18,-107,-6.9911131858825675,4.95263671875,1.263281226158142,4
-81,-117,130,-7.713672161102295,-5.488574504852295,1.41162109375,-213,31,-86,-7.814160346984862,5.967090129852295,1.6413086652755735,4
-69,-120,177,-9.8095703125,-5.258886814117432,2.028906345367432,-303,48,-38,-9.13486385345459,7.048535346984862,1.4977539777755735,4
-148,-132,212,-10.584765434265137,-4.95263671875,1.6939452886581419,-295,71,26,-8.857324600219727,5.153613567352295,1.129296898841858,4
-207,-117,188,-9.488965034484863,-5.469433784484863,1.6604492664337158,-174,69,48,-8.905176162719727,5.445508003234863,1.5791015625,4
-140,-78,129,-8.699414253234862,-6.7279295921325675,2.808886766433716,-111,63,69,-8.579785346984862,6.541308879852295,1.17236328125,4
-97,-61,68,-8.594141006469728,-6.6226563453674325,3.03857421875,-112,71,112,-9.622949600219727,6.794921875,0.44023439288139343,4
-145,-82,7,-7.01025390625,-8.072558403015138,4.742089748382568,-88,78,163,-11.259472846984865,7.139453411102295,-0.27275392413139343,4
-221,-110,-50,-5.751758098602295,-10.278515815734863,4.900000095367432,8,85,206,-11.761914253234865,9.244921684265137,-0.7225586175918579,4
-226,-119,-133,-4.124804973602295,-11.307324409484865,3.3639647960662837,87,104,271,-10.819238662719727,12.159082412719727,-0.88525390625,4
-206,-95,-199,-2.473925828933716,-11.637499809265135,1.7035156488418581,75,118,318,-7.91943359375,10.824023246765137,-1.8566406965255735,4
-140,-43,-237,-1.3494141101837158,-10.66611385345459,-0.03349609300494194,89,139,301,-5.584277629852295,7.498340129852295,-2.9572265148162837,4
-133,-2,-242,0.06220703199505806,-9.981836318969727,-1.4833984375,1,154,268,-4.048242092132568,5.134472846984863,-5.455078125,4
-104,44,-230,0.8804687857627869,-8.555859565734862,-2.473925828933716,15,168,184,-2.41650390625,4.37841796875,-5.947949409484862,4
-44,107,-190,1.1005859375,-6.00537109375,-4.062597751617432,67,212,75,-1.153222680091858,2.818457126617432,-6.96240234375,4
-123,193,-91,0.6651367545127869,-4.933495998382568,-3.2874023914337163,107,306,-52,-1.6317383050918581,3.1247069835662837,-8.125195503234862,4
-33,7,22,4.770801067352295,-3.320898532867432,4.005176067352295,96,81,-24,-0.3780273497104645,11.21640682220459,9.484179496765137,4
6,-33,123,2.5361328125,-4.086523532867432,3.3831055164337163,79,-2,-96,1.837500095367432,4.76123046875,4.158300876617432,4
91,-76,207,0.07656250149011612,-2.4404296875,2.41650390625,17,-52,-159,0.8134765625,4.818652629852295,3.6510741710662837,4
142,-101,325,-1.7274414300918581,-2.9189453125,0.93310546875,-13,-119,-246,-1.1627930402755735,3.9142580032348633,2.162890672683716,4
100,-87,461,-9.63730525970459,-6.0005860328674325,0.25361329317092896,-30,-168,-325,-7.5892581939697275,7.0293946266174325,0.8230468630790709,4
267,-22,478,-21.777246475219727,-13.53720760345459,6.182422161102295,-140,-155,-374,-14.08750057220459,8.3740234375,2.7275390625,4
349,77,284,-16.374805450439453,-6.0962891578674325,5.71826171875,-271,-111,-283,-16.207324981689453,11.115918159484863,5.7230467796325675,4
80,67,102,-11.07763671875,-0.8230468630790709,6.809277534484862,-166,-11,-179,-11.297754287719727,4.651172161102295,5.244531154632568,4
-154,-4,51,-10.83359432220459,-3.08642578125,4.531543254852295,9,32,-125,-10.88623046875,4.483691692352295,5.6656250953674325,4
-263,-62,47,-8.211328506469728,-5.531640529632568,1.4546874761581419,56,27,-103,-9.393261909484863,7.450488567352295,4.37841796875,4
-192,-74,37,-5.76611328125,-5.105762004852295,0.4498046934604645,-39,14,-70,-6.091504096984862,7.68017578125,3.5218751430511475,4
-146,-75,39,-6.254199504852295,-4.507617473602295,0.7560546994209291,-104,3,-35,-5.057910442352295,7.163379192352295,3.6510741710662837,4
-172,-71,56,-9.264062881469727,-4.2109375,1.000097632408142,-126,-9,20,-7.4361329078674325,8.019922256469728,5.124902248382568,4
-216,-42,59,-8.890820503234863,-4.679883003234863,1.22021484375,-97,-13,101,-8.39316463470459,6.3116211891174325,5.278027534484863,4
-159,6,36,-8.886034965515137,-6.0771484375,2.70361328125,-69,1,177,-10.71396541595459,5.62255859375,4.78515625,4
-34,56,-11,-8.077343940734862,-6.1776366233825675,3.0002930164337163,-122,12,215,-11.93418025970459,4.880859375,3.5505859851837163,4
55,61,-57,-8.39794921875,-3.617578268051148,8.168261528015138,-194,-15,199,-11.470019340515135,2.3447265625,2.8232421875,4
-31,-25,15,-7.5318360328674325,0.50244140625,6.522168159484862,-50,-46,123,-9.646875381469727,1.7752929925918581,1.909277439117432,4
-66,-70,46,-8.54150390625,-4.249218940734863,4.990918159484863,51,-40,61,-8.412304878234862,3.4740235805511475,1.0144531726837158,4
-108,-110,62,-8.914746284484863,-3.32568359375,3.808984518051148,-31,-15,57,-7.46484375,4.61767578125,0.78955078125,4
-167,-146,77,-9.27841854095459,-3.9573242664337163,2.713183641433716,-126,14,65,-7.68017578125,4.287499904632568,0.6507812738418579,4
-189,-166,77,-9.25449275970459,-4.191796779632568,1.8662109375,-64,44,54,-7.713672161102295,3.751562595367432,0.78955078125,4
-212,-172,80,-9.910058975219727,-4.23486328125,1.3541992902755735,-122,82,75,-8.881250381469727,5.038769721984863,1.1101562976837158,4
-246,-167,90,-9.096582412719727,-3.9333984851837163,0.4019531309604645,-205,99,108,-9.599023818969727,5.684765815734862,1.2919921875,4
-249,-132,92,-8.84775447845459,-4.7373046875,0.06220703199505806,-246,94,129,-11.52744197845459,5.110547065734863,1.3541992902755735,4
-128,-72,71,-8.091699600219728,-5.493359565734863,1.4833984375,-227,73,131,-10.460351943969727,4.2587890625,1.5264648199081419,4
20,-29,58,-7.431347846984862,-5.105762004852295,2.550488233566284,-132,60,125,-9.857421875,3.5314452648162837,1.41162109375,4
57,-37,84,-7.6993165016174325,-3.5027344226837163,2.2059571743011475,-79,67,118,-10.058398246765137,4.033886909484863,1.2584961652755735,4
-35,-77,170,-8.58457088470459,-2.119824171066284,2.363867282867432,-114,76,116,-10.991503715515137,4.9765625,1.4020508527755735,4
-205,-157,248,-11.082422256469727,-4.478906154632568,2.8232421875,-145,79,130,-10.98193359375,4.18701171875,0.655566394329071,4
-354,-230,251,-11.852831840515135,-5.589062690734863,0.612500011920929,-136,81,144,-10.278515815734863,3.928613424301148,0.5455078482627869,4
-395,-247,193,-9.532031059265137,-6.67529296875,-1.31591796875,-149,81,152,-8.61328125,3.7946290969848633,0.2583984434604645,4
-333,-226,129,-10.340723037719727,-7.838086128234862,-1.6317383050918581,-95,70,122,-10.230664253234863,4.081738471984863,0.24882812798023224,4
-214,-184,73,-9.0439453125,-9.345410346984863,-2.196386814117432,-39,85,97,-9.455469131469727,4.775586128234863,0.06699218600988388,4
-172,-149,34,-8.699414253234862,-7.9959964752197275,-1.4259766340255735,-43,123,104,-10.556055068969727,5.995800971984862,0.540722668170929,4
-211,-149,14,-8.17783260345459,-7.8763675689697275,-0.861328125,-57,161,128,-11.044140815734863,5.493359565734863,0.19619141519069672,4
-198,-146,-11,-6.6083006858825675,-8.809473037719727,-0.8565430045127869,-109,193,166,-11.584863662719727,5.6416993141174325,-0.2679687440395355,4
-153,-152,-26,-5.182324409484863,-8.067773818969728,-1.4307616949081419,-97,206,188,-11.020215034484863,5.636914253234862,-0.8708984255790709,4
-123,-169,-27,-4.512402534484863,-9.340624809265137,-0.59814453125,-56,202,201,-11.139843940734863,7.72802734375,-1.26806640625,4
-145,-193,-50,-3.7707033157348633,-12.05859375,-0.9283203482627868,40,200,210,-9.943554878234863,9.46982479095459,-2.3495118618011475,4
-79,-183,-128,-1.6173828840255735,-13.25009822845459,-2.239453077316284,130,216,227,-8.75205135345459,10.154101371765137,-3.0433595180511475,4
-71,-158,-192,0.655566394329071,-13.70468807220459,-4.110449314117432,163,219,233,-7.072461128234862,11.4365234375,-2.75146484375,4
-6,-115,-224,1.5838867425918581,-10.02490234375,-4.120019435882568,109,205,220,-2.9285156726837163,7.6036133766174325,-3.617578268051148,4
27,-80,-213,2.9763672351837163,-5.90966796875,-3.8903322219848633,88,187,171,-0.6986328363418579,5.488574504852295,-3.2682616710662837,4
10,-51,-165,3.7419922351837163,-3.7707033157348633,-4.732519626617432,44,155,115,0.8134765625,4.943066596984863,-4.431054592132568,4
4,2,-96,3.751562595367432,-3.8759765625,-4.986133098602295,106,148,12,1.2919921875,3.9812500476837163,-5.593847751617432,4
-33,68,-14,4.048242092132568,-3.4261720180511475,-6.593945503234862,159,178,-101,0.5215820670127869,4.995703220367432,-7.84765625,4
-106,134,65,4.612890720367432,-2.689257860183716,-5.589062690734863,161,268,-184,-0.19140625,6.86669921875,-6.804492473602295,4
-24,-65,93,3.273046970367432,-6.86669921875,4.971777439117432,130,147,-152,-6.206347942352295,21.542774200439453,12.690234184265135,4
-42,-65,187,4.541113376617432,-7.335644721984862,-0.57421875,86,41,-140,3.665429830551148,7.1825194358825675,4.009961128234863,4
164,-31,132,0.9522461295127868,-8.7568359375,-0.583789050579071,43,13,-183,-0.05742187798023224,8.000781059265138,0.9761719107627868,4
165,-58,201,-1.119726538658142,-4.914355754852295,2.3734376430511475,-96,-10,-176,-0.6651367545127869,8.36923885345459,0.5694336295127869,4
93,-122,318,-4.722949504852295,-4.230078220367432,2.091113328933716,-117,-35,-243,-2.79931640625,4.80908203125,1.263281226158142,4
63,-143,425,-12.17343807220459,-7.838086128234862,1.7609375715255735,-38,-66,-364,-8.134765625,4.766015529632568,2.1533203125,4
173,-102,419,-17.963476181030273,-10.441210746765137,5.76611328125,-155,-115,-365,-15.09716796875,14.18798828125,6.5508790016174325,4
183,-19,317,-14.647363662719727,-7.163379192352295,8.2783203125,-307,-49,-193,-12.886425971984865,5.4072265625,3.3017578125,4
104,19,173,-10.125391006469727,-5.8091797828674325,5.90966796875,-85,0,-116,-10.14453125,0.32060548663139343,6.230273723602295,4
46,30,75,-8.981738090515137,-5.488574504852295,3.895117282867432,229,-10,-126,-12.144726753234865,4.445410251617432,4.794726848602295,4
-20,24,40,-6.498242378234862,-4.9287109375,2.784960985183716,226,-40,-126,-9.9052734375,7.9242191314697275,1.8135741949081419,4
-55,17,28,-5.014843940734863,-4.718163967132568,3.61279296875,23,-60,-95,-7.6131839752197275,8.857324600219727,2.435644626617432,4
-114,-3,2,-4.90478515625,-3.7228517532348633,3.9621095657348633,-34,-69,-63,-7.46484375,7.1968750953674325,2.789746046066284,4
-185,-3,-51,-7.2255859375,-4.541113376617432,3.536230564117432,225,-78,-35,-8.905176162719727,3.4500977993011475,2.497851610183716,4
-188,25,-152,-10.436426162719727,-5.727832317352295,5.072265625,485,5,3,-8.670702934265138,7.3165040016174325,-4.78515625,4
-98,57,-243,-12.72373104095459,-7.1250977516174325,6.062793254852295,-487,265,38,-12.728515625,15.015820503234865,-9.919629096984863,4
105,76,-297,-12.857714653015135,-6.5604491233825675,5.593847751617432,291,412,58,-18.097461700439453,10.560839653015137,-4.3544921875,4
238,26,-250,-10.632616996765137,-0.11005859822034836,4.971777439117432,136,375,13,-14.604296684265135,1.7609375715255735,-3.1438477039337163,4
140,-35,-115,-9.264062881469727,1.7178710699081419,4.59375,-259,325,19,-10.57041072845459,1.33984375,-4.598535060882568,4
-79,-121,73,-9.000879287719727,1.5264648199081419,2.9333007335662837,-433,309,30,-9.32627010345459,-1.8709961175918581,-4.512402534484863,4
-290,-210,204,-8.962597846984863,-0.937890648841858,0.9043945670127868,-337,281,-23,-7.6753907203674325,-1.7130860090255735,-3.03857421875,4
-368,-292,243,-10.12060546875,-4.000390529632568,-1.2584961652755735,-173,264,-118,-6.0340819358825675,0.06220703199505806,-0.6172851920127869,4
-357,-334,232,-11.5322265625,-5.517285346984863,-3.1151368618011475,-119,242,-178,-5.043554782867432,5.4072265625,0.7129883170127869,4
-286,-339,211,-13.479784965515135,-7.46484375,-2.100683689117432,-137,268,-179,-8.914746284484863,6.881054878234862,0.01435546949505806,4
-168,-300,186,-14.848340034484865,-7.4696292877197275,-1.287207007408142,-124,242,-147,-9.527246475219727,11.17333984375,2.3973634243011475,4
-78,-228,148,-12.910351753234865,-6.31640625,-0.17705078423023224,-246,217,-63,-7.7806644439697275,8.211328506469728,1.4881836175918581,4
-11,-163,112,-12.17822265625,-5.967090129852295,-0.01914062537252903,-204,190,-54,-6.72314453125,6.1537108421325675,1.02880859375,4
4,-141,87,-10.69482421875,-4.325781345367432,-0.55029296875,-232,151,-49,-7.0533204078674325,6.402539253234862,2.004980564117432,4
-151,-162,98,-11.202051162719727,-3.2874023914337163,-1.9427734613418581,-275,78,-28,-7.617969036102295,5.632129192352295,0.15791015326976776,4
-260,-166,115,-10.93408203125,-3.584082126617432,-2.789746046066284,-336,12,-33,-10.445996284484863,4.852148532867432,-0.25361329317092896,4
-248,-152,151,-10.106249809265137,-4.655957221984863,-2.9189453125,-331,-34,-51,-12.594531059265135,5.225390911102295,1.7083008289337158,4
-150,-117,179,-8.196972846984862,-4.837792873382568,-2.770605564117432,-247,-68,-19,-11.00107479095459,5.28759765625,1.9666992425918581,4
0,-51,175,-9.06787109375,-6.038867473602295,-0.5790039300918579,-142,-54,48,-9.474609375,3.1486327648162837,0.0478515625,4
27,19,153,-11.489160537719727,-4.7373046875,2.794531345367432,30,-8,75,-11.254687309265137,3.32568359375,1.7083008289337158,4
-82,0,154,-9.78085994720459,-3.7419922351837163,4.28271484375,109,27,70,-9.1396484375,4.746875286102295,0.7225586175918579,4
-168,-41,163,-8.5654296875,-5.943164348602295,3.1486327648162837,58,51,94,-8.39794921875,7.0868163108825675,-1.7800781726837158,4
-199,-54,119,-9.3310546875,-6.665722846984862,4.411914348602295,4,100,121,-11.977246284484865,3.8424806594848633,-4.818652629852295,4
-237,-79,79,-5.703906536102295,-6.0723633766174325,4.143945217132568,-61,152,135,-10.465136528015137,3.1916992664337163,-4.191796779632568,4
-241,-92,13,-4.943066596984863,-8.63242244720459,2.842382907867432,-60,168,153,-11.972460746765135,4.364062786102295,-4.421484470367432,4
-231,-103,-71,-4.971777439117432,-8.431445121765138,3.823339939117432,-18,182,184,-13.4462890625,5.354589939117432,-5.656054973602295,4
-251,-104,-124,-6.794921875,-12.972558975219727,3.201269626617432,77,210,171,-15.628320693969727,7.6610355377197275,-4.268359661102295,4
-225,-99,-221,-6.139355659484862,-13.293164253234865,3.1916992664337163,111,265,186,-12.183008193969727,12.503613471984865,-2.4452149868011475,4
-119,-73,-308,-5.5029296875,-13.66162109375,2.6366212368011475,162,299,202,-8.149121284484862,12.709375381469727,-1.45947265625,4
-53,-81,-309,-4.636816501617432,-10.828808784484863,0.985742211341858,68,326,173,-7.024609565734862,10.556055068969727,-2.2538087368011475,4
8,-93,-257,-1.024023413658142,-7.5126953125,-1.0048828125,-60,261,186,-2.938086032867432,8.0390625,-2.46435546875,4
2,-91,-188,1.7083008289337158,-4.56982421875,-3.13427734375,-45,185,157,-0.12919922173023224,4.498046875,-2.201171875,4
4,-57,-128,3.856836080551148,-3.608007907867432,-4.273144721984863,20,147,88,0.8996093869209291,3.22998046875,-3.22998046875,4
-23,-6,-68,5.067480564117432,-2.8375976085662837,-6.77099609375,132,177,-13,0.4880859553813934,3.177343845367432,-5.943164348602295,4
-51,93,-13,5.16796875,-2.6796875,-9.149218559265137,184,265,-105,0.01914062537252903,4.081738471984863,-8.618066787719728,4
-126,26,32,-10.40771484375,-10.843164443969727,29.73017692565918,210,240,-184,-13.8291015625,24.734472274780273,17.00166130065918,4
-90,-78,139,5.7613282203674325,-6.948047161102295,2.65576171875,122,77,-100,2.143749952316284,11.7236328125,7.431347846984862,4
16,-68,141,4.823437690734863,-12.80029296875,-1.057519555091858,42,27,-100,3.679785251617432,8.383593559265138,-0.7321289181709291,4
156,-28,108,3.6032226085662837,-7.814160346984862,0.3397460877895355,83,4,-91,4.134375095367432,11.139843940734863,-2.6605470180511475,4
153,-65,126,2.9476563930511475,-6.3211913108825675,1.7752929925918581,175,-26,-73,3.009863376617432,8.402734756469728,-0.88525390625,4
172,-86,193,1.1340820789337158,-4.852148532867432,2.962011814117432,75,-71,-71,1.4786132574081419,6.689648628234862,-0.14833985269069672,4
83,-65,304,-2.4212892055511475,-2.292089939117432,2.406933546066284,-142,-97,-112,0.12919922173023224,4.7373046875,-0.11484375596046448,4
31,-51,404,-9.177929878234863,-5.7469725608825675,4.33056640625,-139,-123,-244,-2.201171875,4.191796779632568,-0.59814453125,4
183,-24,407,-17.063867568969727,-10.039258003234863,7.139453411102295,55,-126,-341,-9.091796875,7.2064452171325675,-3.416601657867432,4
219,31,276,-14.432031631469727,-5.62255859375,5.8426756858825675,56,-156,-320,-12.2021484375,12.192578315734865,0.3780273497104645,4
44,27,145,-11.52744197845459,-2.9045898914337163,6.48388671875,-206,-110,-160,-11.537012100219727,12.17822265625,-2.052832126617432,4
-117,-9,78,-9.991406440734863,-3.919043064117432,4.842578411102295,-244,4,-58,-8.909960746765137,8.196972846984862,0.2392578125,4
-171,-25,53,-8.53671932220459,-5.536426067352295,2.770605564117432,-89,51,-23,-8.134765625,6.421679973602295,2.650976657867432,4
-120,-16,54,-6.3355469703674325,-5.52685546875,2.48828125,-89,47,-2,-7.58447265625,7.646679878234862,2.196386814117432,4
-104,-16,66,-5.201465129852295,-3.895117282867432,3.3878905773162837,-121,30,12,-7.378711223602295,7.2542967796325675,1.851855516433716,4
-149,-21,67,-6.2685546875,-4.177441596984863,4.588964939117432,-125,9,19,-7.8428711891174325,6.2015624046325675,2.4930665493011475,4
-177,-19,30,-7.0293946266174325,-4.85693359375,4.6416015625,-93,-1,29,-7.718457221984862,5.19189453125,2.5169923305511475,4
-120,11,-47,-7.3404297828674325,-5.81396484375,5.325879096984863,-62,0,40,-7.929004192352295,5.321094036102295,2.0624024868011475,4
-17,28,-111,-7.766308784484862,-4.9287109375,6.0962891578674325,-55,4,49,-8.61328125,5.077050685882568,1.6556640863418581,4
12,13,-110,-7.4696292877197275,-2.411718845367432,5.388085842132568,-66,11,60,-9.264062881469727,4.01953125,1.105371117591858,4
-19,-15,-65,-7.857226848602295,-2.4452149868011475,5.029199123382568,-57,12,55,-9.5224609375,3.5984375476837163,1.1484375,4
-89,-57,-8,-8.316601753234862,-0.9666016101837158,4.632031440734863,-55,11,45,-9.1396484375,4.349707126617432,1.5503906011581419,4
-181,-100,48,-8.072558403015138,-1.2297852039337158,3.4118163585662837,-81,13,42,-8.378808975219728,4.40234375,1.382910132408142,4
-212,-145,99,-9.666015625,-3.4596679210662837,2.27294921875,-101,22,41,-7.550976753234862,4.435840129852295,1.6604492664337158,4
-183,-179,127,-9.484179496765137,-4.478906154632568,1.1388672590255735,-94,44,43,-6.8619141578674325,4.191796779632568,1.6891602277755735,4
-170,-192,169,-11.379101753234865,-4.823437690734863,0.8708984255790709,-129,61,39,-8.976953506469727,6.2398438453674325,2.7323243618011475,4
-188,-195,198,-9.838281631469727,-5.043554782867432,0.4019531309604645,-193,66,59,-8.35009765625,5.7613282203674325,2.172461032867432,4
-141,-176,200,-9.287988662719727,-5.632129192352295,0.95703125,-204,66,83,-7.8907227516174325,4.651172161102295,2.2298829555511475,4
-55,-143,177,-10.197168350219727,-6.134570598602295,0.9953125119209291,-184,58,93,-7.929004192352295,3.85205078125,2.143749952316284,4
-67,-107,134,-11.67099666595459,-4.498046875,0.4115234315395355,-153,44,82,-8.292675971984862,4.04345703125,2.51220703125,4
-149,-81,87,-9.981836318969727,-4.0673828125,0.93310546875,-141,31,73,-7.9146485328674325,4.014746189117432,2.048046827316284,4
-156,-60,59,-9.532031059265137,-4.8330078125,0.8182617425918579,-133,27,80,-8.383593559265138,4.225293159484863,1.626953125,4
-107,-45,57,-8.675488471984862,-5.029199123382568,0.39716798067092896,-85,36,91,-7.9864258766174325,4.005176067352295,1.4499024152755735,4
-68,-38,75,-8.10605525970459,-4.622460842132568,0.9426758289337158,-44,54,86,-8.259180068969728,4.297070503234863,1.1005859375,4
-92,-46,119,-8.63242244720459,-4.100879192352295,1.392480492591858,-29,75,70,-8.905176162719727,4.502831935882568,0.8278320431709291,4
-169,-57,171,-9.11572265625,-4.172656536102295,1.009667992591858,-87,92,67,-9.484179496765137,4.660742282867432,0.516796886920929,4
-226,-57,203,-9.149218559265137,-4.866504192352295,1.0144531726837158,-190,94,84,-10.254590034484863,3.919043064117432,-0.01435546949505806,4
-224,-48,199,-8.73291015625,-6.086719036102295,2.004980564117432,-215,83,91,-10.804883003234863,3.057714939117432,-0.55029296875,4
-147,-24,149,-8.216113090515138,-7.0868163108825675,3.488379001617432,-132,73,72,-10.058398246765137,3.1486327648162837,-0.39716798067092896,4
-91,-17,81,-8.0869140625,-5.627343654632568,4.086523532867432,-92,86,62,-9.40283203125,3.942968845367432,-0.4880859553813934,4
-140,-42,47,-8.340527534484862,-4.440625190734863,4.727734565734863,-116,111,64,-9.316699028015137,5.062695503234863,-0.9043945670127868,4
-201,-75,43,-7.9481449127197275,-4.306640625,3.8616211414337163,-153,140,92,-10.130175590515137,5.804394721984862,-1.8135741949081419,4
-232,-96,34,-7.718457221984862,-5.8570313453674325,3.9573242664337163,-80,157,118,-11.331250190734865,6.7470703125,-3.03857421875,4
-283,-110,-10,-6.8954100608825675,-8.522363662719728,4.632031440734863,-123,187,182,-11.020215034484863,8.03427791595459,-4.297070503234863,4
-298,-98,-114,-5.6512694358825675,-12.924707412719727,3.4835937023162837,-84,196,252,-11.106348037719727,9.981836318969727,-4.7373046875,4
-209,-70,-217,-4.679883003234863,-13.642480850219727,3.665429830551148,17,185,292,-10.134961128234863,10.637402534484863,-4.727734565734863,4
-102,-49,-276,-4.37841796875,-13.13046932220459,2.5361328125,69,170,304,-8.450586318969728,11.36474609375,-5.187109470367432,4
-59,-41,-279,-1.7705078125,-9.37890625,-0.5072265863418579,92,155,298,-5.8905272483825675,8.335741996765138,-3.512304782867432,4
-3,-23,-254,0.0047851563431322575,-6.53173828125,-1.3781250715255735,158,151,232,-4.277929782867432,4.536328315734863,-3.177343845367432,4
-4,-4,-194,1.3781250715255735,-4.612890720367432,-2.7083985805511475,86,179,119,-2.0384767055511475,4.670312404632568,-3.976464986801148,4
-31,15,-119,3.0959961414337163,-4.986133098602295,-3.9381837844848633,63,224,2,-0.631640613079071,4.206152439117432,-5.115332126617432,4
-59,96,-43,3.8185548782348633,-3.9381837844848633,-7.474414348602295,116,297,-112,-1.1340820789337158,7.29736328125,-3.5266602039337163,4
-39,-25,38,4.04345703125,-6.57958984375,5.321094036102295,134,169,-91,-3.6462891101837163,18.74824333190918,11.12548828125,4
4,-29,67,5.7900390625,-6.4408202171325675,0.684277355670929,84,70,-81,2.622265577316284,8.32138729095459,3.464453220367432,4
67,-32,103,4.033886909484863,-4.445410251617432,1.071874976158142,-37,27,-81,1.8805664777755735,7.5653324127197275,2.4404296875,4
95,-58,188,1.7274414300918581,-3.6271483898162837,1.3733398914337158,-44,-19,-132,1.1962890625,5.330664157867432,2.292089939117432,4
98,-99,275,-2.770605564117432,-5.617773532867432,1.9666992425918581,-56,-47,-221,-0.7129883170127869,4.957421779632568,1.5838867425918581,4
150,-90,349,-6.7040038108825675,-8.641992568969728,-0.468945324420929,-109,-45,-279,-5.153613567352295,8.89560604095459,2.8280274868011475,4
106,-35,387,-12.60410213470459,-7.9959964752197275,2.7275390625,-128,-24,-340,-9.68994140625,5.6895508766174325,3.7228517532348633,4
49,-18,375,-15.676172256469727,-7.8428711891174325,7.10595703125,-136,-44,-320,-14.70957088470459,9.488965034484863,7.0868163108825675,4
-27,-11,281,-12.829004287719727,-8.01035213470459,6.737500190734862,-100,-42,-220,-12.537109375,5.679980754852295,5.679980754852295,4
-1,5,165,-10.508203506469727,-7.239941596984862,5.201465129852295,48,-33,-151,-10.436426162719727,3.976464986801148,5.172753810882568,4
21,14,97,-8.412304878234862,-7.000683784484862,4.622460842132568,178,-43,-124,-10.063183784484863,5.1201171875,3.4022462368011475,4
28,10,71,-5.8809571266174325,-6.7901368141174325,5.220605373382568,183,-55,-107,-8.886034965515137,6.1297850608825675,2.052832126617432,4
44,2,35,-5.005273342132568,-7.1011719703674325,5.8905272483825675,121,-58,-86,-7.598828315734862,5.426367282867432,1.2058594226837158,4
59,0,-42,-6.24462890625,-7.2925782203674325,5.282812595367432,103,-46,-72,-7.905078411102295,4.900000095367432,1.2106446027755735,4
73,5,-125,-7.44091796875,-6.3355469703674325,4.4501953125,140,-17,-35,-8.240038871765138,4.081738471984863,1.225000023841858,4
78,16,-178,-8.61328125,-5.799609661102295,4.029101848602295,86,20,30,-8.694628715515138,3.7467775344848633,2.162890672683716,4
89,26,-197,-9.68515682220459,-5.488574504852295,3.7419922351837163,88,30,74,-9.579882621765137,4.47412109375,3.856836080551148,4
105,36,-189,-9.264062881469727,-5.349804878234863,2.7083985805511475,114,15,94,-9.0439453125,4.526757717132568,4.789941310882568,4
154,44,-161,-9.871777534484863,-5.852246284484862,1.93798828125,77,-2,85,-8.35009765625,3.4261720180511475,5.488574504852295,4
207,34,-117,-9.7138671875,-5.416797161102295,1.1627930402755735,48,-25,40,-6.857129096984862,3.608007907867432,6.593945503234862,4
193,14,-70,-8.766406059265138,-4.297070503234863,0.8421875238418579,95,-79,-24,-5.8570313453674325,1.5456055402755735,6.1058592796325675,4
128,2,-36,-9.154004096984863,-4.459765911102295,0.679492175579071,197,-135,-98,-6.952832221984862,2.761035203933716,3.129492282867432,4
99,9,-34,-9.010449409484863,-5.469433784484863,0.6029297113418579,228,-182,-120,-8.35009765625,4.85693359375,1.5121093988418581,4
106,32,-61,-9.03916072845459,-5.679980754852295,0.5215820670127869,239,-187,-109,-8.555859565734862,4.646386623382568,0.18662109971046448,4
106,60,-86,-8.771191596984862,-5.7613282203674325,0.583789050579071,232,-166,-103,-8.627636909484862,4.847363471984863,-0.06220703199505806,4
137,90,-105,-9.16357421875,-6.31640625,1.153222680091858,211,-137,-96,-9.21142578125,4.689453125,-0.7799804806709291,4
154,105,-116,-9.35498046875,-6.038867473602295,1.5791015625,180,-108,-61,-10.12060546875,5.900097846984862,-0.6986328363418579,4
178,112,-141,-9.460253715515137,-6.72314453125,2.095898389816284,159,-107,-20,-10.09189510345459,5.158398628234863,-1.3063477277755735,4
240,116,-189,-10.780957221984863,-6.9576172828674325,2.067187547683716,183,-123,-10,-9.675585746765137,4.943066596984863,-2.2298829555511475,4
293,103,-239,-11.65185546875,-5.206250190734863,1.3254883289337158,214,-147,-22,-9.000879287719727,5.349804878234863,-2.473925828933716,4
264,66,-241,-11.278613090515135,-2.8806641101837163,0.4498046934604645,222,-155,-27,-8.211328506469728,5.258886814117432,-3.1151368618011475,4
163,30,-181,-9.819140434265137,-2.3255860805511475,-0.01435546949505806,200,-155,-30,-8.60849666595459,5.392871379852295,-2.579199314117432,4
80,22,-95,-8.06298828125,-3.703711032867432,-0.69384765625,188,-160,-37,-9.240137100219727,5.077050685882568,-2.8232421875,4
122,44,-54,-6.876269817352295,-5.148828029632568,-1.244140625,198,-178,-33,-8.7568359375,4.679883003234863,-2.6318359375,4
201,78,-65,-7.9912109375,-6.2494139671325675,-1.4546874761581419,213,-202,-22,-8.268750190734862,5.086621284484863,-3.2204101085662837,4
182,87,-97,-10.350293159484863,-6.4312500953674325,-1.93798828125,228,-211,-10,-8.053418159484862,5.7948241233825675,-3.081640720367432,4
187,100,-124,-12.589746475219727,-8.29746150970459,-1.5982421636581419,244,-209,-8,-10.053613662719727,8.27353572845459,-2.9333007335662837,4
186,107,-159,-12.206933975219727,-7.6849613189697275,-0.9761719107627868,247,-182,0,-8.54150390625,9.7138671875,-2.8519532680511475,4
120,103,-208,-11.876757621765135,-8.096484184265138,-0.34453126788139343,250,-143,39,-5.589062690734863,10.747461318969727,-2.292089939117432,4
55,105,-262,-12.814648628234865,-9.1875,-0.02392578125,191,-107,102,-4.440625190734863,12.4892578125,-2.067187547683716,4
-15,103,-291,-12.07773494720459,-9.680371284484863,-0.32539063692092896,127,-110,171,-2.938086032867432,10.40771484375,-2.4212892055511475,4
-26,114,-302,-11.154199600219727,-9.914843559265137,-0.9953125119209291,66,-115,208,-1.5934571027755735,9.21142578125,-2.430859327316284,4
-38,118,-287,-9.54638671875,-9.800000190734863,-1.3254883289337158,46,-133,218,-1.4546874761581419,7.8667969703674325,-2.966796875,4
-59,113,-269,-7.0772461891174325,-9.3310546875,-1.191503882408142,73,-127,204,-0.03349609300494194,8.091699600219728,-2.713183641433716,4
-57,113,-252,-5.6895508766174325,-10.28330135345459,-0.6986328363418579,98,-113,198,1.5360351800918581,8.517578125,-4.297070503234863,4
-93,81,-225,-1.899707078933716,-9.70908260345459,0.44501954317092896,-12,-85,201,3.488379001617432,8.5654296875,-3.63671875,4
-93,77,-200,1.296777367591858,-8.06298828125,0.74169921875,-83,-51,174,4.632031440734863,4.56982421875,-6.6561522483825675,4
-131,87,-152,1.8231445550918581,-7.192090034484862,0.01435546949505806,-82,11,114,5.565136909484863,2.722754001617432,-8.651562690734862,4
-138,134,-82,1.191503882408142,-6.6083006858825675,-1.1627930402755735,19,91,45,5.172753810882568,2.9093749523162837,-8.87168025970459,4
-178,186,-11,1.72265625,-6.38818359375,-2.9572265148162837,145,197,-50,3.584082126617432,1.000097632408142,-8.35009765625,4
-197,85,17,-9.718652725219727,-12.996484756469727,30.39531326293945,171,164,-135,-7.598828315734862,24.60527420043945,13.08261775970459,4
-74,-17,122,3.0194337368011475,-3.70849609375,4.655957221984863,66,45,-92,3.1151368618011475,8.498437881469728,4.938281536102295,4
-1,-55,225,0.08613281697034836,-3.3591797351837163,4.249218940734863,4,-39,-161,1.3302735090255735,3.4931640625,2.239453077316284,4
128,-104,329,-2.99072265625,-4.574609279632568,2.9333007335662837,-59,-123,-257,-2.497851610183716,3.4118163585662837,1.5264648199081419,4
137,-103,422,-8.259180068969728,-6.426465034484862,0.4976562559604645,-19,-202,-361,-8.23046875,4.76123046875,-0.287109375,4
188,-78,476,-15.058887481689453,-10.1923828125,4.71337890625,-10,-241,-436,-16.972949981689453,5.632129192352295,-0.7273437380790709,4
220,-11,409,-18.19795036315918,-11.95810604095459,7.8189454078674325,-126,-223,-361,-20.920703887939453,14.42724609375,5.148828029632568,4
161,52,234,-12.283495903015135,-7.5557618141174325,7.574902534484862,-151,-108,-200,-14.8818359375,5.5029296875,2.89501953125,4
130,94,78,-10.158886909484863,-7.570117473602295,5.9814453125,62,-73,-153,-12.762011528015135,4.076953411102295,2.2777345180511475,4
147,122,2,-7.311718940734862,-7.833301067352295,6.541308879852295,222,-94,-150,-11.828906059265135,5.029199123382568,-0.19619141519069672,4
156,95,-26,-4.732519626617432,-7.0054688453674325,9.417187690734863,202,-116,-126,-9.910058975219727,4.837792873382568,-1.6221679449081419,4
166,47,-67,-5.091406345367432,-7.742383003234862,6.593945503234862,202,-104,-107,-8.94345760345459,4.368847846984863,-2.076757907867432,4
266,33,-129,-7.546191692352295,-6.809277534484862,4.158300876617432,248,-75,-85,-8.89560604095459,4.464550971984863,-0.009570312686264515,4
343,7,-136,-9.37412166595459,-4.220508098602295,4.014746189117432,230,-46,-52,-9.154004096984863,4.344922065734863,0.9187500476837158,4
311,-47,-68,-11.326464653015135,-2.9955079555511475,5.402441501617432,246,-19,-33,-9.244921684265137,3.785058736801148,0.861328125,4
175,-108,14,-12.594531059265135,-4.828222751617432,3.8376953601837163,137,8,0,-9.603808403015137,4.273144721984863,1.8135741949081419,4
123,-141,22,-12.522753715515135,-6.69921875,1.7274414300918581,91,11,-2,-8.2783203125,4.01953125,2.402148485183716,4
111,-134,-6,-14.097070693969727,-6.737500190734862,-0.4641601741313934,90,-5,-39,-7.9385743141174325,4.196582317352295,3.0768554210662837,4
62,-107,-40,-11.19248104095459,-5.440722942352295,-0.8565430045127869,134,-26,-89,-8.570215225219728,5.512500286102295,3.732421875,4
-4,-65,-70,-9.154004096984863,-5.3115234375,-1.1962890625,207,-75,-89,-7.6849613189697275,8.431445121765138,3.4931640625,4
18,0,-105,-7.8189454078674325,-5.780468940734862,-1.6125977039337158,231,-111,-37,-6.7518553733825675,7.4122071266174325,1.947558641433716,4
113,65,-151,-8.65634822845459,-6.0005860328674325,-1.244140625,238,-132,-13,-6.43603515625,6.57958984375,0.17226563394069672,4
155,93,-193,-11.393457412719727,-5.43115234375,-0.27753907442092896,229,-137,10,-7.670605659484862,6.1728515625,-0.535937488079071,4
132,95,-226,-13.015625,-4.90478515625,0.8182617425918579,226,-133,19,-8.196972846984862,5.7852540016174325,-0.93310546875,4
97,94,-250,-12.69980525970459,-4.684668064117432,1.3015625476837158,213,-116,33,-7.6275391578674325,5.258886814117432,-0.861328125,4
96,96,-251,-12.527539253234865,-4.675097942352295,1.07666015625,188,-87,41,-7.1585936546325675,5.8857421875,-0.7704101800918579,4
106,96,-216,-12.551465034484865,-4.971777439117432,0.4833008050918579,133,-67,47,-8.115625381469728,6.5843749046325675,-0.583789050579071,4
97,104,-162,-10.240234375,-4.837792873382568,0.17705078423023224,90,-86,38,-8.292675971984862,8.03427791595459,-1.287207007408142,4
111,121,-126,-8.053418159484862,-5.206250190734863,0.40673828125,121,-115,34,-5.6895508766174325,6.857129096984862,-2.10546875,4
142,136,-111,-7.3404297828674325,-5.560351848602295,0.05263672024011612,166,-151,28,-3.9573242664337163,8.24960994720459,-2.87109375,4
123,144,-99,-7.216015815734862,-4.919140815734863,0.01435546949505806,187,-163,29,-2.75146484375,7.598828315734862,-4.555469036102295,4
104,150,-83,-7.5557618141174325,-5.7134766578674325,0.7751953005790709,177,-158,40,-2.8375976085662837,8.771191596984862,-4.445410251617432,4
136,160,-81,-7.833301067352295,-6.570019721984862,0.6172851920127869,142,-149,50,-3.9573242664337163,7.909863471984862,-4.038671970367432,4
160,162,-96,-8.41709041595459,-6.19677734375,0.9283203482627868,121,-152,56,-4.943066596984863,7.177734375,-3.416601657867432,4
122,145,-123,-8.72812557220459,-5.9814453125,1.79443359375,94,-170,65,-5.531640529632568,7.072461128234862,-3.3878905773162837,4
53,116,-150,-9.728222846984863,-7.3882813453674325,2.167675733566284,72,-194,85,-6.8954100608825675,8.120409965515138,-3.4309570789337163,4
-41,108,-194,-10.340723037719727,-10.12060546875,1.995410203933716,136,-212,110,-7.354785442352295,10.26416015625,-3.1151368618011475,4
-111,86,-246,-9.268847465515137,-11.67099666595459,2.239453077316284,176,-211,173,-6.2254881858825675,12.94384765625,-4.407128810882568,4
-87,107,-291,-6.5365233421325675,-13.32187557220459,1.02880859375,138,-163,232,-2.722754001617432,11.666211128234865,-4.861718654632568,4
-92,97,-279,-3.13427734375,-9.699511528015137,-1.9666992425918581,120,-106,249,0.39716798067092896,9.383691787719727,-5.010058879852295,4
-95,116,-214,-0.6172851920127869,-7.0293946266174325,-3.105566501617432,75,-55,237,1.6891602277755735,5.55078125,-6.5556640625,4
-84,143,-145,0.57421875,-5.148828029632568,-2.8998048305511475,-104,-15,210,2.12939453125,2.5169923305511475,-7.7806644439697275,4
-117,161,-76,1.1101562976837158,-4.828222751617432,-4.435840129852295,-115,40,106,3.4357421398162837,0.7369140982627869,-9.359766006469727,4
-148,215,-11,1.1627930402755735,-5.440722942352295,-7.0341796875,-7,177,-41,4.914355754852295,-1.36376953125,-10.039258003234863,4
-241,185,51,-12.541894912719727,-12.431836128234865,33.180274963378906,116,197,-200,-5.828320503234862,16.078125,18.169239044189453,4
-78,18,100,4.297070503234863,-5.072265625,2.186816453933716,36,8,-88,1.5886719226837158,11.8671875,9.699511528015137,4
-29,-40,169,2.076757907867432,-4.923925876617432,3.4261720180511475,-29,-54,-112,2.071972608566284,6.412109375,2.119824171066284,4
118,-76,226,-0.478515625,-5.7374024391174325,1.22021484375,-10,-122,-188,-2.770605564117432,5.273242473602295,2.8280274868011475,4
153,-71,304,-4.239648342132568,-6.24462890625,0.8134765625,-61,-201,-242,-7.15380859375,4.804296970367432,1.7035156488418581,4
221,-32,379,-10.364648818969727,-8.957812309265137,2.808886766433716,-102,-235,-329,-12.84814453125,3.94775390625,-0.03828125074505806,4
370,45,352,-15.250293731689453,-10.733105659484863,6.613086223602295,-41,-226,-382,-18.264942169189453,7.0628905296325675,4.349707126617432,4
330,110,236,-13.790820121765135,-6.373828411102295,7.6083984375,-65,-202,-298,-17.437108993530273,7.479199409484862,4.110449314117432,4
156,106,104,-10.74267578125,-5.134472846984863,7.263867378234862,59,-130,-188,-13.03955078125,3.584082126617432,3.9094727039337163,4
93,102,15,-8.10605525970459,-5.9527344703674325,6.570019721984862,230,-114,-135,-12.977343559265135,4.550683498382568,2.9811522960662837,4
149,98,-41,-5.555566310882568,-7.594043254852295,9.656445503234863,215,-122,-87,-12.216504096984865,4.866504192352295,0.08134765923023224,4
195,44,-80,-5.349804878234863,-6.5269532203674325,8.316601753234862,241,-128,-85,-9.154004096984863,3.4022462368011475,-1.1867188215255735,4
244,0,-116,-7.1250977516174325,-5.019629001617432,4.679883003234863,208,-104,-67,-7.4600586891174325,3.5553710460662837,-0.564648449420929,4
282,-39,-109,-9.37412166595459,-3.7180664539337163,4.56982421875,190,-72,-63,-7.598828315734862,3.42138671875,0.18662109971046448,4
220,-107,-53,-11.345605850219727,-2.531347751617432,6.2733397483825675,170,-37,-63,-8.08212947845459,3.7419922351837163,0.6412109732627869,4
28,-177,-3,-12.044238090515135,-3.4309570789337163,5.28759765625,105,-4,-56,-8.388379096984862,4.220508098602295,1.4881836175918581,4
-124,-195,-21,-11.637499809265135,-4.804296970367432,2.244238376617432,50,14,-57,-8.675488471984862,4.4501953125,2.076757907867432,4
-135,-139,-94,-10.484277725219727,-5.392871379852295,-0.0047851563431322575,-16,23,-59,-8.58457088470459,4.675097942352295,2.8375976085662837,4
-66,-50,-148,-9.096582412719727,-5.134472846984863,-0.5933594107627869,-39,21,-60,-8.460156440734862,4.191796779632568,3.4788086414337163,4
0,27,-154,-9.412402153015137,-4.990918159484863,-0.3158203065395355,7,5,-80,-9.790430068969727,3.880761861801148,4.230078220367432,4
60,94,-128,-8.527148246765138,-4.80908203125,-0.5790039300918579,71,-20,-101,-9.59423828125,3.7228517532348633,4.411914348602295,4
123,144,-107,-9.154004096984863,-4.459765911102295,-0.95703125,187,-36,-124,-9.23056697845459,3.2443358898162837,3.641504049301148,4
132,177,-87,-9.73300838470459,-4.000390529632568,-0.9091796875,250,-42,-132,-8.574999809265138,5.177539348602295,3.6462891101837163,4
159,198,-75,-10.21152400970459,-5.402441501617432,0.3828125,173,-47,-103,-6.971972942352295,6.325976848602295,3.2347657680511475,4
179,178,-115,-11.19248104095459,-5.325879096984863,0.7943359613418579,99,-56,-53,-7.498340129852295,5.196679592132568,3.488379001617432,4
113,158,-152,-11.785840034484865,-3.7898437976837163,0.7704101800918579,192,-64,-36,-9.077441215515137,2.794531345367432,2.8615233898162837,4
38,147,-157,-11.776269912719727,-4.550683498382568,2.5169923305511475,271,-62,-16,-8.32138729095459,3.7419922351837163,2.359081983566284,4
46,150,-157,-10.02490234375,-5.7421875,2.3495118618011475,258,-58,17,-7.785449504852295,5.19189453125,2.186816453933716,4
153,142,-163,-10.847949028015137,-5.751758098602295,1.119726538658142,206,-34,61,-8.938672065734863,4.943066596984863,2.3447265625,4
97,126,-129,-9.80478572845459,-4.254004001617432,1.119726538658142,189,-1,57,-7.4361329078674325,5.62255859375,3.158203125,4
9,100,-73,-6.110644817352295,-4.636816501617432,0.9905273914337158,135,-2,66,-4.813867092132568,6.125,2.5409181118011475,4
78,86,-48,-5.7852540016174325,-8.412304878234862,-0.287109375,118,-27,73,-5.6656250953674325,7.5557618141174325,1.53125,4
59,72,-34,-8.5654296875,-8.244824409484862,0.2679687440395355,59,-66,79,-9.072656631469727,7.498340129852295,2.0145509243011475,4
-79,43,-39,-6.38818359375,-8.53671932220459,0.5072265863418579,142,-108,69,-6.450390815734862,7.929004192352295,1.6125977039337158,4
-80,73,-89,-3.488379001617432,-11.345605850219727,-0.44023439288139343,188,-138,84,-3.4309570789337163,11.020215034484863,-0.4593750238418579,4
-7,153,-149,-3.8616211414337163,-12.790722846984865,-0.74169921875,154,-134,147,-3.416601657867432,12.565820693969727,-1.2297852039337158,4
12,196,-189,-3.4835937023162837,-11.962890625,-0.3541015684604645,118,-141,204,-3.5458009243011475,11.95810604095459,-2.8328125476837163,4
38,218,-224,-2.450000047683716,-11.728418350219727,-1.3876953125,112,-152,241,-2.775390625,10.063183784484863,-4.09130859375,4
3,210,-237,-1.7130860090255735,-9.091796875,-1.72265625,139,-145,258,-1.2058594226837158,8.723340034484862,-5.033984661102295,4
-48,186,-213,-0.21054688096046448,-7.6610355377197275,-2.191601514816284,-21,-118,269,0.6507812738418579,5.077050685882568,-5.225390911102295,4
-105,169,-176,0.655566394329071,-7.1298828125,-3.536230564117432,-123,-111,216,1.89013671875,2.7275390625,-5.584277629852295,4
-123,182,-128,1.3876953125,-6.31640625,-5.62255859375,-136,-61,120,3.871191501617432,2.0863282680511475,-9.991406440734863,4
-192,239,-40,-0.32060548663139343,-7.598828315734862,-8.330957412719728,-40,69,3,4.995703220367432,2.263378858566284,-11.967676162719727,4
-335,196,46,-16.130762100219727,-12.2021484375,31.936134338378906,61,101,-96,-2.94287109375,20.07373046875,19.509082794189453,4
-106,94,61,2.79931640625,-12.2978515625,0.0478515625,52,-59,-64,2.234668016433716,7.9146485328674325,6.713574409484862,4
54,93,92,1.8087891340255735,-4.885644435882568,3.6750001907348633,-84,-90,-76,2.359081983566284,6.8236327171325675,0.2918945252895355,4
-13,34,200,0.765625,-2.483496189117432,3.6223633289337163,-73,-118,-156,1.0910156965255735,4.95263671875,0.9283203482627868,4
17,-51,303,-1.626953125,-5.2158203125,1.7609375715255735,-126,-149,-240,-0.50244140625,4.297070503234863,0.5455078482627869,4
198,-37,365,-6.3642578125,-7.3212890625,-0.4115234315395355,-96,-159,-348,-5.033984661102295,4.900000095367432,0.660351574420929,4
266,36,410,-14.298047065734865,-6.1058592796325675,4.938281536102295,-53,-154,-433,-12.19736385345459,7.08203125,2.65576171875,4
162,44,359,-17.81513786315918,-6.8236327171325675,10.254590034484863,-42,-164,-410,-19.56171989440918,13.522851943969727,8.546289443969728,4
18,34,199,-12.527539253234865,-5.579492092132568,7.909863471984862,3,-105,-237,-13.384081840515135,7.4935550689697275,6.086719036102295,4
10,33,69,-11.082422256469727,-6.48388671875,4.813867092132568,116,-58,-131,-9.37890625,5.756543159484862,3.823339939117432,4
-15,24,31,-9.39804744720459,-5.823535442352295,4.000390529632568,36,-22,-55,-8.603711128234862,6.5078125,2.473925828933716,4
-20,7,59,-5.8857421875,-6.2015624046325675,4.249218940734863,40,-33,-42,-6.809277534484862,5.569921970367432,2.258593797683716,4
70,1,52,-5.517285346984863,-7.1729493141174325,4.407128810882568,65,-44,-41,-6.062793254852295,4.536328315734863,2.03369140625,4
108,-1,-5,-7.3260741233825675,-6.31640625,3.727636814117432,128,-25,-19,-6.8714842796325675,3.9142580032348633,1.5264648199081419,4
87,-5,-80,-8.407519340515138,-5.062695503234863,4.153515815734863,162,22,29,-8.005566596984862,4.411914348602295,2.8854491710662837,4
65,-13,-139,-8.91953182220459,-5.019629001617432,4.182226657867432,175,63,85,-9.3310546875,5.225390911102295,4.900000095367432,4
81,-10,-163,-8.99130916595459,-5.684765815734862,3.847265720367432,153,89,130,-9.694726943969727,5.6656250953674325,4.880859375,4
143,-6,-162,-9.431543350219727,-5.627343654632568,3.296972751617432,-3,91,156,-8.555859565734862,7.1298828125,6.67529296875,4
167,-8,-144,-10.02490234375,-4.95263671875,2.359081983566284,-152,7,134,-7.857226848602295,1.4642578363418581,7.239941596984862,4
168,-10,-130,-10.824023246765137,-4.947851657867432,1.8662109375,-61,-77,0,-7.4600586891174325,-1.4546874761581419,4.124804973602295,4
156,-12,-123,-11.154199600219727,-4.943066596984863,1.7800781726837158,140,-167,-142,-9.49375057220459,4.076953411102295,3.1486327648162837,4
136,-8,-127,-9.790430068969727,-4.517187595367432,1.4164062738418581,230,-238,-178,-10.6708984375,5.306738376617432,1.344628930091858,4
110,0,-135,-9.168359756469727,-4.177441596984863,1.1149414777755735,221,-244,-179,-10.445996284484863,4.866504192352295,-0.39716798067092896,4
81,16,-135,-8.44101619720459,-3.919043064117432,0.492871105670929,288,-224,-161,-9.986620903015137,5.632129192352295,-0.1435546875,4
78,37,-127,-8.259180068969728,-4.263574123382568,0.57421875,306,-206,-138,-9.938769340515137,5.081836223602295,0.13876953721046448,4
82,60,-120,-8.335741996765138,-4.273144721984863,0.4306640625,345,-200,-102,-9.311914443969727,4.526757717132568,-0.14833985269069672,4
88,81,-124,-8.3740234375,-4.225293159484863,0.6507812738418579,239,-187,-59,-8.933886528015137,3.847265720367432,-0.26318359375,4
88,99,-132,-9.843066215515137,-4.622460842132568,1.3733398914337158,64,-152,-24,-9.536816596984863,3.8855469226837163,0.1435546875,4
80,106,-133,-11.7236328125,-4.7373046875,1.8709961175918581,-11,-129,-47,-9.910058975219727,3.4357421398162837,0.5933594107627869,4
78,110,-126,-11.709277153015135,-4.866504192352295,2.10546875,6,-97,-84,-8.929101943969727,3.4788086414337163,1.12451171875,4
76,112,-115,-10.134961128234863,-4.297070503234863,2.100683689117432,90,-65,-109,-8.067773818969728,4.847363471984863,1.6556640863418581,4
62,113,-105,-8.785547256469728,-4.115234375,2.574414014816284,125,-47,-114,-7.751953125,5.579492092132568,1.79443359375,4
52,113,-104,-7.5653324127197275,-4.612890720367432,3.2443358898162837,134,-53,-85,-7.622754096984862,5.708691596984862,1.6125977039337158,4
50,116,-88,-7.0389647483825675,-5.43115234375,3.0146484375,289,-72,-94,-8.005566596984862,5.967090129852295,0.59814453125,4
92,123,-56,-6.3211913108825675,-5.947949409484862,2.1102540493011475,287,-90,-70,-8.115625381469728,7.2255859375,-0.05263672024011612,4
134,132,-17,-5.95751953125,-5.7613282203674325,1.60302734375,258,-100,-60,-7.263867378234862,7.2208008766174325,-1.3063477277755735,4
200,130,0,-6.10107421875,-6.5365233421325675,1.7561523914337158,155,-82,-45,-5.919238567352295,9.154004096984863,-1.3733398914337158,4
211,111,-10,-6.8140625953674325,-6.7901368141174325,1.1819336414337158,100,-48,-11,-5.459863185882568,9.120508193969727,-0.703417956829071,4
152,69,-58,-8.723340034484862,-7.598828315734862,1.981054782867432,90,-20,42,-7.670605659484862,11.326464653015135,0.04306640848517418,4
7,24,-92,-9.177929878234863,-9.06308650970459,1.335058569908142,57,-4,132,-9.752148628234863,11.929394721984865,0.27275392413139343,4
-49,31,-164,-8.067773818969728,-10.795312881469727,0.29667970538139343,111,-15,216,-7.713672161102295,12.360058784484865,1.7896484136581419,4
-47,85,-244,-8.48886775970459,-13.623339653015135,-1.335058569908142,117,-30,282,-6.2685546875,12.642382621765135,1.406835913658142,4
-19,138,-298,-8.259180068969728,-12.99169921875,-1.6317383050918581,124,-51,300,-4.512402534484863,10.64218807220459,0.93310546875,4
-37,176,-312,-6.91455078125,-12.56103515625,-1.8949218988418581,68,-62,306,-2.392578125,8.8525390625,0.03349609300494194,4
-72,197,-300,-4.995703220367432,-10.125391006469727,-2.220312595367432,82,-74,273,-0.8134765625,6.1728515625,-1.12451171875,4
-74,199,-267,-2.531347751617432,-8.3740234375,-2.0384767055511475,-53,-79,248,0.765625,5.359375,-1.98583984375,4
-125,178,-211,-0.5263671875,-6.125,-2.435644626617432,-138,-104,191,2.5361328125,3.42138671875,-3.641504049301148,4
-124,175,-153,1.5168945789337158,-5.426367282867432,-2.713183641433716,-190,-120,119,4.71337890625,1.818359375,-5.086621284484863,4
-175,166,-95,2.94287109375,-5.6656250953674325,-3.2395508289337163,-220,-100,35,5.660840034484862,0.39238283038139343,-7.5796875953674325,4
-147,176,-40,2.8854491710662837,-6.7997069358825675,-2.9189453125,-95,-43,-61,7.163379192352295,2.402148485183716,-7.862011909484862,4
-240,174,19,2.507421970367432,-7.5557618141174325,-5.895312786102295,12,36,-128,7.7806644439697275,3.0625,-7.0054688453674325,4
-279,161,82,-12.072949409484865,-14.551660537719727,24.34209060668945,99,54,-165,0.7321289181709291,18.41328239440918,17.523242950439453,4
-90,81,65,4.134375095367432,-13.78125,0.5933594107627869,42,-43,-85,5.172753810882568,13.532422065734865,3.751562595367432,4
-18,92,57,5.225390911102295,-6.7040038108825675,1.53125,-75,-27,-52,4.584179878234863,9.18271541595459,-0.8134765625,4
-1,57,106,3.416601657867432,-3.512304782867432,4.23486328125,-94,-52,-82,3.2634766101837163,6.373828411102295,1.7083008289337158,4
44,-12,191,0.4880859553813934,-1.818359375,4.033886909484863,-131,-86,-153,1.72265625,3.5745117664337163,2.1102540493011475,4
22,-85,295,-3.5984375476837163,-3.5888671875,1.0623047351837158,-47,-126,-258,-2.024121046066284,3.7467775344848633,1.84228515625,4
63,-79,358,-8.41709041595459,-8.11083984375,-2.411718845367432,27,-163,-361,-7.718457221984862,4.072167873382568,2.411718845367432,4
152,-31,386,-13.714258193969727,-9.364550590515137,1.9619140625,6,-193,-416,-15.652246475219727,7.8907227516174325,3.4835937023162837,4
146,-5,371,-17.38447380065918,-9.82871150970459,7.4361329078674325,-15,-185,-351,-17.43232536315918,10.819238662719727,6.2685546875,4
59,8,246,-13.01084041595459,-8.771191596984862,6.0962891578674325,-7,-130,-214,-12.6328125,7.952929973602295,3.8855469226837163,4
77,33,95,-10.225878715515137,-7.9002933502197275,4.292285442352295,-1,-60,-114,-9.484179496765137,4.699023723602295,2.402148485183716,4
90,46,12,-8.388379096984862,-6.890625,3.488379001617432,6,-30,-72,-8.933886528015137,4.560254096984863,2.435644626617432,4
91,42,0,-6.29248046875,-6.31640625,3.952539205551148,58,-31,-70,-7.4217777252197275,5.067480564117432,1.7178710699081419,4
92,20,4,-6.282910346984862,-6.067578315734862,4.507617473602295,117,-29,-55,-6.6944336891174325,4.531543254852295,1.4881836175918581,4
88,2,-16,-7.1346678733825675,-6.593945503234862,3.5984375476837163,137,-8,-20,-7.2064452171325675,4.009961128234863,2.22509765625,4
134,1,-80,-8.27353572845459,-6.6465821266174325,3.1725585460662837,176,20,13,-8.024706840515138,3.8616211414337163,3.009863376617432,4
167,1,-136,-9.608593940734863,-5.57470703125,3.08642578125,221,48,35,-8.4697265625,4.861718654632568,3.761132955551148,4
164,-10,-149,-11.446093559265135,-5.158398628234863,3.1199219226837163,79,60,92,-9.680371284484863,6.684863567352295,8.909960746765137,4
116,-26,-140,-10.082324028015137,-3.966894626617432,1.5982421636581419,17,-65,62,-7.239941596984862,-1.033593773841858,8.905176162719727,4
75,-18,-128,-9.575098037719727,-3.713281393051148,0.4833008050918579,163,-110,-29,-7.7088871002197275,0.607714831829071,2.10546875,4
99,0,-102,-10.130175590515137,-5.09619140625,0.5311523675918579,175,-143,-73,-10.31201171875,5.7469725608825675,2.641406297683716,4
138,12,-88,-9.94834041595459,-4.411914348602295,-0.26318359375,155,-173,-83,-10.225878715515137,4.33056640625,0.3780273497104645,4
134,24,-97,-8.455370903015138,-3.4070312976837163,-0.15312500298023224,156,-143,-94,-9.97705078125,3.8376953601837163,-0.9283203482627868,4
113,44,-105,-8.402734756469728,-3.6271483898162837,0.0047851563431322575,229,-118,-94,-9.579882621765137,4.670312404632568,-0.03349609300494194,4
91,64,-107,-8.670702934265138,-3.3639647960662837,0.10527344048023224,229,-100,-84,-9.68515682220459,5.258886814117432,-0.9761719107627868,4
73,91,-102,-7.881152629852295,-3.775488376617432,0.18662109971046448,248,-82,-66,-8.962597846984863,4.086523532867432,-1.4499024152755735,4
100,124,-106,-8.067773818969728,-4.292285442352295,0.3636718690395355,169,-74,-45,-8.651562690734862,4.096093654632568,-1.5838867425918581,4
128,150,-115,-7.943359375,-4.431054592132568,0.765625,64,-75,-22,-8.747265815734862,4.277929782867432,-1.225000023841858,4
129,162,-106,-8.192187309265138,-4.986133098602295,1.3876953125,74,-99,-31,-9.680371284484863,3.7419922351837163,-1.177148461341858,4
156,163,-68,-10.173242568969727,-6.732715129852295,1.3015625476837158,146,-123,-63,-9.9052734375,5.014843940734863,-0.8182617425918579,4
213,152,-69,-9.962695121765137,-6.660937786102295,0.8661133050918579,200,-132,-83,-8.675488471984862,5.603417873382568,-0.14833985269069672,4
207,112,-58,-9.503320693969727,-4.780371189117432,-1.6078125238418581,199,-125,-91,-8.527148246765138,8.173047065734862,0.7560546994209291,4
205,82,-26,-7.6036133766174325,-4.995703220367432,-1.2058594226837158,184,-107,-62,-5.7230467796325675,7.0868163108825675,0.588574230670929,4
229,76,-24,-8.651562690734862,-5.38330078125,-0.21533203125,251,-114,-55,-5.852246284484862,6.4551758766174325,-0.07177734375,4
231,79,-46,-8.713769912719728,-5.464648723602295,0.6172851920127869,226,-112,-36,-7.08203125,6.1728515625,-0.535937488079071,4
239,84,-76,-8.814257621765137,-5.2158203125,0.9905273914337158,105,-98,-11,-7.6275391578674325,6.258984565734862,-0.11484375596046448,4
219,77,-95,-8.622851371765138,-4.344922065734863,1.626953125,138,-86,-15,-7.4361329078674325,6.641797065734862,0.04306640848517418,4
162,56,-94,-7.761523723602295,-3.785058736801148,1.7274414300918581,136,-63,-6,-6.9193358421325675,7.2925782203674325,0.20576171576976776,4
100,37,-76,-7.82373046875,-4.3544921875,1.9188476800918581,109,-47,13,-6.5030274391174325,7.259082317352295,0.57421875,4
37,23,-62,-8.096484184265138,-5.727832317352295,1.6795898675918581,109,-51,26,-6.541308879852295,7.34521484375,1.26806640625,4
23,20,-82,-8.163476943969728,-7.407422065734862,1.201074242591858,142,-73,43,-6.139355659484862,8.44580078125,1.248925805091858,4
-33,31,-131,-9.364550590515137,-8.809473037719727,1.392480492591858,154,-98,92,-7.0341796875,10.914941787719727,0.937890648841858,4
-70,58,-201,-10.221094131469727,-10.460351943969727,0.6890625357627869,133,-112,148,-7.1585936546325675,12.072949409484865,-0.5311523675918579,4
-51,120,-265,-9.97705078125,-13.029980659484865,-0.37324219942092896,148,-132,208,-5.93359375,12.46054744720459,-1.17236328125,4
-41,165,-300,-8.44101619720459,-11.441308975219727,-1.6317383050918581,165,-132,255,-2.8806641101837163,10.79052734375,-2.65576171875,4
-19,195,-308,-6.474316596984862,-10.16845703125,-1.2776367664337158,82,-118,286,-1.1580078601837158,8.881250381469727,-2.268164157867432,4
-64,193,-281,-4.478906154632568,-8.48886775970459,-1.9523438215255735,-6,-114,266,0.765625,5.057910442352295,-3.3161132335662837,4
-64,200,-230,-2.938086032867432,-6.34033203125,-2.2298829555511475,-49,-89,190,2.411718845367432,1.9044922590255735,-5.459863185882568,4
-124,196,-154,-1.6125977039337158,-6.67529296875,-2.569628953933716,-62,-24,98,4.048242092132568,2.363867282867432,-7.7041015625,4
-176,215,-73,0.30146485567092896,-6.761425971984862,-5.225390911102295,-36,86,-2,6.2494139671325675,1.052734375,-10.685254096984863,4
-247,148,5,-14.01572322845459,-12.62802791595459,26.34228515625,37,81,-77,-2.9237306118011475,18.4228515625,18.930078506469727,4
-108,50,50,3.158203125,-8.23046875,3.225195407867432,68,-42,-52,4.407128810882568,10.06796932220459,5.177539348602295,4
-63,22,94,3.9716796875,-4.636816501617432,2.191601514816284,47,-55,-80,4.536328315734863,5.440722942352295,0.78955078125,4
-23,-43,152,1.9523438215255735,-6.067578315734862,2.650976657867432,-50,-67,-125,2.646191358566284,5.301953315734863,1.5743163824081419,4
64,-97,207,-0.3349609375,-4.6416015625,1.65087890625,-84,-120,-191,0.6651367545127869,6.1297850608825675,1.5791015625,4
140,-99,268,-3.99560546875,-9.632519721984863,-0.6029297113418579,-165,-120,-247,-4.383203029632568,6.976758003234862,0.93310546875,4
189,-45,296,-7.0628905296325675,-9.130078315734863,0.7129883170127869,-101,-113,-338,-9.393261909484863,6.6322264671325675,3.512304782867432,4
224,15,322,-10.76181697845459,-8.101269721984862,3.488379001617432,28,-149,-404,-14.8818359375,6.833203315734862,4.799511909484863,4
204,45,304,-14.073144912719727,-8.216113090515138,6.641797065734862,43,-174,-365,-17.566308975219727,9.316699028015137,5.727832317352295,4
73,38,223,-11.800195693969727,-6.220703125,5.364160060882568,-25,-108,-211,-12.29306697845459,7.08203125,4.273144721984863,4
-12,31,126,-10.16845703125,-5.7900390625,4.2587890625,33,-39,-105,-9.800000190734863,4.751660346984863,3.4979493618011475,4
-32,28,69,-8.890820503234863,-6.7518553733825675,3.5027344226837163,48,-1,-53,-8.570215225219728,5.053124904632568,2.526562452316284,4
5,30,46,-6.9336915016174325,-7.15380859375,3.22998046875,67,-4,-43,-6.804492473602295,4.780371189117432,2.08154296875,4
62,30,23,-6.570019721984862,-7.0150389671325675,3.6032226085662837,55,-16,-32,-6.062793254852295,4.000390529632568,1.995410203933716,4
94,24,-27,-7.689746379852295,-7.019824504852295,3.7898437976837163,88,-19,-1,-7.2686524391174325,3.0433595180511475,2.36865234375,4
116,17,-104,-8.9482421875,-6.426465034484862,3.919043064117432,188,-9,33,-8.211328506469728,3.63671875,3.703711032867432,4
124,4,-170,-10.579980850219727,-5.536426067352295,3.4453125,221,14,70,-8.9482421875,4.890429973602295,4.847363471984863,4
112,-14,-191,-11.84326171875,-4.560254096984863,2.8854491710662837,157,27,103,-9.37890625,5.7134766578674325,5.995800971984862,4
86,-31,-167,-10.31201171875,-4.206152439117432,1.8662109375,84,20,124,-8.63242244720459,4.411914348602295,6.05322265625,4
84,-33,-119,-9.474609375,-4.464550971984863,0.5933594107627869,118,-10,85,-7.330859661102295,2.722754001617432,5.43115234375,4
124,-19,-66,-9.27841854095459,-4.660742282867432,-0.83740234375,109,-65,29,-5.6512694358825675,2.808886766433716,5.660840034484862,4
183,8,-34,-8.450586318969728,-5.43115234375,-0.6412109732627869,96,-144,-1,-6.971972942352295,6.4408202171325675,1.6891602277755735,4
238,35,-50,-8.244824409484862,-6.0005860328674325,-0.0047851563431322575,46,-190,-10,-6.96240234375,6.7470703125,-0.27275392413139343,4
239,53,-92,-8.819043159484863,-5.81396484375,0.35888671875,104,-209,-57,-7.3212890625,6.780566692352295,-0.5311523675918579,4
187,57,-144,-8.594141006469728,-4.876074314117432,1.33984375,184,-214,-86,-7.2542967796325675,7.7088871002197275,-1.2824219465255735,4
118,54,-184,-9.407617568969727,-4.71337890625,2.03369140625,181,-200,-76,-7.211230754852295,7.766308784484862,-1.6221679449081419,4
84,63,-210,-10.201952934265137,-4.962207317352295,1.909277439117432,173,-176,-70,-7.8045902252197275,6.928906440734862,-1.6078125238418581,4
104,81,-217,-10.800097465515137,-5.258886814117432,1.8470703363418581,207,-168,-77,-7.9242191314697275,5.876172065734862,-1.5743163824081419,4
132,88,-204,-10.45556640625,-4.766015529632568,1.33984375,231,-171,-68,-7.9864258766174325,6.1919922828674325,-1.9523438215255735,4
143,90,-184,-9.54638671875,-4.273144721984863,0.9043945670127868,116,-170,-34,-7.943359375,6.158496379852295,-1.6795898675918581,4
131,86,-154,-9.5224609375,-3.703711032867432,0.5311523675918579,103,-182,-35,-8.503222465515138,5.971875190734862,-1.4881836175918581,4
131,91,-108,-9.54160213470459,-4.502831935882568,0.7847656607627869,142,-192,-37,-9.3310546875,7.2925782203674325,-1.5838867425918581,4
157,98,-69,-9.101366996765137,-4.900000095367432,0.5072265863418579,170,-181,-28,-8.3740234375,6.881054878234862,-1.45947265625,4
162,104,-41,-8.8525390625,-5.196679592132568,0.78955078125,205,-169,-29,-7.1250977516174325,8.15390682220459,-1.2824219465255735,4
134,107,-45,-7.933789253234862,-5.560351848602295,1.052734375,197,-156,-12,-5.57470703125,8.15390682220459,-1.3972656726837158,4
136,116,-73,-7.622754096984862,-6.278125286102295,1.12451171875,212,-144,9,-4.842578411102295,8.01035213470459,-1.7561523914337158,4
154,118,-102,-8.072558403015138,-6.2254881858825675,1.6604492664337158,129,-132,34,-4.344922065734863,8.168261528015138,-1.899707078933716,4
152,103,-119,-9.484179496765137,-6.5269532203674325,2.5887696743011475,92,-136,29,-4.230078220367432,8.196972846984862,-1.8709961175918581,4
117,85,-139,-9.54638671875,-6.125,2.392578125,89,-135,16,-3.8759765625,9.010449409484863,-1.7800781726837158,4
96,72,-164,-9.130078315734863,-6.091504096984862,2.784960985183716,105,-119,25,-3.2874023914337163,9.321484565734863,-1.4259766340255735,4
7,50,-177,-8.771191596984862,-6.14892578125,1.7130860090255735,103,-99,49,-3.2921874523162837,10.201952934265137,-1.129296898841858,4
-15,63,-207,-9.656445503234863,-10.273730278015137,0.5455078482627869,98,-88,85,-4.024316310882568,13.317090034484865,-1.0862305164337158,4
-56,79,-236,-8.340527534484862,-10.919726371765137,-0.3828125,91,-82,138,-3.2682616710662837,12.929491996765135,-1.875781297683716,4
-88,99,-261,-6.9911131858825675,-10.656542778015137,-1.239355444908142,82,-74,180,-1.7609375715255735,11.74277400970459,-1.5838867425918581,4
-94,131,-266,-6.0484375953674325,-11.178125381469727,-1.7130860090255735,43,-66,204,-0.516796886920929,9.78085994720459,-2.483496189117432,4
-125,146,-240,-3.8759765625,-9.699511528015137,-1.4786132574081419,-2,-69,209,0.8661133050918579,7.8428711891174325,-3.349609375,4
-128,175,-189,-2.052832126617432,-9.149218559265137,-1.358984351158142,-38,-76,186,2.119824171066284,6.019726753234862,-3.63671875,4
-131,192,-131,-1.4164062738418581,-7.833301067352295,-1.0144531726837158,-72,-64,140,3.344824314117432,4.191796779632568,-4.842578411102295,4
-129,203,-69,-0.3828125,-7.48876953125,-1.818359375,-61,-29,63,4.239648342132568,2.46435546875,-5.268456935882568,4
-140,217,-8,0.25361329317092896,-5.493359565734863,-3.296972751617432,-18,52,-30,5.105762004852295,2.545703172683716,-7.9625000953674325,4
-194,196,52,-9.58945369720459,-9.49375057220459,25.48574256896973,50,89,-117,-1.344628930091858,15.465625762939453,14.513379096984865,4
-97,49,104,3.0672852993011475,-10.469922065734863,0.4880859553813934,63,-41,-101,3.0242187976837163,9.670801162719727,4.009961128234863,4
-60,28,143,4.201367378234863,-8.240038871765138,-0.961816430091858,42,-68,-109,2.9476563930511475,8.23046875,0.22490234673023224,4
