0,0,1,-8.551074028015137,-3.25390625,3.029003858566284,-1,1,7,-8.68027400970459,3.5458009243011475,1.272851586341858
-1,0,1,-8.58457088470459,-3.27783203125,3.0577149391174316,-2,1,6,-8.742480278015137,3.5218751430511475,1.2537109851837158
-1,1,0,-8.546289443969727,-3.3208985328674316,3.100781202316284,0,0,6,-8.73291015625,3.478808641433716,1.225000023841858
-1,1,0,-8.622851371765137,-3.3448243141174316,3.1390626430511475,10,1,13,-9.077441215515137,4.081738471984863,1.2919921875
0,1,-2,-8.689844131469727,-3.2969727516174316,3.191699266433716,1,-7,45,-9.56552791595459,5.325879096984863,2.598339796066284
1,0,-3,-8.723340034484863,-3.191699266433716,3.3017578125,44,-37,112,-10.364648818969727,8.048632621765137,3.8233399391174316
-4,-4,-5,-9.03916072845459,-3.1151368618011475,3.454882860183716,90,-80,229,-11.38388729095459,12.264355659484863,4.818652629852295
-8,-9,-17,-9.048730850219727,-3.3208985328674316,3.6415040493011475,67,-105,348,-9.40283203125,15.47998046875,4.110449314117432
0,-17,-30,-8.771191596984863,-3.3543946743011475,3.765918016433716,21,-91,401,-4.340137004852295,11.441308975219727,1.2297852039337158
-4,-26,-42,-8.857324600219727,-3.598437547683716,3.7037110328674316,-36,-52,379,-0.98095703125,7.550976753234863,-0.870898425579071
6,-32,-46,-9.01523494720459,-4.134375095367432,3.9908204078674316,-46,-10,308,1.33984375,5.029199123382568,-2.311230421066284
-11,-38,-42,-8.474512100219727,-4.01953125,3.7372071743011475,-22,24,230,2.813671827316284,4.584179878234863,-2.024121046066284
-30,-41,-52,-6.775781154632568,-4.588964939117432,3.435742139816284,17,47,163,3.483593702316284,3.387890577316284,-1.4020508527755737
-29,-42,-54,-6.632226467132568,-5.38330078125,3.2730469703674316,59,65,84,4.153515815734863,2.12939453125,-0.660351574420929
-35,-42,-39,-6.144140720367432,-5.62255859375,3.6845703125,78,94,-13,5.014843940734863,0.39716798067092896,-0.20097656548023224
-46,-42,-37,-5.057910442352295,-5.775683879852295,3.5123047828674316,119,157,-108,3.8185548782348633,0.3397460877895355,0.36845704913139343
-31,-39,-33,-5.3115234375,-6.407324314117432,4.18701171875,131,217,-197,1.153222680091858,4.612890720367432,1.6748046875
-16,-37,-23,-6.402539253234863,-7.0341796875,5.325879096984863,52,193,-157,-3.1294922828674316,19.025781631469727,7.574902534484863
11,-37,-9,-7.742383003234863,-7.4169921875,7.005468845367432,38,35,50,-1.799218773841858,24.983301162719727,13.269238471984863
-24,-35,5,-5.16796875,-7.168164253234863,4.78515625,-69,-94,187,0.39716798067092896,17.614160537719727,9.37890625
-46,-20,-5,-3.0337891578674316,-7.555761814117432,3.072070360183716,-111,-139,210,1.9810547828674316,6.646582126617432,2.9237306118011475
-4,-2,-12,-3.51708984375,-7.838086128234863,3.0625,-56,-106,173,2.8280274868011475,1.741796851158142,-0.4258789122104645
12,-4,-16,-4.383203029632568,-6.373828411102295,3.435742139816284,-42,-44,104,3.9764649868011475,-0.36845704913139343,-2.3399415016174316
-30,-14,-14,-4.852148532867432,-6.125,3.526660203933716,-14,5,17,4.804296970367432,-1.655664086341858,-2.3495118618011475
-53,-16,-1,-4.794726848602295,-6.665722846984863,4.584179878234863,54,53,-91,5.134472846984863,-1.440332055091858,-2.3877930641174316
-35,-5,1,-4.220508098602295,-7.91943359375,5.785254001617432,116,137,-213,3.6415040493011475,0.870898425579071,-0.5072265863418579
-27,0,22,-5.053124904632568,-9.87656307220459,4.699023723602295,106,167,-309,-3.646289110183716,10.919726371765137,4.76123046875
-22,6,8,-5.005273342132568,-9.76171875,3.5888671875,28,74,-226,-9.938769340515137,18.279296875,6.861914157867432
-59,9,-36,-4.517187595367432,-10.154101371765137,3.526660203933716,90,-56,-90,-6.876269817352295,14.365038871765137,5.703906536102295
-41,10,-76,-3.9381837844848633,-12.015527725219727,2.60791015625,28,-137,-77,-3.25390625,9.68515682220459,2.4930665493011475
-12,11,-107,-3.4405274391174316,-10.876660346984863,2.9380860328674316,-34,-143,-131,-0.2823242247104645,6.225488185882568,0.26318359375
9,24,-99,-2.0384767055511475,-8.043848037719727,1.9092774391174316,-36,-92,-197,0.5215820670127869,5.86181640625,-0.5790039300918579
49,65,-54,-1.296777367591858,-5.871387004852295,0.9283203482627869,-40,-25,-245,-1.526464819908142,7.58447265625,0.48808595538139343
101,108,19,-1.79443359375,-4.627246379852295,0.559863269329071,-13,36,-253,-4.608105659484863,7.6083984375,0.9761719107627869
118,149,97,-3.550585985183716,-5.876172065734863,0.5790039300918579,106,61,-192,-10.30722713470459,9.1396484375,3.454882860183716
92,157,105,-7.699316501617432,-9.216211318969727,3.411816358566284,206,-22,-75,-12.230859756469727,9.718652725219727,6.105859279632568
32,69,-10,-10.69003963470459,-15.676172256469727,6.550879001617432,140,-69,-13,-10.230664253234863,9.125292778015137,4.9287109375
-19,-40,-167,-7.795019626617432,-17.901269912719727,8.962597846984863,95,-62,22,-7.828516006469727,6.780566692352295,3.383105516433716
-16,-116,-295,-3.4931640625,-13.94394588470459,6.828418254852295,76,-39,36,-6.239843845367432,6.455175876617432,2.5361328125
-8,-120,-373,-1.536035180091858,-10.422070503234863,3.220410108566284,37,-17,39,-5.689550876617432,6.230273723602295,2.617480516433716
50,-92,-382,-0.971386730670929,-7.522265911102295,1.248925805091858,1,-5,40,-5.263671875,6.426465034484863,2.3160157203674316
32,-68,-314,1.5647461414337158,-4.775586128234863,0.45458984375,-22,-1,20,-6.402539253234863,7.340429782867432,2.095898389816284
-22,-31,-214,2.8902344703674316,-2.2538087368011475,0.4115234315395355,-29,-15,-1,-6.957617282867432,6.952832221984863,2.119824171066284
-46,22,-108,3.1151368618011475,0.21533203125,0.05742187798023224,24,-36,13,-6.091504096984863,5.474218845367432,1.3733398914337158
-41,86,30,2.4212892055511475,2.0049805641174316,-0.3062500059604645,70,-39,22,-4.871289253234863,5.723046779632568,1.02880859375
-63,161,191,1.65087890625,2.2681641578674316,-0.30146485567092896,48,-32,7,-5.04833984375,6.785351753234863,1.512109398841858
-87,213,304,-0.29667970538139343,-3.646289110183716,6.4599609375,19,-31,-2,-6.522168159484863,7.742383003234863,1.7130860090255737
-98,140,119,-3.072070360183716,-31.974414825439453,16.494434356689453,49,-35,-8,-9.670801162719727,8.89560604095459,3.9908204078674316
-7,-61,-138,5.010058879852295,-22.00214958190918,13.46543025970459,59,-41,2,-7.747168064117432,6.857129096984863,1.7370117902755737
43,-139,-270,3.483593702316284,-8.498437881469727,6.125,100,-15,21,-4.464550971984863,6.215918064117432,1.1867188215255737
68,-130,-250,2.8902344703674316,-2.545703172683716,1.8805664777755737,56,4,1,-4.038671970367432,8.17783260345459,1.574316382408142
46,-59,-144,3.80419921875,1.6652344465255737,-1.143652319908142,-27,9,-19,-4.42626953125,7.914648532867432,1.0048828125
-7,30,-11,4.033886909484863,2.201171875,-1.296777367591858,-22,6,-7,-4.990918159484863,7.330859661102295,0.535937488079071
-7,103,142,3.124706983566284,1.607812523841858,-1.024023413658142,-13,2,8,-5.163183689117432,7.814160346984863,0.583789050579071
14,179,284,1.1149414777755737,0.4115234315395355,1.0670899152755737,-21,5,16,-5.4072265625,8.05820369720459,0.751269519329071
-62,216,325,-3.541015625,-7.598828315734863,8.053418159484863,-20,10,13,-6.833203315734863,8.675488471984863,1.41162109375
-47,102,187,-9.49853515625,-24.389942169189453,14.221484184265137,11,15,0,-8.22568416595459,8.790331840515137,1.435546875
-29,-18,76,-1.9810547828674316,-12.44140625,8.87646484375,24,26,27,-5.938378810882568,6.517383098602295,1.12451171875
16,-36,82,0.35888671875,-7.168164253234863,4.9765625,29,41,28,-4.603320598602295,6.163281440734863,0.8134765625
95,-15,132,0.756054699420929,-4.359277248382568,3.8711915016174316,-12,49,-10,-5.010058879852295,7.498340129852295,0.5933594107627869
83,20,153,0.540722668170929,-4.5458984375,3.5218751430511475,-55,49,-34,-6.354687690734863,7.44091796875,0.07656250149011612
51,73,176,-0.971386730670929,-4.249218940734863,3.27783203125,-50,46,-28,-6.895410060882568,7.182519435882568,-0.13876953721046448
-10,106,177,-4.789941310882568,-4.995703220367432,5.751758098602295,-56,49,-24,-6.794921875,7.230370998382568,-0.4019531309604645
-93,99,153,-8.30224609375,-5.770898342132568,6.919335842132568,-76,55,-24,-6.7470703125,6.751855373382568,-0.22011719644069672
-107,69,105,-10.91015625,-6.038867473602295,7.6083984375,-14,24,-5,-7.177734375,8.522363662719727,2.75146484375
-95,31,49,-11.704492568969727,-5.76611328125,8.54150390625,-46,0,0,-6.986328125,8.163476943969727,0.49287110567092896
-42,-4,19,-10.541699409484863,-5.952734470367432,6.330761909484863,-13,-5,38,-8.96738338470459,10.914941787719727,1.201074242591858
-27,-45,0,-8.125195503234863,-4.115234375,4.770801067352295,-8,-8,141,-8.240038871765137,14.479883193969727,2.4595704078674316
-64,-76,-20,-7.574902534484863,-3.8903322219848633,4.340137004852295,-55,-16,242,-6.3642578125,14.633008003234863,3.2060546875
-92,-88,-28,-7.077246189117432,-5.172753810882568,3.7372071743011475,-91,-20,310,-4.966992378234863,13.87216854095459,2.258593797683716
-52,-76,-24,-7.531836032867432,-6.239843845367432,4.368847846984863,-92,-26,343,-3.646289110183716,12.116015434265137,0.559863269329071
-32,-62,-22,-7.019824504852295,-6.541308879852295,4.344922065734863,-80,-30,327,-1.631738305091858,9.479394912719727,-0.2679687440395355
-23,-61,-46,-5.493359565734863,-6.062793254852295,4.029101848602295,-68,-29,290,-0.12441406399011612,6.072363376617432,-0.971386730670929
-43,-54,-35,-5.249316692352295,-6.857129096984863,4.277929782867432,-19,-12,221,1.3781250715255737,3.627148389816284,-0.6747070550918579
-68,-57,-26,-4.320996284484863,-6.297265529632568,4.435840129852295,15,16,145,2.2920899391174316,1.4690430164337158,0.10048828274011612
-81,-57,-29,-3.0912110805511475,-6.321191310882568,3.7754883766174316,57,52,67,3.08642578125,-0.3158203065395355,0.478515625
-72,-55,-25,-2.5409181118011475,-6.656152248382568,4.048242092132568,111,98,-22,3.541015625,-0.7129883170127869,0.55029296875
-53,-52,-15,-2.56005859375,-7.326074123382568,3.8903322219848633,160,160,-118,3.6750001907348633,0.48808595538139343,0.6268554925918579
-43,-42,0,-3.3065431118011475,-9.010449409484863,4.622460842132568,174,226,-205,0.44023439288139343,7.311718940734863,5.971875190734863
-25,-21,18,-4.483691692352295,-10.919726371765137,5.053124904632568,121,169,-124,-5.163183689117432,25.75849723815918,9.010449409484863
18,0,21,-4.986133098602295,-10.704394340515137,3.5362305641174316,-2,-20,92,-2.2442383766174316,25.466602325439453,12.479687690734863
31,20,2,-3.7611329555511475,-9.87656307220459,3.430957078933716,-119,-122,207,0.669921875,13.494140625,7.39306640625
49,31,-11,-2.966796875,-8.651562690734863,3.732421875,-152,-144,208,2.5074219703674316,3.7515625953674316,1.9140625
47,25,-24,-2.5887696743011475,-6.550879001617432,3.8472657203674316,-84,-100,157,3.5123047828674316,-0.779980480670929,-1.454687476158142
41,12,-25,-2.521777391433716,-5.450293064117432,4.756445407867432,-57,-38,71,3.8568360805511475,-1.9619140625,-2.909374952316284
15,-1,-13,-2.94287109375,-5.76611328125,5.349804878234863,21,33,-30,4.541113376617432,-2.4834961891174316,-4.124804973602295
-11,-12,1,-3.454882860183716,-7.330859661102295,5.579492092132568,129,137,-158,3.7707033157348633,-0.7129883170127869,-3.61279296875
-40,-14,19,-4.325781345367432,-9.933984756469727,5.713476657867432,161,211,-262,-2.0049805641174316,7.747168064117432,5.067480564117432
-52,5,24,-4.756445407867432,-11.202051162719727,5.077050685882568,129,75,-182,-9.694726943969727,22.64814567565918,7.627539157867432
-48,32,14,-4.096093654632568,-9.575098037719727,3.4405274391174316,124,-109,-57,-4.923925876617432,16.3173828125,7.072461128234863
1,67,12,-3.51708984375,-8.833398818969727,3.1151368618011475,-18,-187,-97,-0.7129883170127869,9.393261909484863,2.4404296875
55,97,-1,-3.3304688930511475,-7.326074123382568,2.9859375953674316,-96,-164,-176,1.3254883289337158,5.660840034484863,0.583789050579071
92,107,-7,-3.7037110328674316,-6.546093940734863,2.741894483566284,-83,-93,-226,1.55517578125,6.38818359375,-1.047949194908142
101,109,12,-4.574609279632568,-6.163281440734863,2.966796875,-85,-2,-266,-0.07656250149011612,7.168164253234863,0.03349609300494194
95,106,41,-5.4072265625,-5.723046779632568,3.316113233566284,-49,71,-279,-3.75634765625,5.991015911102295,1.0431641340255737
43,95,69,-6.62744140625,-4.895215034484863,3.507519483566284,74,110,-251,-9.455469131469727,7.804590225219727,2.4595704078674316
25,74,87,-8.029492378234863,-5.770898342132568,3.732421875,309,73,-144,-14.52294921875,6.072363376617432,5.010058879852295
14,56,82,-9.37890625,-6.392968654632568,3.6750001907348633,327,-20,-47,-12.857714653015137,10.804883003234863,3.3974609375
48,25,54,-9.92441463470459,-7.96728515625,5.378515720367432,101,-29,14,-9.82871150970459,9.125292778015137,2.665332078933716
17,-26,-18,-9.752148628234863,-6.541308879852295,5.6943359375,23,-27,35,-6.948047161102295,5.010058879852295,1.55517578125
-59,-98,-178,-12.809863090515137,-11.063281059265137,6.397754192352295,34,-14,30,-7.015038967132568,5.038769721984863,0.894824206829071
-52,-172,-303,-13.03476619720459,-12.805078506469727,6.943261623382568,-13,2,13,-8.5654296875,7.445703506469727,0.8661133050918579
-31,-215,-361,-8.283105850219727,-10.685254096984863,5.177539348602295,-68,-3,20,-8.508008003234863,6.168066501617432,0.9378906488418579
-36,-195,-391,-3.75634765625,-6.861914157867432,3.2347657680511475,-47,-11,53,-7.565332412719727,5.876172065734863,1.0910156965255737
-1,-134,-383,-0.02871093899011612,-6.1728515625,1.7609375715255737,-35,-23,65,-7.771093845367432,6.038867473602295,1.2824219465255737
31,-73,-313,2.6844727993011475,-3.670214891433716,0.631640613079071,-4,-38,57,-7.024609565734863,6.215918064117432,1.225000023841858
-20,-6,-222,4.392773628234863,-0.803906261920929,0.13398437201976776,26,-48,48,-6.871484279632568,6.144140720367432,1.0192383527755737
-51,50,-108,4.498046875,1.406835913658142,0.45458984375,72,-54,50,-5.866601467132568,5.914453029632568,0.6412109732627869
-60,96,17,3.7707033157348633,2.5169923305511475,-0.36845704913139343,88,-49,50,-4.636816501617432,5.938378810882568,0.22968751192092896
-95,147,144,1.6125977039337158,2.3160157203674316,-0.708203136920929,58,-38,32,-4.459765911102295,6.665722846984863,0.29667970538139343
-101,194,268,-0.12441406399011612,0.4833008050918579,0.4306640625,26,-25,1,-5.412011623382568,7.330859661102295,0.59814453125
-100,227,319,-3.4931640625,-9.46982479095459,6.182422161102295,4,-12,-10,-6.450390815734863,8.29746150970459,1.358984351158142
-90,127,92,-10.33115291595459,-31.7734375,16.829395294189453,3,-13,-15,-8.914746284484863,9.670801162719727,4.71337890625
-3,-30,-107,-1.153222680091858,-22.021289825439453,14.32675838470459,1,-18,-6,-7.115527629852295,8.56064510345459,2.694042921066284
18,-104,-232,2.0528321266174316,-10.45078182220459,9.034375190734863,13,-15,7,-4.368847846984863,7.20166015625,2.0576171875
85,-112,-270,3.095996141433716,-4.277929782867432,3.0912110805511475,13,-19,6,-3.7228517532348633,7.560546875,1.89013671875
84,-86,-227,4.23486328125,0.583789050579071,0.06699218600988388,-3,-19,3,-4.005176067352295,7.637109756469727,1.440332055091858
28,-30,-115,5.483788967132568,2.502636671066284,-1.3015625476837158,3,-19,5,-4.263574123382568,7.48876953125,0.9522461295127869
-19,27,38,4.727734565734863,2.009765625,-1.07666015625,0,-6,4,-4.230078220367432,8.10605525970459,0.636425793170929
-26,94,189,2.3734376430511475,1.2776367664337158,-0.559863269329071,-32,17,4,-4.4501953125,8.096484184265137,2.1006836891174316
3,155,312,-1.536035180091858,-1.344628930091858,2.713183641433716,-55,21,13,-5.517285346984863,8.6611328125,4.526757717132568
-71,142,279,-11.632715225219727,-19.341602325439453,10.74267578125,-51,34,7,-6.790136814117432,9.699511528015137,3.029003858566284
-38,-2,96,-8.598925590515137,-19.911035537719727,13.5419921875,-51,33,11,-7.144238471984863,8.5654296875,3.2491211891174316
-13,-85,32,-1.17236328125,-11.259472846984863,7.790234565734863,-17,39,44,-4.842578411102295,5.900097846984863,2.3973634243011475
16,-94,55,1.7370117902755737,-5.809179782867432,4.220508098602295,17,49,33,-3.9046876430511475,6.215918064117432,1.6748046875
35,-84,109,2.402148485183716,-5.632129192352295,3.191699266433716,-17,48,-3,-4.148730754852295,6.5556640625,0.78955078125
28,-63,152,2.0863282680511475,-5.775683879852295,2.885449171066284,-35,48,-26,-4.842578411102295,5.761328220367432,-0.095703125
-10,-27,169,0.631640613079071,-8.125195503234863,3.191699266433716,-10,56,-47,-6.177636623382568,6.144140720367432,-0.19140625
-2,15,170,-1.1149414777755737,-7.723242282867432,4.560254096984863,-22,62,-68,-7.4169921875,7.08203125,-0.01914062537252903
-12,45,153,-3.2108399868011475,-7.84765625,5.531640529632568,-69,69,-69,-7.603613376617432,6.885839939117432,0.19619141519069672
-35,61,136,-5.33544921875,-8.072558403015137,6.62744140625,-91,74,-45,-7.713672161102295,5.995800971984863,0.6651367545127869
11,68,112,-7.708887100219727,-7.809375286102295,6.904980659484863,-57,70,-16,-8.49365234375,5.464648723602295,0.7369140982627869
-12,53,85,-9.656445503234863,-7.15380859375,6.967187404632568,-7,39,-4,-10.015332221984863,6.469531536102295,3.0194337368011475
-29,12,48,-8.307031631469727,-5.115332126617432,5.464648723602295,-46,20,-1,-8.9482421875,5.818749904632568,2.186816453933716
-69,-10,21,-6.948047161102295,-4.933495998382568,3.8951172828674316,-66,16,36,-8.618066787719727,5.359375,2.450000047683716
-73,-6,16,-7.278222560882568,-6.153710842132568,3.85205078125,-73,-10,93,-10.484277725219727,8.005566596984863,3.0625
-14,-9,8,-7.617969036102295,-6.69921875,4.502831935882568,-37,-65,180,-11.613574028015137,10.058398246765137,4.536328315734863
3,-11,-9,-7.665820598602295,-4.933495998382568,4.440625190734863,-8,-116,273,-10.512988090515137,13.187891006469727,4.273144721984863
-12,-18,-15,-7.7998046875,-5.435937404632568,4.507617473602295,-31,-129,333,-7.163379192352295,12.905566215515137,2.6605470180511475
2,-27,-11,-7.546191692352295,-5.555566310882568,4.100879192352295,-60,-101,353,-3.32568359375,10.64218807220459,1.12451171875
-17,-36,-19,-6.53173828125,-5.043554782867432,3.4931640625,-113,-70,338,-0.7847656607627869,7.115527629852295,0.16269531846046448
-17,-41,-20,-7.263867378234863,-6.235058784484863,3.694140672683716,-75,-51,282,1.4929687976837158,3.541015625,-0.93310546875
-18,-50,-8,-6.799706935882568,-6.541308879852295,4.038671970367432,-1,-21,199,3.000293016433716,0.7225586175918579,-0.8134765625
-53,-61,-23,-5.110547065734863,-6.00537109375,3.603222608566284,35,30,106,3.383105516433716,-1.191503882408142,-0.612500011920929
-44,-60,-41,-4.120019435882568,-6.704003810882568,3.6989259719848633,48,86,3,3.03857421875,-1.9332032203674316,-0.6507812738418579
-19,-47,-44,-4.062597751617432,-7.316504001617432,4.397558689117432,141,155,-91,2.7083985805511475,-1.4738281965255737,-0.7129883170127869
10,-41,-51,-4.239648342132568,-7.139453411102295,5.306738376617432,201,222,-177,0.05742187798023224,4.646386623382568,1.7322266101837158
7,-31,-44,-4.837792873382568,-7.751953125,6.852344036102295,218,212,-153,-4.56982421875,18.681249618530273,5.746972560882568
10,-16,-10,-6.230273723602295,-8.216113090515137,6.565234661102295,82,52,24,-4.148730754852295,28.696582794189453,11.570508003234863
-25,0,4,-4.727734565734863,-7.565332412719727,5.28759765625,-19,-58,196,-0.32539063692092896,20.9111328125,9.790430068969727
-18,25,7,-3.215625047683716,-9.11093807220459,4.71337890625,-149,-107,240,1.6604492664337158,10.374218940734863,4.842578411102295
41,35,-17,-2.497851610183716,-7.53662109375,4.95263671875,-165,-109,217,3.005078077316284,1.1340820789337158,0.32539063692092896
40,17,-35,-2.5552735328674316,-5.62255859375,4.732519626617432,-88,-67,153,3.42138671875,-2.0289063453674316,-1.765722632408142
8,-1,-34,-2.981152296066284,-5.646484375,4.129590034484863,-64,-12,56,3.63671875,-3.0433595180511475,-2.6796875
-7,-13,-24,-3.89990234375,-6.000586032867432,4.603320598602295,42,50,-52,3.9716796875,-3.2251954078674316,-2.4834961891174316
-9,-8,-12,-4.565039157867432,-7.0341796875,7.05810546875,121,140,-182,3.9142580032348633,-1.17236328125,-0.48808595538139343
-24,1,25,-5.033984661102295,-9.06787109375,6.574804782867432,162,164,-288,-1.74658203125,7.670605659484863,7.565332412719727
-36,14,22,-4.316211223602295,-9.455469131469727,5.876172065734863,100,33,-213,-9.173144340515137,20.61445426940918,8.22568416595459
-67,27,9,-4.196582317352295,-9.23056697845459,4.172656536102295,140,-118,-63,-5.134472846984863,15.963281631469727,6.77099609375
-26,45,0,-3.651074171066284,-8.574999809265137,3.124706983566284,64,-194,-55,-0.923535168170929,10.230664253234863,1.435546875
1,59,-2,-3.4261720180511475,-6.9384765625,2.87109375,-45,-192,-121,1.263281226158142,6.622656345367432,-0.6412109732627869
18,67,10,-3.6319336891174316,-6.392968654632568,2.3495118618011475,-85,-138,-192,1.3733398914337158,6.72314453125,-2.215527296066284
28,79,37,-4.454980373382568,-6.503027439117432,2.5313477516174316,-62,-55,-236,-0.12441406399011612,7.168164253234863,-0.947460949420929
38,91,58,-5.512500286102295,-7.311718940734863,2.9476563930511475,-31,14,-249,-2.84716796875,8.120409965515137,-0.07177734375
68,98,68,-6.129785060882568,-7.268652439117432,3.148632764816284,-1,72,-232,-6.775781154632568,10.14453125,1.0670899152755737
79,99,67,-6.995898723602295,-7.397851943969727,3.9046876430511475,17,93,-170,-8.68505859375,9.0439453125,2.191601514816284
63,65,36,-7.732812881469727,-8.56064510345459,5.4072265625,103,7,-72,-11.81455135345459,7.809375286102295,10.88623046875
42,0,-46,-9.800000190734863,-10.632616996765137,6.182422161102295,169,-48,-15,-8.92431640625,7.019824504852295,5.211035251617432
-5,-67,-180,-12.159082412719727,-15.685742378234863,6.804492473602295,74,-37,11,-8.196972846984863,6.57958984375,2.717968702316284
7,-153,-310,-10.536913871765137,-14.556445121765137,6.282910346984863,42,-21,25,-7.527050971984863,6.00537109375,1.6748046875
12,-192,-377,-6.952832221984863,-11.091992378234863,3.6319336891174316,-12,-10,21,-7.292578220367432,6.239843845367432,2.234668016433716
51,-190,-388,-4.670312404632568,-7.019824504852295,1.55517578125,-23,-15,28,-6.684863567352295,5.842675685882568,2.406933546066284
50,-158,-346,-0.708203136920929,-5.416797161102295,0.6507812738418579,-40,-22,24,-7.230370998382568,6.570019721984863,2.08154296875
-6,-96,-263,3.1294922828674316,-2.8423829078674316,-0.01914062537252903,-14,-37,11,-7.359570503234863,6.24462890625,2.067187547683716
-34,-17,-173,4.890429973602295,-0.22490234673023224,0.22011719644069672,55,-53,16,-6.517383098602295,6.158496379852295,1.60302734375
-42,52,-57,5.057910442352295,2.306445360183716,0.009570312686264515,96,-55,25,-5.746972560882568,6.383398532867432,0.9139648675918579
-76,119,79,3.9142580032348633,2.378222703933716,-0.5694336295127869,83,-44,21,-5.440722942352295,6.828418254852295,0.607714831829071
-91,174,211,1.143652319908142,1.550390601158142,0.24404297769069672,48,-30,6,-5.47900390625,6.5078125,0.535937488079071
-53,215,315,-1.2106446027755737,-0.22490234673023224,2.0289063453674316,19,-11,-8,-5.90966796875,6.402539253234863,0.64599609375
-106,215,323,-7.838086128234863,-13.80517578125,9.144433975219727,0,1,-10,-7.311718940734863,7.292578220367432,1.65087890625
-61,74,71,-9.914843559265137,-28.82099723815918,15.09238338470459,-33,-8,2,-8.900390625,7.646679878234863,2.813671827316284
-32,-66,-169,-2.3877930641174316,-25.20820426940918,13.63291072845459,1,-21,6,-9.20664119720459,6.34033203125,3.1390626430511475
47,-149,-312,0.4498046934604645,-13.814745903015137,7.24951171875,74,-19,5,-6.77099609375,6.503027439117432,3.3448243141174316
90,-168,-335,0.6747070550918579,-3.8951172828674316,1.22021484375,42,-11,9,-4.421484470367432,7.259082317352295,2.27294921875
63,-120,-257,2.1963868141174316,0.7943359613418579,-1.65087890625,-5,-1,1,-3.85205078125,7.144238471984863,2.1102540493011475
23,-31,-127,3.3926758766174316,2.861523389816284,-1.6652344465255737,-31,-1,-6,-4.105664253234863,7.086816310882568,1.6652344465255737
-29,49,28,3.6415040493011475,3.5362305641174316,-1.4929687976837158,-17,-4,0,-4.368847846984863,6.967187404632568,1.4451172351837158
-54,115,204,2.952441453933716,4.416699409484863,-1.153222680091858,-16,0,8,-4.770801067352295,6.96240234375,1.6652344465255737
-10,180,368,1.2537109851837158,2.330371141433716,2.2490234375,-32,13,13,-5.756543159484863,7.65625,2.583984375
-59,172,376,-10.852734565734863,-20.150293350219727,10.245019912719727,-30,30,6,-8.244824409484863,8.35009765625,3.3017578125
7,14,163,-11.991601943969727,-21.585840225219727,12.91513729095459,-21,44,7,-8.574999809265137,8.048632621765137,3.3065431118011475
-45,-60,68,-3.75634765625,-12.805078506469727,6.732715129852295,-13,55,34,-6.349902629852295,5.761328220367432,2.4834961891174316
12,-48,71,-0.4306640625,-7.364355564117432,4.2587890625,7,60,28,-5.091406345367432,5.8857421875,2.234668016433716
15,-17,104,0.5455078482627869,-5.388085842132568,2.741894483566284,-34,53,2,-4.627246379852295,6.215918064117432,1.4020508527755737
30,10,146,0.751269519329071,-5.617773532867432,2.6270508766174316,-36,46,-13,-5.148828029632568,5.76611328125,0.64599609375
6,30,175,-0.923535168170929,-7.0341796875,4.13916015625,-17,42,-28,-6.191992282867432,6.742285251617432,0.08613281697034836
22,51,188,-2.6126954555511475,-6.981543064117432,4.196582317352295,-16,42,-40,-7.110742092132568,6.837988376617432,-0.27275392413139343
-49,73,161,-5.7900390625,-6.239843845367432,4.8330078125,-5,46,-26,-7.737597942352295,6.589160442352295,-0.22490234673023224
-42,61,114,-10.2880859375,-8.283105850219727,9.646875381469727,82,7,16,-8.48886775970459,8.268750190734863,2.775390625
1,-9,92,-9.39804744720459,-5.737402439117432,8.594141006469727,10,16,17,-7.594043254852295,8.41709041595459,-0.3780273497104645
-40,-5,55,-9.072656631469727,-3.7946290969848633,5.345019817352295,-66,40,9,-7.125097751617432,7.948144912719727,-0.669921875
-62,-14,22,-9.264062881469727,-3.407031297683716,4.818652629852295,-76,48,48,-7.627539157867432,10.393359184265137,0.7943359613418579
-68,-40,-10,-9.125292778015137,-4.445410251617432,4.555469036102295,-88,27,148,-8.5654296875,14.58994197845459,2.4834961891174316
-82,-62,-39,-8.503222465515137,-4.182226657867432,4.397558689117432,-100,-22,257,-8.933886528015137,15.580469131469727,2.8232421875
-24,-67,-49,-7.436132907867432,-5.967090129852295,4.78515625,-106,-60,339,-8.173047065734863,15.341211318969727,1.129296898841858
-19,-50,-41,-6.4599609375,-4.823437690734863,4.766015529632568,-101,-74,376,-5.545996189117432,12.56103515625,-0.57421875
-9,-33,-30,-5.7421875,-5.158398628234863,4.392773628234863,-108,-62,356,-2.1533203125,8.15869140625,-0.8900390863418579
4,-30,-34,-4.861718654632568,-4.895215034484863,3.459667921066284,-84,-41,315,-0.3301757872104645,3.454882860183716,-1.335058569908142
-33,-19,-1,-6.258984565734863,-6.407324314117432,4.081738471984863,-3,-14,211,1.93798828125,0.23447266221046448,-1.512109398841858
-33,-34,15,-5.19189453125,-6.637012004852295,4.029101848602295,66,31,94,3.0912110805511475,-1.047949194908142,-0.870898425579071
-48,-41,-10,-3.9908204078674316,-6.081933498382568,3.9668946266174316,76,88,-11,3.005078077316284,-1.191503882408142,-0.3636718690395355
-40,-38,-25,-3.550585985183716,-7.747168064117432,4.957421779632568,115,144,-110,2.287304639816284,-0.34453126788139343,-0.13876953721046448
-1,-42,-31,-3.622363328933716,-7.335644721984863,5.364160060882568,153,204,-195,0.23447266221046448,2.383007764816284,1.6173828840255737
-16,-34,-41,-4.287499904632568,-7.412207126617432,6.330761909484863,143,212,-213,-4.335351467132568,12.919921875,6.120214939117432
4,-21,-19,-6.737500190734863,-9.512890815734863,7.948144912719727,143,99,-56,-7.407422065734863,26.126953125,10.914941787719727
10,-8,1,-6.345117092132568,-8.503222465515137,6.526953220367432,27,-32,123,-2.2920899391174316,25.4091796875,10.517773628234863
-45,17,3,-3.9621095657348633,-8.196972846984863,5.067480564117432,-81,-97,218,0.5455078482627869,14.01572322845459,6.05322265625
-4,33,-8,-2.5791993141174316,-7.972070693969727,4.320996284484863,-128,-108,228,2.043261766433716,5.402441501617432,1.478613257408142
47,25,-22,-2.1006836891174316,-5.459863185882568,4.498046875,-137,-92,184,2.6796875,-0.095703125,-0.95703125
34,17,-20,-2.234668016433716,-4.8330078125,3.8951172828674316,-81,-58,102,3.387890577316284,-2.1341798305511475,-2.36865234375
12,12,-4,-3.2491211891174316,-6.019726753234863,4.263574123382568,-24,-9,-9,3.981250047683716,-2.4117188453674316,-2.454785108566284
53,8,-1,0.04306640848517418,-9.072656631469727,5.55078125,65,64,-129,4.971777439117432,-1.646093726158142,-1.550390601158142
-26,10,10,-6.77099609375,-7.546191692352295,7.15380859375,102,143,-252,3.000293016433716,2.12939453125,3.6415040493011475
-15,16,30,-6.24462890625,-10.45556640625,5.421582221984863,81,93,-294,-6.43603515625,17.41796875,5.187109470367432
12,23,9,-4.550683498382568,-7.311718940734863,4.009961128234863,61,-26,-134,-8.747265815734863,16.81025505065918,7.125097751617432
-23,40,3,-4.254004001617432,-7.139453411102295,3.268261671066284,179,-110,-46,-3.407031297683716,11.46044921875,3.000293016433716
0,57,2,-4.40234375,-7.149023532867432,3.4022462368011475,61,-134,-78,-0.095703125,8.900390625,0.287109375
-1,61,6,-4.880859375,-6.263769626617432,3.5601563453674316,-30,-121,-154,1.239355444908142,7.790234565734863,-0.46416017413139343
-20,62,12,-5.651269435882568,-6.967187404632568,3.5888671875,-60,-71,-194,0.5694336295127869,9.168359756469727,-0.11962890625
0,56,17,-5.723046779632568,-6.967187404632568,4.230078220367432,-93,-17,-228,-0.8086914420127869,8.842968940734863,0.9426758289337158
41,64,17,-5.837890625,-7.65625,3.6797852516174316,-110,43,-218,-3.42138671875,7.905078411102295,1.775292992591858
98,71,17,-6.455175876617432,-6.785351753234863,3.124706983566284,-10,85,-183,-7.34521484375,6.742285251617432,3.4405274391174316
72,64,23,-7.125097751617432,-6.775781154632568,3.239550828933716,227,0,-87,-11.62314510345459,8.1826171875,8.570215225219727
27,49,18,-6.86669921875,-7.555761814117432,3.531445264816284,153,-43,-49,-9.091796875,7.517480850219727,3.9429688453674316
17,20,-5,-7.326074123382568,-8.87646484375,4.454980373382568,51,-24,-34,-8.211328506469727,5.330664157867432,2.1102540493011475
29,-19,-93,-9.73779296875,-12.374414443969727,5.483788967132568,26,-7,-20,-7.948144912719727,4.33056640625,1.6125977039337158
-12,-98,-236,-12.345703125,-15.69052791595459,6.62744140625,-1,-4,-7,-8.598925590515137,4.325781345367432,2.167675733566284
-17,-166,-342,-9.096582412719727,-13.60898494720459,5.019629001617432,2,-10,5,-9.130078315734863,4.579394817352295,2.2059571743011475
0,-185,-375,-4.61767578125,-8.795117378234863,2.51220703125,7,-17,14,-8.986523628234863,4.703808784484863,2.1581056118011475
30,-148,-374,-1.0862305164337158,-6.512597560882568,1.98583984375,19,-29,26,-8.019922256469727,4.297070503234863,1.8566406965255737
91,-104,-330,2.3016602993011475,-3.5840821266174316,0.684277355670929,36,-37,39,-6.847558498382568,4.320996284484863,1.478613257408142
39,-47,-244,5.234961032867432,-1.2584961652755737,0.3062500059604645,38,-42,19,-7.110742092132568,5.617773532867432,1.598242163658142
-29,15,-139,5.809179782867432,0.57421875,-0.22968751192092896,44,-54,-12,-6.804492473602295,5.6943359375,1.26806640625
-72,74,-26,4.598535060882568,1.36376953125,-0.5933594107627869,93,-56,-11,-6.378613471984863,5.713476657867432,0.7704101800918579
-73,123,93,2.741894483566284,1.526464819908142,-0.6220703125,101,-47,-2,-6.086719036102295,6.488671779632568,0.727343738079071
-92,172,213,0.46894532442092896,0.765625,-0.42109376192092896,75,-33,-4,-6.359472751617432,6.455175876617432,0.6268554925918579
-62,227,315,-1.488183617591858,-1.488183617591858,2.6509766578674316,46,-22,-11,-7.469629287719727,6.680078029632568,0.74169921875
-102,228,271,-10.134961128234863,-18.73388671875,10.9580078125,37,-13,-6,-8.44580078125,6.718359470367432,1.248925805091858
-55,71,4,-6.809277534484863,-27.533788681030273,16.767187118530273,60,-27,5,-9.465039253234863,5.651269435882568,5.158398628234863
12,-60,-179,-1.22021484375,-19.269824981689453,13.8291015625,73,-44,2,-8.531933784484863,6.522168159484863,2.5791993141174316
53,-138,-277,0.564648449420929,-10.077539443969727,6.885839939117432,31,-29,7,-5.770898342132568,6.86669921875,2.067187547683716
79,-150,-271,1.6413086652755737,-3.1103515625,2.0863282680511475,25,-19,15,-5.249316692352295,6.287695407867432,1.6604492664337158
54,-96,-192,3.1151368618011475,0.5215820670127869,-0.46894532442092896,11,-18,17,-5.23974609375,7.388281345367432,1.1867188215255737
7,-11,-77,4.005176067352295,2.3255860805511475,-0.5790039300918579,-3,-13,20,-5.010058879852295,6.694433689117432,0.7943359613418579
-11,56,62,3.9860353469848633,2.670117139816284,-0.3780273497104645,11,2,22,-4.478906154632568,6.890625,0.8326172232627869
-15,109,212,3.029003858566284,1.406835913658142,0.923535168170929,-16,26,17,-5.196679592132568,7.397851943969727,2.41650390625
-77,138,292,-1.5408203601837158,-6.72314453125,5.842675685882568,-53,36,21,-6.325976848602295,8.546289443969727,2.9955079555511475
-34,73,191,-8.139551162719727,-21.839452743530273,12.211718559265137,-83,45,17,-7.905078411102295,8.3740234375,2.024121046066284
-35,-4,69,-2.583984375,-15.542187690734863,8.795117378234863,-22,54,23,-7.431347846984863,7.412207126617432,1.8566406965255737
-7,-12,57,0.3397460877895355,-8.555859565734863,5.507714748382568,-6,67,38,-5.67041015625,6.57958984375,1.071874976158142
-1,-6,94,0.93310546875,-5.38330078125,4.115234375,-22,79,25,-5.282812595367432,6.689648628234863,1.057519555091858
27,-3,161,0.9522461295127869,-5.09619140625,3.541015625,-58,73,5,-5.746972560882568,6.6513671875,0.4306640625
21,14,221,0.03828125074505806,-5.368945598602295,3.3783204555511475,-61,59,-4,-6.570019721984863,6.402539253234863,-0.14833985269069672
0,34,232,-3.167773485183716,-7.24951171875,5.177539348602295,-35,48,-12,-7.120312690734863,6.31640625,-0.3349609375
-31,41,211,-5.785254001617432,-7.833301067352295,5.919238567352295,-12,46,-16,-7.369140625,6.670507907867432,-0.37324219942092896
-71,43,160,-7.455273628234863,-7.771093845367432,6.182422161102295,-29,50,-16,-7.254296779632568,6.493457317352295,-0.3397460877895355
-84,5,92,-8.149121284484863,-9.560742378234863,8.412304878234863,-43,55,-9,-7.20166015625,6.613086223602295,-0.14833985269069672
-4,-15,66,-7.675390720367432,-6.19677734375,6.397754192352295,-21,39,5,-7.565332412719727,7.436132907867432,1.9044922590255737
-24,-2,50,-8.24960994720459,-3.9716796875,4.876074314117432,-25,20,27,-7.469629287719727,9.474609375,1.789648413658142
-33,3,33,-9.220995903015137,-3.718066453933716,4.85693359375,-31,13,82,-7.598828315734863,11.36474609375,1.3972656726837158
-36,-14,9,-9.048730850219727,-3.37353515625,4.622460842132568,-51,5,155,-6.976758003234863,13.116113662719727,1.430761694908142
-78,-31,-14,-8.905176162719727,-3.7037110328674316,4.464550971984863,-73,-10,214,-6.4599609375,13.149609565734863,1.057519555091858
-50,-57,-32,-7.924219131469727,-4.852148532867432,4.172656536102295,-81,-29,266,-6.086719036102295,13.508496284484863,0.4593750238418579
-18,-57,-39,-7.565332412719727,-4.699023723602295,4.478906154632568,-89,-43,307,-5.254101753234863,13.068262100219727,-0.287109375
-30,-41,-37,-7.2255859375,-5.187109470367432,4.7373046875,-82,-48,320,-2.670117139816284,10.412500381469727,-0.4976562559604645
-9,-39,-29,-6.574804782867432,-5.651269435882568,4.660742282867432,-70,-38,293,0.607714831829071,6.814062595367432,-0.03828125074505806
-30,-42,-42,-5.297168254852295,-4.986133098602295,3.957324266433716,-68,-18,243,2.2203125953674316,2.65576171875,0.17705078423023224
-48,-40,-29,-5.809179782867432,-7.771093845367432,4.04345703125,-7,2,149,3.741992235183716,-0.05742187798023224,0.01435546949505806
-16,-46,-16,-5.234961032867432,-7.402637004852295,3.9764649868011475,43,45,32,4.316211223602295,-1.02880859375,0.2823242247104645
-52,-50,-24,-3.8711915016174316,-6.2685546875,3.8568360805511475,50,93,-77,3.340039014816284,-1.4499024152755737,0.11962890625
-38,-52,-28,-2.976367235183716,-6.5556640625,3.8089845180511475,121,156,-163,1.870996117591858,0.0047851563431322575,0.13876953721046448
-42,-47,-17,-2.8280274868011475,-6.450390815734863,4.416699409484863,149,212,-220,-1.4929687976837158,5.536426067352295,2.832812547683716
-33,-47,-18,-3.51708984375,-7.603613376617432,5.397656440734863,97,188,-151,-6.105859279632568,17.518457412719727,6.967187404632568
-41,-43,-2,-6.541308879852295,-9.536816596984863,6.670507907867432,94,37,26,-4.268359661102295,25.6484375,10.50341796875
-46,-30,20,-5.23974609375,-10.80966854095459,5.713476657867432,7,-72,164,-0.8900390863418579,22.203125,9.201855659484863
-40,2,7,-3.143847703933716,-10.584765434265137,4.387988567352295,-108,-109,231,2.119824171066284,11.93418025970459,4.18701171875
39,23,-7,-2.3495118618011475,-9.431543350219727,3.6558594703674316,-141,-93,218,3.311328172683716,3.9525392055511475,0.679492175579071
60,27,-24,-2.119824171066284,-5.67041015625,3.6415040493011475,-106,-69,164,3.3543946743011475,-0.3780273497104645,-1.239355444908142
10,18,-24,-1.9092774391174316,-5.828320503234863,3.6080079078674316,-30,-32,80,3.6415040493011475,-1.679589867591858,-2.0384767055511475
2,9,-19,-2.4452149868011475,-7.335644721984863,3.7467775344848633,-3,17,-33,3.75634765625,-1.5934571027755737,-1.823144555091858
7,7,-20,-3.507519483566284,-8.326171875,4.603320598602295,72,107,-146,3.63671875,-1.225000023841858,-1.1627930402755737
0,8,-13,-5.053124904632568,-9.11572265625,5.4072265625,126,173,-253,-0.535937488079071,5.55078125,4.536328315734863
-12,14,7,-5.488574504852295,-10.245019912719727,5.483788967132568,75,90,-230,-8.0869140625,19.375097274780273,6.215918064117432
-34,21,-5,-4.09130859375,-7.665820598602295,4.273144721984863,122,-58,-81,-5.560351848602295,16.681055068969727,6.895410060882568
-27,40,8,-3.03857421875,-8.24960994720459,3.407031297683716,91,-136,-56,-1.36376953125,10.871874809265137,2.60791015625
11,67,16,-3.1534180641174316,-7.699316501617432,3.32568359375,14,-151,-102,0.11005859822034836,7.254296779632568,0.870898425579071
26,81,24,-3.789843797683716,-7.05810546875,3.1869142055511475,-12,-121,-165,0.894824206829071,6.96240234375,-0.8134765625
30,82,37,-4.47412109375,-7.120312690734863,2.957226514816284,-39,-63,-205,0.21533203125,8.886034965515137,-0.41630861163139343
31,80,54,-4.919140815734863,-7.24951171875,2.9189453125,-84,-4,-233,-0.765625,8.30224609375,1.0910156965255737
31,75,65,-5.823535442352295,-7.493555068969727,3.4261720180511475,-90,47,-227,-3.9046876430511475,8.7568359375,2.22509765625
12,55,66,-6.670507907867432,-7.383496284484863,4.636816501617432,15,80,-190,-7.804590225219727,7.000683784484863,3.4500977993011475
25,26,37,-6.67529296875,-9.029589653015137,3.2826173305511475,201,6,-110,-11.59921932220459,7.263867378234863,6.335546970367432
79,38,27,-7.024609565734863,-7.651464939117432,2.4452149868011475,165,-12,-55,-11.106348037719727,7.838086128234863,3.18212890625
110,47,12,-7.684961318969727,-6.91455078125,2.837597608566284,53,-14,-15,-8.91953182220459,4.966992378234863,1.9140625
91,18,-55,-9.077441215515137,-7.694531440734863,4.100879192352295,21,-10,5,-8.1826171875,4.301855564117432,1.6173828840255737
42,-41,-161,-11.43173885345459,-11.60400390625,6.632226467132568,2,-17,8,-8.73291015625,5.23974609375,1.727441430091858
17,-126,-271,-10.637402534484863,-14.101855278015137,7.732812881469727,-13,-24,14,-8.622851371765137,4.78515625,1.5216797590255737
13,-183,-348,-7.460058689117432,-12.9677734375,6.302051067352295,24,-27,24,-8.48886775970459,5.14404296875,1.7561523914337158
35,-201,-389,-4.699023723602295,-8.508008003234863,3.7850587368011475,19,-35,32,-6.991113185882568,5.268456935882568,1.9140625
54,-177,-378,-1.870996117591858,-5.589062690734863,1.789648413658142,24,-34,41,-6.684863567352295,5.565136909484863,1.8327149152755737
43,-114,-283,2.024121046066284,-2.306445360183716,0.894824206829071,20,-36,19,-7.5126953125,6.249413967132568,1.9475586414337158
-32,-20,-166,3.7037110328674316,0.39716798067092896,0.27753907442092896,38,-45,8,-7.326074123382568,6.058007717132568,1.550390601158142
-44,62,-49,3.454882860183716,1.488183617591858,-0.17705078423023224,62,-48,19,-6.550879001617432,5.632129192352295,1.26806640625
-41,120,74,2.8998048305511475,2.024121046066284,-0.7847656607627869,64,-38,24,-5.962304592132568,5.737402439117432,1.2537109851837158
-77,177,200,1.9714844226837158,1.244140625,-0.06699218600988388,46,-25,8,-6.201562404632568,5.895312786102295,1.5695313215255737
-99,221,278,0.11005859822034836,-2.75146484375,4.397558689117432,27,-15,-5,-6.522168159484863,5.995800971984863,1.89013671875
-86,159,136,-6.809277534484863,-25.0263671875,14.652148246765137,47,-34,-3,-8.809473037719727,6.48388671875,6.546093940734863
-47,16,-74,0.19140625,-23.571680068969727,15.71923828125,31,-47,-10,-9.584668159484863,7.268652439117432,2.2490234375
14,-91,-207,1.358984351158142,-13.905664443969727,11.38388729095459,52,-37,-11,-7.306933879852295,6.69921875,2.0624024868011475
45,-136,-256,1.727441430091858,-5.919238567352295,5.282812595367432,67,-19,10,-4.971777439117432,7.115527629852295,1.4690430164337158
65,-118,-206,3.0098633766174316,-0.4833008050918579,1.41162109375,14,11,11,-3.85205078125,7.594043254852295,1.1962890625
30,-49,-95,3.9764649868011475,1.287207007408142,0.14833985269069672,-39,29,4,-3.85205078125,7.196875095367432,1.2824219465255737
9,21,38,4.268359661102295,2.3734376430511475,-0.660351574420929,-56,33,6,-4.588964939117432,7.120312690734863,1.215429663658142
-17,93,178,3.789843797683716,2.3016602993011475,-0.607714831829071,-52,35,15,-5.699120998382568,6.837988376617432,2.024121046066284
-5,152,290,1.33984375,-0.64599609375,2.8280274868011475,-51,19,27,-7.101171970367432,7.000683784484863,4.636816501617432
-41,147,280,-6.909765720367432,-16.1259765625,8.713769912719727,-42,14,17,-7.254296779632568,7.244726657867432,3.0146484375
-28,66,161,-7.972070693969727,-18.403711318969727,10.80966854095459,-16,26,-3,-8.809473037719727,8.08212947845459,1.727441430091858
-45,9,90,-3.741992235183716,-12.0107421875,7.402637004852295,-10,44,20,-6.790136814117432,6.421679973602295,1.2776367664337158
15,-22,99,-1.1627930402755737,-6.660937786102295,5.665625095367432,-10,64,38,-5.560351848602295,6.177636623382568,1.02880859375
-14,-46,140,-0.8900390863418579,-6.311621189117432,5.182324409484863,-54,70,19,-5.493359565734863,6.474316596984863,1.1627930402755737
6,-43,179,-1.000097632408142,-6.680078029632568,4.301855564117432,-70,67,3,-6.220703125,6.043652534484863,0.9139648675918579
-9,-19,185,-2.024121046066284,-7.699316501617432,4.66552734375,-44,58,-7,-7.015038967132568,6.235058784484863,0.8421875238418579
-18,9,165,-3.7850587368011475,-7.330859661102295,5.225390911102295,-22,50,-12,-7.20166015625,6.201562404632568,0.6651367545127869
-12,28,143,-4.9765625,-6.96240234375,4.971777439117432,31,29,-8,-7.39306640625,6.325976848602295,2.4212892055511475
-16,18,92,-7.522265911102295,-8.340527534484863,7.938574314117432,15,16,-10,-7.2734375,7.182519435882568,0.69384765625
-46,-6,61,-7.881152629852295,-5.330664157867432,7.163379192352295,-40,21,-17,-7.287793159484863,6.215918064117432,-0.34931641817092896
-68,-5,39,-9.1396484375,-5.569921970367432,6.38818359375,-34,34,-22,-8.187402725219727,6.297265529632568,-0.7369140982627869
-35,-9,20,-8.58457088470459,-4.555469036102295,5.52685546875,-54,39,-19,-8.574999809265137,7.436132907867432,0.5311523675918579
-84,-20,-7,-7.149023532867432,-4.33056640625,4.320996284484863,-105,30,29,-8.359667778015137,7.622754096984863,2.03369140625
-58,-34,-15,-6.933691501617432,-5.67041015625,4.512402534484863,-76,14,124,-9.886133193969727,10.608691215515137,3.03857421875
-15,-42,-19,-7.086816310882568,-6.019726753234863,4.914355754852295,-83,-28,223,-10.560839653015137,13.116113662719727,3.6797852516174316
-40,-38,-29,-6.909765720367432,-6.718359470367432,5.459863185882568,-57,-63,313,-9.029589653015137,13.94873046875,3.4979493618011475
26,-41,-44,-6.416894435882568,-7.019824504852295,5.924023628234863,-92,-78,365,-6.187207221984863,12.9677734375,2.737109422683716
1,-44,-60,-4.914355754852295,-5.641699314117432,5.33544921875,-99,-75,381,-2.3973634243011475,8.63720703125,1.0144531726837158
-17,-44,-43,-4.78515625,-7.747168064117432,5.220605373382568,-82,-65,331,0.59814453125,5.378515720367432,0.4593750238418579
-4,-48,-35,-3.923828125,-6.895410060882568,4.861718654632568,-61,-47,250,2.119824171066284,1.626953125,0.0478515625
-22,-53,-37,-3.3448243141174316,-5.90966796875,4.273144721984863,-1,-12,159,2.7945313453674316,-1.033593773841858,-0.559863269329071
-22,-58,-27,-3.0816407203674316,-5.603417873382568,4.206152439117432,53,32,59,2.952441453933716,-1.775292992591858,-0.823046863079071
-36,-59,-12,-3.119921922683716,-4.866504192352295,4.13916015625,59,89,-47,3.0625,-1.6604492664337158,-0.8804687857627869
-77,-63,4,-3.8185548782348633,-5.072265625,6.761425971984863,112,186,-138,2.8041017055511475,0.45458984375,1.7130860090255737
-133,-60,42,-5.95751953125,-9.608593940734863,7.550976753234863,123,223,-200,-0.708203136920929,12.211718559265137,9.651659965515137
0,-55,36,-4.871289253234863,-13.89609432220459,4.8330078125,86,88,-60,-6.177636623382568,25.30390739440918,13.987011909484863
-67,-33,3,-2.6126954555511475,-9.048730850219727,3.191699266433716,12,-76,148,0.4593750238418579,18.930078506469727,10.09189510345459
-49,4,-6,-1.07666015625,-10.98193359375,2.1102540493011475,-61,-133,222,2.622265577316284,8.737695693969727,5.316308498382568
53,32,-24,-0.39238283038139343,-8.32138729095459,3.095996141433716,-121,-140,201,3.6175782680511475,1.057519555091858,0.27275392413139343
48,36,-34,-1.2919921875,-6.378613471984863,4.024316310882568,-53,-90,142,4.206152439117432,-2.234668016433716,-1.2058594226837158
49,29,-34,-2.095898389816284,-6.804492473602295,4.344922065734863,-26,-19,34,5.067480564117432,-3.024218797683716,-2.1581056118011475
31,21,-23,-2.478710889816284,-7.005468845367432,4.52197265625,33,65,-82,5.172753810882568,-3.220410108566284,-1.287207007408142
26,14,-11,-3.579296827316284,-8.699414253234863,5.708691596984863,93,152,-205,4.33056640625,-0.41630861163139343,1.799218773841858
-11,20,23,-4.727734565734863,-9.742578506469727,5.373730659484863,76,141,-285,-1.9236328601837158,10.393359184265137,8.641992568969727
-21,29,22,-3.828125,-9.15878963470459,4.823437690734863,45,17,-162,-7.139453411102295,18.93964958190918,9.80478572845459
-46,45,-1,-2.3255860805511475,-8.024706840515137,3.3304688930511475,67,-103,-45,-2.4595704078674316,13.451074600219727,7.235156536102295
-2,73,0,-1.799218773841858,-8.742480278015137,3.220410108566284,16,-134,-48,-0.07656250149011612,9.5224609375,2.9715821743011475
42,92,4,-3.0146484375,-8.570215225219727,3.5218751430511475,-4,-131,-93,1.0144531726837158,7.144238471984863,1.41162109375
35,84,1,-4.206152439117432,-7.259082317352295,3.8185548782348633,-14,-99,-149,1.918847680091858,7.311718940734863,-0.287109375
-1,70,2,-4.517187595367432,-7.613183975219727,3.8759765625,-49,-59,-214,1.406835913658142,7.838086128234863,-0.44501954317092896
13,62,11,-4.61767578125,-7.58447265625,3.9668946266174316,-39,-12,-244,0.6507812738418579,7.450488567352295,0.4306640625
20,57,24,-4.7373046875,-7.483984470367432,3.63671875,-20,42,-264,-1.0144531726837158,8.0390625,1.406835913658142
29,57,37,-5.057910442352295,-7.373926162719727,2.99072265625,-26,85,-261,-3.70849609375,7.651464939117432,2.8902344703674316
25,60,47,-5.852246284484863,-7.613183975219727,2.665332078933716,141,80,-171,-11.704492568969727,6.120214939117432,9.168359756469727
40,60,52,-6.814062595367432,-7.818945407867432,2.6988282203674316,299,-46,-87,-10.78574275970459,10.8623046875,6.450390815734863
44,57,49,-7.01025390625,-7.029394626617432,2.502636671066284,93,-29,-67,-8.24960994720459,7.522265911102295,2.138964891433716
39,53,38,-7.421777725219727,-7.412207126617432,3.3017578125,16,4,-38,-8.426660537719727,4.565039157867432,2.46435546875
37,28,-9,-8.579785346984863,-9.0439453125,4.531543254852295,-30,5,-19,-8.436230659484863,5.057910442352295,1.8614258766174316
11,-30,-128,-10.919726371765137,-12.517969131469727,6.498242378234863,-60,8,16,-9.321484565734863,5.732617378234863,2.354296922683716
7,-114,-280,-11.761914253234863,-16.398731231689453,8.292675971984863,-56,-17,43,-9.608593940734863,4.794726848602295,2.574414014816284
28,-174,-371,-7.388281345367432,-13.049120903015137,5.7900390625,9,-39,70,-8.498437881469727,4.703808784484863,2.095898389816284
79,-187,-396,-4.445410251617432,-9.03916072845459,2.7801759243011475,35,-43,80,-7.263867378234863,5.029199123382568,1.9714844226837158
105,-175,-370,-1.6748046875,-5.675195217132568,0.44501954317092896,36,-41,81,-6.517383098602295,5.76611328125,1.9284180402755737
71,-134,-290,1.89013671875,-3.124706983566284,-0.607714831829071,17,-39,58,-6.6513671875,6.306836128234863,1.5408203601837158
1,-58,-183,3.9525392055511475,-0.17226563394069672,-0.995312511920929,20,-39,36,-5.8857421875,6.560449123382568,1.2345703840255737
-35,28,-66,4.000390529632568,1.9714844226837158,-0.21533203125,35,-35,28,-5.100976467132568,6.412109375,0.995312511920929
-48,96,54,3.5218751430511475,2.51220703125,0.22968751192092896,36,-25,24,-4.66552734375,6.694433689117432,1.052734375
-54,150,178,2.2203125953674316,1.8375000953674316,0.846972644329071,16,-11,11,-4.9287109375,6.900195598602295,1.430761694908142
-71,201,273,0.8086914420127869,0.4593750238418579,2.813671827316284,7,-9,-4,-5.713476657867432,6.86669921875,2.1820313930511475
-103,198,223,-4.627246379852295,-16.38916015625,10.2880859375,17,-17,-5,-6.876269817352295,7.436132907867432,2.966796875
-74,59,-1,-1.3302735090255737,-25.366113662719727,15.57089900970459,15,-31,2,-8.981738090515137,7.948144912719727,3.4261720180511475
-27,-49,-164,2.717968702316284,-18.619043350219727,13.355371475219727,51,-41,-5,-7.972070693969727,7.48876953125,3.555371046066284
34,-104,-250,3.4500977993011475,-9.27841854095459,7.177734375,65,-39,-10,-5.823535442352295,8.235254287719727,3.03857421875
52,-101,-243,3.80419921875,-2.296875,2.4117188453674316,47,-34,0,-4.134375095367432,8.101269721984863,2.191601514816284
40,-54,-168,4.115234375,0.64599609375,0.13398437201976776,23,-25,19,-2.9237306118011475,7.689746379852295,1.6604492664337158
39,0,-52,4.053027629852295,2.5887696743011475,-0.49287110567092896,-8,-15,24,-2.4930665493011475,7.637109756469727,1.2776367664337158
2,49,82,3.789843797683716,2.5361328125,-0.24882812798023224,-20,-4,17,-3.2060546875,7.77587890625,1.5791015625
-4,96,215,3.407031297683716,1.119726538658142,1.167578101158142,-28,6,11,-4.201367378234863,7.986425876617432,2.12939453125
-80,127,288,0.17226563394069672,-6.306836128234863,5.388085842132568,-27,25,18,-4.85693359375,8.651562690734863,3.4740235805511475
-41,78,204,-5.445508003234863,-20.250782012939453,11.52744197845459,-25,39,8,-6.2685546875,9.871777534484863,3.3974609375
-21,17,92,-1.7561523914337158,-15.09238338470459,9.06787109375,-22,51,15,-5.579492092132568,8.421875,2.957226514816284
14,15,75,-0.08134765923023224,-7.838086128234863,6.067578315734863,-20,57,32,-3.7994141578674316,6.971972942352295,2.234668016433716
40,33,114,0.13876953721046448,-4.722949504852295,4.263574123382568,-45,62,16,-3.8329102993011475,6.943261623382568,1.7130860090255737
38,23,163,-0.732128918170929,-6.096289157867432,5.579492092132568,-57,58,0,-5.014843940734863,6.986328125,1.287207007408142
-4,17,191,-1.2584961652755737,-6.464745998382568,5.28759765625,-43,50,-8,-6.086719036102295,6.857129096984863,0.8182617425918579
-7,21,197,-2.952441453933716,-7.795019626617432,6.096289157867432,-16,48,-11,-6.239843845367432,7.220800876617432,0.6986328363418579
-23,35,165,-4.196582317352295,-7.479199409484863,6.081933498382568,-10,57,-16,-6.058007717132568,6.919335842132568,0.655566394329071
-48,42,133,-5.756543159484863,-7.460058689117432,6.565234661102295,-7,68,-27,-6.05322265625,6.742285251617432,0.9283203482627869
2,24,93,-7.05810546875,-7.354785442352295,7.062890529632568,4,80,-25,-6.933691501617432,6.584374904632568,1.693945288658142
-43,7,76,-8.043848037719727,-4.880859375,7.139453411102295,40,30,7,-6.857129096984863,10.73789119720459,3.2586915493011475
-74,1,48,-9.273633003234863,-5.531640529632568,6.163281440734863,-28,30,18,-6.445605754852295,9.192285537719727,0.9905273914337158
-20,-2,18,-9.44589900970459,-4.9287109375,5.636914253234863,-36,49,36,-6.900195598602295,11.2451171875,0.660351574420929
-19,-21,-9,-7.627539157867432,-2.957226514816284,4.727734565734863,-69,40,109,-6.4599609375,12.072949409484863,1.239355444908142
-93,-37,-16,-7.311718940734863,-3.6845703125,4.09130859375,-67,9,195,-6.5078125,13.671191215515137,2.497851610183716
-31,-35,-12,-7.005468845367432,-6.560449123382568,4.397558689117432,-83,-31,264,-6.689648628234863,15.25986385345459,1.8375000953674316
13,-21,-6,-7.048535346984863,-5.010058879852295,4.694238185882568,-82,-66,328,-6.125,14.676074028015137,0.708203136920929
-3,-13,-8,-6.756640911102295,-5.435937404632568,4.598535060882568,-56,-66,369,-3.411816358566284,11.12548828125,-1.201074242591858
23,-18,-13,-6.10107421875,-5.3115234375,4.249218940734863,-65,-41,356,-0.57421875,6.235058784484863,-0.823046863079071
-11,-15,3,-6.9384765625,-5.4072265625,4.670312404632568,-58,-19,267,2.201171875,1.4738281965255737,-0.64599609375
-33,-37,17,-6.426465034484863,-5.273242473602295,4.871289253234863,-6,15,158,3.8329102993011475,-0.88525390625,0.5215820670127869
-50,-46,5,-5.297168254852295,-5.033984661102295,4.646386623382568,21,46,45,3.7850587368011475,-1.7561523914337158,0.636425793170929
-37,-44,7,-4.971777439117432,-5.010058879852295,4.847363471984863,74,87,-59,3.2969727516174316,-2.0863282680511475,-0.24404297769069672
-27,-44,14,-5.172753810882568,-5.349804878234863,5.16796875,110,141,-155,2.2442383766174316,-0.16269531846046448,-0.612500011920929
-26,-40,8,-5.952734470367432,-6.0771484375,5.90966796875,141,211,-222,0.3875976502895355,6.220703125,2.3399415016174316
5,-35,3,-7.187304973602295,-6.904980659484863,7.670605659484863,141,182,-154,-3.6415040493011475,19.982812881469727,8.192187309265137
-17,-23,20,-8.043848037719727,-6.646582126617432,6.622656345367432,106,19,43,-1.6748046875,27.328027725219727,12.695019721984863
14,8,-8,-5.799609661102295,-8.311816215515137,5.555566310882568,-64,-82,179,0.947460949420929,18.241016387939453,8.833398818969727
63,26,-23,-4.478906154632568,-5.593847751617432,6.029296875,-111,-110,223,2.6605470180511475,8.670702934265137,3.2586915493011475
50,18,-26,-4.277929782867432,-4.2109375,6.038867473602295,-139,-94,204,3.4261720180511475,2.641406297683716,-0.11962890625
27,1,-24,-4.167870998382568,-4.029101848602295,5.2158203125,-104,-62,137,3.6175782680511475,-0.899609386920929,-1.789648413658142
19,-6,-15,-4.689453125,-4.76123046875,5.077050685882568,-45,-20,40,3.9668946266174316,-2.0528321266174316,-2.70361328125
5,-11,-12,-5.512500286102295,-4.804296970367432,5.679980754852295,49,35,-60,4.029101848602295,-2.6749024391174316,-3.7515625953674316
-1,-8,-18,-6.206347942352295,-4.081738471984863,8.11083984375,136,111,-170,3.94775390625,-1.392480492591858,-2.210742235183716
-53,0,8,-7.838086128234863,-6.029296875,7.426562786102295,123,144,-289,1.9762696027755737,7.072461128234863,6.287695407867432
-39,29,-12,-5.986230373382568,-8.603711128234863,5.091406345367432,144,65,-230,-7.479199409484863,21.03076171875,8.311816215515137
32,50,-43,-5.325879096984863,-6.780566692352295,4.804296970367432,98,-86,-61,-4.4501953125,19.494726181030273,8.307031631469727
32,58,-30,-4.732519626617432,-4.392773628234863,5.297168254852295,18,-157,-32,-0.775195300579071,10.91015625,3.502734422683716
-5,53,-10,-5.00048828125,-5.072265625,5.560351848602295,-15,-158,-66,0.69384765625,7.330859661102295,0.6412109732627869
-21,46,-8,-5.273242473602295,-5.593847751617432,4.861718654632568,-52,-129,-118,1.3876953125,6.9384765625,-0.8134765625
-27,57,-10,-5.93359375,-5.794824123382568,4.263574123382568,-97,-68,-160,0.40673828125,9.11572265625,-1.143652319908142
1,57,-3,-6.5078125,-5.9814453125,4.421484470367432,-97,-24,-185,-0.16269531846046448,7.560546875,0.0478515625
17,54,7,-6.546093940734863,-5.660840034484863,4.584179878234863,-98,23,-214,-1.3781250715255737,7.699316501617432,0.8565430045127869
9,50,10,-6.445605754852295,-6.416894435882568,4.971777439117432,-82,77,-227,-3.8711915016174316,5.7421875,1.89013671875
26,37,15,-6.751855373382568,-6.751855373382568,4.416699409484863,1,130,-210,-7.737597942352295,5.100976467132568,2.641406297683716
43,25,23,-7.139453411102295,-6.177636623382568,3.80419921875,344,55,-114,-14.030077934265137,5.713476657867432,9.70908260345459
24,21,28,-7.445703506469727,-6.153710842132568,2.957226514816284,205,-21,-72,-11.04892635345459,9.460253715515137,4.230078220367432
38,35,23,-7.756738662719727,-7.302148342132568,3.024218797683716,-38,-15,-33,-9.599023818969727,5.732617378234863,1.89013671875
92,30,-24,-8.426660537719727,-8.498437881469727,4.813867092132568,-32,-10,4,-8.211328506469727,3.7850587368011475,0.765625
101,-11,-102,-9.58945369720459,-8.53671932220459,6.191992282867432,-10,-13,13,-7.890722751617432,3.3687500953674316,1.464257836341858
51,-92,-195,-11.206835746765137,-10.752245903015137,8.072558403015137,25,-16,19,-8.41709041595459,3.9381837844848633,2.239453077316284
12,-178,-275,-10.532129287719727,-11.828906059265137,8.53671932220459,46,-17,25,-9.096582412719727,4.646386623382568,2.6509766578674316
5,-224,-326,-6.574804782867432,-11.034570693969727,6.302051067352295,44,-23,41,-8.134765625,4.828222751617432,2.583984375
54,-228,-340,-3.268261671066284,-7.283008098602295,3.42138671875,52,-28,52,-7.053320407867432,5.033984661102295,2.043261766433716
59,-192,-318,0.05263672024011612,-5.067480564117432,2.3399415016174316,40,-35,35,-7.402637004852295,6.632226467132568,1.464257836341858
31,-123,-254,2.48828125,-1.894921898841858,2.2059571743011475,29,-46,16,-7.3212890625,6.617871284484863,1.287207007408142
-11,-42,-176,3.4740235805511475,0.9283203482627869,1.5216797590255737,46,-46,24,-6.593945503234863,6.24462890625,0.98095703125
-49,36,-67,3.5601563453674316,2.813671827316284,0.995312511920929,56,-40,33,-6.120214939117432,6.187207221984863,0.8182617425918579
-83,99,69,3.1294922828674316,3.6319336891174316,-0.07177734375,41,-31,29,-5.943164348602295,5.852246284484863,0.7608398795127869
-103,154,209,1.65087890625,2.46435546875,0.31103515625,21,-22,14,-6.29248046875,5.684765815734863,0.947460949420929
-119,195,297,-0.24882812798023224,-2.0049805641174316,3.5697267055511475,19,-15,2,-7.134667873382568,5.76611328125,1.4929687976837158
-148,143,185,-5.9814453125,-24.638769149780273,11.752344131469727,31,-20,0,-8.05820369720459,6.766211032867432,4.646386623382568
-93,-5,-65,-0.12441406399011612,-28.428613662719727,14.3076171875,47,-36,-11,-10.11582088470459,7.53662109375,3.3687500953674316
0,-105,-245,2.430859327316284,-16.480077743530273,11.04892635345459,18,-22,-19,-6.952832221984863,7.220800876617432,1.79443359375
85,-143,-293,2.186816453933716,-5.928808689117432,4.7373046875,65,-15,-9,-4.90478515625,6.541308879852295,1.789648413658142
95,-124,-229,2.5313477516174316,0.37324219942092896,1.0383789539337158,36,3,-6,-3.2108399868011475,9.345410346984863,1.0862305164337158
25,-48,-115,3.598437547683716,2.885449171066284,-1.047949194908142,-88,13,-7,-3.3448243141174316,7.7041015625,1.17236328125
14,35,38,4.124804973602295,3.9429688453674316,-1.9332032203674316,-53,20,10,-4.148730754852295,6.239843845367432,1.550390601158142
-9,116,204,3.7707033157348633,3.4740235805511475,-1.6843750476837158,-45,18,21,-5.412011623382568,7.713672161102295,2.3495118618011475
-51,164,297,0.708203136920929,-6.081933498382568,3.9190430641174316,-79,13,30,-7.278222560882568,8.101269721984863,3.387890577316284
-45,103,195,-5.866601467132568,-22.93525505065918,11.441308975219727,-23,14,37,-9.838281631469727,8.531933784484863,3.4979493618011475
-34,-2,72,-0.0047851563431322575,-14.61386775970459,8.60849666595459,-8,20,58,-7.9912109375,6.598730564117432,2.9380860328674316
-20,-11,80,1.5647461414337158,-6.837988376617432,4.076953411102295,-1,36,77,-5.16796875,4.966992378234863,2.009765625
16,22,143,1.526464819908142,-3.56494140625,3.46923828125,-10,48,50,-4.277929782867432,4.90478515625,1.287207007408142
10,41,202,-0.08613281697034836,-4.531543254852295,4.349707126617432,-31,50,1,-4.655957221984863,5.440722942352295,0.64599609375
1,39,234,-1.7083008289337158,-8.22568416595459,4.9765625,-20,55,-34,-5.775683879852295,5.837890625,-0.10048828274011612
-15,51,222,-4.033886909484863,-9.177929878234863,5.340234279632568,17,57,-47,-7.168164253234863,7.120312690734863,0.04306640848517418
-46,59,169,-5.469433784484863,-9.536816596984863,5.325879096984863,12,55,-43,-7.474414348602295,7.7041015625,0.07177734375
-64,32,120,-7.53662109375,-9.1396484375,7.885937690734863,19,52,-20,-7.7041015625,7.986425876617432,1.12451171875
-83,-15,101,-7.833301067352295,-7.460058689117432,5.684765815734863,18,17,19,-6.823632717132568,11.417383193969727,2.598339796066284
2,-24,94,-9.66123104095459,-5.895312786102295,4.675097942352295,-28,25,66,-6.311621189117432,11.848047256469727,2.0624024868011475
-39,-31,46,-10.824023246765137,-4.4501953125,4.072167873382568,-63,41,137,-7.038964748382568,14.35546875,1.646093726158142
-88,-46,-10,-8.34531307220459,-3.828125,2.8184571266174316,-102,20,233,-6.852344036102295,14.56601619720459,1.789648413658142
-138,-41,-24,-7.383496284484863,-4.502831935882568,2.426074266433716,-102,-12,311,-7.278222560882568,15.21201229095459,0.45458984375
-122,-43,2,-7.4169921875,-6.574804782867432,2.7945313453674316,-87,-39,360,-6.010156154632568,13.149609565734863,-0.708203136920929
-15,-45,14,-6.967187404632568,-6.890625,2.713183641433716,-84,-55,355,-2.904589891433716,8.790331840515137,-1.31591796875
35,-36,4,-6.05322265625,-5.426367282867432,2.65576171875,-75,-52,310,-0.4498046934604645,4.273144721984863,-1.392480492591858
-14,-25,6,-6.503027439117432,-6.134570598602295,2.832812547683716,-12,-29,218,1.751367211341858,1.440332055091858,-0.9091796875
0,-29,15,-6.431250095367432,-7.230370998382568,3.42138671875,42,14,85,3.4500977993011475,-0.4258789122104645,-0.4306640625
-49,-38,-8,-5.804394721984863,-5.962304592132568,3.215625047683716,75,86,-38,3.5123047828674316,-1.1388672590255737,0.05742187798023224
-82,-53,-39,-5.488574504852295,-6.474316596984863,3.215625047683716,102,160,-144,2.473925828933716,-0.684277355670929,0.02871093899011612
-64,-56,-49,-5.703906536102295,-7.067676067352295,3.3543946743011475,156,232,-225,-1.559960961341858,4.789941310882568,1.225000023841858
-34,-54,-51,-5.6943359375,-7.158593654632568,3.5601563453674316,111,225,-202,-5.847461223602295,14.944043159484863,4.632031440734863
-25,-43,-48,-6.780566692352295,-8.311816215515137,4.105664253234863,134,86,-37,-3.411816358566284,23.447265625,8.819043159484863
-47,-24,-7,-7.617969036102295,-8.976953506469727,5.675195217132568,38,-35,103,-1.0144531726837158,24.63398551940918,7.527050971984863
4,8,-7,-5.043554782867432,-9.718652725219727,4.885644435882568,-90,-98,218,-0.05263672024011612,16.853321075439453,4.129590034484863
58,26,-15,-3.94775390625,-9.072656631469727,3.70849609375,-166,-102,248,1.9619140625,8.05820369720459,0.9857422113418579
101,27,-32,-3.6750001907348633,-7.44091796875,3.411816358566284,-161,-95,217,3.0098633766174316,1.7800781726837158,-0.660351574420929
96,5,-41,-3.63671875,-5.545996189117432,3.459667921066284,-81,-62,149,4.268359661102295,-0.7943359613418579,-1.7561523914337158
38,-14,-36,-3.46923828125,-5.445508003234863,3.622363328933716,-56,-14,45,4.42626953125,-1.7370117902755737,-1.823144555091858
0,-20,-27,-3.268261671066284,-6.24462890625,4.033886909484863,-22,51,-54,4.914355754852295,-2.3160157203674316,-1.071874976158142
-8,-17,-26,-3.9381837844848633,-7.01025390625,5.991015911102295,102,132,-137,5.134472846984863,-1.765722632408142,-0.17705078423023224
-32,-12,0,-5.57470703125,-7.900293350219727,6.81884765625,176,173,-229,2.0528321266174316,5.880957126617432,6.6513671875
-35,0,7,-5.268456935882568,-9.9052734375,5.71826171875,61,90,-209,-3.363964796066284,20.126367568969727,7.613183975219727
-31,13,-14,-4.244433879852295,-7.718457221984863,4.421484470367432,-29,-57,-55,-2.5887696743011475,18.03046989440918,10.819238662719727
-42,23,-7,-3.076855421066284,-7.53662109375,4.120019435882568,-41,-136,0,0.6747070550918579,10.3837890625,7.550976753234863
-21,40,9,-2.6366212368011475,-7.751953125,3.70849609375,-51,-138,-9,1.69873046875,6.794921875,3.7467775344848633
-5,56,16,-3.095996141433716,-7.795019626617432,3.196484327316284,-26,-95,-34,2.167675733566284,5.28759765625,1.26806640625
-2,68,17,-4.04345703125,-7.239941596984863,2.89501953125,-24,-46,-83,1.84228515625,4.943066596984863,0.57421875
-20,77,29,-5.053124904632568,-6.895410060882568,2.6796875,-19,-9,-145,1.311132788658142,5.273242473602295,0.1435546875
0,70,40,-5.708691596984863,-7.34521484375,2.8998048305511475,-6,18,-207,0.612500011920929,4.632031440734863,0.46894532442092896
26,70,48,-6.163281440734863,-6.981543064117432,2.8663086891174316,-33,55,-259,-1.071874976158142,5.847461223602295,1.2345703840255737
32,72,51,-6.354687690734863,-7.507910251617432,2.761035203933716,-52,112,-297,-4.000390529632568,7.350000381469727,2.426074266433716
57,67,52,-7.20166015625,-7.790234565734863,3.072070360183716,-63,184,-293,-8.383593559265137,5.699120998382568,3.646289110183716
44,49,45,-7.804590225219727,-7.981640815734863,3.172558546066284,455,114,-132,-18.92529296875,6.2685546875,11.015429496765137
53,29,38,-8.72812557220459,-8.196972846984863,2.3638672828674316,246,-35,-27,-13.881738662719727,13.905664443969727,3.7754883766174316
88,33,14,-7.402637004852295,-6.790136814117432,1.894921898841858,-33,-56,22,-8.78076171875,6.091504096984863,1.65087890625
114,26,-35,-7.474414348602295,-7.230370998382568,2.521777391433716,31,-38,44,-6.177636623382568,3.63671875,0.10527344048023224
61,-18,-105,-9.814355850219727,-10.154101371765137,4.895215034484863,24,-8,16,-6.0771484375,4.407128810882568,0.39716798067092896
10,-93,-197,-10.010546684265137,-12.254785537719727,6.258984565734863,-29,19,-19,-7.038964748382568,4.876074314117432,1.464257836341858
6,-152,-275,-8.30224609375,-13.331445693969727,6.19677734375,-52,29,-21,-8.70419979095459,4.33056640625,2.2777345180511475
23,-190,-340,-6.31640625,-12.814648628234863,5.029199123382568,-24,16,0,-9.6181640625,4.196582317352295,2.3495118618011475
52,-194,-376,-3.7228517532348633,-9.555956840515137,3.0433595180511475,16,-13,23,-8.36923885345459,3.359179735183716,2.4930665493011475
68,-164,-354,-0.46894532442092896,-5.474218845367432,1.31591796875,47,-27,22,-7.8955078125,5.388085842132568,1.789648413658142
43,-96,-265,2.7801759243011475,-1.215429663658142,0.2823242247104645,14,-38,-9,-7.857226848602295,5.857031345367432,1.626953125
-6,-7,-148,3.5888671875,1.8327149152755737,-0.12919922173023224,52,-39,-6,-7.3212890625,5.230175971984863,1.215429663658142
-34,69,-18,2.89501953125,2.60791015625,-0.3780273497104645,66,-37,16,-6.885839939117432,5.292382717132568,0.98095703125
-71,130,110,2.000195264816284,2.5313477516174316,-0.6029297113418579,53,-34,26,-6.751855373382568,5.053124904632568,0.684277355670929
-95,179,236,0.8134765625,1.4020508527755737,0.32060548663139343,35,-30,15,-7.460058689117432,5.163183689117432,0.8182617425918579
-115,223,315,-0.7704101800918579,-4.215722560882568,4.689453125,29,-24,6,-8.551074028015137,5.699120998382568,1.047949194908142
-98,166,218,-7.206445217132568,-24.255956649780273,12.9677734375,42,-11,9,-9.73779296875,5.100976467132568,1.8375000953674316
-44,3,-41,-4.09130859375,-27.055273056030273,15.173730850219727,86,0,6,-8.94345760345459,5.995800971984863,4.076953411102295
25,-94,-235,-1.07666015625,-17.891698837280273,11.331250190734863,34,2,-10,-7.120312690734863,7.2734375,2.784960985183716
94,-137,-305,-0.16269531846046448,-8.63242244720459,5.617773532867432,-25,-6,-17,-6.565234661102295,6.876269817352295,2.694042921066284
85,-133,-281,0.846972644329071,-0.775195300579071,1.17236328125,-14,-22,-1,-6.369042873382568,5.938378810882568,2.0289063453674316
30,-71,-198,2.12939453125,1.4020508527755737,-0.4306640625,20,-34,18,-6.043652534484863,5.43115234375,1.3015625476837158
-27,-1,-59,3.5697267055511475,3.694140672683716,-1.79443359375,37,-36,26,-5.95751953125,5.703906536102295,0.899609386920929
-47,75,131,3.7707033157348633,4.646386623382568,-1.799218773841858,24,-24,22,-6.10107421875,6.000586032867432,0.636425793170929
-41,149,316,1.7848633527755737,2.981152296066284,0.36845704913139343,-2,1,12,-6.536523342132568,6.4599609375,1.0431641340255737
-64,183,385,-5.656054973602295,-10.45078182220459,6.541308879852295,9,29,-3,-8.527148246765137,7.168164253234863,2.27294921875
-9,90,221,-10.680468559265137,-19.494726181030273,11.441308975219727,-28,47,5,-8.29746150970459,7.158593654632568,1.41162109375
-41,20,108,-4.837792873382568,-13.001269340515137,7.818945407867432,-61,55,30,-7.048535346984863,5.67041015625,1.3254883289337158
-22,15,99,-2.1820313930511475,-9.51767635345459,5.847461223602295,-40,54,25,-6.526953220367432,5.895312786102295,1.7083008289337158
19,18,118,-1.5695313215255737,-7.05810546875,5.397656440734863,-32,48,5,-6.503027439117432,6.120214939117432,1.435546875
10,15,139,-1.7561523914337158,-6.976758003234863,4.818652629852295,2,43,11,-6.756640911102295,6.139355659484863,1.6652344465255737
-11,7,148,-2.957226514816284,-6.847558498382568,4.804296970367432,-12,37,12,-7.177734375,7.158593654632568,1.6125977039337158
-61,5,152,-4.33056640625,-6.273339748382568,5.033984661102295,-58,39,5,-7.402637004852295,7.086816310882568,0.583789050579071
-118,-2,132,-5.928808689117432,-7.550976753234863,5.148828029632568,-75,43,-3,-7.038964748382568,6.5556640625,0.06699218600988388
-126,-9,93,-7.24951171875,-7.426562786102295,5.632129192352295,-79,50,-4,-6.96240234375,7.005468845367432,0.09091796725988388
-70,-29,58,-7.938574314117432,-8.08212947845459,5.397656440734863,-85,51,14,-7.239941596984863,8.292675971984863,1.0862305164337158
5,-25,43,-8.905176162719727,-6.474316596984863,4.866504192352295,-52,34,76,-8.8525390625,10.134961128234863,1.813574194908142
-2,-29,34,-9.666015625,-5.04833984375,5.211035251617432,-32,16,164,-9.766504287719727,13.876953125,2.856738328933716
-50,-52,15,-7.828516006469727,-5.100976467132568,4.416699409484863,-59,-22,260,-8.5654296875,14.513379096984863,3.287402391433716
-97,-55,0,-6.876269817352295,-5.359375,3.435742139816284,-57,-46,353,-7.397851943969727,14.365038871765137,1.5647461414337158
-73,-53,-1,-6.617871284484863,-7.694531440734863,3.627148389816284,-72,-58,396,-4.995703220367432,11.14462947845459,0.5311523675918579
-3,-43,-13,-5.804394721984863,-6.742285251617432,3.2060546875,-97,-59,376,-1.9619140625,6.751855373382568,-1.119726538658142
6,-32,-6,-6.206347942352295,-7.024609565734863,3.957324266433716,-60,-49,287,1.1149414777755737,2.186816453933716,-1.239355444908142
-5,-37,-3,-5.321094036102295,-6.072363376617432,4.081738471984863,8,-7,171,2.665332078933716,-0.44501954317092896,-1.1867188215255737
-35,-44,-19,-4.565039157867432,-5.746972560882568,3.7372071743011475,38,49,50,3.22998046875,-1.45947265625,-1.0144531726837158
-46,-52,-28,-4.287499904632568,-5.641699314117432,3.8329102993011475,66,119,-53,3.4166016578674316,-1.7083008289337158,-0.823046863079071
-50,-57,-31,-4.383203029632568,-5.928808689117432,3.7372071743011475,141,204,-148,2.665332078933716,0.3875976502895355,-0.3301757872104645
-74,-52,-15,-5.871387004852295,-6.622656345367432,7.125097751617432,156,238,-207,-2.17724609375,11.905468940734863,5.263671875
-64,-45,32,-10.058398246765137,-11.350390434265137,7.326074123382568,141,121,-97,-7.091601848602295,26.48583984375,8.594141006469727
-5,-31,4,-6.067578315734863,-7.838086128234863,4.038671970367432,46,-30,129,-1.5408203601837158,24.566991806030273,10.201952934265137
-34,-2,-35,-2.32080078125,-7.818945407867432,2.4404296875,-101,-106,240,1.2297852039337158,13.13046932220459,5.187109470367432
45,17,-33,-1.6891602277755737,-8.307031631469727,2.6318359375,-146,-128,247,2.6031250953674316,3.741992235183716,0.50244140625
54,25,-15,-2.75146484375,-6.392968654632568,3.1629884243011475,-98,-103,182,3.531445264816284,-0.9187500476837158,-2.2059571743011475
-2,23,-5,-3.741992235183716,-6.282910346984863,3.7372071743011475,-76,-33,75,4.349707126617432,-2.2681641578674316,-2.75146484375
-2,21,-6,-4.90478515625,-6.885839939117432,5.919238567352295,-24,42,-45,4.900000095367432,-3.2251954078674316,-2.574414014816284
27,11,-9,-5.230175971984863,-7.024609565734863,6.593945503234863,82,134,-156,5.172753810882568,-1.8614258766174316,-0.9043945670127869
25,-5,0,-5.612988471984863,-8.79990291595459,5.397656440734863,128,181,-246,1.368554711341858,5.584277629852295,5.258886814117432
-17,4,27,-6.235058784484863,-9.75693416595459,4.273144721984863,53,84,-216,-6.503027439117432,19.413379669189453,6.522168159484863
-27,29,5,-5.282812595367432,-7.952929973602295,3.7754883766174316,108,-44,-70,-3.6319336891174316,14.068359375,7.10595703125
-13,48,10,-4.2109375,-7.474414348602295,3.6415040493011475,82,-98,-68,-0.10527344048023224,10.61826229095459,2.765820264816284
21,54,21,-3.933398485183716,-6.263769626617432,3.478808641433716,-30,-107,-127,0.875683605670929,6.670507907867432,1.4499024152755737
20,56,30,-4.512402534484863,-5.962304592132568,3.6893556118011475,-46,-69,-196,0.7943359613418579,7.110742092132568,0.8134765625
19,58,38,-5.211035251617432,-6.24462890625,3.268261671066284,-72,-15,-235,-0.846972644329071,8.694628715515137,1.6125977039337158
32,64,43,-6.584374904632568,-7.283008098602295,4.373632907867432,-67,36,-229,-2.7083985805511475,8.747265815734863,2.694042921066284
62,52,23,-7.086816310882568,-8.412304878234863,4.947851657867432,-20,71,-207,-5.254101753234863,7.163379192352295,2.9620118141174316
73,24,-28,-8.067773818969727,-9.967480659484863,5.440722942352295,55,57,-178,-8.99130916595459,6.8427734375,6.488671779632568
55,-30,-117,-8.89560604095459,-11.833691596984863,6.689648628234863,210,-8,-129,-10.087109565734863,7.8955078125,4.852148532867432
-5,-100,-245,-9.847851753234863,-15.087597846984863,7.766308784484863,141,-15,-103,-10.077539443969727,6.680078029632568,1.7130860090255737
-13,-146,-341,-6.10107421875,-14.1162109375,6.397754192352295,93,1,-54,-10.182812690734863,5.220605373382568,1.105371117591858
14,-153,-396,-2.4356446266174316,-10.40771484375,3.7037110328674316,44,3,-3,-9.699511528015137,5.321094036102295,1.1867188215255737
43,-130,-380,-0.3828125,-6.91455078125,1.9140625,-9,0,6,-9.053515434265137,4.292285442352295,2.3399415016174316
53,-97,-326,1.392480492591858,-3.335253953933716,0.4258789122104645,16,-20,13,-7.527050971984863,4.105664253234863,2.0528321266174316
-10,-51,-219,3.3448243141174316,-0.6986328363418579,-0.46416017413139343,0,-35,-1,-7.938574314117432,5.249316692352295,1.45947265625
-81,11,-97,3.89990234375,-0.0478515625,-0.22011719644069672,21,-46,-18,-8.01513671875,4.900000095367432,1.201074242591858
-44,64,21,3.244335889816284,0.559863269329071,0.6268554925918579,79,-56,-8,-7.7998046875,5.153613567352295,0.95703125
-49,127,129,2.191601514816284,1.2345703840255737,0.24882812798023224,85,-49,13,-7.622754096984863,5.402441501617432,0.684277355670929
-94,193,236,0.5311523675918579,0.11005859822034836,1.9714844226837158,73,-42,29,-7.651464939117432,4.847363471984863,0.57421875
-97,235,299,-0.971386730670929,-5.421582221984863,5.837890625,87,-35,33,-8.388379096984863,4.85693359375,0.3636718690395355
-74,162,146,-7.713672161102295,-25.155567169189453,13.867383003234863,71,-30,26,-9.30712890625,5.211035251617432,1.033593773841858
-78,15,-131,-0.5933594107627869,-25.117284774780273,14.14013671875,52,-32,32,-8.364453315734863,4.914355754852295,1.5408203601837158
-7,-61,-282,1.9571290016174316,-15.95849609375,11.50830078125,81,-40,15,-9.503320693969727,5.426367282867432,4.95263671875
58,-101,-298,2.08154296875,-6.5556640625,5.689550876617432,61,-38,-6,-7.407422065734863,7.019824504852295,2.478710889816284
56,-100,-249,2.2490234375,-0.2823242247104645,1.6748046875,-1,-30,-1,-5.426367282867432,5.842675685882568,1.6604492664337158
19,-54,-143,2.670117139816284,1.6604492664337158,0.11005859822034836,22,-18,4,-4.943066596984863,6.421679973602295,1.7705078125
-12,3,3,3.526660203933716,2.215527296066284,-0.9618164300918579,-4,-9,0,-4.799511909484863,7.278222560882568,1.191503882408142
-8,69,155,2.966796875,1.703515648841858,-0.4737304747104645,-39,8,-1,-5.230175971984863,7.08203125,1.45947265625
3,128,293,1.2106446027755737,0.48808595538139343,0.6986328363418579,-64,23,8,-5.388085842132568,6.785351753234863,1.72265625
-63,162,334,-2.6844727993011475,-7.445703506469727,5.7900390625,-89,38,18,-6.24462890625,6.603515625,2.4930665493011475
-51,65,163,-9.627734184265137,-25.3134765625,13.125683784484863,-77,45,10,-9.599023818969727,6.660937786102295,2.713183641433716
-44,-54,16,-2.5074219703674316,-18.561620712280273,10.30722713470459,-40,54,9,-10.063183784484863,6.287695407867432,2.521777391433716
-3,-96,-5,0.24404297769069672,-9.30712890625,5.440722942352295,-74,67,43,-7.82373046875,5.187109470367432,1.870996117591858
15,-89,39,1.799218773841858,-5.833105564117432,2.9476563930511475,-85,71,41,-6.416894435882568,4.057812690734863,1.3015625476837158
32,-55,110,2.330371141433716,-4.124804973602295,1.65087890625,-60,60,13,-5.7421875,4.143945217132568,1.2345703840255737
28,-17,171,1.5456055402755737,-5.947949409484863,1.9810547828674316,-27,48,1,-6.024511814117432,5.100976467132568,0.669921875
24,15,214,-0.32060548663139343,-6.948047161102295,3.052929639816284,-6,39,12,-8.311816215515137,7.555761814117432,1.526464819908142
-9,45,221,-3.5362305641174316,-9.20664119720459,4.13916015625,-3,5,75,-10.077539443969727,10.0009765625,2.880664110183716
3,66,185,-5.675195217132568,-9.264062881469727,4.517187595367432,34,-26,163,-9.077441215515137,11.331250190734863,3.095996141433716
-32,76,145,-7.924219131469727,-8.326171875,6.05322265625,-2,-38,213,-6.29248046875,12.14951229095459,3.311328172683716
-54,20,100,-9.670801162719727,-7.335644721984863,8.747265815734863,-31,-27,262,-4.555469036102295,13.317090034484863,2.2442383766174316
-109,-38,52,-9.383691787719727,-6.622656345367432,6.565234661102295,-17,16,296,-0.69384765625,13.29794979095459,-0.27275392413139343
-57,-54,22,-7.216015815734863,-6.809277534484863,3.4931640625,19,99,310,2.9141602516174316,10.18759822845459,-2.383007764816284
-58,-51,0,-5.3115234375,-6.383398532867432,2.6318359375,18,175,241,3.627148389816284,6.38818359375,-1.4211914539337158
4,-47,13,-7.287793159484863,-8.63242244720459,3.287402391433716,20,141,113,1.1101562976837158,6.182422161102295,0.32539063692092896
68,-58,12,-7.665820598602295,-7.067676067352295,4.383203029632568,-36,50,87,-2.981152296066284,11.106348037719727,0.3158203065395355
27,-72,-29,-5.971875190734863,-4.909570217132568,3.7994141578674316,-79,-17,165,-3.813769578933716,11.087206840515137,1.41162109375
-9,-73,-44,-5.517285346984863,-4.818652629852295,4.383203029632568,-123,-57,193,0.6268554925918579,5.746972560882568,0.799121081829071
-52,-60,-38,-4.411914348602295,-4.316211223602295,4.024316310882568,-46,-40,137,4.263574123382568,-1.272851586341858,-0.3301757872104645
-43,-36,-29,-3.1055665016174316,-5.799609661102295,4.435840129852295,52,45,21,6.191992282867432,-2.6988282203674316,-0.39716798067092896
34,-18,-13,-3.46923828125,-7.048535346984863,6.125,98,149,-122,3.670214891433716,-1.655664086341858,0.18662109971046448
29,-19,5,-5.976660251617432,-3.340039014816284,10.52734375,223,203,-200,-1.8040039539337158,7.340429782867432,3.837695360183716
-57,-33,43,-8.32138729095459,-7.809375286102295,8.814257621765137,113,142,-211,-5.091406345367432,17.389257431030273,3.124706983566284
-27,-24,1,-5.474218845367432,-9.30234432220459,5.95751953125,99,87,-147,-5.16796875,15.963281631469727,4.990918159484863
-32,2,-25,-2.7562501430511475,-7.077246189117432,4.703808784484863,78,1,-99,-3.4261720180511475,12.671093940734863,3.8903322219848633
-4,23,-31,-2.4356446266174316,-6.8427734375,4.588964939117432,60,-32,-90,-1.0910156965255737,9.64208984375,2.65576171875
9,21,-30,-2.761035203933716,-5.263671875,4.708593845367432,39,-46,-103,-0.39716798067092896,9.407617568969727,2.2059571743011475
-32,22,-19,-3.263476610183716,-6.05322265625,4.478906154632568,28,-64,-100,-1.942773461341858,10.69003963470459,4.3544921875
-38,32,-11,-4.033886909484863,-7.359570503234863,4.3544921875,-94,-100,-111,-2.162890672683716,9.249707221984863,2.909374952316284
-35,45,-6,-4.804296970367432,-7.747168064117432,4.746875286102295,-67,-84,-142,-3.048144578933716,5.76611328125,2.694042921066284
-27,47,-2,-5.402441501617432,-7.63232421875,5.2158203125,7,-63,-168,-5.234961032867432,5.057910442352295,3.0337891578674316
-6,43,-1,-5.43115234375,-8.196972846984863,4.689453125,95,-35,-171,-7.144238471984863,5.244531154632568,2.6366212368011475
16,45,-3,-5.402441501617432,-7.96728515625,3.9716796875,147,-33,-147,-9.369336128234863,7.038964748382568,3.4022462368011475
