-57,-18,19,-8.503222465515137,-2.5791993141174316,2.904589891433716,-39,15,18,-8.220898628234863,2.526562452316284,3.9286134243011475
-57,-18,20,-8.522363662719727,-2.6318359375,2.89501953125,-39,15,18,-8.24960994720459,2.4930665493011475,3.923828125
-57,-18,21,-8.484082221984863,-2.694042921066284,2.8998048305511475,-40,15,18,-8.220898628234863,2.478710889816284,3.9668946266174316
-57,-18,22,-8.503222465515137,-2.70361328125,2.9237306118011475,-40,15,18,-8.220898628234863,2.426074266433716,3.9860353469848633
-57,-19,22,-8.503222465515137,-2.7562501430511475,2.9476563930511475,-39,15,18,-8.2783203125,2.450000047683716,3.9860353469848633
-58,-19,21,-8.474512100219727,-2.737109422683716,2.9476563930511475,-40,15,17,-8.240038871765137,2.4452149868011475,3.9764649868011475
-58,-20,20,-8.484082221984863,-2.741894483566284,2.94287109375,-39,15,17,-8.211328506469727,2.4356446266174316,3.9621095657348633
-57,-20,19,-8.508008003234863,-2.7466797828674316,2.952441453933716,-39,15,17,-8.244824409484863,2.4404296875,3.9525392055511475
-57,-20,18,-8.474512100219727,-2.7083985805511475,2.9620118141174316,-39,15,17,-8.25439453125,2.4595704078674316,3.933398485183716
-57,-20,18,-8.479296684265137,-2.6844727993011475,2.9476563930511475,-39,15,17,-8.235254287719727,2.4595704078674316,3.9142580032348633
-57,-20,18,-8.46494197845459,-2.6749024391174316,2.9189453125,-39,15,17,-8.235254287719727,2.473925828933716,3.909472703933716
-57,-20,18,-8.479296684265137,-2.6605470180511475,2.9141602516174316,-38,15,17,-8.25439453125,2.478710889816284,3.923828125
-57,-20,18,-8.4697265625,-2.6366212368011475,2.8998048305511475,-38,15,17,-8.263964653015137,2.4834961891174316,3.9381837844848633
-57,-20,18,-8.4697265625,-2.6366212368011475,2.885449171066284,-38,15,17,-8.23046875,2.454785108566284,3.9621095657348633
-57,-19,18,-8.484082221984863,-2.641406297683716,2.8998048305511475,-38,15,17,-8.244824409484863,2.454785108566284,3.9668946266174316
-58,-19,18,-8.460156440734863,-2.6270508766174316,2.9189453125,-38,15,17,-8.25439453125,2.4452149868011475,3.9621095657348633
-58,-19,19,-8.48886775970459,-2.6318359375,2.9141602516174316,-39,15,16,-8.216113090515137,2.454785108566284,3.9668946266174316
-59,-19,19,-8.426660537719727,-2.7706055641174316,3.0433595180511475,-38,15,16,-8.335741996765137,2.473925828933716,3.99560546875
-64,-18,19,-8.517578125,-3.215625047683716,3.2586915493011475,-37,15,13,-9.21142578125,2.5648438930511475,4.2587890625
-65,-18,20,-7.751953125,-3.37353515625,2.9859375953674316,-45,16,14,-9.144433975219727,2.569628953933716,4.61767578125
-59,-18,11,-6.086719036102295,-3.1869142055511475,2.201171875,-57,15,25,-7.383496284484863,1.93798828125,5.134472846984863
-50,-18,8,-7.34521484375,-3.2251954078674316,1.8662109375,-63,5,30,-6.756640911102295,1.129296898841858,5.962304592132568
-51,-22,22,-9.8095703125,-3.2969727516174316,1.8997070789337158,-55,1,18,-7.110742092132568,0.8804687857627869,5.971875190734863
-66,-23,40,-11.848047256469727,-3.6319336891174316,2.0289063453674316,-39,-1,-6,-8.72812557220459,1.358984351158142,6.498242378234863
-54,-19,43,-9.795214653015137,-3.6797852516174316,1.7800781726837158,-26,-6,-8,-7.407422065734863,1.670019507408142,5.866601467132568
-31,-13,32,-8.460156440734863,-3.27783203125,1.6604492664337158,-11,-8,4,-6.503027439117432,1.4929687976837158,5.325879096984863
-25,-16,30,-7.876367568969727,-2.99072265625,1.5886719226837158,-8,-4,12,-5.732617378234863,1.406835913658142,5.254101753234863
-31,-23,36,-7.713672161102295,-2.8998048305511475,1.6125977039337158,-21,1,10,-5.545996189117432,0.765625,5.770898342132568
-37,-30,45,-7.723242282867432,-3.005078077316284,1.646093726158142,-13,3,4,-5.679980754852295,0.36845704913139343,6.397754192352295
-41,-39,50,-7.771093845367432,-3.03857421875,1.6843750476837158,-3,8,4,-5.737402439117432,0.751269519329071,5.947949409484863
-54,-50,46,-8.44580078125,-2.837597608566284,1.8327149152755737,-6,15,9,-6.335546970367432,1.057519555091858,5.349804878234863
-105,-59,42,-11.211621284484863,-1.9284180402755737,2.009765625,18,30,0,-10.632616996765137,1.8375000953674316,4.335351467132568
-130,-52,39,-13.168749809265137,-1.9092774391174316,3.574511766433716,32,51,-15,-14.432031631469727,3.3687500953674316,3.9429688453674316
-84,-23,28,-10.967577934265137,-0.46416017413139343,4.2109375,-31,56,4,-12.431836128234863,4.124804973602295,3.239550828933716
-28,11,8,-8.957812309265137,0.5215820670127869,5.852246284484863,-97,48,27,-11.422167778015137,3.4022462368011475,2.1581056118011475
-8,20,-4,-7.790234565734863,0.851757824420929,5.746972560882568,-84,37,18,-10.182812690734863,2.36865234375,1.60302734375
-27,13,-5,-6.34033203125,0.44023439288139343,4.684668064117432,-37,28,13,-7.574902534484863,2.473925828933716,1.4738281965255737
-47,3,-9,-6.416894435882568,-0.07177734375,4.5458984375,-40,25,20,-6.67529296875,2.6749024391174316,1.263281226158142
-67,-4,-6,-7.29736328125,-0.478515625,4.40234375,-62,27,24,-6.976758003234863,2.2442383766174316,1.526464819908142
-64,-6,-2,-7.842871189117432,-1.0910156965255737,4.2109375,-51,22,20,-7.603613376617432,2.1102540493011475,1.8518555164337158
-42,-7,-7,-7.115527629852295,-0.923535168170929,4.206152439117432,-29,12,22,-6.62744140625,2.1006836891174316,1.775292992591858
-26,-11,-10,-7.110742092132568,-0.07656250149011612,3.9621095657348633,-9,10,25,-6.177636623382568,2.1102540493011475,1.69873046875
-36,-15,5,-10.02011775970459,-0.35888671875,4.273144721984863,-2,6,18,-10.350293159484863,2.741894483566284,2.813671827316284
-25,-12,20,-12.25,-1.5934571027755737,5.364160060882568,0,-1,-4,-13.690332412719727,2.9380860328674316,2.957226514816284
-11,-20,18,-8.340527534484863,-0.6890625357627869,3.6080079078674316,33,5,-1,-8.97216796875,2.8041017055511475,2.1820313930511475
-60,-33,18,-7.144238471984863,-0.04306640848517418,2.75146484375,-21,27,29,-6.689648628234863,3.670214891433716,2.0863282680511475
-109,-46,26,-7.565332412719727,-0.59814453125,2.5552735328674316,-125,40,59,-7.005468845367432,3.1869142055511475,1.98583984375
-114,-44,25,-8.412304878234863,-1.215429663658142,3.0912110805511475,-123,29,52,-8.187402725219727,1.9714844226837158,2.7227540016174316
-94,-36,22,-9.66123104095459,-0.9905273914337158,3.9764649868011475,-48,11,15,-10.130175590515137,2.354296922683716,3.052929639816284
-86,-30,32,-9.70908260345459,-0.7847656607627869,4.349707126617432,-30,8,-6,-11.16855525970459,3.1390626430511475,2.6318359375
-74,-26,47,-8.8525390625,-1.081445336341858,4.531543254852295,-50,17,4,-10.082324028015137,3.244335889816284,2.2538087368011475
-74,-25,53,-7.924219131469727,-0.9857422113418579,4.0673828125,-79,25,25,-8.785547256469727,2.9955079555511475,1.9762696027755737
-96,-30,54,-7.287793159484863,-1.009667992591858,4.18701171875,-90,25,29,-7.852441787719727,2.4834961891174316,1.65087890625
-114,-35,50,-7.158593654632568,-1.191503882408142,4.23486328125,-75,20,17,-7.522265911102295,2.3399415016174316,1.50732421875
-107,-35,44,-6.847558498382568,-1.105371117591858,4.507617473602295,-63,12,6,-7.4169921875,2.56005859375,1.4020508527755737
-101,-31,37,-6.230273723602295,-0.8182617425918579,4.40234375,-62,10,5,-7.20166015625,2.717968702316284,1.3302735090255737
-107,-28,29,-6.689648628234863,-0.803906261920929,4.459765911102295,-71,6,5,-8.000781059265137,2.7083985805511475,1.502539038658142
-113,-22,21,-6.900195598602295,-1.358984351158142,4.560254096984863,-67,-2,0,-8.938672065734863,2.359081983566284,1.655664086341858
-92,-9,15,-7.134667873382568,-1.7370117902755737,4.622460842132568,-41,-13,-5,-9.532031059265137,1.8853516578674316,1.8327149152755737
-100,-6,16,-8.976953506469727,-1.8614258766174316,5.196679592132568,-22,-25,0,-11.40781307220459,1.225000023841858,3.507519483566284
-97,2,27,-14.1162109375,-3.531445264816284,5.292382717132568,27,-38,-13,-14.700000762939453,0.11005859822034836,4.708593845367432
-42,8,34,-12.001172065734863,-3.765918016433716,4.454980373382568,41,-28,-19,-9.675585746765137,0.765625,5.435937404632568
5,-9,3,-10.340723037719727,-3.550585985183716,1.8327149152755737,-10,-4,-2,-7.206445217132568,0.6986328363418579,6.29248046875
4,-28,-14,-10.26416015625,-2.521777391433716,-0.22490234673023224,-56,20,15,-6.713574409484863,0.04306640848517418,6.91455078125
-56,-38,-1,-8.953027725219727,-2.091113328933716,-0.06220703199505806,-70,31,27,-6.125,-0.3301757872104645,6.833203315734863
-80,-40,19,-7.981640815734863,-3.37353515625,0.583789050579071,-74,28,37,-5.86181640625,-0.4019531309604645,6.77099609375
-53,-31,30,-7.9912109375,-3.359179735183716,0.19619141519069672,-46,24,33,-6.311621189117432,-0.2583984434604645,6.029296875
-39,-22,31,-8.34531307220459,-3.1055665016174316,0.2679687440395355,-22,23,23,-6.852344036102295,0.74169921875,5.014843940734863
-42,-17,20,-7.995996475219727,-2.928515672683716,0.39716798067092896,-21,26,18,-6.694433689117432,1.488183617591858,4.383203029632568
-44,-12,0,-7.498340129852295,-2.904589891433716,0.708203136920929,-31,34,19,-6.225488185882568,1.559960961341858,4.359277248382568
-39,-7,-17,-6.895410060882568,-2.775390625,0.9522461295127869,-48,41,26,-5.833105564117432,1.478613257408142,4.6416015625
-38,-3,-24,-9.532031059265137,-2.99072265625,1.727441430091858,-41,41,28,-8.675488471984863,1.0623047351837158,5.4072265625
-56,0,1,-14.288476943969727,-3.5936524868011475,2.7945313453674316,-36,36,16,-12.65673828125,1.6604492664337158,7.000683784484863
-60,2,13,-7.359570503234863,-2.8902344703674316,2.167675733566284,-65,28,28,-6.349902629852295,1.430761694908142,4.37841796875
-30,21,-7,-5.340234279632568,-2.904589891433716,2.3877930641174316,-49,20,37,-6.258984565734863,0.29667970538139343,3.9716796875
38,19,-13,-9.029589653015137,-3.383105516433716,3.4261720180511475,9,12,13,-10.111035346984863,0.540722668170929,4.517187595367432
35,2,3,-9.800000190734863,-2.000195264816284,3.2347657680511475,-2,14,3,-9.345410346984863,2.115039110183716,4.703808784484863
-49,-15,22,-7.72802734375,-1.4020508527755737,2.598339796066284,-62,12,20,-7.885937690734863,1.4929687976837158,4.756445407867432
-91,-14,26,-8.000781059265137,-2.593554735183716,2.210742235183716,-65,-1,16,-9.1875,0.01435546949505806,5.76611328125
-59,-8,30,-9.35498046875,-3.459667921066284,2.7323243618011475,-20,-12,-4,-9.7138671875,-0.3349609375,6.321191310882568
-24,-9,39,-9.603808403015137,-3.3208985328674316,2.4834961891174316,-11,-20,-14,-8.383593559265137,0.5455078482627869,6.235058784484863
-26,-19,48,-8.914746284484863,-2.9476563930511475,1.9332032203674316,-10,-21,-15,-6.794921875,0.95703125,5.23974609375
-42,-26,47,-8.570215225219727,-3.0337891578674316,1.526464819908142,-15,-14,-14,-6.584374904632568,1.4451172351837158,4.990918159484863
-43,-27,38,-8.675488471984863,-3.2012696266174316,1.7083008289337158,-6,-11,-9,-7.05810546875,1.8279297351837158,4.966992378234863
-45,-31,27,-8.546289443969727,-3.0816407203674316,1.45947265625,-3,-9,0,-6.689648628234863,1.7609375715255737,5.115332126617432
-54,-38,22,-8.737695693969727,-3.0146484375,1.3063477277755737,-18,5,10,-6.498242378234863,1.626953125,5.440722942352295
-66,-43,24,-8.53671932220459,-3.048144578933716,1.1149414777755737,-31,17,20,-6.211133003234863,1.26806640625,5.780468940734863
-65,-44,23,-8.2783203125,-3.143847703933716,1.033593773841858,-35,22,28,-5.703906536102295,0.7943359613418579,5.95751953125
-62,-46,23,-8.211328506469727,-3.08642578125,0.9666016101837158,-37,28,29,-5.33544921875,0.3780273497104645,5.9814453125
-56,-46,19,-7.790234565734863,-3.0146484375,1.095800757408142,-47,37,28,-5.373730659484863,0.27275392413139343,5.823535442352295
-61,-50,15,-8.933886528015137,-2.430859327316284,1.7561523914337158,-46,43,31,-7.2734375,0.11962890625,5.828320503234863
-94,-52,17,-12.84814453125,-2.430859327316284,2.9859375953674316,-22,53,24,-12.881640434265137,0.947460949420929,5.182324409484863
-92,-38,26,-12.70458984375,-1.55517578125,3.22998046875,-16,60,14,-15.293359756469727,2.071972608566284,5.612988471984863
-45,1,20,-9.843066215515137,-1.153222680091858,4.876074314117432,-59,46,36,-12.154296875,1.6365234851837158,2.8758790493011475
3,25,5,-9.728222846984863,0.6029297113418579,5.794824123382568,-44,32,28,-10.967577934265137,0.8804687857627869,1.368554711341858
-27,20,16,-8.01513671875,2.0289063453674316,5.522070407867432,-21,28,6,-8.78076171875,1.430761694908142,0.7129883170127869
-62,10,24,-6.345117092132568,1.488183617591858,5.263671875,-43,28,7,-7.263867378234863,1.7705078125,0.751269519329071
-57,1,18,-6.215918064117432,0.732128918170929,4.947851657867432,-46,25,12,-7.20166015625,1.6173828840255737,0.88525390625
-57,-9,15,-6.971972942352295,0.24882812798023224,4.440625190734863,-36,25,14,-7.723242282867432,1.6891602277755737,1.153222680091858
-67,-17,19,-7.7998046875,-0.4354492127895355,3.813769578933716,-39,25,19,-8.091699600219727,1.9044922590255737,1.703515648841858
-69,-19,17,-7.732812881469727,-1.1101562976837158,3.5936524868011475,-52,19,22,-8.2783203125,1.8757812976837158,1.9284180402755737
-63,-18,6,-6.670507907867432,-0.9187500476837158,3.191699266433716,-50,17,22,-7.096386909484863,1.727441430091858,1.942773461341858
-99,-25,4,-8.508008003234863,-0.751269519329071,3.08642578125,-47,14,24,-8.56064510345459,2.009765625,2.6126954555511475
-128,-29,8,-11.493945121765137,-1.7800781726837158,3.6175782680511475,-43,5,21,-12.383984565734863,1.9619140625,3.0816407203674316
-83,-20,8,-10.11582088470459,-2.36865234375,4.081738471984863,-19,9,14,-10.919726371765137,1.765722632408142,2.9620118141174316
-25,-14,10,-7.330859661102295,-1.6413086652755737,2.856738328933716,-48,20,30,-6.718359470367432,2.024121046066284,2.574414014816284
-33,-14,17,-8.316601753234863,-1.191503882408142,2.8663086891174316,-96,22,41,-7.560546875,1.3494141101837158,2.406933546066284
-61,-18,24,-9.287988662719727,-1.6125977039337158,3.3926758766174316,-64,13,22,-9.747363090515137,0.861328125,2.3160157203674316
-52,-19,21,-8.65634822845459,-1.50732421875,3.407031297683716,-8,9,9,-8.79990291595459,1.5456055402755737,2.335156202316284
-61,-26,25,-8.240038871765137,-0.779980480670929,3.3448243141174316,-25,15,16,-8.134765625,2.48828125,2.1581056118011475
-92,-33,34,-8.986523628234863,-0.9857422113418579,3.5362305641174316,-76,22,24,-9.608593940734863,2.454785108566284,2.3877930641174316
-92,-32,40,-9.23056697845459,-1.3302735090255737,3.6558594703674316,-74,20,21,-10.16367244720459,2.1724610328674316,2.670117139816284
-75,-26,43,-8.65634822845459,-1.320703148841858,3.4979493618011475,-44,13,23,-9.436327934265137,2.186816453933716,2.550488233566284
-64,-22,48,-8.287890434265137,-1.0862305164337158,3.454882860183716,-44,14,28,-8.742480278015137,2.191601514816284,2.306445360183716
-74,-21,50,-7.929004192352295,-0.83740234375,3.4166016578674316,-59,16,26,-8.335741996765137,2.1006836891174316,2.263378858566284
-86,-20,49,-7.68017578125,-0.5550781488418579,3.6797852516174316,-65,9,20,-8.268750190734863,2.024121046066284,2.201171875
-94,-23,48,-7.287793159484863,-0.535937488079071,4.435840129852295,-55,0,15,-8.053418159484863,1.942773461341858,1.9762696027755737
-96,-25,44,-7.05810546875,-0.4115234315395355,4.622460842132568,-48,-2,12,-7.909863471984863,2.067187547683716,1.6843750476837158
-95,-25,34,-7.2255859375,-1.047949194908142,4.3544921875,-48,-6,10,-8.144335746765137,2.234668016433716,1.55517578125
-73,-17,18,-7.091601848602295,-1.430761694908142,4.053027629852295,-47,-11,9,-8.29746150970459,2.2490234375,1.4929687976837158
-60,-11,4,-7.29736328125,-1.36376953125,3.9621095657348633,-36,-14,11,-8.79990291595459,2.1581056118011475,1.631738305091858
-85,-9,0,-10.058398246765137,-0.9426758289337158,4.526757717132568,-26,-18,12,-11.005859375,1.9714844226837158,2.765820264816284
-81,-7,-2,-13.915234565734863,-2.3495118618011475,5.373730659484863,-19,-19,-3,-13.570703506469727,1.607812523841858,4.18701171875
-29,-9,-7,-13.786035537719727,-2.641406297683716,4.742089748382568,5,0,-12,-11.2451171875,1.0670899152755737,5.593847751617432
-6,-33,-18,-11.020215034484863,-2.60791015625,1.6891602277755737,-7,21,3,-7.483984470367432,0.8326172232627869,7.053320407867432
-51,-51,-1,-9.4267578125,-1.7083008289337158,-0.37324219942092896,-49,29,21,-6.785351753234863,-0.02392578125,7.306933879852295
-99,-53,21,-7.742383003234863,-2.239453077316284,0.13876953721046448,-42,27,21,-5.914453029632568,-0.48808595538139343,6.871484279632568
-101,-52,27,-6.9384765625,-2.8663086891174316,0.39238283038139343,-51,25,22,-5.201465129852295,-0.01914062537252903,5.986230373382568
-71,-44,21,-8.244824409484863,-2.9955079555511475,-0.11005859822034836,-56,24,22,-6.378613471984863,0.17226563394069672,5.665625095367432
-66,-33,16,-9.273633003234863,-2.8184571266174316,0.03349609300494194,-43,23,17,-7.684961318969727,0.6651367545127869,5.373730659484863
-70,-19,11,-8.838183403015137,-2.9237306118011475,0.26318359375,-40,23,17,-7.900293350219727,1.2776367664337158,4.995703220367432
-47,0,4,-7.838086128234863,-3.0194337368011475,0.50244140625,-45,25,21,-7.426562786102295,1.392480492591858,4.431054592132568
-14,15,-2,-7.015038967132568,-3.0194337368011475,1.215429663658142,-44,27,26,-6.919335842132568,1.2537109851837158,4.297070503234863
7,18,-8,-8.383593559265137,-2.9715821743011475,2.191601514816284,-35,30,24,-7.742383003234863,1.2537109851837158,4.59375
-7,7,0,-10.47470760345459,-2.737109422683716,2.521777391433716,-46,35,20,-9.54160213470459,1.813574194908142,5.258886814117432
-59,2,18,-10.249804496765137,-2.4930665493011475,2.8758790493011475,-81,32,26,-9.35498046875,1.717871069908142,5.412011623382568
-68,4,13,-7.125097751617432,-2.8998048305511475,3.22998046875,-66,21,36,-6.986328125,0.655566394329071,4.454980373382568
-20,5,4,-8.08212947845459,-3.1294922828674316,3.5697267055511475,-10,8,30,-8.70419979095459,0.24882812798023224,4.502831935882568
-2,-4,11,-9.101366996765137,-2.4930665493011475,3.3974609375,1,9,16,-9.249707221984863,1.0048828125,4.3544921875
-44,-17,24,-8.790331840515137,-2.143749952316284,3.005078077316284,-46,13,19,-8.838183403015137,1.0144531726837158,4.1630859375
-68,-21,27,-8.053418159484863,-2.6988282203674316,2.5409181118011475,-55,10,15,-8.665918350219727,0.13398437201976776,4.3544921875
-52,-18,18,-7.718457221984863,-2.9620118141174316,2.1341798305511475,-52,4,5,-8.65634822845459,-0.17705078423023224,5.091406345367432
-34,-15,17,-9.177929878234863,-3.005078077316284,2.019335985183716,-32,-5,-8,-9.149218559265137,-0.35888671875,5.770898342132568
-41,-22,25,-9.666015625,-2.885449171066284,2.0145509243011475,-13,-11,-16,-7.929004192352295,0.39238283038139343,5.507714748382568
-59,-29,26,-9.144433975219727,-2.856738328933716,1.416406273841858,-10,-11,-15,-7.311718940734863,0.7704101800918579,4.962207317352295
-65,-26,22,-8.862109184265137,-3.024218797683716,1.36376953125,2,-9,-14,-7.20166015625,1.02880859375,4.770801067352295
-49,-23,19,-8.914746284484863,-3.196484327316284,1.526464819908142,6,-5,-7,-7.311718940734863,1.2106446027755737,4.885644435882568
-39,-25,19,-8.84775447845459,-2.89501953125,1.344628930091858,-3,1,2,-6.943261623382568,1.201074242591858,5.321094036102295
-48,-30,22,-8.838183403015137,-2.832812547683716,1.33984375,-15,10,9,-6.541308879852295,0.9905273914337158,5.641699314117432
-50,-33,26,-8.63720703125,-2.9715821743011475,1.296777367591858,-17,14,12,-6.321191310882568,0.803906261920929,5.828320503234863
-43,-34,28,-8.283105850219727,-2.9955079555511475,1.2824219465255737,-14,18,16,-6.0771484375,0.7608398795127869,5.876172065734863
-38,-37,31,-8.072558403015137,-2.928515672683716,1.287207007408142,-18,23,21,-6.115429878234863,0.588574230670929,6.187207221984863
-40,-42,34,-8.067773818969727,-2.89501953125,1.4451172351837158,-24,27,23,-5.938378810882568,0.3062500059604645,6.058007717132568
-46,-47,33,-8.665918350219727,-2.6796875,1.79443359375,-28,34,19,-6.550879001617432,0.2679687440395355,5.47900390625
-66,-52,31,-11.36474609375,-2.713183641433716,3.0577149391174316,-22,49,9,-10.709179878234863,1.2106446027755737,4.651172161102295
-69,-46,28,-12.527539253234863,-2.450000047683716,3.3208985328674316,-48,64,9,-14.37460994720459,2.526562452316284,4.655957221984863
-67,-18,12,-9.465039253234863,-1.583886742591858,4.029101848602295,-74,50,25,-12.07773494720459,2.497851610183716,3.191699266433716
-25,9,-24,-8.914746284484863,-1.440332055091858,5.28759765625,-81,33,40,-11.446093559265137,1.4977539777755737,1.8853516578674316
9,16,-51,-8.216113090515137,0.29667970538139343,5.273242473602295,-26,24,29,-9.80478572845459,1.435546875,0.6651367545127869
-34,8,-47,-6.689648628234863,1.559960961341858,5.364160060882568,-45,22,34,-7.732812881469727,1.7609375715255737,0.40673828125
-50,3,-41,-6.809277534484863,0.5311523675918579,5.47900390625,-61,23,38,-7.627539157867432,1.4259766340255737,0.7129883170127869
-36,0,-24,-7.445703506469727,0.19619141519069672,5.16796875,-47,23,33,-8.25439453125,1.5408203601837158,1.2824219465255737
-45,-6,4,-7.483984470367432,-0.45458984375,4.5458984375,-48,20,28,-8.378808975219727,1.9332032203674316,1.5647461414337158
-59,-12,24,-7.330859661102295,-1.2537109851837158,3.9429688453674316,-51,15,26,-7.809375286102295,2.119824171066284,2.03369140625
-68,-13,27,-6.646582126617432,-1.6748046875,3.435742139816284,-41,10,33,-7.287793159484863,2.1006836891174316,2.201171875
-67,-9,30,-9.49375057220459,-2.4356446266174316,3.8424806594848633,-18,6,35,-10.804883003234863,2.311230421066284,3.1869142055511475
-57,-8,42,-10.541699409484863,-2.775390625,4.340137004852295,-1,2,24,-11.474804878234863,2.406933546066284,3.3783204555511475
-50,-13,39,-8.01513671875,-2.4691407680511475,3.4979493618011475,-13,12,28,-7.756738662719727,2.5169923305511475,2.8998048305511475
-55,-20,29,-7.641894817352295,-2.2490234375,2.952441453933716,-60,24,44,-6.445605754852295,2.51220703125,2.574414014816284
-76,-24,24,-9.13486385345459,-2.4834961891174316,2.966796875,-89,27,41,-8.0869140625,2.0624024868011475,2.7227540016174316
-72,-25,17,-9.441113471984863,-2.6318359375,3.4500977993011475,-60,16,12,-9.144433975219727,1.8757812976837158,2.7706055641174316
-57,-26,3,-8.900390625,-2.2681641578674316,3.287402391433716,-15,15,-6,-8.522363662719727,2.201171875,2.3160157203674316
-70,-32,0,-8.49365234375,-1.9044922590255737,3.0672852993011475,-29,27,-1,-8.196972846984863,2.99072265625,2.258593797683716
-89,-34,10,-8.909960746765137,-2.143749952316284,3.335253953933716,-93,36,6,-9.795214653015137,3.052929639816284,2.4691407680511475
-78,-30,15,-7.82373046875,-2.095898389816284,3.507519483566284,-101,32,6,-9.201855659484863,2.402148485183716,2.36865234375
-68,-26,18,-7.48876953125,-1.7561523914337158,3.550585985183716,-69,27,7,-8.747265815734863,2.478710889816284,2.287304639816284
-85,-32,34,-7.885937690734863,-1.3541992902755737,4.421484470367432,-72,26,13,-8.819043159484863,2.741894483566284,2.201171875
-114,-43,45,-7.63232421875,-1.9044922590255737,4.900000095367432,-80,23,16,-8.718554496765137,2.569628953933716,2.1724610328674316
-110,-43,45,-7.517480850219727,-2.521777391433716,4.880859375,-73,16,16,-8.7568359375,2.550488233566284,2.1963868141174316
-99,-41,38,-7.421777725219727,-2.7945313453674316,4.636816501617432,-65,9,17,-8.675488471984863,2.5169923305511475,2.115039110183716
-90,-37,31,-6.86669921875,-2.87109375,4.306640625,-52,1,20,-8.41709041595459,2.4834961891174316,1.942773461341858
-84,-30,22,-6.306836128234863,-2.9476563930511475,4.177441596984863,-46,-5,23,-8.292675971984863,2.41650390625,1.6652344465255737
-72,-21,12,-6.168066501617432,-3.1103515625,4.167870998382568,-34,-12,22,-8.359667778015137,2.1533203125,1.435546875
-53,-12,1,-6.412109375,-3.03857421875,4.392773628234863,-12,-18,13,-8.618066787719727,1.84228515625,1.1627930402755737
-29,-6,-7,-7.7998046875,-2.813671827316284,5.1201171875,-2,-25,9,-9.7138671875,1.502539038658142,2.0289063453674316
-31,-12,4,-12.001172065734863,-2.3877930641174316,6.804492473602295,14,-32,-9,-12.570605278015137,0.24882812798023224,3.6080079078674316
-55,-19,35,-13.379297256469727,-3.813769578933716,5.5986328125,92,-21,-43,-12.474902153015137,0.05263672024011612,3.9621095657348633
-22,-37,45,-10.039258003234863,-3.220410108566284,3.263476610183716,39,6,-34,-7.383496284484863,2.478710889816284,5.799609661102295
-15,-50,52,-9.919629096984863,-2.4212892055511475,1.4020508527755737,-75,28,6,-7.445703506469727,1.45947265625,6.512597560882568
-72,-66,68,-8.699414253234863,-2.043261766433716,1.2106446027755737,-56,33,21,-6.603515625,0.5263671875,7.019824504852295
-145,-68,75,-7.3212890625,-2.36865234375,0.803906261920929,-51,27,25,-6.019726753234863,0.9857422113418579,5.943164348602295
-143,-61,73,-7.751953125,-3.56494140625,0.7847656607627869,-56,24,26,-6.584374904632568,1.095800757408142,5.23974609375
-75,-43,67,-8.39794921875,-3.813769578933716,0.3541015684604645,-70,34,30,-7.120312690734863,1.382910132408142,4.770801067352295
-42,-22,64,-8.20175838470459,-3.167773485183716,0.34453126788139343,-80,37,40,-7.144238471984863,1.1484375,4.52197265625
-48,-3,56,-7.570117473602295,-3.0672852993011475,0.39238283038139343,-58,30,41,-7.287793159484863,0.6651367545127869,4.359277248382568
-47,15,42,-10.240234375,-3.6654298305511475,0.6747070550918579,-43,30,32,-10.25937557220459,1.0431641340255737,4.766015529632568
-52,43,21,-10.962793350219727,-3.4022462368011475,1.239355444908142,-52,28,21,-9.886133193969727,1.4451172351837158,4.627246379852295
-50,64,-15,-7.20166015625,-3.095996141433716,1.607812523841858,-59,21,28,-7.000683784484863,1.33984375,3.7276368141174316
-15,76,-59,-8.263964653015137,-3.7132813930511475,2.426074266433716,-37,15,30,-8.46494197845459,0.64599609375,3.923828125
-67,20,-32,-11.3408203125,4.78515625,13.881738662719727,-13,16,19,-9.814355850219727,0.9857422113418579,4.383203029632568
-46,-23,22,-8.866894721984863,0.24404297769069672,4.024316310882568,-43,16,21,-8.56064510345459,1.071874976158142,4.196582317352295
-16,-11,6,-8.192187309265137,-1.79443359375,5.244531154632568,-48,9,19,-8.120409965515137,0.287109375,4.306640625
-9,-29,-3,-8.737695693969727,-3.1534180641174316,2.2059571743011475,-24,5,5,-8.96738338470459,0.05742187798023224,4.3544921875
14,-25,-3,-9.273633003234863,-2.933300733566284,0.7847656607627869,-24,5,-6,-8.905176162719727,0.69384765625,4.670312404632568
-12,-34,13,-9.42197322845459,-2.335156202316284,2.071972608566284,-37,2,-6,-8.354883193969727,0.851757824420929,4.818652629852295
-64,-48,30,-9.120508193969727,-2.583984375,1.7083008289337158,-34,1,-5,-7.675390720367432,0.93310546875,4.885644435882568
-88,-45,31,-9.010449409484863,-2.9715821743011475,1.1819336414337158,-26,-1,-5,-7.646679878234863,1.071874976158142,4.770801067352295
-75,-36,21,-9.120508193969727,-3.3017578125,1.4020508527755737,-11,-4,-3,-7.933789253234863,1.1962890625,4.933495998382568
-42,-25,7,-8.862109184265137,-3.263476610183716,1.272851586341858,-8,-2,6,-7.63232421875,1.3302735090255737,5.00048828125
-25,-20,3,-8.618066787719727,-2.89501953125,1.296777367591858,-12,2,16,-7.192090034484863,0.9187500476837158,5.234961032867432
-28,-20,8,-8.460156440734863,-2.7706055641174316,1.33984375,-5,4,18,-6.986328125,0.64599609375,5.345019817352295
-33,-23,19,-8.316601753234863,-2.8041017055511475,1.335058569908142,-5,8,17,-6.751855373382568,0.5455078482627869,5.010058879852295
-36,-28,28,-8.196972846984863,-2.8232421875,1.3781250715255737,-15,16,12,-6.574804782867432,-0.10048828274011612,5.435937404632568
-43,-32,31,-8.053418159484863,-2.808886766433716,1.272851586341858,-10,21,8,-6.287695407867432,-0.01914062537252903,5.679980754852295
-50,-36,25,-7.976855754852295,-2.6844727993011475,1.607812523841858,-7,25,10,-6.220703125,0.287109375,5.19189453125
-54,-43,7,-8.962597846984863,-2.8184571266174316,2.8280274868011475,20,34,5,-7.5126953125,0.5263671875,4.555469036102295
-41,-58,-8,-12.72373104095459,-3.072070360183716,4.148730754852295,30,47,-13,-12.833788871765137,2.450000047683716,4.847363471984863
-70,-59,-4,-11.489160537719727,-1.502539038658142,4.086523532867432,-9,43,-12,-13.412793159484863,2.761035203933716,5.086621284484863
-132,-30,13,-9.508105278015137,-1.105371117591858,4.679883003234863,-122,32,36,-13.03955078125,2.789746046066284,1.717871069908142
-73,11,13,-8.283105850219727,-2.1006836891174316,7.670605659484863,-109,29,47,-12.07773494720459,1.248925805091858,-0.41630861163139343
1,20,-3,-5.828320503234863,-0.69384765625,6.5078125,-26,24,29,-7.881152629852295,1.5695313215255737,-0.3158203065395355
-28,10,-9,-5.282812595367432,0.9378906488418579,5.067480564117432,-25,23,28,-6.412109375,2.2298829555511475,-0.3301757872104645
-58,5,-2,-5.986230373382568,0.01914062537252903,4.311425685882568,-66,31,36,-7.44091796875,2.234668016433716,0.3541015684604645
-60,8,7,-7.134667873382568,-1.36376953125,4.364062786102295,-75,31,40,-8.665918350219727,1.8853516578674316,1.009667992591858
-55,5,14,-7.479199409484863,-2.000195264816284,4.694238185882568,-59,25,37,-8.436230659484863,1.8518555164337158,1.74658203125
-52,6,14,-6.809277534484863,-2.067187547683716,3.646289110183716,-50,15,34,-7.20166015625,1.9714844226837158,2.0384767055511475
-38,9,5,-7.20166015625,-2.210742235183716,3.1103515625,-38,5,31,-7.818945407867432,1.7705078125,2.8423829078674316
-46,14,14,-10.52255916595459,-2.4452149868011475,3.2826173305511475,4,-7,13,-11.714062690734863,2.1006836891174316,3.383105516433716
-40,11,33,-11.302538871765137,-2.9189453125,5.273242473602295,1,-7,-1,-11.446093559265137,2.8280274868011475,3.0625
-42,-4,22,-7.024609565734863,-1.93798828125,3.37353515625,-47,6,21,-6.584374904632568,2.646191358566284,2.1963868141174316
-52,-14,8,-7.986425876617432,-1.8566406965255737,3.2730469703674316,-81,21,43,-6.828418254852295,2.430859327316284,1.8997070789337158
-61,-28,14,-9.646875381469727,-2.234668016433716,3.3543946743011475,-86,23,33,-9.340624809265137,2.095898389816284,2.263378858566284
-78,-38,21,-9.412402153015137,-2.263378858566284,3.25390625,-53,17,12,-9.125292778015137,1.9810547828674316,2.1533203125
-92,-43,21,-8.909960746765137,-2.282519578933716,2.6796875,-32,21,11,-8.70419979095459,2.3447265625,2.0528321266174316
-91,-43,18,-8.881250381469727,-2.5313477516174316,2.789746046066284,-54,33,22,-8.498437881469727,2.4356446266174316,2.0624024868011475
-73,-41,16,-9.058300971984863,-2.5648438930511475,3.3543946743011475,-68,38,22,-9.101366996765137,2.3734376430511475,2.4212892055511475
-53,-43,15,-8.87646484375,-2.2538087368011475,4.062597751617432,-71,32,16,-9.369336128234863,2.46435546875,2.574414014816284
-61,-48,17,-7.541406631469727,-1.550390601158142,3.8807618618011475,-59,26,15,-8.790331840515137,2.330371141433716,2.3495118618011475
-85,-51,30,-7.134667873382568,-1.4259766340255737,3.4740235805511475,-53,24,18,-8.75205135345459,2.5361328125,2.359081983566284
-103,-48,52,-7.565332412719727,-1.9284180402755737,3.2108399868011475,-66,21,20,-9.03916072845459,2.502636671066284,2.406933546066284
-98,-38,60,-7.378711223602295,-2.215527296066284,3.478808641433716,-73,16,16,-8.56064510345459,2.330371141433716,2.306445360183716
-80,-22,51,-7.354785442352295,-2.067187547683716,3.430957078933716,-77,8,11,-8.268750190734863,2.3160157203674316,2.03369140625
-69,-16,34,-7.340429782867432,-2.2538087368011475,4.01953125,-74,0,6,-8.20654296875,2.282519578933716,1.74658203125
-73,-23,25,-6.981543064117432,-1.9284180402755737,4.923925876617432,-57,-10,2,-8.436230659484863,2.1485352516174316,1.45947265625
-87,-22,27,-6.665722846984863,-1.8757812976837158,5.09619140625,-36,-16,0,-8.570215225219727,2.2059571743011475,1.2824219465255737
-85,-20,22,-6.794921875,-2.359081983566284,6.110644817352295,-19,-22,-3,-9.08701229095459,2.138964891433716,1.1580078601837158
-72,-18,5,-7.613183975219727,-2.70361328125,6.0771484375,-11,-28,-4,-10.029687881469727,1.84228515625,1.3015625476837158
-45,-19,-8,-10.73789119720459,-2.091113328933716,6.62744140625,-7,-28,-2,-12.13037109375,1.392480492591858,2.4404296875
-91,-11,14,-12.728515625,-1.9332032203674316,4.01953125,22,-18,-10,-11.776269912719727,0.4737304747104645,3.430957078933716
-100,-23,30,-10.45078182220459,-3.3783204555511475,2.737109422683716,55,5,-15,-8.235254287719727,0.93310546875,4.660742282867432
-92,-39,43,-9.407617568969727,-3.1294922828674316,0.095703125,-26,32,9,-7.7041015625,1.646093726158142,6.072363376617432
-81,-40,68,-9.149218559265137,-2.9189453125,-0.4115234315395355,-72,47,32,-7.450488567352295,0.30146485567092896,7.426562786102295
-94,-37,91,-7.747168064117432,-3.0337891578674316,0.21533203125,-48,40,31,-5.785254001617432,0.23447266221046448,6.704003810882568
-73,-31,93,-8.139551162719727,-3.651074171066284,0.478515625,-51,31,28,-6.134570598602295,0.655566394329071,6.058007717132568
-15,-16,71,-9.06787109375,-3.765918016433716,0.4737304747104645,-59,31,23,-7.397851943969727,1.1005859375,5.809179782867432
11,-4,41,-8.61328125,-3.18212890625,0.5933594107627869,-61,32,27,-7.2734375,1.2106446027755737,4.986133098602295
-5,0,15,-7.718457221984863,-2.789746046066284,0.756054699420929,-54,28,33,-6.933691501617432,1.0862305164337158,4.383203029632568
-20,3,-7,-7.862011909484863,-2.9476563930511475,1.622167944908142,-44,27,37,-7.091601848602295,1.057519555091858,3.981250047683716
-25,1,-26,-11.67099666595459,-3.579296827316284,2.84716796875,-32,27,32,-10.776171684265137,1.358984351158142,4.603320598602295
-35,-11,-43,-11.230761528015137,-2.65576171875,3.622363328933716,-31,20,22,-9.94834041595459,1.7848633527755737,4.392773628234863
-77,-19,-69,-7.062890529632568,-2.071972608566284,3.0146484375,-54,17,31,-7.091601848602295,1.5886719226837158,3.507519483566284
-60,-16,-80,-7.881152629852295,-2.832812547683716,2.832812547683716,-31,15,32,-8.455370903015137,0.947460949420929,3.8568360805511475
-16,-14,-58,-9.23056697845459,-2.808886766433716,3.143847703933716,-16,14,23,-9.407617568969727,1.4259766340255737,3.9621095657348633
-29,-20,-26,-8.326171875,-2.009765625,2.837597608566284,-42,11,24,-8.594141006469727,1.4020508527755737,3.957324266433716
-50,-15,-5,-7.751953125,-2.22509765625,2.115039110183716,-27,4,19,-8.87646484375,0.823046863079071,3.741992235183716
-41,-8,10,-7.818945407867432,-2.6796875,1.9523438215255737,-16,5,9,-9.25927734375,1.0862305164337158,3.8711915016174316
-29,-1,28,-7.407422065734863,-2.5361328125,1.5168945789337158,-37,6,4,-8.551074028015137,1.0910156965255737,4.392773628234863
-36,3,49,-8.173047065734863,-2.670117139816284,1.4929687976837158,-43,2,-3,-8.49365234375,0.8804687857627869,5.043554782867432
-35,4,70,-10.101465225219727,-3.311328172683716,2.03369140625,-39,1,-15,-8.742480278015137,1.3063477277755737,5.412011623382568
-24,-1,74,-10.197168350219727,-3.3017578125,2.0049805641174316,-37,-4,-12,-7.560546875,1.559960961341858,4.933495998382568
-33,-5,60,-9.441113471984863,-2.861523389816284,1.5408203601837158,-18,-11,-3,-7.263867378234863,1.3781250715255737,4.6416015625
-42,-6,42,-9.192285537719727,-3.048144578933716,1.9954102039337158,6,-10,3,-7.436132907867432,1.512109398841858,4.507617473602295
-41,-13,32,-9.06308650970459,-3.0577149391174316,1.9475586414337158,13,-2,11,-7.431347846984863,1.6125977039337158,4.364062786102295
-48,-24,33,-8.63720703125,-2.8663086891174316,1.8757812976837158,-3,6,18,-6.967187404632568,1.4738281965255737,4.59375
-63,-37,37,-8.49365234375,-2.861523389816284,1.8662109375,-30,19,18,-6.732715129852295,1.0862305164337158,5.00048828125
-72,-48,39,-8.689844131469727,-2.9859375953674316,1.7561523914337158,-17,18,9,-6.603515625,0.46416017413139343,7.2255859375
-79,-57,37,-8.46494197845459,-2.9955079555511475,1.4833984375,-6,16,9,-6.450390815734863,1.4020508527755737,6.498242378234863
-78,-59,31,-8.019922256469727,-3.08642578125,1.33984375,-27,17,23,-6.1728515625,1.6843750476837158,5.421582221984863
-67,-61,23,-8.125195503234863,-2.9715821743011475,1.4451172351837158,-42,30,33,-6.278125286102295,1.2919921875,4.373632907867432
-81,-63,11,-9.92919921875,-2.430859327316284,1.9810547828674316,0,30,26,-9.149218559265137,1.02880859375,5.52685546875
-94,-54,7,-12.738085746765137,-2.27294921875,3.27783203125,-11,39,5,-14.393750190734863,1.894921898841858,4.85693359375
-106,-31,15,-10.4794921875,-1.4690430164337158,3.5840821266174316,-78,43,11,-13.15439510345459,3.100781202316284,3.383105516433716
-53,6,2,-8.527148246765137,-1.6604492664337158,5.340234279632568,-132,34,33,-11.02500057220459,2.3877930641174316,1.0670899152755737
5,24,-15,-8.115625381469727,-0.3541015684604645,5.440722942352295,-66,22,25,-9.584668159484863,1.435546875,0.4019531309604645
-13,17,-15,-6.895410060882568,1.0144531726837158,5.565136909484863,-9,14,13,-7.531836032867432,2.0289063453674316,0.7608398795127869
-60,6,-5,-6.469531536102295,0.861328125,5.115332126617432,-21,16,15,-7.235156536102295,2.5313477516174316,0.478515625
-59,1,0,-7.254296779632568,-0.35888671875,4.986133098602295,-49,21,21,-8.067773818969727,2.3973634243011475,0.9426758289337158
-54,-2,5,-7.708887100219727,-1.033593773841858,4.134375095367432,-51,23,19,-8.35009765625,2.378222703933716,1.392480492591858
-57,-2,10,-7.646679878234863,-1.536035180091858,3.7276368141174316,-53,21,20,-7.995996475219727,2.545703172683716,1.966699242591858
-59,0,9,-6.948047161102295,-1.8614258766174316,3.119921922683716,-51,16,27,-7.761523723602295,2.4930665493011475,2.383007764816284
-52,5,9,-8.134765625,-2.2920899391174316,3.1151368618011475,-35,11,32,-9.30234432220459,2.3495118618011475,2.9715821743011475
-48,7,19,-11.33603572845459,-2.8280274868011475,4.191796779632568,-3,7,17,-11.632715225219727,2.5791993141174316,3.603222608566284
-50,-6,22,-8.096484184265137,-2.22509765625,3.9860353469848633,-12,15,21,-7.699316501617432,2.832812547683716,2.9189453125
-77,-22,19,-7.933789253234863,-1.6125977039337158,4.038671970367432,-73,28,42,-6.895410060882568,2.8519532680511475,2.99072265625
-84,-29,20,-9.249707221984863,-2.694042921066284,3.383105516433716,-113,28,38,-8.909960746765137,2.287304639816284,3.292187452316284
-58,-27,16,-8.8525390625,-2.7945313453674316,2.8902344703674316,-76,15,15,-8.933886528015137,1.813574194908142,3.1534180641174316
-53,-27,15,-8.326171875,-2.3495118618011475,2.4834961891174316,-21,5,6,-8.474512100219727,2.143749952316284,2.8758790493011475
-68,-28,19,-8.838183403015137,-2.526562452316284,2.478710889816284,-20,10,14,-8.531933784484863,2.6318359375,2.6126954555511475
-65,-27,22,-9.11093807220459,-2.646191358566284,2.583984375,-40,17,21,-8.92431640625,2.4834961891174316,2.6366212368011475
-62,-25,18,-8.766406059265137,-2.392578125,2.9237306118011475,-37,20,21,-8.61328125,2.3160157203674316,2.5313477516174316
-62,-29,20,-9.21142578125,-1.6365234851837158,3.6989259719848633,-45,23,19,-9.091796875,2.4834961891174316,2.5648438930511475
-79,-40,37,-8.49365234375,-0.6029297113418579,3.6654298305511475,-55,27,15,-8.670702934265137,2.3734376430511475,2.335156202316284
-113,-50,61,-8.03427791595459,-0.22011719644069672,3.7467775344848633,-61,26,14,-8.742480278015137,2.51220703125,2.402148485183716
-132,-52,74,-8.168261528015137,-0.9666016101837158,3.765918016433716,-62,22,13,-8.82382869720459,2.3447265625,2.4404296875
-117,-47,73,-8.120409965515137,-1.60302734375,3.646289110183716,-63,20,12,-8.6611328125,2.450000047683716,2.454785108566284
-95,-42,62,-8.01035213470459,-1.5695313215255737,3.732421875,-70,16,10,-8.426660537719727,2.4834961891174316,2.2681641578674316
-107,-41,50,-7.613183975219727,-1.435546875,3.933398485183716,-71,8,5,-8.048632621765137,2.4595704078674316,2.091113328933716
-120,-40,36,-7.20166015625,-1.4690430164337158,4.18701171875,-69,2,0,-7.814160346984863,2.4212892055511475,1.8997070789337158
-104,-32,27,-7.062890529632568,-1.8518555164337158,4.541113376617432,-56,-7,-1,-8.244824409484863,2.478710889816284,1.751367211341858
-57,-16,21,-7.134667873382568,-2.0145509243011475,4.804296970367432,-28,-18,1,-9.20664119720459,2.3255860805511475,1.4929687976837158
-22,-4,15,-7.589258193969727,-1.789648413658142,4.66552734375,-1,-24,9,-9.92919921875,2.024121046066284,1.789648413658142
-28,3,10,-9.627734184265137,-2.191601514816284,4.431054592132568,-5,-24,15,-11.12070369720459,1.4833984375,2.8423829078674316
-25,4,8,-11.93418025970459,-3.215625047683716,4.478906154632568,0,-19,11,-12.111230850219727,0.6220703125,3.8903322219848633
6,-8,0,-11.40781307220459,-3.407031297683716,3.6750001907348633,43,1,3,-8.503222465515137,0.4833008050918579,5.321094036102295
-5,-31,-13,-9.6181640625,-2.497851610183716,1.3494141101837158,-21,17,19,-6.646582126617432,1.2824219465255737,6.263769626617432
-57,-41,-9,-10.31201171875,-2.115039110183716,0.9761719107627869,-68,31,40,-8.82861328125,0.13398437201976776,7.15380859375
-100,-44,7,-8.594141006469727,-2.765820264816284,1.201074242591858,-48,29,38,-7.2255859375,-0.03349609300494194,7.163379192352295
-88,-39,10,-7.751953125,-3.196484327316284,1.07666015625,-45,21,32,-6.383398532867432,0.3397460877895355,6.105859279632568
-43,-32,4,-7.885937690734863,-3.119921922683716,0.669921875,-49,26,20,-6.206347942352295,0.7608398795127869,5.072265625
-34,-28,0,-8.115625381469727,-2.6509766578674316,0.612500011920929,-55,36,15,-6.565234661102295,1.454687476158142,4.526757717132568
-49,-24,0,-8.005566596984863,-2.6366212368011475,1.0192383527755737,-51,36,24,-6.541308879852295,1.550390601158142,4.268359661102295
-45,-14,-9,-7.665820598602295,-2.8232421875,1.6173828840255737,-43,34,31,-6.641797065734863,1.4211914539337158,4.397558689117432
-41,-3,-7,-10.85752010345459,-3.13427734375,2.5361328125,-41,35,26,-10.06796932220459,1.775292992591858,4.957421779632568
-30,2,4,-9.527246475219727,-2.9189453125,3.7132813930511475,-45,24,15,-9.843066215515137,2.1724610328674316,5.019629001617432
-22,8,-2,-6.560449123382568,-2.3638672828674316,3.9525392055511475,-33,13,17,-8.23046875,1.9954102039337158,3.99560546875
-4,8,4,-7.359570503234863,-2.4212892055511475,3.8472657203674316,-9,13,22,-8.479296684265137,2.1963868141174316,4.191796779632568
-12,0,28,-8.235254287719727,-2.024121046066284,3.85205078125,-24,19,27,-8.23046875,2.598339796066284,4.110449314117432
-60,-10,46,-8.508008003234863,-2.009765625,3.483593702316284,-50,16,26,-8.263964653015137,2.3638672828674316,4.416699409484863
-87,-14,45,-8.340527534484863,-2.593554735183716,3.268261671066284,-35,7,20,-8.60849666595459,1.9523438215255737,4.407128810882568
-74,-13,33,-8.192187309265137,-3.029003858566284,2.9237306118011475,-25,8,18,-8.4697265625,2.043261766433716,4.392773628234863
-54,-9,26,-8.603711128234863,-2.981152296066284,2.6988282203674316,-34,7,19,-8.4697265625,1.8997070789337158,4.42626953125
-53,-9,25,-8.65634822845459,-2.837597608566284,2.473925828933716,-36,6,13,-8.326171875,1.5456055402755737,4.584179878234863
-55,-7,22,-8.87646484375,-2.9476563930511475,2.378222703933716,-45,7,6,-8.450586318969727,1.5791015625,4.900000095367432
-49,-5,19,-9.149218559265137,-3.052929639816284,2.4117188453674316,-49,5,1,-8.263964653015137,1.3972656726837158,4.957421779632568
-46,-6,13,-8.809473037719727,-2.880664110183716,2.282519578933716,-38,0,0,-7.77587890625,1.296777367591858,4.895215034484863
-44,-7,10,-8.82861328125,-2.89501953125,2.258593797683716,-26,-3,-1,-7.742383003234863,1.368554711341858,5.038769721984863
-42,-12,11,-8.8525390625,-2.832812547683716,2.191601514816284,-18,-3,-3,-7.699316501617432,1.4451172351837158,5.072265625
-43,-17,13,-8.551074028015137,-2.784960985183716,1.9762696027755737,-12,-3,-6,-7.350000381469727,1.440332055091858,5.057910442352295
-44,-23,16,-8.58935546875,-2.84716796875,1.9236328601837158,-5,0,-4,-7.0341796875,1.41162109375,5.067480564117432
-42,-30,20,-8.68027400970459,-2.8519532680511475,1.8566406965255737,-10,6,0,-6.670507907867432,1.3302735090255737,5.565136909484863
-50,-40,22,-8.53671932220459,-2.765820264816284,1.72265625,1,3,0,-6.086719036102295,1.1627930402755737,6.613086223602295
-58,-47,22,-8.517578125,-2.7801759243011475,1.631738305091858,0,4,7,-5.93359375,1.8518555164337158,6.05322265625
-64,-54,24,-8.53671932220459,-2.8041017055511475,1.526464819908142,-33,15,23,-5.93359375,2.0528321266174316,5.282812595367432
-64,-58,23,-8.646777153015137,-2.837597608566284,1.72265625,-48,27,31,-6.297265529632568,1.69873046875,5.005273342132568
-71,-63,18,-9.656445503234863,-2.717968702316284,2.306445360183716,-41,35,35,-8.096484184265137,1.6125977039337158,5.0244140625
-88,-67,20,-12.331347465515137,-2.832812547683716,3.27783203125,-53,47,33,-12.07773494720459,1.1867188215255737,5.043554782867432
-100,-58,34,-10.517773628234863,-2.32080078125,3.7132813930511475,-45,54,21,-12.618456840515137,1.655664086341858,5.153613567352295
-83,-28,31,-8.067773818969727,-1.9284180402755737,4.622460842132568,-56,44,28,-11.1494140625,2.167675733566284,2.957226514816284
-27,-3,16,-7.976855754852295,-1.4690430164337158,6.220703125,-59,32,23,-11.068066596984863,2.426074266433716,1.2297852039337158
-20,4,9,-6.799706935882568,0.20576171576976776,5.818749904632568,-49,25,10,-8.68027400970459,2.3734376430511475,1.057519555091858
-71,1,15,-6.043652534484863,0.50244140625,5.033984661102295,-42,22,8,-7.431347846984863,2.622265577316284,1.1627930402755737
-89,3,20,-6.048437595367432,-0.8134765625,4.598535060882568,-58,20,16,-7.684961318969727,2.6988282203674316,1.167578101158142
-69,10,19,-6.110644817352295,-1.7130860090255737,4.277929782867432,-49,15,22,-7.613183975219727,2.3160157203674316,1.335058569908142
-34,18,7,-6.67529296875,-2.1724610328674316,4.59375,-21,9,25,-7.503125190734863,2.4404296875,1.655664086341858
2,14,-14,-6.522168159484863,-1.6891602277755737,5.16796875,-10,3,29,-7.58447265625,2.583984375,2.019335985183716
-7,6,-13,-8.220898628234863,-1.1005859375,4.842578411102295,-10,2,37,-9.412402153015137,2.7275390625,2.861523389816284
-36,-4,12,-11.69492244720459,-1.9284180402755737,5.517285346984863,-5,4,32,-12.14951229095459,2.7945313453674316,3.37353515625
-58,-21,22,-9.177929878234863,-1.9714844226837158,4.718163967132568,-5,12,24,-9.20664119720459,2.909374952316284,3.1629884243011475
-75,-27,10,-7.34521484375,-1.5934571027755737,3.340039014816284,-46,25,33,-6.330761909484863,3.0672852993011475,2.880664110183716
-86,-27,5,-8.134765625,-2.024121046066284,3.239550828933716,-103,30,34,-7.450488567352295,2.8423829078674316,3.191699266433716
-78,-23,12,-9.13486385345459,-2.5409181118011475,3.4453125,-96,23,12,-9.21142578125,2.167675733566284,3.4740235805511475
-57,-19,17,-8.551074028015137,-2.36865234375,3.454882860183716,-31,12,-5,-8.689844131469727,2.3160157203674316,3.3208985328674316
-53,-18,17,-8.292675971984863,-2.10546875,3.3543946743011475,-22,14,2,-8.163476943969727,3.0625,3.0577149391174316
-64,-22,19,-8.39316463470459,-1.9954102039337158,3.387890577316284,-61,20,18,-8.34531307220459,2.885449171066284,2.9859375953674316
-75,-26,21,-7.933789253234863,-2.03369140625,3.6319336891174316,-59,19,21,-8.187402725219727,2.4117188453674316,2.9955079555511475
-78,-33,24,-8.3740234375,-2.0767579078674316,3.9286134243011475,-44,15,16,-8.555859565734863,2.56005859375,3.0625
-79,-40,28,-8.708984375,-2.048046827316284,4.469336032867432,-45,17,13,-8.699414253234863,2.6366212368011475,2.8423829078674316
-78,-45,30,-8.82382869720459,-2.10546875,4.909570217132568,-51,22,10,-8.8525390625,2.775390625,2.8041017055511475
-76,-49,32,-8.68027400970459,-1.966699242591858,4.880859375,-64,22,10,-9.02001953125,2.84716796875,2.808886766433716
-78,-49,39,-8.101269721984863,-1.966699242591858,4.828222751617432,-69,23,14,-8.99130916595459,2.7083985805511475,2.670117139816284
-76,-45,42,-7.101171970367432,-1.9475586414337158,4.493261814117432,-62,19,22,-8.622851371765137,2.56005859375,2.48828125
-73,-39,41,-6.517383098602295,-1.89013671875,4.340137004852295,-49,12,24,-8.527148246765137,2.4691407680511475,2.287304639816284
-76,-34,39,-6.43603515625,-1.79443359375,4.397558689117432,-44,7,21,-8.402734756469727,2.5169923305511475,1.990625023841858
-81,-28,36,-6.359472751617432,-1.918847680091858,4.47412109375,-53,5,17,-8.412304878234863,2.5887696743011475,1.818359375
-74,-21,27,-6.263769626617432,-1.8040039539337158,5.014843940734863,-58,1,13,-8.307031631469727,2.521777391433716,1.693945288658142
-74,-17,14,-6.043652534484863,-1.7083008289337158,5.057910442352295,-55,-3,10,-8.139551162719727,2.46435546875,1.727441430091858
-70,-11,0,-6.168066501617432,-1.6843750476837158,4.885644435882568,-51,-9,9,-8.51279354095459,2.17724609375,2.1006836891174316
-72,-2,-1,-7.24951171875,-1.7322266101837158,4.66552734375,-39,-20,5,-9.78085994720459,1.559960961341858,3.119921922683716
-59,14,12,-10.680468559265137,-2.87109375,5.100976467132568,-18,-32,-4,-12.48447322845459,1.024023413658142,4.392773628234863
-80,16,44,-12.93906307220459,-2.765820264816284,5.656054973602295,13,-24,-19,-11.034570693969727,0.6986328363418579,5.225390911102295
-104,-8,52,-11.83847713470459,-3.741992235183716,3.70849609375,9,-1,-18,-8.412304878234863,1.2106446027755737,5.967090129852295
-66,-25,40,-10.369433403015137,-3.3687500953674316,0.631640613079071,-54,25,10,-7.091601848602295,1.191503882408142,6.924121379852295
-39,-24,40,-9.49853515625,-2.8758790493011475,0.01914062537252903,-76,37,33,-6.7470703125,-0.27275392413139343,6.876269817352295
-49,-26,48,-8.240038871765137,-2.909374952316284,1.0048828125,-42,35,29,-5.732617378234863,-0.5311523675918579,6.392968654632568
-49,-28,46,-8.03427791595459,-3.1534180641174316,0.947460949420929,-30,33,27,-5.5986328125,0.32060548663139343,6.153710842132568
-32,-27,37,-8.8525390625,-3.1534180641174316,0.36845704913139343,-32,32,29,-6.3642578125,0.5311523675918579,5.919238567352295
-41,-22,27,-8.77597713470459,-2.837597608566284,0.6412109732627869,-18,28,23,-7.062890529632568,0.8326172232627869,5.388085842132568
-51,-15,14,-8.330957412719727,-2.9955079555511475,0.803906261920929,-10,24,23,-7.431347846984863,1.358984351158142,5.196679592132568
-36,-4,-3,-7.550976753234863,-3.005078077316284,1.191503882408142,-13,24,28,-6.861914157867432,1.598242163658142,4.541113376617432
-15,-1,-27,-7.149023532867432,-2.8232421875,1.93798828125,-20,28,31,-6.86669921875,1.818359375,4.368847846984863
-27,-3,-38,-10.83837890625,-2.765820264816284,2.17724609375,-25,31,24,-10.240234375,2.263378858566284,5.16796875
-46,-6,-25,-10.757031440734863,-2.717968702316284,3.25390625,-42,25,19,-9.68515682220459,2.473925828933716,5.19189453125
-55,-6,-29,-7.120312690734863,-2.043261766433716,3.052929639816284,-46,20,32,-7.283008098602295,2.143749952316284,4.081738471984863
-30,-2,-30,-7.369140625,-2.22509765625,3.4740235805511475,-27,16,34,-8.173047065734863,1.789648413658142,4.191796779632568
-8,-6,-8,-9.03916072845459,-2.215527296066284,3.651074171066284,-12,16,24,-9.024805068969727,2.1724610328674316,4.287499904632568
-33,-16,24,-8.84775447845459,-1.72265625,3.2491211891174316,-36,18,20,-8.335741996765137,2.4930665493011475,4.335351467132568
-70,-22,37,-8.311816215515137,-2.1102540493011475,2.7227540016174316,-56,18,20,-8.25439453125,2.08154296875,4.206152439117432
-75,-20,38,-8.6611328125,-2.784960985183716,2.3160157203674316,-44,14,16,-9.16357421875,1.8327149152755737,4.469336032867432
-58,-16,39,-8.694628715515137,-2.9380860328674316,2.2298829555511475,-34,8,12,-8.718554496765137,1.8757812976837158,4.799511909484863
-51,-11,36,-7.890722751617432,-2.6749024391174316,1.5647461414337158,-53,4,11,-7.751953125,1.4929687976837158,5.139257907867432
-47,-5,36,-8.99130916595459,-3.0098633766174316,1.8757812976837158,-55,2,2,-8.024706840515137,1.057519555091858,5.258886814117432
-33,-9,41,-9.627734184265137,-3.1103515625,2.000195264816284,-41,0,-9,-7.6083984375,1.225000023841858,5.378515720367432
-46,-17,39,-9.335840225219727,-2.70361328125,1.5456055402755737,-38,-3,-12,-7.196875095367432,1.5408203601837158,5.258886814117432
-64,-18,31,-8.914746284484863,-2.8423829078674316,1.646093726158142,-30,-7,-11,-7.369140625,1.4738281965255737,5.421582221984863
-53,-17,22,-8.737695693969727,-3.1103515625,1.8375000953674316,-14,-7,-5,-7.326074123382568,1.5647461414337158,5.440722942352295
-35,-21,21,-8.665918350219727,-2.952441453933716,1.6843750476837158,-18,-2,6,-7.043750286102295,1.7130860090255737,5.421582221984863
-39,-29,28,-8.546289443969727,-2.789746046066284,1.69873046875,-38,5,17,-6.622656345367432,1.2537109851837158,5.636914253234863
-44,-36,32,-8.340527534484863,-2.928515672683716,1.626953125,-40,11,17,-6.349902629852295,0.512011706829071,6.072363376617432
-44,-44,32,-7.962500095367432,-2.904589891433716,1.416406273841858,-28,12,15,-6.038867473602295,0.3780273497104645,6.10107421875
-49,-50,28,-7.699316501617432,-2.7801759243011475,1.2824219465255737,-14,15,14,-5.8857421875,0.535937488079071,5.617773532867432
-64,-58,21,-7.924219131469727,-2.282519578933716,1.50732421875,-21,25,18,-6.10107421875,0.8565430045127869,4.770801067352295
-106,-67,24,-10.675683975219727,-1.248925805091858,2.282519578933716,-15,41,17,-9.359766006469727,1.2345703840255737,3.8329102993011475
-146,-69,39,-12.905566215515137,-0.9139648675918579,2.84716796875,2,58,-1,-14.4033203125,2.7227540016174316,4.148730754852295
-118,-31,43,-10.92929744720459,-1.2297852039337158,3.9716796875,-58,61,12,-12.81943416595459,3.349609375,3.3974609375
-21,13,23,-9.646875381469727,-0.6172851920127869,6.153710842132568,-119,55,44,-11.98203182220459,2.2442383766174316,1.670019507408142
16,34,20,-8.953027725219727,1.31591796875,6.125,-71,42,34,-10.632616996765137,1.3781250715255737,0.95703125
-17,30,29,-7.426562786102295,1.6843750476837158,5.47900390625,-9,29,20,-8.149121284484863,1.9571290016174316,0.995312511920929
-32,19,24,-6.24462890625,0.947460949420929,5.483788967132568,-21,21,26,-7.268652439117432,2.383007764816284,0.9618164300918579
-40,9,13,-6.0771484375,-0.0478515625,4.655957221984863,-34,17,29,-7.44091796875,2.119824171066284,1.248925805091858
-44,3,0,-7.10595703125,-1.000097632408142,3.9286134243011475,-30,13,20,-8.10605525970459,2.2681641578674316,1.7848633527755737
-45,-1,-8,-8.048632621765137,-1.3972656726837158,3.454882860183716,-33,6,14,-8.144335746765137,2.502636671066284,2.0624024868011475
-55,-5,-14,-7.790234565734863,-1.2106446027755737,3.2730469703674316,-35,4,17,-7.220800876617432,2.3973634243011475,2.019335985183716
-68,-8,-18,-6.881054878234863,-0.947460949420929,2.861523389816284,-27,5,26,-6.847558498382568,2.359081983566284,2.406933546066284
-61,-7,-15,-10.412500381469727,-1.5886719226837158,2.966796875,-12,-2,22,-11.398241996765137,2.737109422683716,3.435742139816284
-47,-11,-1,-11.733202934265137,-1.5695313215255737,4.541113376617432,-7,0,2,-11.43173885345459,2.789746046066284,3.263476610183716
-56,-27,17,-8.03427791595459,-0.17705078423023224,3.8185548782348633,-19,11,14,-6.909765720367432,2.981152296066284,2.7945313453674316
-77,-29,17,-8.503222465515137,-1.6125977039337158,3.0146484375,-78,20,42,-7.292578220367432,3.148632764816284,2.8041017055511475
-75,-27,14,-9.460253715515137,-2.569628953933716,2.6031250953674316,-107,19,45,-9.297558784484863,2.263378858566284,2.9476563930511475
-42,-24,12,-8.766406059265137,-2.383007764816284,2.426074266433716,-44,6,26,-8.809473037719727,1.655664086341858,2.981152296066284
-41,-25,13,-8.598925590515137,-1.607812523841858,2.234668016433716,9,3,15,-8.06298828125,2.287304639816284,2.65576171875
-71,-30,18,-9.364550590515137,-1.50732421875,2.215527296066284,-21,15,17,-8.36923885345459,2.89501953125,2.569628953933716
-87,-31,19,-9.670801162719727,-1.5408203601837158,2.383007764816284,-56,24,15,-8.82861328125,2.5169923305511475,2.694042921066284
-75,-24,26,-9.1396484375,-1.2824219465255737,2.430859327316284,-45,25,12,-8.407519340515137,2.32080078125,2.694042921066284
-56,-16,40,-9.40283203125,-1.095800757408142,2.832812547683716,-43,28,10,-9.082226753234863,2.5648438930511475,2.717968702316284
-52,-17,52,-8.570215225219727,-0.779980480670929,3.4022462368011475,-51,31,8,-8.900390625,2.426074266433716,2.406933546066284
-74,-28,55,-8.3740234375,-0.17705078423023224,3.579296827316284,-50,33,10,-8.6611328125,2.454785108566284,2.2298829555511475
-138,-49,65,-8.914746284484863,-0.846972644329071,3.7946290969848633,-62,33,9,-9.08701229095459,2.593554735183716,2.296875
-111,-48,57,-8.005566596984863,-1.631738305091858,3.3304688930511475,-83,32,8,-8.651562690734863,2.48828125,2.119824171066284
-109,-39,46,-7.7041015625,-1.177148461341858,3.4453125,-73,23,6,-8.426660537719727,2.239453077316284,2.0624024868011475
-144,-41,39,-7.58447265625,-1.550390601158142,3.6654298305511475,-55,11,1,-8.48886775970459,2.41650390625,1.8375000953674316
-130,-38,35,-7.168164253234863,-1.536035180091858,3.8568360805511475,-55,7,1,-8.17783260345459,2.5169923305511475,1.6125977039337158
-107,-28,28,-6.541308879852295,-1.5886719226837158,3.813769578933716,-51,1,6,-7.82373046875,2.497851610183716,1.5456055402755737
-80,-18,18,-6.359472751617432,-1.526464819908142,4.129590034484863,-40,-8,13,-7.943359375,2.454785108566284,1.4977539777755737
-67,-13,10,-6.895410060882568,-1.45947265625,4.387988567352295,-26,-16,16,-8.61328125,2.4212892055511475,1.50732421875
-81,-11,3,-7.833301067352295,-1.2106446027755737,5.483788967132568,-23,-23,20,-9.790430068969727,2.450000047683716,1.98583984375
-121,-27,9,-11.02978515625,-1.248925805091858,7.34521484375,-19,-34,28,-12.302637100219727,1.7800781726837158,3.6319336891174316
-68,-14,8,-14.049219131469727,-2.861523389816284,4.622460842132568,33,-46,12,-12.996484756469727,0.44023439288139343,4.177441596984863
15,-8,-2,-13.570703506469727,-4.230078220367432,3.024218797683716,97,-23,-4,-10.579980850219727,1.2776367664337158,4.90478515625
56,-18,-7,-9.957910537719727,-3.0672852993011475,-0.05263672024011612,11,7,13,-7.665820598602295,2.2298829555511475,6.349902629852295
-1,-20,7,-8.39316463470459,-1.6604492664337158,-0.6747070550918579,-63,25,33,-6.694433689117432,1.071874976158142,6.369042873382568
-64,-26,28,-7.077246189117432,-2.32080078125,0.25361329317092896,-64,28,34,-5.498144626617432,0.6986328363418579,6.421679973602295
-66,-29,31,-7.292578220367432,-2.981152296066284,0.25361329317092896,-61,27,31,-5.378515720367432,1.052734375,5.995800971984863
-46,-27,20,-8.7568359375,-2.904589891433716,0.05263672024011612,-55,28,24,-6.153710842132568,1.382910132408142,5.656054973602295
-64,-21,7,-9.503320693969727,-2.6749024391174316,0.15791015326976776,-50,30,13,-7.125097751617432,1.9954102039337158,5.459863185882568
-63,-8,-5,-8.7568359375,-2.976367235183716,0.660351574420929,-56,31,13,-7.005468845367432,2.143749952316284,4.900000095367432
-34,5,-18,-8.23046875,-3.0146484375,0.894824206829071,-44,31,11,-7.187304973602295,2.1820313930511475,4.71337890625
-12,12,-29,-8.20654296875,-2.7275390625,1.3541992902755737,-47,31,17,-7.44091796875,2.378222703933716,4.813867092132568
-18,13,-28,-9.503320693969727,-2.5791993141174316,2.138964891433716,-45,30,23,-8.68505859375,2.2920899391174316,5.072265625
-28,7,-7,-10.795312881469727,-2.837597608566284,2.7562501430511475,-48,29,20,-9.532031059265137,2.60791015625,5.57470703125
-32,5,1,-7.350000381469727,-2.27294921875,2.3016602993011475,-69,26,32,-6.919335842132568,2.4452149868011475,4.1630859375
-34,11,4,-7.335644721984863,-2.450000047683716,2.593554735183716,-55,21,43,-8.2783203125,1.789648413658142,4.40234375
-22,0,23,-9.51767635345459,-2.8758790493011475,3.3208985328674316,-21,15,37,-9.364550590515137,1.9236328601837158,4.512402534484863
-42,-17,35,-9.005663871765137,-2.402148485183716,2.7083985805511475,-29,16,35,-7.943359375,2.3495118618011475,4.158300876617432
-66,-24,32,-8.594141006469727,-2.4212892055511475,2.330371141433716,-55,19,33,-7.809375286102295,2.0528321266174316,4.048242092132568
-65,-25,23,-8.68027400970459,-2.7945313453674316,2.383007764816284,-50,16,20,-8.407519340515137,1.79443359375,4.072167873382568
-56,-24,20,-8.627636909484863,-2.7945313453674316,2.067187547683716,-32,10,9,-8.63720703125,2.0289063453674316,4.143945217132568
-56,-21,24,-8.527148246765137,-2.7706055641174316,1.727441430091858,-25,3,7,-8.574999809265137,2.048046827316284,4.512402534484863
-52,-14,26,-8.053418159484863,-2.765820264816284,1.6413086652755737,-33,-1,8,-7.555761814117432,1.670019507408142,4.598535060882568
-36,-5,29,-9.23056697845459,-3.1055665016174316,1.918847680091858,-24,-10,5,-8.364453315734863,1.741796851158142,5.7900390625
-20,-8,35,-10.178027153015137,-3.167773485183716,2.239453077316284,0,-19,-3,-8.646777153015137,1.741796851158142,6.306836128234863
-23,-16,35,-9.268847465515137,-2.789746046066284,1.789648413658142,1,-20,-3,-7.359570503234863,2.167675733566284,5.708691596984863
-40,-24,29,-9.005663871765137,-2.7466797828674316,1.741796851158142,-7,-18,-2,-6.857129096984863,2.3734376430511475,5.459863185882568
-50,-29,23,-8.866894721984863,-2.8232421875,1.5934571027755737,-12,-15,0,-6.72314453125,2.79931640625,5.249316692352295
-50,-34,20,-8.881250381469727,-2.8663086891174316,1.5791015625,-11,-11,7,-6.641797065734863,3.0672852993011475,5.177539348602295
-50,-38,20,-8.551074028015137,-2.7706055641174316,1.358984351158142,-9,-5,15,-6.29248046875,3.000293016433716,5.292382717132568
-49,-40,22,-8.378808975219727,-2.8232421875,1.311132788658142,-12,1,24,-5.986230373382568,2.8041017055511475,5.560351848602295
-44,-43,27,-8.12998104095459,-2.8184571266174316,1.2058594226837158,-10,6,25,-5.675195217132568,1.9475586414337158,5.727832317352295
-56,-47,39,-7.995996475219727,-2.12939453125,0.923535168170929,6,14,8,-5.23974609375,1.4690430164337158,5.641699314117432
-64,-52,55,-7.976855754852295,-2.378222703933716,1.244140625,-2,28,-5,-5.713476657867432,1.894921898841858,5.57470703125
-61,-55,55,-9.082226753234863,-1.8327149152755737,1.440332055091858,-32,46,-1,-7.72802734375,2.383007764816284,5.19189453125
-84,-55,41,-12.044238090515137,-1.3494141101837158,2.6031250953674316,-31,67,-1,-11.484375,2.6605470180511475,4.59375
-111,-37,26,-12.517969131469727,-0.2583984434604645,2.6270508766174316,-33,65,-9,-13.690332412719727,3.8807618618011475,5.541211128234863
-61,5,8,-8.641992568969727,-0.13876953721046448,5.105762004852295,-85,46,9,-10.97714900970459,3.732421875,3.430957078933716
12,21,-5,-8.474512100219727,1.2345703840255737,5.230175971984863,-95,41,27,-10.053613662719727,2.6031250953674316,1.3254883289337158
-21,19,4,-8.842968940734863,2.4930665493011475,5.091406345367432,-72,34,23,-9.311914443969727,2.502636671066284,1.12451171875
-67,12,13,-7.005468845367432,1.7561523914337158,5.187109470367432,-65,25,20,-7.747168064117432,2.4117188453674316,0.6412109732627869
-67,7,15,-6.933691501617432,0.636425793170929,4.966992378234863,-56,22,21,-7.527050971984863,2.3495118618011475,1.0431641340255737
-64,1,16,-7.402637004852295,-0.12919922173023224,4.531543254852295,-51,21,21,-8.06298828125,2.502636671066284,1.4977539777755737
-69,-5,13,-7.77587890625,-0.7464843988418579,4.024316310882568,-54,21,19,-8.359667778015137,2.6126954555511475,1.9571290016174316
-80,-7,11,-7.65625,-0.95703125,3.478808641433716,-57,16,20,-7.833301067352295,2.689257860183716,2.569628953933716
-79,-8,17,-8.3740234375,-1.526464819908142,3.598437547683716,-55,12,22,-8.019922256469727,2.7083985805511475,2.9380860328674316
-65,-7,22,-9.436327934265137,-1.8279297351837158,3.4979493618011475,-42,9,22,-9.27841854095459,2.6749024391174316,3.244335889816284
-54,-11,20,-10.063183784484863,-1.765722632408142,4.014746189117432,-19,6,18,-9.866991996765137,2.741894483566284,3.4931640625
-59,-21,13,-8.134765625,-1.31591796875,3.2586915493011475,-26,15,30,-7.522265911102295,2.904589891433716,2.8663086891174316
-74,-29,5,-8.8525390625,-1.17236328125,3.0194337368011475,-71,23,46,-7.751953125,2.9476563930511475,2.909374952316284
-89,-31,3,-9.321484565734863,-1.225000023841858,3.215625047683716,-93,19,39,-8.962597846984863,2.378222703933716,2.909374952316284
-74,-30,5,-8.622851371765137,-1.430761694908142,3.052929639816284,-47,9,20,-8.70419979095459,2.043261766433716,2.6844727993011475
-59,-30,11,-8.77597713470459,-1.201074242591858,2.646191358566284,-16,11,14,-8.49365234375,2.598339796066284,2.6605470180511475
-66,-31,18,-9.192285537719727,-1.215429663658142,2.5313477516174316,-44,21,22,-8.39316463470459,2.7801759243011475,2.622265577316284
-68,-30,21,-9.49375057220459,-1.215429663658142,2.6988282203674316,-56,27,23,-8.421875,2.430859327316284,2.808886766433716
-71,-30,24,-9.18271541595459,-0.756054699420929,2.8232421875,-50,27,15,-8.388379096984863,2.4452149868011475,2.7466797828674316
-74,-33,30,-9.220995903015137,-0.50244140625,3.2012696266174316,-56,29,7,-8.89560604095459,2.713183641433716,2.9141602516174316
-91,-37,39,-8.857324600219727,-0.3636718690395355,3.0337891578674316,-64,29,5,-9.11572265625,2.7083985805511475,2.813671827316284
-90,-34,46,-8.168261528015137,-0.7369140982627869,3.1103515625,-61,26,12,-8.785547256469727,2.6270508766174316,2.6796875
-78,-29,52,-8.120409965515137,-0.875683605670929,3.158203125,-59,26,18,-8.771191596984863,2.6270508766174316,2.65576171875
-76,-25,56,-7.976855754852295,-1.0383789539337158,3.316113233566284,-70,25,19,-8.87168025970459,2.6318359375,2.6509766578674316
-74,-20,53,-7.938574314117432,-1.000097632408142,3.4931640625,-72,19,17,-8.555859565734863,2.4691407680511475,2.545703172683716
-95,-20,48,-7.972070693969727,-0.93310546875,3.70849609375,-66,10,13,-8.27353572845459,2.454785108566284,2.330371141433716
-117,-22,43,-7.833301067352295,-0.48808595538139343,4.297070503234863,-68,5,9,-8.091699600219727,2.4834961891174316,2.095898389816284
-116,-22,35,-7.326074123382568,-1.119726538658142,4.574609279632568,-59,-2,7,-8.12998104095459,2.46435546875,1.870996117591858
-73,-14,19,-7.08203125,-1.26806640625,4.828222751617432,-44,-10,7,-8.330957412719727,2.4356446266174316,1.6365234851837158
-37,-7,7,-7.24951171875,-1.2297852039337158,4.732519626617432,-28,-16,7,-9.005663871765137,2.3877930641174316,1.5934571027755737
-39,-5,0,-7.517480850219727,-0.83740234375,4.325781345367432,-18,-21,11,-9.311914443969727,2.0384767055511475,1.7848633527755737
-81,-9,5,-9.92441463470459,-0.564648449420929,4.526757717132568,-14,-27,17,-10.938867568969727,1.50732421875,3.1534180641174316
-62,-8,12,-13.15439510345459,-1.6365234851837158,4.383203029632568,0,-30,6,-11.74755859375,0.4976562559604645,4.306640625
-21,-12,0,-12.14951229095459,-2.32080078125,3.0194337368011475,32,-16,-10,-9.551172256469727,0.57421875,5.325879096984863
-11,-23,-21,-10.824023246765137,-2.378222703933716,0.7847656607627869,-8,7,-2,-7.938574314117432,1.382910132408142,6.383398532867432
-49,-30,-17,-10.029687881469727,-2.3638672828674316,-0.4258789122104645,-56,23,12,-7.579687595367432,1.000097632408142,7.0341796875
-79,-24,3,-8.479296684265137,-2.832812547683716,-0.3301757872104645,-43,26,20,-6.904980659484863,0.69384765625,7.096386909484863
-67,-15,19,-7.58447265625,-3.124706983566284,0.09091796725988388,-32,23,23,-6.091504096984863,1.225000023841858,6.62744140625
-27,-11,20,-7.804590225219727,-3.167773485183716,0.2679687440395355,-43,23,22,-5.727832317352295,1.430761694908142,6.091504096984863
-18,-13,14,-8.53671932220459,-2.622265577316284,0.30146485567092896,-34,24,13,-6.349902629852295,1.670019507408142,5.5029296875
-45,-16,5,-8.517578125,-2.5169923305511475,0.655566394329071,-34,23,16,-6.426465034484863,2.0049805641174316,5.14404296875
-59,-16,-6,-8.627636909484863,-2.8232421875,0.775195300579071,-32,24,22,-6.928906440734863,1.93798828125,5.091406345367432
-48,-9,-18,-8.25439453125,-2.832812547683716,1.1005859375,-29,24,27,-7.20166015625,1.8997070789337158,5.105762004852295
-30,-3,-24,-8.957812309265137,-2.94287109375,1.765722632408142,-28,24,31,-8.043848037719727,1.8614258766174316,5.378515720367432
-27,-6,-11,-11.068066596984863,-3.0625,2.210742235183716,-34,23,27,-9.49853515625,2.019335985183716,6.024511814117432
-30,-6,0,-8.68505859375,-2.5169923305511475,1.89013671875,-47,18,28,-7.804590225219727,1.8375000953674316,5.100976467132568
-24,3,0,-7.20166015625,-2.4595704078674316,1.9236328601837158,-32,12,33,-7.68017578125,1.382910132408142,4.794726848602295
-6,3,7,-8.455370903015137,-2.808886766433716,2.473925828933716,-7,9,32,-8.51279354095459,1.435546875,4.933495998382568
-12,-12,25,-9.316699028015137,-2.5887696743011475,2.138964891433716,-14,13,23,-8.134765625,1.918847680091858,4.837792873382568
-52,-24,38,-8.886034965515137,-2.41650390625,1.74658203125,-37,16,11,-7.737597942352295,1.9044922590255737,4.646386623382568
-71,-20,34,-8.450586318969727,-2.761035203933716,1.8997070789337158,-32,13,-3,-8.134765625,1.9092774391174316,4.732519626617432
-50,-10,23,-8.574999809265137,-3.172558546066284,2.0145509243011475,-26,9,-10,-8.689844131469727,2.306445360183716,5.091406345367432
-29,-5,19,-8.7568359375,-2.909374952316284,1.813574194908142,-39,6,-4,-8.388379096984863,2.311230421066284,5.545996189117432
-38,-9,24,-9.340624809265137,-2.7562501430511475,1.7561523914337158,-49,3,0,-8.20175838470459,1.9475586414337158,6.038867473602295
-54,-15,29,-9.144433975219727,-2.7945313453674316,1.6365234851837158,-43,-2,0,-7.230370998382568,1.79443359375,5.761328220367432
-62,-20,27,-9.264062881469727,-2.904589891433716,1.502539038658142,-39,-6,1,-6.91455078125,1.823144555091858,5.474218845367432
-60,-22,21,-9.316699028015137,-2.933300733566284,1.4929687976837158,-35,-6,1,-6.957617282867432,1.813574194908142,5.33544921875
-54,-24,15,-9.144433975219727,-2.861523389816284,1.536035180091858,-32,-1,2,-6.933691501617432,1.6843750476837158,5.234961032867432
-52,-28,17,-9.06787109375,-2.75146484375,1.4690430164337158,-30,3,4,-6.86669921875,1.454687476158142,5.589062690734863
-54,-32,27,-8.87646484375,-2.765820264816284,1.406835913658142,-27,9,6,-6.680078029632568,1.1388672590255737,5.775683879852295
-50,-34,39,-8.713769912719727,-2.8758790493011475,1.36376953125,-24,14,8,-6.565234661102295,0.9666016101837158,5.952734470367432
-40,-36,47,-8.508008003234863,-2.89501953125,1.2776367664337158,-19,17,9,-6.335546970367432,0.756054699420929,5.976660251617432
-34,-38,50,-8.307031631469727,-2.856738328933716,1.177148461341858,-17,20,8,-6.086719036102295,0.535937488079071,5.914453029632568
-35,-40,52,-8.187402725219727,-2.694042921066284,1.0862305164337158,-15,28,6,-5.928808689117432,0.45458984375,5.512500286102295
-39,-44,50,-8.10605525970459,-2.3016602993011475,1.4977539777755737,-17,38,6,-6.254199504852295,0.703417956829071,4.852148532867432
-51,-51,41,-9.393261909484863,-1.6652344465255737,2.1963868141174316,-9,51,7,-8.6611328125,1.2537109851837158,4.215722560882568
-69,-56,34,-12.36962890625,-0.6029297113418579,2.9237306118011475,-5,68,0,-13.245312690734863,2.402148485183716,4.383203029632568
-98,-42,30,-10.780957221984863,0.22968751192092896,3.3783204555511475,-58,68,6,-13.341015815734863,3.2060546875,3.981250047683716
-74,-11,6,-9.27841854095459,0.64599609375,4.780371189117432,-115,50,30,-12.049023628234863,2.3495118618011475,2.473925828933716
-47,0,-2,-8.713769912719727,1.60302734375,5.00048828125,-85,37,36,-10.78574275970459,1.368554711341858,1.3541992902755737
-75,-1,9,-7.350000381469727,1.8375000953674316,4.469336032867432,-54,31,38,-8.522363662719727,1.5456055402755737,1.41162109375
-85,0,16,-6.24462890625,0.516796886920929,4.608105659484863,-53,24,40,-7.627539157867432,1.5168945789337158,0.8900390863418579
-52,6,12,-6.885839939117432,-0.4258789122104645,4.5458984375,-50,20,35,-7.952929973602295,1.272851586341858,0.870898425579071
-39,7,9,-7.565332412719727,-0.22490234673023224,4.1630859375,-39,17,26,-7.972070693969727,1.454687476158142,1.1962890625
-54,4,12,-7.527050971984863,-0.5311523675918579,3.8233399391174316,-40,13,23,-7.742383003234863,1.8662109375,1.502539038658142
-52,1,10,-7.34521484375,-0.74169921875,3.85205078125,-38,7,24,-7.483984470367432,1.918847680091858,1.9475586414337158
-51,-3,9,-8.139551162719727,-0.765625,3.51708984375,-9,2,26,-8.450586318969727,2.1533203125,2.478710889816284
-55,-7,14,-12.671093940734863,-1.53125,4.646386623382568,4,0,17,-13.096972465515137,2.6270508766174316,3.51708984375
-54,-15,18,-8.838183403015137,-1.239355444908142,3.7611329555511475,-21,10,23,-8.598925590515137,2.741894483566284,3.095996141433716
-52,-19,11,-7.283008098602295,-0.875683605670929,2.9476563930511475,-67,17,46,-6.354687690734863,2.3877930641174316,2.70361328125
-67,-26,10,-9.321484565734863,-0.9378906488418579,2.9380860328674316,-88,17,44,-8.259180068969727,1.9475586414337158,2.3399415016174316
-76,-28,10,-9.78564453125,-1.1580078601837158,3.239550828933716,-56,11,17,-9.46982479095459,1.9332032203674316,2.4691407680511475
-69,-30,8,-8.82861328125,-0.8900390863418579,2.84716796875,-21,8,5,-8.73291015625,2.32080078125,2.210742235183716
-79,-33,13,-8.73291015625,-0.660351574420929,2.41650390625,-39,20,14,-8.259180068969727,2.7562501430511475,2.12939453125
-89,-33,20,-9.1396484375,-0.83740234375,2.3447265625,-69,29,21,-8.426660537719727,2.545703172683716,2.3016602993011475
-78,-27,23,-8.94345760345459,-0.9043945670127869,2.5313477516174316,-67,27,18,-8.527148246765137,2.287304639816284,2.56005859375
-62,-21,29,-8.981738090515137,-0.756054699420929,2.6509766578674316,-46,22,13,-8.857324600219727,2.32080078125,2.6988282203674316
-59,-18,38,-9.364550590515137,-0.971386730670929,2.9955079555511475,-39,22,12,-9.39804744720459,2.574414014816284,2.6605470180511475
-59,-18,41,-8.94345760345459,-0.95703125,3.2491211891174316,-48,23,14,-9.1875,2.5887696743011475,2.502636671066284
-68,-20,42,-8.354883193969727,-0.78955078125,3.502734422683716,-49,22,17,-8.814257621765137,2.430859327316284,2.41650390625
-74,-23,46,-8.498437881469727,-0.679492175579071,3.6989259719848633,-54,23,16,-8.842968940734863,2.378222703933716,2.4595704078674316
-77,-26,49,-8.364453315734863,-0.631640613079071,3.8185548782348633,-55,20,13,-8.651562690734863,2.3255860805511475,2.392578125
-75,-26,47,-8.168261528015137,-0.57421875,3.813769578933716,-50,13,10,-8.603711128234863,2.3399415016174316,2.263378858566284
-76,-26,42,-8.05820369720459,-0.35888671875,3.789843797683716,-53,9,8,-8.522363662719727,2.450000047683716,2.0528321266174316
-77,-25,35,-7.72802734375,-0.24882812798023224,3.8711915016174316,-58,5,8,-8.27353572845459,2.378222703933716,1.8087891340255737
-71,-23,28,-7.24951171875,0.31103515625,3.981250047683716,-52,-1,7,-7.938574314117432,2.296875,1.550390601158142
-78,-22,24,-6.871484279632568,0.607714831829071,4.062597751617432,-40,-9,5,-7.87158203125,2.210742235183716,1.4020508527755737
-85,-17,21,-6.804492473602295,0.30146485567092896,4.009961128234863,-22,-16,3,-8.426660537719727,2.12939453125,1.2537109851837158
-74,-12,18,-7.517480850219727,-0.35888671875,3.7802734375,-10,-20,8,-9.154004096984863,2.0049805641174316,1.502539038658142
-73,-6,10,-9.474609375,-0.4737304747104645,3.89990234375,-27,-24,19,-10.780957221984863,1.5456055402755737,2.6988282203674316
-73,-2,7,-12.41269588470459,-1.1005859375,4.254004001617432,-31,-27,11,-11.84326171875,0.588574230670929,4.038671970367432
-53,-8,8,-13.857812881469727,-1.918847680091858,3.9190430641174316,6,-18,-10,-10.88623046875,0.4593750238418579,5.258886814117432
-39,-22,0,-11.74755859375,-1.9236328601837158,2.46435546875,1,0,-7,-9.268847465515137,1.22021484375,6.392968654632568
-40,-38,-9,-10.431640625,-1.631738305091858,1.07666015625,-53,21,13,-7.981640815734863,0.8326172232627869,7.24951171875
-72,-45,0,-9.32627010345459,-1.4690430164337158,-0.2679687440395355,-53,26,17,-6.943261623382568,0.16748046875,7.311718940734863
-79,-42,13,-7.948144912719727,-2.0863282680511475,0.06220703199505806,-34,23,19,-5.464648723602295,0.41630861163139343,6.656152248382568
-66,-38,17,-8.211328506469727,-2.215527296066284,-0.01914062537252903,-32,21,24,-5.593847751617432,0.679492175579071,5.876172065734863
-66,-32,15,-8.627636909484863,-2.138964891433716,-0.11484375596046448,-37,23,28,-6.249413967132568,0.98095703125,5.282812595367432
