-3,-3,-4,-7.828516006469727,-3.3783204555511475,3.622363328933716,0,0,-3,-7.2734375,2.5074219703674316,5.804394721984863
-1,0,-4,-7.866796970367432,-3.27783203125,3.63671875,-5,1,-1,-7.283008098602295,2.4117188453674316,5.780468940734863
-4,0,-1,-7.804590225219727,-3.13427734375,3.7754883766174316,-7,2,0,-7.3212890625,2.383007764816284,5.7900390625
-11,0,4,-7.771093845367432,-2.9955079555511475,4.081738471984863,-9,2,0,-7.311718940734863,2.392578125,5.775683879852295
-13,-2,7,-7.718457221984863,-3.359179735183716,4.072167873382568,-8,2,0,-7.316504001617432,2.359081983566284,5.780468940734863
-7,-2,6,-7.732812881469727,-3.579296827316284,3.8711915016174316,-5,1,0,-7.378711223602295,2.330371141433716,5.804394721984863
-4,-1,5,-7.747168064117432,-3.5218751430511475,3.7276368141174316,-3,1,-1,-7.350000381469727,2.2920899391174316,5.799609661102295
-8,-1,5,-7.708887100219727,-3.483593702316284,3.7372071743011475,-2,0,-1,-7.354785442352295,2.2681641578674316,5.76611328125
-9,-1,4,-7.723242282867432,-3.574511766433716,3.923828125,-1,0,-2,-7.373926162719727,2.296875,5.756543159484863
-4,-1,2,-7.713672161102295,-3.5601563453674316,4.014746189117432,-3,1,-1,-7.350000381469727,2.3255860805511475,5.737402439117432
0,0,1,-7.723242282867432,-3.4883790016174316,3.9142580032348633,-6,1,0,-7.350000381469727,2.3399415016174316,5.761328220367432
0,0,1,-7.771093845367432,-3.459667921066284,3.813769578933716,-7,1,0,-7.378711223602295,2.3255860805511475,5.770898342132568
0,0,1,-7.780664443969727,-3.454882860183716,3.7802734375,-5,1,0,-7.39306640625,2.2442383766174316,5.76611328125
0,0,0,-7.7041015625,-3.7611329555511475,4.153515815734863,-4,1,0,-7.211230754852295,2.7083985805511475,5.95751953125
7,-8,-31,-7.4169921875,-6.775781154632568,7.292578220367432,-20,-6,46,-7.445703506469727,6.775781154632568,9.0439453125
-33,-50,-113,-8.527148246765137,-9.97226619720459,7.938574314117432,17,-62,163,-9.871777534484863,10.340723037719727,11.852831840515137
-72,-75,-227,-8.838183403015137,-14.795703887939453,7.46484375,145,-115,254,-9.42197322845459,12.068163871765137,12.049023628234863
-136,-81,-318,-7.814160346984863,-13.90087890625,6.263769626617432,205,-95,297,-4.943066596984863,11.163769721984863,6.488671779632568
-198,-36,-338,-4.493261814117432,-11.446093559265137,1.3541992902755737,159,-43,308,-3.7037110328674316,7.8955078125,3.124706983566284
-84,32,-332,-3.7132813930511475,-8.44101619720459,0.995312511920929,126,-10,278,-2.952441453933716,5.584277629852295,2.191601514816284
-18,32,-250,-2.832812547683716,-1.9140625,3.1773438453674316,-34,-6,258,-1.1484375,5.5029296875,5.28759765625
37,35,-183,1.8040039539337158,-6.526953220367432,0.971386730670929,4,5,182,1.36376953125,2.9715821743011475,2.6126954555511475
-8,21,-132,2.933300733566284,-3.75634765625,0.7225586175918579,1,38,127,4.651172161102295,8.005566596984863,5.684765815734863
25,58,-95,3.9764649868011475,-6.407324314117432,0.10048828274011612,-1,67,115,8.5654296875,6.321191310882568,8.08212947845459
-15,112,-58,4.852148532867432,-1.6748046875,1.0862305164337158,29,120,93,11.546582221984863,7.01025390625,8.096484184265137
30,140,-43,7.527050971984863,-2.569628953933716,3.383105516433716,42,124,45,10.5751953125,5.110547065734863,3.7707033157348633
-2,144,-25,9.30712890625,-2.56005859375,7.7041015625,-113,95,72,6.431250095367432,4.842578411102295,-0.46894532442092896
45,119,-27,8.78076171875,-5.062695503234863,14.80527400970459,-137,0,130,0.9283203482627869,5.876172065734863,0.9666016101837158
140,33,-28,7.239941596984863,-5.373730659484863,16.336523056030273,-113,-158,129,-1.12451171875,0.74169921875,-2.426074266433716
114,-76,-15,6.560449123382568,-6.2685546875,12.450976371765137,-35,-40,22,5.565136909484863,-8.555859565734863,-9.981836318969727
-71,-84,38,2.60791015625,-1.9619140625,-8.316601753234863,88,78,-36,11.350390434265137,1.9475586414337158,12.565820693969727
152,36,-34,-1.626953125,-2.966796875,-4.440625190734863,94,170,-67,9.603808403015137,9.02001953125,17.317480087280273
-22,-24,-33,-0.8086914420127869,-2.138964891433716,0.9283203482627869,-69,170,-18,8.97216796875,5.756543159484863,19.111913681030273
-102,-46,0,8.149121284484863,1.9954102039337158,-5.297168254852295,-80,126,-14,9.058300971984863,1.526464819908142,13.685546875
-60,16,-30,14.384180068969727,1.7370117902755737,-0.13398437201976776,-33,5,-41,10.149316787719727,-3.435742139816284,7.952929973602295
37,20,-62,16.279102325439453,2.3447265625,15.226367950439453,39,-78,-25,3.148632764816284,2.574414014816284,-1.631738305091858
154,38,-27,10.417284965515137,-0.7225586175918579,23.155370712280273,-105,-246,168,-4.421484470367432,5.612988471984863,2.138964891433716
130,11,15,7.283008098602295,-5.818749904632568,22.758203506469727,-129,-336,98,-0.799121081829071,-3.9716796875,-8.134765625
46,18,10,7.646679878234863,-4.837792873382568,12.919921875,132,-94,-119,12.58017635345459,-4.344922065734863,-11.068066596984863
-141,53,78,4.612890720367432,3.7994141578674316,-6.732715129852295,92,80,-87,12.05859375,0.01435546949505806,12.575390815734863
50,130,64,-1.813574194908142,-3.4644532203674316,-6.239843845367432,186,166,-128,10.484277725219727,9.2353515625,14.896191596984863
-30,47,6,-2.545703172683716,-3.6080079078674316,2.4117188453674316,-130,208,-53,12.049023628234863,6.986328125,17.91084098815918
-45,-92,-30,4.182226657867432,1.8805664777755737,-0.7847656607627869,-26,142,-63,13.99179744720459,4.71337890625,16.326953887939453
-100,-138,-23,14.068359375,3.923828125,-4.880859375,-4,48,-43,10.804883003234863,1.6652344465255737,5.612988471984863
-51,-98,-45,18.98750114440918,0.34453126788139343,5.656054973602295,-22,-3,-10,5.493359565734863,0.18662109971046448,-2.2298829555511475
29,-68,-74,16.4130859375,-0.3062500059604645,20.365625381469727,-139,-95,129,-1.3015625476837158,4.320996284484863,2.952441453933716
78,-47,-18,11.9150390625,-3.555371046066284,22.298828125,-222,-287,159,-5.1201171875,-0.09091796725988388,1.0192383527755737
148,-8,-26,10.154101371765137,-5.019629001617432,14.944043159484863,-56,-246,-35,5.512500286102295,-7.44091796875,-16.159473419189453
16,23,-22,7.043750286102295,-1.93798828125,7.043750286102295,170,4,-155,12.781152725219727,4.416699409484863,-0.3636718690395355
-111,106,43,1.6843750476837158,-3.287402391433716,-7.574902534484863,185,142,-114,9.27841854095459,4.47412109375,17.12129020690918
-41,127,37,-2.741894483566284,-2.2203125953674316,-0.2918945252895355,34,162,-92,11.178125381469727,11.398241996765137,19.054492950439453
-53,12,24,-0.12919922173023224,-1.5216797590255737,1.9475586414337158,-86,116,-68,14.33154296875,4.8330078125,18.30322265625
-84,-50,69,10.412500381469727,4.718163967132568,-3.0625,-22,39,-39,13.99179744720459,3.27783203125,11.139843940734863
-74,-4,39,15.920215606689453,-1.7130860090255737,0.12919922173023224,-49,11,-15,8.833398818969727,-2.2681641578674316,-2.89501953125
77,5,-73,13.723828315734863,-1.1867188215255737,16.637989044189453,-55,-23,69,3.411816358566284,3.42138671875,0.36845704913139343
22,-49,-23,10.919726371765137,-1.8375000953674316,21.925586700439453,-155,-193,164,-1.98583984375,4.6416015625,3.5458009243011475
83,-47,-17,8.25439453125,-6.455175876617432,18.379785537719727,-97,-256,42,2.593554735183716,-6.546093940734863,-8.08212947845459
68,-11,-28,6.732715129852295,-3.4405274391174316,10.40293025970459,162,-18,-146,11.33603572845459,-5.455078125,-9.311914443969727
-71,46,1,4.670312404632568,0.765625,-2.4404296875,53,157,-65,8.330957412719727,6.689648628234863,12.94384765625
31,95,7,1.033593773841858,-4.488476753234863,-2.89501953125,123,185,-81,8.82861328125,6.067578315734863,17.685937881469727
-24,59,7,0.26318359375,-1.9092774391174316,0.9139648675918579,-80,171,-57,10.302441596984863,5.890527248382568,18.226659774780273
-60,-13,15,4.464550971984863,2.1820313930511475,2.0289063453674316,-35,97,-59,11.45566463470459,3.483593702316284,16.518360137939453
-63,-19,50,10.493847846984863,6.34033203125,-1.8757812976837158,-4,2,-26,9.407617568969727,1.4211914539337158,7.503125190734863
-100,5,40,13.719042778015137,-4.4501953125,8.522363662719727,20,-5,-24,6.550879001617432,-3.1629884243011475,-3.694140672683716
17,-25,-36,11.871973037719727,-3.1294922828674316,15.54697322845459,-75,-43,52,1.502539038658142,2.909374952316284,2.8280274868011475
35,-33,26,6.53173828125,-5.699120998382568,19.59521484375,-104,-179,79,-0.4498046934604645,1.6652344465255737,3.000293016433716
118,-27,24,6.125,-6.254199504852295,16.398731231689453,65,-163,-21,5.297168254852295,-1.5791015625,-9.73779296875
30,-11,12,6.943261623382568,-3.0577149391174316,8.144335746765137,224,0,-96,9.68515682220459,7.134667873382568,1.3063477277755737
-68,26,39,4.789941310882568,-2.2490234375,-2.79931640625,139,116,-71,8.70419979095459,6.474316596984863,13.403223037719727
-60,32,27,1.4020508527755737,-2.56005859375,-2.311230421066284,1,142,-43,9.46982479095459,12.22128963470459,19.982812881469727
-62,-73,-19,1.311132788658142,-4.512402534484863,6.69921875,-111,82,-38,8.570215225219727,5.880957126617432,21.23652458190918
-21,-153,-21,6.780566692352295,-0.49287110567092896,-1.26806640625,-89,-15,-43,8.65634822845459,6.010156154632568,16.09248161315918
-2,-29,9,12.00595760345459,2.392578125,-7.474414348602295,-58,-95,-17,8.029492378234863,2.426074266433716,5.775683879852295
-32,41,-19,14.034863471984863,-4.0673828125,6.144140720367432,7,-44,-38,4.110449314117432,-0.01435546949505806,-8.905176162719727
122,72,-72,12.450976371765137,-1.435546875,16.9873046875,-67,-79,107,-0.9618164300918579,8.909960746765137,-0.4593750238418579
1,25,0,8.25439453125,-4.129590034484863,21.384862899780273,-121,-178,126,0.24882812798023224,0.631640613079071,-0.49287110567092896
106,51,-12,9.431543350219727,-5.067480564117432,14.513379096984863,122,-64,-53,9.646875381469727,-8.87168025970459,-9.316699028015137
52,105,-38,9.120508193969727,-2.402148485183716,2.861523389816284,88,78,-61,9.25449275970459,5.2158203125,8.08212947845459
-98,124,65,2.7323243618011475,-0.22968751192092896,-4.703808784484863,140,150,-74,7.517480850219727,4.909570217132568,12.230859756469727
-93,154,75,-2.622265577316284,-5.737402439117432,-3.7850587368011475,-43,198,-34,8.641992568969727,8.311816215515137,16.8916015625
11,0,-33,-2.7275390625,-6.220703125,7.287793159484863,-44,159,-57,7.522265911102295,7.048535346984863,20.772363662719727
51,-136,-60,5.57470703125,0.9283203482627869,2.8998048305511475,-68,88,-35,8.292675971984863,6.05322265625,17.91084098815918
-2,-190,0,11.36474609375,4.966992378234863,1.6173828840255737,-32,5,-19,7.493555068969727,3.8185548782348633,8.87646484375
-49,-141,4,15.92978572845459,5.412011623382568,5.5029296875,-21,-67,-5,4.71337890625,0.7129883170127869,1.0192383527755737
-26,-93,-27,18.312793731689453,-2.593554735183716,9.76171875,-200,-158,124,-1.095800757408142,6.0771484375,1.1962890625
-37,-70,4,13.403223037719727,-4.794726848602295,17.126073837280273,-243,-313,112,-4.18701171875,-1.153222680091858,-0.009570312686264515
-42,-39,-2,9.5703125,-7.15380859375,14.814844131469727,18,-337,-42,3.9429688453674316,-4.579394817352295,-9.752148628234863
-37,29,-1,6.617871284484863,-5.249316692352295,7.139453411102295,167,-93,-156,13.240527153015137,-2.65576171875,-7.426562786102295
77,145,22,5.5986328125,-5.086621284484863,-5.545996189117432,92,105,-80,10.733105659484863,4.4501953125,9.455469131469727
99,180,25,0.37324219942092896,-3.37353515625,1.26806640625,83,191,-85,10.053613662719727,5.818749904632568,13.982226371765137
-19,135,46,0.36845704913139343,-2.0767579078674316,0.3828125,-72,237,-88,11.091992378234863,3.9908204078674316,15.867578506469727
-8,68,5,2.880664110183716,-1.9954102039337158,2.3638672828674316,-27,215,-76,11.302538871765137,5.498144626617432,15.417774200439453
-34,-12,5,7.527050971984863,3.6558594703674316,1.8662109375,-11,151,-46,9.436327934265137,4.383203029632568,13.23095703125
-43,-36,22,11.828906059265137,2.6796875,1.55517578125,-16,56,-31,7.699316501617432,1.789648413658142,7.474414348602295
8,-53,-26,14.61865234375,-2.569628953933716,12.312207221984863,-96,-18,14,4.61767578125,2.2442383766174316,2.1006836891174316
-11,-129,-19,12.757226943969727,-3.718066453933716,18.695606231689453,-193,-171,115,-2.1581056118011475,3.029003858566284,4.80908203125
32,-112,-20,8.139551162719727,-7.407422065734863,19.88232421875,-112,-322,40,-3.9621095657348633,-3.651074171066284,-0.34931641817092896
76,-14,-43,5.900097846984863,-4.40234375,16.26953125,154,-231,-84,6.412109375,-3.1151368618011475,-16.16425895690918
52,58,-37,6.431250095367432,-2.5552735328674316,7.866796970367432,227,12,-100,11.60400390625,10.292871475219727,0.46416017413139343
-49,121,29,3.292187452316284,-5.19189453125,-3.7372071743011475,133,146,-98,10.154101371765137,5.00048828125,13.288378715515137
-75,118,38,-0.9091796875,-2.478710889816284,-3.3543946743011475,-53,182,-67,9.90048885345459,10.74267578125,18.322362899780273
-62,20,-10,-1.1819336414337158,-2.8423829078674316,4.847363471984863,-92,146,-37,7.58447265625,4.478906154632568,19.877538681030273
-11,-110,-1,5.340234279632568,2.0049805641174316,0.7369140982627869,-34,56,-45,8.2783203125,4.823437690734863,15.968067169189453
-48,-136,45,11.450879096984863,4.42626953125,-2.7801759243011475,-43,-15,-30,7.809375286102295,2.186816453933716,7.268652439117432
-71,-127,22,19.60957145690918,-2.694042921066284,6.718359470367432,-50,-54,-15,5.95751953125,0.09091796725988388,-0.655566394329071
-76,-124,-8,19.06884765625,-5.689550876617432,11.3408203125,-158,-148,95,0.39238283038139343,5.053124904632568,4.40234375
16,-71,-41,13.766894340515137,-9.120508193969727,17.781641006469727,-153,-275,71,-2.2777345180511475,-1.4259766340255737,1.6125977039337158
119,4,-90,9.670801162719727,-6.397754192352295,11.474804878234863,108,-216,-44,6.225488185882568,-3.9908204078674316,-14.527734756469727
62,97,-74,6.330761909484863,-4.3544921875,5.7421875,210,23,-83,11.632715225219727,7.177734375,1.4020508527755737
53,198,-23,4.694238185882568,-7.062890529632568,-3.6845703125,56,165,-42,9.048730850219727,2.9141602516174316,12.829004287719727
46,191,2,-1.3876953125,-1.31591796875,2.9189453125,27,216,-77,8.173047065734863,8.34531307220459,17.379688262939453
-122,107,39,0.287109375,-0.3062500059604645,-0.6747070550918579,-63,179,-67,9.82871150970459,4.105664253234863,19.87275505065918
-53,68,33,6.809277534484863,3.56494140625,-0.679492175579071,-21,90,-41,10.029687881469727,3.1869142055511475,13.87216854095459
-20,11,40,9.68515682220459,6.220703125,4.292285442352295,11,33,-29,7.814160346984863,-0.4976562559604645,5.014843940734863
-84,-73,27,12.41269588470459,-1.8757812976837158,11.580078125,-64,-25,11,4.301855564117432,0.93310546875,3.3448243141174316
-69,-178,14,11.197265625,-8.75205135345459,19.628711700439453,-204,-151,89,-1.2537109851837158,3.9046876430511475,4.909570217132568
10,-181,-24,7.517480850219727,-10.50341796875,19.27461051940918,-112,-260,0,-0.588574230670929,-2.330371141433716,-1.8805664777755737
38,-64,-49,7.48876953125,-6.19677734375,13.790820121765137,159,-128,-110,9.25927734375,-2.0528321266174316,-11.781054496765137
82,55,-48,9.11572265625,-4.722949504852295,3.100781202316284,176,60,-66,10.393359184265137,8.699414253234863,6.330761909484863
72,144,-21,3.4979493618011475,-3.2826173305511475,-4.37841796875,128,159,-66,8.120409965515137,5.507714748382568,13.910449028015137
-21,172,19,-2.5552735328674316,-1.6604492664337158,-3.0433595180511475,-81,208,-50,7.579687595367432,9.388476371765137,18.2314453125
-21,58,-11,-0.8421875238418579,-2.454785108566284,6.646582126617432,-76,169,-43,5.689550876617432,4.47412109375,21.02119255065918
7,-77,-1,5.469433784484863,1.5168945789337158,3.42138671875,-44,50,-46,7.44091796875,5.459863185882568,17.28877067565918
-26,-117,34,10.83837890625,4.42626953125,-0.5072265863418579,-44,-56,-16,6.416894435882568,2.7801759243011475,7.976855754852295
-71,-67,12,17.44189453125,-2.426074266433716,2.9476563930511475,-78,-115,29,4.048242092132568,0.5215820670127869,-1.5647461414337158
-80,-105,-41,16.877246856689453,-5.306738376617432,15.92978572845459,-181,-202,118,-1.0670899152755737,3.51708984375,1.626953125
18,-114,-63,10.374218940734863,-8.15869140625,18.336719512939453,-109,-345,53,-1.047949194908142,-1.2776367664337158,-0.3062500059604645
100,-59,-84,6.81884765625,-4.244433879852295,16.776758193969727,168,-230,-73,7.3212890625,-4.526757717132568,-17.446680068969727
41,53,-54,5.818749904632568,-1.368554711341858,7.05810546875,205,50,-119,10.728320121765137,10.59912109375,2.79931640625
-40,171,43,4.727734565734863,-7.613183975219727,-3.6175782680511475,176,194,-131,7.235156536102295,3.981250047683716,15.819726943969727
-42,170,62,0.04306640848517418,-1.50732421875,-0.799121081829071,-36,213,-116,12.063379287719727,10.73789119720459,18.0400390625
-74,80,38,1.5695313215255737,-2.091113328933716,2.87109375,-124,191,-56,12.192578315734863,5.560351848602295,17.748144149780273
-17,-4,4,7.713672161102295,1.0383789539337158,1.4929687976837158,-24,144,-45,10.776171684265137,3.8472657203674316,13.08261775970459
-10,-41,-9,11.637499809265137,3.0625,1.8662109375,-26,84,-30,8.838183403015137,2.8519532680511475,7.350000381469727
24,-54,-12,14.776562690734863,1.598242163658142,5.895312786102295,-109,-38,36,4.005176067352295,2.0145509243011475,2.5409181118011475
12,-101,-5,14.68564510345459,-1.3254883289337158,18.930078506469727,-277,-210,149,-4.454980373382568,3.8472657203674316,2.9715821743011475
8,-125,-26,10.73789119720459,-4.852148532867432,19.623926162719727,-225,-374,62,-4.383203029632568,-1.6173828840255737,-1.1149414777755737
90,-10,-57,7.235156536102295,-3.8329102993011475,15.058887481689453,0,-343,-96,4.37841796875,-4.009961128234863,-13.37451171875
99,129,-40,5.976660251617432,-2.9189453125,7.804590225219727,271,-110,-182,12.785937309265137,1.9810547828674316,-6.220703125
-66,196,52,4.871289253234863,0.4833008050918579,-2.665332078933716,140,133,-180,11.3408203125,3.4405274391174316,8.641992568969727
-81,194,91,-1.727441430091858,-2.071972608566284,0.9905273914337158,91,216,-205,10.40771484375,10.780957221984863,15.9345703125
-146,115,70,-0.669921875,-3.933398485183716,-0.5263671875,-123,240,-86,12.111230850219727,8.641992568969727,16.791112899780273
-55,26,-15,3.7132813930511475,-2.6318359375,0.9091796875,-58,203,-33,11.833691596984863,3.459667921066284,14.336328506469727
16,-88,-67,8.900390625,0.971386730670929,4.966992378234863,-46,124,-21,10.37900447845459,4.335351467132568,9.154004096984863
-11,-261,-8,12.6328125,1.7609375715255737,8.551074028015137,-53,-13,1,4.100879192352295,1.7322266101837158,6.144140720367432
-25,-346,22,14.388964653015137,-6.593945503234863,10.441210746765137,-109,-161,74,-1.33984375,3.7132813930511475,5.0244140625
-89,-311,-8,16.40351676940918,-4.598535060882568,11.948534965515137,-134,-267,85,-1.74658203125,0.995312511920929,-1.177148461341858
-64,-99,-82,15.393848419189453,-5.823535442352295,7.086816310882568,21,-270,19,3.387890577316284,-1.6413086652755737,-10.780957221984863
117,146,-101,10.824023246765137,-3.435742139816284,2.2203125953674316,79,-48,-76,11.943750381469727,-3.765918016433716,-8.929101943969727
100,276,-28,3.454882860183716,-7.670605659484863,2.904589891433716,52,90,-82,11.43173885345459,7.881152629852295,18.934864044189453
75,301,-25,2.383007764816284,-4.866504192352295,6.426465034484863,167,143,-128,9.25927734375,5.952734470367432,16.073339462280273
-47,221,-10,2.4930665493011475,-0.7129883170127869,6.273339748382568,-65,219,-92,10.579980850219727,4.2587890625,16.159473419189453
-62,142,-4,4.04345703125,0.05263672024011612,1.2537109851837158,-132,197,-33,11.9150390625,4.387988567352295,15.054101943969727
-42,56,16,7.661035537719727,3.3065431118011475,0.46416017413139343,-90,104,25,11.441308975219727,5.3115234375,9.268847465515137
10,-69,18,9.35498046875,2.210742235183716,5.646484375,-43,-13,65,3.1629884243011475,1.22021484375,5.19189453125
-83,-201,34,11.422167778015137,-2.6796875,10.95322322845459,-47,-138,111,-1.8614258766174316,-0.08134765923023224,3.8711915016174316
-42,-261,-28,9.776074409484863,-6.325976848602295,18.954004287719727,-52,-236,110,-2.239453077316284,-0.05263672024011612,2.904589891433716
37,-204,-63,7.373926162719727,-2.6749024391174316,17.43232536315918,36,-293,45,1.5408203601837158,-1.607812523841858,-5.579492092132568
43,-39,-52,11.010644912719727,-2.5361328125,9.99619197845459,49,-94,-72,9.819140434265137,-5.19189453125,-12.068163871765137
13,145,8,8.6611328125,-0.995312511920929,7.445703506469727,-66,36,-115,14.728711128234863,7.7998046875,10.757031440734863
-30,238,48,5.756543159484863,-3.4453125,0.8900390863418579,237,74,-156,8.436230659484863,4.09130859375,14.628222465515137
-129,217,95,1.07666015625,0.512011706829071,-0.59814453125,33,136,-112,9.857421875,5.943164348602295,18.58076286315918
-101,194,68,0.4306640625,-6.258984565734863,-1.3972656726837158,-62,124,-71,11.178125381469727,4.636816501617432,14.848340034484863
113,52,-50,1.143652319908142,-3.42138671875,3.99560546875,-135,81,-13,12.996484756469727,6.751855373382568,12.570605278015137
116,-160,-32,4.512402534484863,4.392773628234863,2.670117139816284,-144,11,54,8.22568416595459,2.70361328125,7.938574314117432
-113,-289,63,14.250195503234863,-2.378222703933716,3.7707033157348633,-8,-47,29,5.345019817352295,-1.1962890625,0.588574230670929
-92,-309,-26,15.52783203125,-6.809277534484863,11.65185546875,57,-99,69,2.521777391433716,3.1869142055511475,1.765722632408142
-33,-234,-66,13.738183975219727,-3.172558546066284,13.197461128234863,38,-177,121,0.12441406399011612,1.4977539777755737,0.5311523675918579
67,-79,-85,13.843457221984863,-4.488476753234863,11.6279296875,-3,-214,82,2.5791993141174316,0.15791015326976776,-3.646289110183716
33,33,-47,12.93906307220459,-2.3495118618011475,10.608691215515137,-71,-106,-73,9.608593940734863,0.3780273497104645,-9.144433975219727
-131,148,54,10.637402534484863,4.464550971984863,2.0384767055511475,-62,60,-111,12.08251953125,3.172558546066284,11.398241996765137
79,328,54,5.560351848602295,-8.842968940734863,-5.995800971984863,170,145,-142,8.929101943969727,2.5074219703674316,14.01572322845459
-21,330,53,0.756054699420929,-0.708203136920929,-0.636425793170929,-20,204,-104,9.599023818969727,5.211035251617432,14.259765625
-89,232,82,0.20097656548023224,-3.7372071743011475,0.19140625,-88,178,-88,12.211718559265137,4.966992378234863,16.76240348815918
80,51,-4,0.8565430045127869,-6.53173828125,3.46923828125,-100,101,-15,11.19248104095459,9.49375057220459,15.585254669189453
90,-154,17,5.163183689117432,3.2826173305511475,4.469336032867432,-33,22,46,8.211328506469727,0.9426758289337158,7.943359375
-180,-321,60,11.326464653015137,-3.7611329555511475,7.283008098602295,120,-10,25,5.263671875,-0.899609386920929,1.358984351158142
-69,-351,-67,12.27392578125,-4.9287109375,10.943652153015137,4,-43,84,2.335156202316284,2.9380860328674316,0.39716798067092896
-35,-256,-61,17.231348037719727,0.5263671875,10.197168350219727,-134,-172,134,-0.3062500059604645,3.454882860183716,0.0
48,-48,-73,16.173828125,-6.637012004852295,14.04443359375,-133,-254,21,1.6652344465255737,0.564648449420929,-4.789941310882568
-61,82,-68,12.785937309265137,-2.4404296875,10.316797256469727,49,-139,-114,12.02988338470459,0.4306640625,-3.9190430641174316
-111,223,51,10.42685604095459,1.894921898841858,-5.330664157867432,-7,49,-68,11.74755859375,1.9475586414337158,9.981836318969727
88,338,42,4.789941310882568,-4.957421779632568,-5.517285346984863,113,134,-73,9.656445503234863,4.37841796875,13.570703506469727
-15,260,92,-0.46416017413139343,-3.9142580032348633,1.12451171875,-66,181,-57,9.3310546875,3.6893556118011475,19.46601676940918
-12,72,92,-1.50732421875,-5.751758098602295,4.129590034484863,-1,135,-40,10.292871475219727,5.110547065734863,18.513769149780273
73,-103,38,1.512109398841858,-2.8998048305511475,2.497851610183716,17,79,9,12.116015434265137,6.546093940734863,13.982226371765137
36,-201,43,8.838183403015137,0.8134765625,-2.287304639816284,46,32,50,9.532031059265137,2.1963868141174316,5.115332126617432
-13,-216,-14,15.657032012939453,-0.15791015326976776,5.129687786102295,-45,13,69,7.326074123382568,0.6651367545127869,-3.383105516433716
-27,-199,-37,17.513671875,2.048046827316284,11.034570693969727,-166,-92,119,0.78955078125,4.517187595367432,2.4117188453674316
-36,-120,-30,15.747949600219727,-3.7515625953674316,15.996777534484863,-169,-274,68,-4.110449314117432,2.9955079555511475,3.4500977993011475
-25,-12,-83,11.5322265625,-5.220605373382568,13.795605659484863,-47,-311,-44,0.655566394329071,0.05263672024011612,-7.761523723602295
-87,83,-65,8.65634822845459,-2.2059571743011475,6.785351753234863,92,-92,-127,12.383984565734863,-2.0767579078674316,-7.5126953125
-102,175,33,7.818945407867432,-1.26806640625,-1.3733398914337158,-110,97,-53,13.48935604095459,2.2777345180511475,8.933886528015137
161,237,21,2.89501953125,-9.25449275970459,-1.536035180091858,145,153,-118,10.828808784484863,4.249218940734863,13.42236328125
14,158,78,-1.3972656726837158,-0.775195300579071,2.3877930641174316,39,233,-100,11.38388729095459,4.47412109375,17.212207794189453
-94,23,109,0.45458984375,-4.627246379852295,0.18183593451976776,52,214,-66,13.163965225219727,5.723046779632568,16.40351676940918
-17,-69,69,7.995996475219727,-1.406835913658142,-0.9139648675918579,0,178,1,12.51318359375,5.866601467132568,10.733105659484863
21,-105,11,14.790918350219727,0.44023439288139343,2.1581056118011475,-86,140,54,9.192285537719727,1.6173828840255737,3.0146484375
11,-131,-18,14.546875,1.626953125,14.33154296875,-118,7,48,3.387890577316284,1.7609375715255737,2.1724610328674316
-38,-106,-25,12.575390815734863,-2.4404296875,16.58056640625,-94,-237,68,-4.167870998382568,8.570215225219727,7.077246189117432
-33,-50,-85,10.149316787719727,-5.837890625,20.26513671875,-79,-393,61,-5.679980754852295,4.766015529632568,-3.292187452316284
20,30,-97,9.627734184265137,-3.340039014816284,11.388671875,-37,-175,-70,7.579687595367432,-7.594043254852295,-18.154882431030273
-6,126,-72,8.713769912719727,-3.5601563453674316,5.483788967132568,23,22,-98,13.427148818969727,5.258886814117432,6.617871284484863
-12,167,-10,6.503027439117432,-8.713769912719727,-3.191699266433716,113,112,-124,10.771387100219727,2.6270508766174316,12.589746475219727
-26,131,36,-1.3541992902755737,-1.1149414777755737,-0.4306640625,24,186,-60,11.005859375,7.168164253234863,18.379785537719727
-48,2,34,-2.51220703125,-5.943164348602295,3.3974609375,-18,179,10,9.311914443969727,3.741992235183716,17.81513786315918
28,-123,17,2.1963868141174316,-1.000097632408142,-0.39238283038139343,34,127,17,9.61337947845459,4.096093654632568,15.350781440734863
35,-138,54,8.814257621765137,6.168066501617432,-5.531640529632568,-4,77,46,11.22119140625,3.42138671875,7.986425876617432
-81,-120,120,18.489843368530273,5.278027534484863,5.995800971984863,-79,33,35,7.881152629852295,-0.765625,-2.3255860805511475
-32,-86,21,17.09736442565918,-5.727832317352295,18.17402458190918,-70,-95,59,0.540722668170929,4.387988567352295,4.56982421875
6,-31,-33,12.05859375,-4.287499904632568,20.107227325439453,-113,-302,81,-4.828222751617432,7.881152629852295,6.024511814117432
-63,-25,-45,9.091796875,-6.603515625,13.2548828125,-131,-287,43,0.32060548663139343,1.1005859375,-10.852734565734863
-1,37,-59,7.795019626617432,-8.603711128234863,5.325879096984863,-46,-36,-118,9.87656307220459,-9.46982479095459,-5.641699314117432
47,116,-18,9.608593940734863,-5.689550876617432,-5.297168254852295,14,98,-110,12.063379287719727,4.746875286102295,10.52255916595459
123,190,28,1.918847680091858,-2.7706055641174316,-2.5361328125,210,169,-121,10.364648818969727,5.517285346984863,16.28388786315918
-65,151,93,-1.105371117591858,-3.6845703125,0.10527344048023224,36,211,-65,10.589550971984863,7.445703506469727,19.145410537719727
-12,13,71,1.358984351158142,-2.6988282203674316,3.407031297683716,23,174,-24,10.13974666595459,4.440625190734863,17.365331649780273
11,-111,35,5.919238567352295,0.846972644329071,-0.17226563394069672,-19,95,11,12.092089653015137,5.412011623382568,10.134961128234863
-61,-199,29,13.522851943969727,4.670312404632568,0.6172851920127869,-133,8,29,9.49375057220459,2.138964891433716,2.526562452316284
-152,-220,13,21.662403106689453,-3.646289110183716,7.187304973602295,-140,-112,30,0.708203136920929,5.7421875,0.947460949420929
-78,-131,-71,19.58564567565918,-8.48886775970459,15.81015682220459,-124,-253,59,-3.6319336891174316,5.656054973602295,2.41650390625
1,1,-136,10.914941787719727,-9.106152534484863,15.62353515625,-31,-299,10,-1.3015625476837158,0.46894532442092896,-3.837695360183716
25,135,-128,8.268750190734863,-6.311621189117432,7.177734375,-18,-105,-85,9.847851753234863,-6.010156154632568,-6.402539253234863
-28,231,-25,9.953125,-2.761035203933716,0.3875976502895355,7,75,-85,13.073046684265137,1.225000023841858,7.2255859375
60,281,32,2.8232421875,-8.479296684265137,-0.12441406399011612,192,182,-145,9.5703125,5.4072265625,13.20703125
-75,190,119,-1.105371117591858,-0.0478515625,0.851757824420929,17,225,-90,11.45566463470459,6.7470703125,20.413476943969727
-82,92,134,1.6173828840255737,-2.9380860328674316,-1.0048828125,13,186,-17,11.69970703125,5.818749904632568,16.178613662719727
51,0,51,7.091601848602295,-2.1724610328674316,2.9141602516174316,1,147,22,10.52255916595459,4.311425685882568,10.52255916595459
-13,-145,9,8.4697265625,4.608105659484863,9.154004096984863,-44,45,30,9.910058975219727,2.478710889816284,5.354589939117432
-109,-264,-10,12.44140625,-3.66064453125,9.5703125,-121,-92,36,1.7083008289337158,6.522168159484863,3.3065431118011475
-29,-285,-74,14.609082221984863,-5.16796875,16.877246856689453,-148,-254,94,-4.512402534484863,8.574999809265137,1.5791015625
-41,-236,-128,13.881738662719727,-5.555566310882568,9.6181640625,-137,-308,65,-3.5840821266174316,0.74169921875,-4.603320598602295
-88,11,-132,9.862207412719727,-3.13427734375,4.392773628234863,0,-160,-40,7.2734375,-5.364160060882568,-8.077343940734863
7,219,-25,6.383398532867432,-5.0244140625,5.062695503234863,0,-13,-91,14.077929496765137,3.0194337368011475,9.981836318969727
99,321,29,5.651269435882568,-7.46484375,2.191601514816284,122,84,-99,10.197168350219727,0.756054699420929,10.623046875
43,269,67,1.741796851158142,-1.4499024152755737,8.196972846984863,61,225,-102,10.71396541595459,3.2251954078674316,13.388867378234863
-76,164,132,1.818359375,-0.11005859822034836,0.30146485567092896,6,240,-75,12.51318359375,3.7276368141174316,17.77685546875
-24,145,126,4.766015529632568,-0.583789050579071,-4.172656536102295,4,229,-6,12.34091854095459,5.134472846984863,10.010546684265137
32,-11,6,5.234961032867432,2.473925828933716,10.0966796875,-24,131,11,12.039453506469727,3.6654298305511475,11.02500057220459
-171,-231,12,6.426465034484863,1.4690430164337158,10.25937557220459,-44,-23,0,2.426074266433716,2.12939453125,6.115429878234863
-120,-305,-52,11.2451171875,-6.608300685882568,14.025293350219727,-68,-140,18,-2.330371141433716,7.804590225219727,5.589062690734863
-85,-306,-109,11.38388729095459,-5.507714748382568,14.51816463470459,-122,-243,73,-4.608105659484863,4.40234375,1.3541992902755737
-21,-143,-134,13.58984375,-6.330761909484863,5.16796875,-93,-233,59,-0.46894532442092896,-3.2586915493011475,-6.062793254852295
18,70,-69,9.823925971984863,-4.478906154632568,4.335351467132568,-33,-117,-28,10.12060546875,-2.75146484375,-10.316797256469727
-38,221,51,4.675097942352295,-4.923925876617432,5.842675685882568,106,-10,-66,14.25498104095459,1.057519555091858,13.3505859375
132,272,60,2.904589891433716,-9.862207412719727,3.7850587368011475,193,87,-67,8.68027400970459,5.211035251617432,12.38877010345459
100,234,71,1.047949194908142,-0.9618164300918579,4.04345703125,55,208,-48,7.3212890625,2.378222703933716,17.068653106689453
-65,137,131,1.894921898841858,0.8326172232627869,-1.0192383527755737,-20,223,-56,13.08261775970459,4.655957221984863,16.298242568969727
-57,43,74,3.541015625,-1.823144555091858,-0.559863269329071,-61,159,-18,14.910547256469727,9.7138671875,13.29794979095459
-7,-69,0,9.283203125,3.4022462368011475,9.283203125,-59,60,34,7.474414348602295,3.25390625,6.967187404632568
-210,-216,-8,12.31699275970459,-3.148632764816284,10.47470760345459,24,-45,3,1.22021484375,0.31103515625,4.292285442352295
-114,-245,-102,10.69003963470459,-9.718652725219727,15.207226753234863,-70,-151,34,-2.9859375953674316,3.4261720180511475,3.158203125
-8,-239,-107,9.3310546875,-7.948144912719727,14.369824409484863,-193,-255,70,-4.28271484375,2.6988282203674316,0.34453126788139343
-10,-115,-80,10.077539443969727,-11.948534965515137,8.316601753234863,-101,-223,-33,4.13916015625,-3.7611329555511475,-8.771191596984863
33,93,-33,7.20166015625,-8.388379096984863,5.464648723602295,142,-46,-151,15.819726943969727,0.08613281697034836,0.10527344048023224
131,220,9,8.340527534484863,-6.062793254852295,-1.41162109375,163,70,-54,11.283398628234863,7.9912109375,12.326562881469727
188,261,-5,1.789648413658142,-1.9714844226837158,1.8997070789337158,127,179,-14,6.574804782867432,6.014941692352295,15.317285537719727
-57,177,87,0.8804687857627869,-0.0478515625,-2.08154296875,-42,212,-26,9.886133193969727,4.081738471984863,16.202539443969727
-39,97,83,0.971386730670929,0.3301757872104645,-0.44501954317092896,-69,152,-43,12.589746475219727,7.842871189117432,15.62353515625
11,-12,34,8.077343940734863,4.909570217132568,4.421484470367432,-62,84,1,10.393359184265137,5.52685546875,9.173144340515137
-151,-132,30,13.455859184265137,-1.72265625,7.163379192352295,63,25,-42,4.885644435882568,-1.2919921875,4.244433879852295
-119,-188,-76,12.79550838470459,-8.766406059265137,13.690332412719727,-38,-36,-22,0.851757824420929,3.048144578933716,4.502831935882568
-54,-218,-87,10.651758193969727,-9.68515682220459,16.441797256469727,-188,-175,61,-3.63671875,5.134472846984863,5.541211128234863
-45,-147,-80,8.594141006469727,-11.996386528015137,15.3603515625,-186,-301,60,-4.033886909484863,1.3972656726837158,-1.1388672590255737
-48,-8,-56,7.498340129852295,-7.737597942352295,9.78564453125,36,-190,-70,9.06787109375,-3.8951172828674316,-14.87705135345459
44,147,12,5.043554782867432,-2.7706055641174316,3.311328172683716,176,0,-62,15.159375190734863,8.043848037719727,3.0194337368011475
173,263,58,4.61767578125,-8.747265815734863,-5.8857421875,198,137,-21,7.0341796875,3.359179735183716,14.800488471984863
148,268,47,0.2679687440395355,-0.25361329317092896,0.7369140982627869,63,223,-51,6.928906440734863,5.010058879852295,17.685937881469727
-73,118,80,-0.5694336295127869,1.239355444908142,2.7466797828674316,-70,169,-97,10.350293159484863,6.177636623382568,21.016407012939453
-69,1,36,5.545996189117432,2.775390625,3.1151368618011475,-6,88,-61,11.95810604095459,9.484179496765137,13.455859184265137
-36,-87,-2,12.690234184265137,1.5695313215255737,5.493359565734863,30,58,-36,8.354883193969727,2.775390625,6.943261623382568
-64,-153,-44,12.910351753234863,-3.239550828933716,12.044238090515137,-24,-16,-12,4.1630859375,2.2059571743011475,3.239550828933716
-14,-219,-68,10.71396541595459,-8.144335746765137,16.815038681030273,-219,-115,88,-1.8805664777755737,4.804296970367432,3.5888671875
-8,-210,-55,9.45068359375,-10.28330135345459,16.815038681030273,-307,-275,104,-5.991015911102295,0.8900390863418579,1.272851586341858
-42,-91,-65,8.03427791595459,-7.905078411102295,11.737988471984863,-90,-274,-41,3.2347657680511475,-2.067187547683716,-11.484375
0,76,-36,5.651269435882568,-3.7707033157348633,5.584277629852295,334,-109,-138,15.42734432220459,2.450000047683716,-3.196484327316284
28,211,53,6.230273723602295,-2.1963868141174316,-3.6319336891174316,172,79,-40,9.168359756469727,5.828320503234863,10.058398246765137
209,252,4,0.684277355670929,-4.263574123382568,2.091113328933716,118,155,-73,7.278222560882568,7.15380859375,14.54209041595459
-34,116,48,-1.296777367591858,1.7848633527755737,1.55517578125,-52,135,-126,10.69003963470459,6.330761909484863,20.0498046875
-122,48,56,2.2442383766174316,3.0337891578674316,-1.464257836341858,15,104,-105,15.2646484375,9.21142578125,11.04892635345459
-42,-72,5,10.431640625,1.4738281965255737,7.407422065734863,15,105,-64,11.84326171875,3.42138671875,9.101366996765137
-133,-200,-7,11.2451171875,0.24404297769069672,6.19677734375,-30,38,-49,7.24951171875,2.138964891433716,7.125097751617432
-159,-197,-30,16.43701171875,-9.622949600219727,4.76123046875,-219,-65,38,3.119921922683716,4.009961128234863,1.775292992591858
-37,-192,-59,15.207226753234863,-12.55625057220459,13.25009822845459,-346,-174,105,-3.196484327316284,3.5840821266174316,0.02871093899011612
20,-118,-92,9.795214653015137,-12.570605278015137,13.738183975219727,-122,-261,12,-0.26318359375,-1.033593773841858,-2.789746046066284
62,9,-107,7.283008098602295,-5.364160060882568,9.551172256469727,259,-168,-80,9.20664119720459,-1.239355444908142,-10.422070503234863
41,127,-32,5.86181640625,-1.9332032203674316,4.804296970367432,205,-30,-16,13.20224666595459,10.14453125,8.220898628234863
87,212,22,7.364355564117432,-8.307031631469727,-4.708593845367432,157,76,-50,8.900390625,1.2345703840255737,12.728515625
111,214,-2,1.6413086652755737,-0.4115234315395355,2.837597608566284,-7,157,-105,9.508105278015137,8.48886775970459,15.11630916595459
-82,136,30,0.69384765625,1.6891602277755737,2.5409181118011475,-58,160,-94,11.977246284484863,5.359375,16.8916015625
-140,51,50,4.703808784484863,3.1294922828674316,0.516796886920929,27,110,-75,13.42236328125,4.646386623382568,11.919824600219727
-129,-32,29,9.88134765625,0.3349609375,1.9092774391174316,41,65,-64,11.17333984375,2.17724609375,5.507714748382568
-51,-107,-23,13.283594131469727,-3.1534180641174316,6.847558498382568,-60,3,-3,6.550879001617432,1.9810547828674316,3.4644532203674316
-43,-204,-13,14.09228515625,-8.694628715515137,15.657032012939453,-226,-85,107,0.27275392413139343,4.732519626617432,3.627148389816284
57,-274,-49,10.292871475219727,-12.757226943969727,17.666797637939453,-228,-211,119,-1.5647461414337158,1.1484375,1.9523438215255737
14,-188,-92,7.909863471984863,-9.292773246765137,10.154101371765137,-16,-221,4,3.1773438453674316,-2.215527296066284,-7.522265911102295
31,45,-84,6.354687690734863,-4.057812690734863,3.0577149391174316,242,-62,-57,10.3837890625,3.25390625,-2.65576171875
78,225,9,8.9482421875,-3.933398485183716,0.50244140625,79,73,-6,9.536816596984863,5.5986328125,11.656641006469727
139,300,-9,5.5029296875,-5.234961032867432,1.382910132408142,197,122,-109,7.39306640625,7.053320407867432,10.723535537719727
-78,238,23,0.870898425579071,2.263378858566284,3.555371046066284,-34,170,-105,10.326367378234863,6.589160442352295,16.92988395690918
-127,145,23,1.693945288658142,-0.3828125,3.220410108566284,-49,104,-71,12.216504096984863,4.85693359375,19.221973419189453
-30,49,5,5.545996189117432,3.3304688930511475,1.89013671875,-19,35,-33,10.254590034484863,3.8807618618011475,10.589550971984863
34,-48,-23,8.196972846984863,0.9761719107627869,3.0337891578674316,-31,-3,-3,7.962500095367432,1.4451172351837158,5.608203411102295
-24,-163,0,12.48447322845459,-2.48828125,9.388476371765137,-112,-51,44,3.9190430641174316,3.148632764816284,3.9286134243011475
-114,-286,-17,11.962890625,-11.67578125,18.6142578125,-117,-132,112,-0.02392578125,3.828125,3.3974609375
24,-291,-79,7.723242282867432,-7.957715034484863,15.173730850219727,-27,-206,104,-0.08134765923023224,-0.512011706829071,1.287207007408142
59,-137,-106,8.35009765625,-3.8185548782348633,9.488965034484863,96,-175,45,3.1534180641174316,-1.8614258766174316,-8.292675971984863
73,76,-86,9.49853515625,0.15312500298023224,2.6366212368011475,47,3,-40,9.914843559265137,-0.2392578125,-2.8184571266174316
60,243,6,8.25439453125,-4.531543254852295,5.90966796875,-22,66,-51,11.31210994720459,4.804296970367432,16.52314567565918
53,286,-7,5.158398628234863,-4.335351467132568,4.273144721984863,136,125,-129,7.91943359375,4.416699409484863,13.843457221984863
-124,218,26,2.3160157203674316,1.4690430164337158,3.1103515625,8,181,-133,9.694726943969727,3.9286134243011475,16.441797256469727
-163,152,44,3.119921922683716,0.5072265863418579,-0.0478515625,-35,138,-90,12.379199028015137,5.928808689117432,16.374805450439453
-23,74,-29,4.560254096984863,-0.64599609375,2.8184571266174316,-100,67,0,11.225976943969727,5.943164348602295,10.49863338470459
51,-99,-61,6.948047161102295,2.0576171875,4.531543254852295,-97,-49,28,4.598535060882568,-1.1962890625,7.019824504852295
-52,-250,-5,12.14951229095459,-3.651074171066284,9.646875381469727,-18,-121,42,2.1963868141174316,2.4691407680511475,3.2826173305511475
-52,-342,-31,10.25937557220459,-8.82382869720459,18.03046989440918,-7,-171,83,1.392480492591858,2.043261766433716,1.1962890625
94,-285,-62,8.56064510345459,-3.316113233566284,13.331445693969727,126,-168,81,2.2059571743011475,-1.26806640625,-4.153515815734863
98,-89,-56,10.484277725219727,-0.612500011920929,5.770898342132568,44,-46,11,5.660840034484863,-1.536035180091858,-6.201562404632568
-29,110,22,7.445703506469727,-2.430859327316284,6.62744140625,-76,9,-61,11.857617378234863,3.6415040493011475,16.360448837280273
-32,218,59,12.14951229095459,-3.2586915493011475,6.632226467132568,33,25,-108,7.938574314117432,4.799511909484863,11.88632869720459
0,276,42,7.015038967132568,-3.7850587368011475,3.2730469703674316,66,132,-133,7.211230754852295,5.5986328125,12.1064453125
-48,256,51,3.8089845180511475,-0.30146485567092896,1.1867188215255737,-55,168,-98,9.072656631469727,5.330664157867432,15.365137100219727
-70,193,62,3.148632764816284,-2.048046827316284,-1.3063477277755737,-85,119,-44,11.871973037719727,4.804296970367432,16.614063262939453
83,32,-28,1.5408203601837158,-5.919238567352295,3.4261720180511475,-99,23,10,8.503222465515137,7.541406631469727,12.498827934265137
121,-139,-8,4.373632907867432,4.531543254852295,4.837792873382568,-20,-49,41,5.47900390625,-0.24882812798023224,8.024706840515137
-202,-284,59,10.034472465515137,-4.04345703125,8.23046875,148,-78,27,4.033886909484863,-0.5550781488418579,1.1388672590255737
-67,-265,-63,9.704297065734863,-6.263769626617432,12.450976371765137,76,-90,97,1.000097632408142,4.37841796875,-1.081445336341858
28,-173,-57,11.81455135345459,-0.894824206829071,11.71884822845459,-67,-128,154,0.4737304747104645,2.406933546066284,-3.85205078125
26,-7,-5,11.6279296875,-4.172656536102295,13.2548828125,-108,-90,19,6.215918064117432,-0.6507812738418579,-5.105762004852295
-58,108,27,9.838281631469727,-4.6416015625,10.560839653015137,-78,14,-88,11.89111328125,1.024023413658142,8.713769912719727
-11,161,44,11.589648246765137,-4.129590034484863,3.167773485183716,84,47,-104,8.555859565734863,1.488183617591858,12.75244140625
137,216,-22,4.636816501617432,-2.330371141433716,-2.1341798305511475,96,100,-77,7.718457221984863,6.230273723602295,13.360156059265137
-46,184,19,0.559863269329071,-2.909374952316284,-3.13427734375,-61,126,-40,8.56064510345459,3.0577149391174316,16.982519149780273
22,1,-3,-1.823144555091858,-6.048437595367432,5.617773532867432,-51,121,-52,7.876367568969727,7.972070693969727,17.0830078125
60,-198,4,0.7704101800918579,-2.024121046066284,2.138964891433716,-28,70,-8,10.005762100219727,6.641797065734863,15.66660213470459
-26,-253,79,9.37890625,1.129296898841858,-5.751758098602295,46,-7,9,8.790331840515137,2.3495118618011475,7.177734375
-76,-152,43,18.264942169189453,-3.2012696266174316,1.775292992591858,14,-2,37,5.976660251617432,-0.22490234673023224,-3.909472703933716
-20,-91,-64,16.767187118530273,-1.335058569908142,14.082715034484863,-87,-30,156,0.7369140982627869,7.187304973602295,0.45458984375
41,-7,-33,12.91513729095459,-3.0146484375,16.661914825439453,-217,-225,217,-4.689453125,5.837890625,2.70361328125
38,35,-44,11.087206840515137,-6.742285251617432,14.4990234375,-94,-258,24,0.607714831829071,-4.053027629852295,-6.29248046875
-67,66,-48,10.04404354095459,-4.23486328125,6.6513671875,-20,-38,-157,11.570508003234863,-7.350000381469727,-2.79931640625
-90,138,-8,8.460156440734863,-0.23447266221046448,-0.8182617425918579,21,79,-124,11.465234756469727,0.631640613079071,14.144922256469727
166,206,-40,2.5169923305511475,-6.517383098602295,-2.402148485183716,174,109,-136,8.905176162719727,5.833105564117432,15.09238338470459
68,140,22,-1.296777367591858,-1.5934571027755737,1.12451171875,-31,153,-93,9.029589653015137,6.512597560882568,16.432226181030273
-34,28,90,0.0047851563431322575,-1.50732421875,0.765625,26,143,-54,11.752344131469727,5.364160060882568,15.063672065734863
-28,-50,102,7.206445217132568,0.947460949420929,-0.34453126788139343,56,80,-22,12.594531059265137,4.813867092132568,11.757128715515137
-56,-67,77,13.116113662719727,0.660351574420929,3.9908204078674316,26,39,10,8.17783260345459,-0.10048828274011612,-1.622167944908142
-47,-92,-1,12.900781631469727,-1.3015625476837158,14.671289443969727,-73,-3,82,3.2060546875,3.5888671875,-0.2583984434604645
-72,-72,19,8.3740234375,-3.459667921066284,17.40839958190918,-143,-190,126,-2.46435546875,8.211328506469727,4.325781345367432
-62,-26,-16,6.3642578125,-8.579785346984863,18.54248046875,-111,-273,39,-0.44501954317092896,2.497851610183716,-2.1341798305511475
-121,-9,-22,7.043750286102295,-6.718359470367432,13.077832221984863,29,-102,-100,9.46982479095459,-7.369140625,-8.866894721984863
-185,54,-7,6.603515625,-3.411816358566284,0.535937488079071,-7,37,-87,13.140039443969727,6.895410060882568,12.450976371765137
162,133,-34,5.354589939117432,-10.536913871765137,-3.99560546875,51,90,-78,10.78574275970459,2.694042921066284,16.97773551940918
214,103,-35,1.024023413658142,-2.5648438930511475,1.31591796875,-30,167,-52,9.58945369720459,7.469629287719727,15.944141387939453
75,59,35,1.3494141101837158,-1.4499024152755737,-1.1101562976837158,-46,188,-13,10.50341796875,4.277929782867432,15.3125
29,45,83,5.976660251617432,1.670019507408142,-0.6986328363418579,0,138,18,11.063281059265137,5.033984661102295,12.570605278015137
11,3,91,9.15878963470459,3.2060546875,7.96728515625,16,59,55,8.8525390625,0.636425793170929,1.4690430164337158
-24,-95,35,10.536913871765137,-0.9761719107627869,11.637499809265137,-67,-2,103,3.220410108566284,5.392871379852295,0.4115234315395355
-99,-161,13,8.20654296875,-4.71337890625,18.714746475219727,-110,-191,117,-3.239550828933716,5.603417873382568,4.531543254852295
-76,-131,-66,7.7041015625,-7.914648532867432,18.657323837280273,-84,-282,24,-0.9091796875,1.1819336414337158,-1.7561523914337158
-100,-31,-96,7.68017578125,-5.900097846984863,13.48935604095459,89,-113,-144,8.220898628234863,-5.00048828125,-7.278222560882568
-245,62,-23,6.751855373382568,4.900000095367432,5.388085842132568,-11,19,-93,12.14951229095459,8.024706840515137,7.838086128234863
51,194,35,4.7373046875,-11.4365234375,-7.206445217132568,170,72,-99,9.465039253234863,2.94287109375,12.685449600219727
180,184,18,0.32060548663139343,-4.80908203125,1.813574194908142,-28,132,-80,9.010449409484863,8.330957412719727,19.77705192565918
49,52,62,-0.7704101800918579,-4.407128810882568,2.3973634243011475,-28,114,-48,11.015429496765137,6.091504096984863,18.8056640625
109,-63,53,2.48828125,-1.105371117591858,0.5455078482627869,-38,88,11,11.24033260345459,9.359766006469727,14.532519340515137
78,-114,75,11.09677791595459,6.115429878234863,-3.143847703933716,-92,28,87,9.488965034484863,3.148632764816284,4.038671970367432
-26,-156,26,15.21201229095459,-0.5790039300918579,10.240234375,-125,22,83,5.842675685882568,2.741894483566284,-4.746875286102295
9,-175,-27,15.269433975219727,1.6891602277755737,14.04443359375,-131,-138,138,-0.57421875,7.756738662719727,2.60791015625
-43,-162,-26,13.116113662719727,-4.9287109375,17.197851181030273,-134,-289,76,-3.6080079078674316,0.21054688096046448,1.1005859375
-91,-62,-82,10.302441596984863,-5.077050685882568,12.876855850219727,89,-230,-80,3.4022462368011475,-4.306640625,-8.555859565734863
-135,106,-54,3.6415040493011475,-2.143749952316284,5.713476657867432,75,-34,-159,11.484375,1.6652344465255737,10.12060546875
-101,224,61,7.20166015625,-0.13398437201976776,-0.9522461295127869,-92,102,-66,10.83359432220459,1.53125,10.206738471984863
160,292,37,0.9618164300918579,-9.311914443969727,0.3780273497104645,-3,187,-110,9.30712890625,5.187109470367432,12.79550838470459
-3,188,78,0.10527344048023224,-0.894824206829071,4.349707126617432,5,209,-86,11.197265625,3.1629884243011475,20.667089462280273
-95,31,105,2.808886766433716,-0.6029297113418579,3.909472703933716,59,120,-31,14.47031307220459,5.282812595367432,18.10224723815918
-5,-79,69,9.25449275970459,0.27275392413139343,2.784960985183716,50,44,57,12.91513729095459,4.344922065734863,5.488574504852295
91,-175,-38,11.197265625,-0.17705078423023224,8.17783260345459,-84,12,147,5.947949409484863,1.50732421875,-1.512109398841858
27,-258,-66,11.115918159484863,2.65576171875,11.93896484375,-159,-130,161,-0.612500011920929,4.550683498382568,1.4977539777755737
37,-233,-74,13.85302734375,-2.095898389816284,14.891407012939453,-145,-278,87,-3.8233399391174316,3.005078077316284,-0.095703125
2,-120,-98,11.64707088470459,-0.870898425579071,13.685546875,98,-231,-70,3.8472657203674316,-1.9810547828674316,-9.20664119720459
-79,41,-62,0.971386730670929,-3.8951172828674316,12.025097846984863,59,-38,-102,14.120996475219727,10.048828125,14.508593559265137
-217,136,89,6.325976848602295,3.7467775344848633,0.98095703125,-37,87,-94,8.99609375,-0.41630861163139343,10.55126953125
-50,204,134,2.789746046066284,-11.656641006469727,-1.8518555164337158,0,177,-131,9.670801162719727,4.09130859375,10.800097465515137
54,198,116,3.1534180641174316,-4.28271484375,0.923535168170929,-58,204,-111,11.00107479095459,4.297070503234863,15.968067169189453
-91,56,124,3.411816358566284,-3.8903322219848633,3.89990234375,66,148,-63,13.580273628234863,6.163281440734863,16.910741806030273
6,-48,22,8.311816215515137,-3.622363328933716,1.296777367591858,69,74,21,11.680566787719727,7.63232421875,11.737988471984863
98,-107,-43,10.97714900970459,3.9525392055511475,5.148828029632568,20,13,90,7.637109756469727,2.6988282203674316,2.8280274868011475
47,-194,-51,13.34580135345459,2.4930665493011475,10.613476753234863,-169,-71,156,1.918847680091858,4.837792873382568,0.5263671875
24,-223,-36,12.3935546875,-0.5550781488418579,17.26484489440918,-250,-238,135,-4.09130859375,7.043750286102295,-0.15791015326976776
39,-144,-50,10.445996284484863,-4.52197265625,16.21211051940918,-71,-248,-23,-0.2679687440395355,-0.564648449420929,-4.478906154632568
-67,24,-50,7.53662109375,-3.2012696266174316,10.04404354095459,80,-28,-185,8.78076171875,-6.392968654632568,-6.024511814117432
-85,289,18,3.531445264816284,-4.2109375,-0.765625,-61,128,-109,11.962890625,5.976660251617432,11.929394721984863
78,411,8,3.03857421875,-8.436230659484863,1.335058569908142,65,174,-128,9.149218559265137,3.1151368618011475,12.379199028015137
-47,290,50,0.823046863079071,-1.6604492664337158,7.72802734375,-68,228,-60,9.311914443969727,5.47900390625,17.542383193969727
-120,63,69,1.6173828840255737,-4.263574123382568,7.517480850219727,19,145,-18,10.029687881469727,2.8232421875,21.112110137939453
-26,-113,34,3.4979493618011475,-0.894824206829071,4.775586128234863,53,23,34,10.441210746765137,7.216015815734863,16.54707145690918
-4,-180,19,9.292773246765137,1.847070336341858,3.789843797683716,46,-35,109,7.6083984375,1.5886719226837158,3.143847703933716
99,-187,-73,11.19248104095459,-1.1819336414337158,9.8095703125,-77,-43,187,3.244335889816284,3.6797852516174316,-1.31591796875
39,-239,-52,8.359667778015137,2.000195264816284,14.76220703125,-132,-192,193,-2.32080078125,6.321191310882568,2.48828125
32,-211,-44,7.818945407867432,-3.024218797683716,18.690820693969727,-100,-277,55,-2.000195264816284,0.4833008050918579,-1.1580078601837158
2,-60,-51,8.240038871765137,-0.631640613079071,14.833984375,81,-115,-139,5.010058879852295,-6.392968654632568,-13.84824275970459
-75,98,-26,6.775781154632568,0.4976562559604645,8.41709041595459,-35,89,-178,8.622851371765137,6.445605754852295,9.024805068969727
-177,162,76,7.909863471984863,-2.952441453933716,-3.8759765625,4,133,-157,8.240038871765137,-0.09091796725988388,14.240625381469727
44,217,48,2.4117188453674316,-4.292285442352295,-2.263378858566284,-53,149,-119,11.3408203125,8.909960746765137,15.06845760345459
-67,118,64,0.0478515625,-4.038671970367432,5.263671875,-43,127,-51,10.460351943969727,5.28759765625,17.733789443969727
-24,-63,36,0.4976562559604645,-6.881054878234863,5.43115234375,67,101,-12,10.6708984375,4.885644435882568,17.690723419189453
35,-151,23,5.995800971984863,-1.4977539777755737,-2.966796875,-8,57,52,10.469922065734863,6.81884765625,13.34580135345459
60,-70,41,15.14501953125,4.718163967132568,-2.7227540016174316,-27,24,75,8.46494197845459,0.2392578125,1.000097632408142
7,-100,-19,16.37959098815918,-0.20097656548023224,14.168848037719727,-103,27,107,3.03857421875,5.928808689117432,-3.349609375
1,-142,-19,10.632616996765137,0.6172851920127869,18.992284774780273,-92,-158,132,-4.80908203125,6.570019721984863,5.100976467132568
26,-157,-26,8.421875,-7.541406631469727,19.389453887939453,-55,-272,60,-3.9046876430511475,0.607714831829071,1.3015625476837158
-30,-60,-57,8.29746150970459,-4.780371189117432,11.785840034484863,129,-130,-147,6.416894435882568,-8.067773818969727,-12.5849609375
-137,147,-20,5.196679592132568,0.22968751192092896,1.583886742591858,-86,36,-111,13.51806640625,11.22119140625,10.3359375
-65,270,68,4.464550971984863,-8.402734756469727,-0.732128918170929,-3,97,-72,8.383593559265137,1.942773461341858,13.82431697845459
36,273,64,2.3399415016174316,-3.072070360183716,4.622460842132568,-65,172,-54,8.675488471984863,4.182226657867432,14.63779354095459
-55,156,90,4.182226657867432,-4.072167873382568,4.23486328125,-27,147,-31,10.71875,2.9380860328674316,21.710254669189453
19,90,47,6.177636623382568,-2.8423829078674316,0.756054699420929,46,44,53,13.192675590515137,4.454980373382568,11.345605850219727
118,-6,-27,5.330664157867432,2.75146484375,8.79990291595459,129,9,75,5.904882907867432,-0.559863269329071,5.593847751617432
-1,-114,-6,3.8089845180511475,0.8326172232627869,10.053613662719727,0,-41,98,1.406835913658142,2.6844727993011475,2.976367235183716
87,-154,7,3.2347657680511475,0.05263672024011612,15.039746284484863,-91,-168,108,-3.2108399868011475,8.22568416595459,1.5456055402755737
-3,-166,41,4.249218940734863,-1.4451172351837158,21.9638671875,-79,-190,2,0.20097656548023224,-1.8566406965255737,-8.56064510345459
-8,-119,-23,7.1298828125,-6.230273723602295,15.59482479095459,83,39,-176,8.30224609375,0.05263672024011612,4.01953125
-124,-49,-20,6.421679973602295,-1.244140625,2.0576171875,-52,135,-111,9.603808403015137,2.0767579078674316,12.977343559265137
-56,98,-2,1.1388672590255737,0.779980480670929,-9.5224609375,32,148,-64,11.537012100219727,8.94345760345459,14.33154296875
-69,41,-1,-1.047949194908142,-6.622656345367432,8.5654296875,-127,131,12,4.4501953125,2.4595704078674316,19.336816787719727
13,-140,1,-0.971386730670929,-6.225488185882568,3.4405274391174316,-38,26,1,5.57470703125,2.79931640625,20.547460556030273
17,-148,52,5.971875190734863,0.7608398795127869,-8.72812557220459,21,-85,18,6.646582126617432,5.263671875,14.99668025970459
-76,11,134,16.781543731689453,1.8614258766174316,-4.8330078125,112,-84,16,7.929004192352295,-4.124804973602295,-6.5078125
33,25,-36,15.087597846984863,-10.78574275970459,16.671483993530273,51,23,71,1.526464819908142,3.095996141433716,-4.000390529632568
-16,7,-15,5.278027534484863,-0.727343738079071,19.733983993530273,-58,-98,109,-1.607812523841858,9.919629096984863,8.39316463470459
26,-23,2,5.928808689117432,-9.058300971984863,18.968358993530273,-44,-200,58,-0.6412109732627869,2.4595704078674316,2.119824171066284
40,29,-21,8.819043159484863,-6.727929592132568,10.07275390625,-53,-55,-94,6.72314453125,-6.62744140625,-9.551172256469727
41,131,-47,8.73291015625,-3.627148389816284,4.287499904632568,-70,99,-125,10.556055068969727,5.866601467132568,12.618456840515137
-91,209,8,4.756445407867432,-2.646191358566284,-3.507519483566284,-57,123,-52,9.51767635345459,2.1724610328674316,15.781445503234863
19,235,5,1.583886742591858,-4.249218940734863,-0.8565430045127869,1,103,-28,8.2783203125,1.9523438215255737,17.36054801940918
41,86,-1,-0.2823242247104645,-3.335253953933716,6.708789348602295,-30,42,-3,9.49375057220459,3.13427734375,19.9541015625
55,-59,13,1.033593773841858,-1.8327149152755737,4.196582317352295,68,-33,42,10.0966796875,2.6126954555511475,14.719141006469727
15,-97,75,7.570117473602295,3.6415040493011475,3.220410108566284,189,-22,38,7.326074123382568,-1.741796851158142,-0.29667970538139343
-12,-107,14,8.708984375,-2.885449171066284,8.263964653015137,21,8,106,3.268261671066284,1.9523438215255737,0.27275392413139343
0,-115,-6,6.809277534484863,0.6507812738418579,16.23603630065918,-61,-97,125,0.16748046875,5.93359375,0.69384765625
-22,-121,-3,5.656054973602295,-4.440625190734863,20.25556755065918,-74,-166,55,0.9522461295127869,1.2345703840255737,0.04306640848517418
11,-35,-32,6.034081935882568,-4.732519626617432,18.35107421875,61,-22,-138,6.857129096984863,-4.655957221984863,-6.598730564117432
-56,40,-26,6.603515625,-1.526464819908142,11.809765815734863,-50,105,-140,8.115625381469727,8.531933784484863,13.101758003234863
-83,106,15,5.00048828125,-5.459863185882568,-1.789648413658142,20,148,-140,8.842968940734863,4.009961128234863,14.580370903015137
33,174,11,1.052734375,-2.378222703933716,-3.7372071743011475,-104,133,-47,8.881250381469727,9.25927734375,16.77197265625
-15,52,4,-0.971386730670929,-3.3448243141174316,4.33056640625,-145,66,13,6.766211032867432,3.052929639816284,17.039941787719727
-9,-117,24,0.9378906488418579,-2.1102540493011475,1.296777367591858,23,-22,21,6.637012004852295,4.689453125,14.35546875
-18,-124,67,10.273730278015137,0.34931641817092896,-4.349707126617432,131,-70,26,6.019726753234863,-1.119726538658142,6.69921875
-19,-69,3,15.011035919189453,-6.704003810882568,13.5419921875,70,-34,57,3.9621095657348633,-0.7608398795127869,-3.56494140625
-3,-81,-59,8.39794921875,0.3875976502895355,16.489648818969727,-71,-48,138,1.320703148841858,6.187207221984863,2.775390625
51,-23,11,4.555469036102295,-3.718066453933716,18.279296875,-122,-162,89,-0.11962890625,1.9762696027755737,3.550585985183716
7,21,17,5.770898342132568,-7.646679878234863,14.833984375,-7,-119,-57,4.675097942352295,-0.30146485567092896,-5.708691596984863
0,81,-11,7.981640815734863,-6.421679973602295,11.374316215515137,96,75,-185,10.063183784484863,-1.775292992591858,3.5362305641174316
-38,105,-31,8.354883193969727,-0.799121081829071,4.373632907867432,-64,155,-94,8.747265815734863,7.2255859375,13.786035537719727
-39,108,-18,3.340039014816284,-2.2681641578674316,-4.727734565734863,-31,114,-30,7.986425876617432,6.823632717132568,20.08808708190918
5,69,-28,-1.60302734375,-5.641699314117432,1.2106446027755737,-144,43,20,5.445508003234863,5.258886814117432,17.26484489440918
64,-104,-22,-1.69873046875,-2.593554735183716,3.7611329555511475,-77,-13,33,6.412109375,3.6989259719848633,17.164356231689453
2,-194,70,6.14892578125,3.0912110805511475,-2.94287109375,98,-96,29,7.445703506469727,-0.3397460877895355,11.55136775970459
-93,-118,84,16.202539443969727,-4.670312404632568,-1.512109398841858,188,-92,20,7.244726657867432,-2.2920899391174316,-2.2490234375
39,-50,-67,12.62802791595459,-3.4261720180511475,16.250391006469727,16,-11,104,3.076855421066284,2.143749952316284,-2.8232421875
29,-33,-39,9.13486385345459,-0.6747070550918579,14.561230659484863,-96,-90,164,2.0863282680511475,7.05810546875,1.966699242591858
63,-40,-13,9.0439453125,-6.833203315734863,14.417675971984863,-92,-140,69,2.689257860183716,-0.32539063692092896,0.009570312686264515
-25,-21,-25,7.541406631469727,-5.278027534484863,11.618359565734863,-68,-38,-116,7.814160346984863,-5.7421875,-4.057812690734863
-65,100,-15,4.804296970367432,-2.9476563930511475,7.594043254852295,3,61,-155,11.04892635345459,6.593945503234863,11.88632869720459
-10,160,15,6.043652534484863,-4.397558689117432,4.895215034484863,-32,153,-96,6.206347942352295,1.775292992591858,11.809765815734863
15,201,30,4.100879192352295,-2.48828125,2.3399415016174316,-46,223,-74,5.010058879852295,3.5840821266174316,14.814844131469727
-40,163,83,2.646191358566284,-3.2730469703674316,-0.9666016101837158,-105,173,-56,9.249707221984863,5.28759765625,21.07861328125
76,116,45,3.4931640625,-3.9286134243011475,-0.06220703199505806,0,38,10,11.1015625,5.297168254852295,15.0732421875
146,11,9,5.28759765625,3.3687500953674316,8.646777153015137,130,-36,48,6.881054878234863,-1.607812523841858,6.957617282867432
-185,-179,47,5.76611328125,-2.2298829555511475,12.259570121765137,140,-78,57,2.5169923305511475,-0.27275392413139343,3.2251954078674316
-81,-237,-51,7.598828315734863,-3.933398485183716,12.08251953125,-44,-143,144,-0.4593750238418579,7.426562786102295,-1.2058594226837158
-17,-270,-66,8.407519340515137,-2.789746046066284,14.33154296875,-110,-167,94,0.8086914420127869,-0.6029297113418579,-6.847558498382568
-37,-178,-66,9.479394912719727,-3.349609375,9.90048885345459,36,-40,-80,8.139551162719727,-1.5647461414337158,-3.5218751430511475
-178,63,30,5.00048828125,-2.717968702316284,6.684863567352295,28,0,-113,8.809473037719727,3.3783204555511475,19.5712890625
36,185,50,4.579394817352295,-8.881250381469727,6.77099609375,18,58,-98,7.05810546875,5.244531154632568,11.60400390625
127,230,16,4.61767578125,-5.033984661102295,5.163183689117432,-136,164,-47,7.378711223602295,4.316211223602295,10.900586128234863
34,176,39,4.823437690734863,-3.172558546066284,3.7276368141174316,-141,173,-21,9.292773246765137,2.402148485183716,16.11640739440918
39,99,44,4.387988567352295,-3.9716796875,1.5456055402755737,14,75,12,11.158984184265137,3.75634765625,19.025781631469727
140,54,20,4.780371189117432,0.3062500059604645,1.6413086652755737,88,-26,52,7.641894817352295,1.7561523914337158,11.680566787719727
-14,-53,59,6.464745998382568,2.617480516433716,9.704297065734863,122,-72,65,4.105664253234863,-1.024023413658142,2.75146484375
-78,-182,9,6.727929592132568,-3.828125,11.71884822845459,-16,-101,121,0.42109376192092896,4.756445407867432,1.5456055402755737
-35,-260,-29,7.574902534484863,-1.9523438215255737,16.00634765625,-121,-210,151,-1.3494141101837158,6.412109375,-1.670019507408142
3,-264,-55,8.378808975219727,-3.478808641433716,12.99169921875,6,-206,2,3.7132813930511475,-3.627148389816284,-6.440820217132568
-94,-94,-62,8.30224609375,0.42109376192092896,8.11083984375,129,-77,-132,11.560937881469727,2.4404296875,-1.392480492591858
-231,107,50,5.632129192352295,-1.622167944908142,6.684863567352295,-186,57,-48,11.00107479095459,3.3017578125,13.388867378234863
40,248,69,7.517480850219727,-9.16357421875,3.7467775344848633,-29,107,-72,6.890625,0.4498046934604645,12.67587947845459
126,282,52,4.124804973602295,-3.095996141433716,5.019629001617432,-109,172,-52,10.04404354095459,5.469433784484863,12.092089653015137
-58,152,128,2.095898389816284,-1.1962890625,3.411816358566284,27,155,-45,11.685351371765137,1.502539038658142,16.7001953125
0,55,73,3.94775390625,-5.857031345367432,-2.502636671066284,116,70,12,13.905664443969727,6.407324314117432,14.4990234375
129,-7,-35,5.196679592132568,-0.9283203482627869,3.072070360183716,84,19,61,8.27353572845459,0.6220703125,6.469531536102295
9,-158,-31,6.632226467132568,3.3448243141174316,11.74277400970459,-48,-11,98,3.694140672683716,1.057519555091858,0.95703125
-13,-272,-31,7.7998046875,-1.7609375715255737,12.48447322845459,-129,-145,119,-0.9426758289337158,9.431543350219727,1.311132788658142
1,-297,-22,9.03916072845459,-2.569628953933716,16.657129287719727,-162,-230,87,-1.799218773841858,4.627246379852295,-0.775195300579071
-19,-186,-51,11.058496475219727,-2.8758790493011475,8.957812309265137,93,-164,-47,5.81396484375,-5.359375,-5.321094036102295
-159,14,-41,8.216113090515137,-0.6986328363418579,5.182324409484863,-22,-5,-98,11.154199600219727,-1.622167944908142,-0.46416017413139343
-156,150,19,5.3115234375,-3.789843797683716,4.086523532867432,-157,75,-69,11.302538871765137,0.07177734375,11.182909965515137
18,188,47,5.837890625,-5.703906536102295,6.608300685882568,18,89,-80,8.890820503234863,3.9286134243011475,13.388867378234863
66,111,67,3.80419921875,-4.876074314117432,7.187304973602295,4,114,-67,10.398144721984863,3.4883790016174316,15.69052791595459
40,7,91,4.029101848602295,-3.3543946743011475,3.349609375,61,87,-43,13.029980659484863,4.871289253234863,15.891504287719727
19,-26,88,5.995800971984863,-2.3447265625,-1.0431641340255737,14,62,48,13.671191215515137,5.842675685882568,8.49365234375
65,-19,26,8.699414253234863,-2.36865234375,-1.2919921875,-37,59,110,8.5654296875,-0.16748046875,1.9619140625
116,-20,-44,9.010449409484863,-0.5694336295127869,2.7801759243011475,-43,-1,99,4.364062786102295,0.535937488079071,1.17236328125
-9,-56,1,8.24960994720459,2.8902344703674316,9.527246475219727,11,-117,78,0.7704101800918579,6.704003810882568,1.22021484375
-125,-112,18,9.058300971984863,-3.5936524868011475,18.94921875,63,-190,51,1.2919921875,2.1485352516174316,0.4019531309604645
-7,-77,-48,8.25439453125,-4.416699409484863,16.135547637939453,110,-139,-38,5.67041015625,-1.9714844226837158,-3.6415040493011475
-16,32,-53,7.182519435882568,-2.4834961891174316,10.780957221984863,-55,62,-128,8.23046875,-2.354296922683716,2.8184571266174316
-121,136,3,8.211328506469727,-0.11484375596046448,6.991113185882568,-179,153,-68,8.96738338470459,3.1151368618011475,13.15439510345459
12,184,28,6.670507907867432,-5.95751953125,4.172656536102295,-3,150,-83,8.699414253234863,4.622460842132568,15.728809356689453
1,125,79,2.0863282680511475,-0.9666016101837158,0.0047851563431322575,26,107,-61,10.28330135345459,3.85205078125,18.642969131469727
-58,37,89,-0.5311523675918579,-4.56982421875,2.1102540493011475,21,87,-7,9.666015625,4.679883003234863,14.546875
51,-72,23,1.818359375,-3.51708984375,0.8326172232627869,-17,52,48,8.51279354095459,5.95751953125,13.17832088470459
84,-76,23,8.618066787719727,1.98583984375,-4.014746189117432,-17,10,63,6.780566692352295,1.000097632408142,5.464648723602295
22,-83,-16,14.728711128234863,-3.25390625,11.833691596984863,-48,-17,39,5.818749904632568,1.9954102039337158,-2.9380860328674316
-92,-157,-40,10.16845703125,-0.8661133050918579,18.977930068969727,-22,-138,78,-0.3636718690395355,6.948047161102295,3.9286134243011475
-23,-99,-58,6.861914157867432,-4.215722560882568,19.743555068969727,-36,-242,85,-1.239355444908142,3.0816407203674316,2.8902344703674316
25,-1,-60,5.713476657867432,-3.6989259719848633,12.852930068969727,66,-172,-24,4.2109375,-2.808886766433716,-5.818749904632568
-4,98,-35,5.90966796875,-3.430957078933716,4.37841796875,-23,18,-108,10.422070503234863,-1.502539038658142,4.435840129852295
8,180,-4,5.780468940734863,-3.603222608566284,6.474316596984863,-150,89,-75,11.068066596984863,1.9332032203674316,10.780957221984863
66,155,3,4.3544921875,-4.287499904632568,8.25439453125,-8,133,-80,8.790331840515137,4.397558689117432,14.202343940734863
-46,66,60,2.091113328933716,-1.502539038658142,4.464550971984863,14,134,-61,9.58945369720459,2.3255860805511475,17.724218368530273
-56,21,75,1.741796851158142,-3.6558594703674316,-1.0670899152755737,22,89,-17,11.489160537719727,6.48388671875,15.62353515625
32,-8,31,5.14404296875,-1.55517578125,0.88525390625,-11,49,66,9.82871150970459,5.28759765625,10.52734375
19,-50,4,8.551074028015137,1.36376953125,5.388085842132568,50,0,73,7.507910251617432,-1.2824219465255737,2.5887696743011475
-81,-117,-29,8.263964653015137,-1.215429663658142,12.455761909484863,7,-61,83,3.37353515625,4.053027629852295,0.9378906488418579
-16,-145,-44,6.81884765625,-1.631738305091858,16.173828125,-6,-182,96,-0.6986328363418579,6.656152248382568,3.1534180641174316
1,-157,-36,7.72802734375,-2.0384767055511475,16.66670036315918,51,-206,54,0.46894532442092896,1.244140625,-2.392578125
10,-89,-47,7.541406631469727,-2.904589891433716,9.92919921875,1,-35,-80,6.857129096984863,-3.0816407203674316,-7.354785442352295
-158,77,1,4.498046875,-2.0049805641174316,0.17226563394069672,-159,72,-78,9.512890815734863,5.16796875,13.723828315734863
-38,197,40,2.70361328125,-7.9912109375,6.187207221984863,-99,112,-92,7.670605659484863,2.287304639816284,14.87705135345459
78,173,31,1.583886742591858,-5.904882907867432,10.97714900970459,-67,143,-66,8.03427791595459,5.435937404632568,15.661816596984863
-19,44,79,3.531445264816284,-3.5601563453674316,8.187402725219727,-18,118,-49,11.02500057220459,2.4356446266174316,16.853321075439453
2,-7,70,6.43603515625,-2.694042921066284,-0.32539063692092896,55,52,6,14.508593559265137,5.569921970367432,12.07773494720459
99,0,-13,7.876367568969727,-1.818359375,2.4930665493011475,42,33,94,8.187402725219727,2.239453077316284,7.196875095367432
34,-60,-45,6.373828411102295,1.799218773841858,5.651269435882568,19,-32,115,4.024316310882568,0.655566394329071,4.880859375
-48,-125,-24,7.163379192352295,-0.16748046875,9.64208984375,26,-130,109,0.44501954317092896,5.880957126617432,2.3877930641174316
-52,-202,-19,7.651464939117432,-1.670019507408142,17.52802848815918,-91,-213,132,-1.6365234851837158,6.402539253234863,-1.153222680091858
-13,-165,-46,8.235254287719727,-4.655957221984863,12.89121150970459,-39,-190,42,2.832812547683716,-1.8805664777755737,-2.162890672683716
-1,2,-41,7.546191692352295,-3.143847703933716,9.25927734375,-71,-26,-98,7.617969036102295,-6.211133003234863,-5.177539348602295
21,158,-30,7.120312690734863,-4.33056640625,6.517383098602295,-54,71,-139,10.345507621765137,1.7370117902755737,11.29296875
-111,179,53,5.756543159484863,-1.12451171875,6.091504096984863,-19,100,-113,9.910058975219727,3.2826173305511475,12.288281440734863
-57,132,107,3.627148389816284,-3.6175782680511475,4.608105659484863,43,159,-65,9.80478572845459,5.086621284484863,14.561230659484863
-7,41,93,1.5647461414337158,-4.076953411102295,2.306445360183716,37,178,-17,11.135058403015137,5.656054973602295,17.781641006469727
-16,-61,37,1.9714844226837158,-5.751758098602295,1.1627930402755737,-21,135,40,10.55126953125,7.05810546875,14.982324600219727
78,-103,-25,5.153613567352295,-1.9284180402755737,-1.0048828125,-21,59,63,8.01035213470459,4.129590034484863,10.09189510345459
59,-62,-14,11.31689453125,2.521777391433716,-0.5215820670127869,7,-9,35,6.230273723602295,-0.03349609300494194,1.3541992902755737
-48,-80,-34,13.259668350219727,-2.3447265625,15.034961700439453,-13,-78,55,1.344628930091858,3.9621095657348633,-1.9810547828674316
-29,-98,-64,9.5224609375,-3.63671875,18.537694931030273,-50,-195,116,-1.751367211341858,7.062890529632568,3.03857421875
68,-65,-62,6.373828411102295,-4.909570217132568,18.456348419189453,-33,-256,98,1.167578101158142,0.535937488079071,-0.32060548663139343
0,-1,-44,7.283008098602295,-4.871289253234863,9.92441463470459,-37,-120,-27,9.412402153015137,-6.19677734375,-6.57958984375
-83,101,-14,7.015038967132568,-3.005078077316284,2.861523389816284,-112,17,-89,12.312207221984863,-0.8182617425918579,7.144238471984863
-100,125,67,4.215722560882568,-1.8327149152755737,3.13427734375,-35,53,-97,11.871973037719727,-0.10527344048023224,14.393750190734863
-14,64,117,1.4929687976837158,-3.42138671875,6.081933498382568,109,78,-85,11.52744197845459,3.7372071743011475,13.379297256469727
9,-32,99,1.464257836341858,-4.746875286102295,5.110547065734863,158,81,-72,12.982129096984863,4.579394817352295,12.599316596984863
-66,-85,82,4.76123046875,-0.25361329317092896,-2.641406297683716,104,76,-10,14.819629669189453,6.694433689117432,8.263964653015137
-76,-22,26,9.13486385345459,-4.349707126617432,-5.498144626617432,-14,72,43,11.9150390625,4.722949504852295,0.9618164300918579
161,71,-85,9.560742378234863,-6.072363376617432,2.70361328125,-111,43,71,5.7421875,5.321094036102295,-1.5886719226837158
34,-9,-60,6.38818359375,4.37841796875,19.781835556030273,-101,-8,108,0.3875976502895355,6.704003810882568,0.21054688096046448
2,-89,-48,6.144140720367432,-5.7900390625,18.619043350219727,-110,-103,137,-1.31591796875,3.622363328933716,4.038671970367432
117,-96,-80,6.2685546875,-5.7900390625,14.97275447845459,-35,-123,48,1.60302734375,-4.541113376617432,-1.9236328601837158
53,-46,-69,7.795019626617432,-4.813867092132568,7.407422065734863,-65,-1,-110,6.598730564117432,-10.130175590515137,-1.799218773841858
-34,56,-39,6.230273723602295,0.18662109971046448,4.718163967132568,-44,91,-129,10.632616996765137,4.971777439117432,12.41748046875
-66,103,34,3.46923828125,-4.627246379852295,2.7945313453674316,47,145,-85,9.20664119720459,3.5840821266174316,16.504003524780273
-15,126,68,1.392480492591858,-2.330371141433716,1.72265625,-16,173,-26,9.077441215515137,4.297070503234863,16.370019912719727
-22,108,75,2.9189453125,-0.6890625357627869,2.36865234375,-28,139,28,10.465136528015137,3.3783204555511475,15.484766006469727
39,76,39,4.938281536102295,0.22490234673023224,2.65576171875,85,43,25,11.21640682220459,2.41650390625,11.29296875
88,68,6,7.196875095367432,3.813769578933716,5.67041015625,81,-29,33,7.431347846984863,0.8326172232627869,3.541015625
-75,-51,-4,7.168164253234863,-1.9810547828674316,15.542187690734863,40,-94,50,2.646191358566284,1.631738305091858,4.78515625
-60,-142,-34,4.971777439117432,-2.450000047683716,16.585351943969727,-39,-189,98,-0.846972644329071,6.517383098602295,5.373730659484863
-87,-232,-24,3.837695360183716,-3.550585985183716,18.092676162719727,-146,-221,118,-0.4833008050918579,3.5888671875,-1.5886719226837158
-68,-205,-43,6.0771484375,-6.72314453125,8.555859565734863,-158,-104,-3,6.373828411102295,-7.828516006469727,-7.555761814117432
-84,-20,-32,6.378613471984863,-4.7373046875,1.0144531726837158,-77,85,-148,9.024805068969727,-6.790136814117432,-1.1340820789337158
28,175,41,3.220410108566284,-3.0098633766174316,4.244433879852295,65,121,-131,9.651659965515137,5.158398628234863,17.111719131469727
68,174,77,2.7562501430511475,-5.201465129852295,12.58017635345459,98,137,-72,8.527148246765137,6.900195598602295,14.719141006469727
-22,62,122,3.7372071743011475,-3.2969727516174316,8.043848037719727,7,169,-21,8.881250381469727,4.397558689117432,15.101953506469727
0,55,112,5.488574504852295,-1.9284180402755737,-2.9620118141174316,-40,148,52,13.786035537719727,7.306933879852295,13.34580135345459
107,60,11,4.966992378234863,-5.679980754852295,4.076953411102295,16,82,64,10.627832412719727,3.5888671875,11.685351371765137
138,2,-72,4.435840129852295,1.071874976158142,4.0673828125,62,-33,39,6.656152248382568,2.3255860805511475,9.35019588470459
-54,-63,-30,8.072558403015137,2.3734376430511475,7.742383003234863,95,-104,17,3.99560546875,2.3016602993011475,3.029003858566284
-67,-135,-62,8.431445121765137,-2.7706055641174316,15.135449409484863,-27,-130,99,0.11484375596046448,7.2255859375,0.78955078125
-34,-202,-69,6.402539253234863,-3.9860353469848633,16.11640739440918,-168,-184,171,-2.8998048305511475,4.828222751617432,0.6220703125
54,-184,-63,7.048535346984863,-5.809179782867432,10.3837890625,-191,-166,102,2.162890672683716,-4.847363471984863,-6.163281440734863
5,-34,-58,7.670605659484863,-4.85693359375,3.0433595180511475,-30,-6,-117,7.751953125,-11.31689453125,-6.086719036102295
-50,139,3,3.119921922683716,-2.215527296066284,4.636816501617432,24,57,-154,12.427050590515137,7.943359375,12.862500190734863
-33,168,62,3.741992235183716,-4.143945217132568,10.651758193969727,102,102,-104,8.890820503234863,4.215722560882568,14.73828125
-39,83,102,3.7850587368011475,-0.83740234375,10.154101371765137,10,166,-68,8.929101943969727,3.292187452316284,13.32187557220459
-37,47,131,4.550683498382568,1.024023413658142,-0.4833008050918579,-77,159,-21,14.4033203125,6.187207221984863,14.321972846984863
-39,78,105,6.311621189117432,-3.1773438453674316,0.02392578125,21,96,13,14.52294921875,4.837792873382568,10.02490234375
64,69,-38,6.957617282867432,-6.412109375,4.722949504852295,104,8,19,8.426660537719727,1.3302735090255737,9.3310546875
105,20,-109,6.397754192352295,-0.07656250149011612,7.713672161102295,76,-85,30,4.550683498382568,1.60302734375,4.895215034484863
-16,-92,-65,5.660840034484863,-0.02871093899011612,13.56113338470459,-41,-127,94,0.49287110567092896,6.182422161102295,0.8661133050918579
16,-176,-31,5.0244140625,-2.94287109375,15.45127010345459,-174,-177,166,-1.717871069908142,5.890527248382568,-0.5694336295127869
64,-207,7,5.488574504852295,-6.799706935882568,13.240527153015137,-131,-181,102,2.4834961891174316,-3.8424806594848633,-5.258886814117432
10,-116,-21,7.943359375,-5.93359375,4.335351467132568,40,-8,-106,8.32138729095459,-10.345507621765137,-8.240038871765137
-3,87,-2,1.2919921875,-0.995312511920929,2.880664110183716,99,43,-122,12.599316596984863,10.824023246765137,17.9921875
24,168,5,5.062695503234863,-1.693945288658142,11.656641006469727,76,58,-78,9.053515434265137,3.622363328933716,12.2978515625
-82,61,51,5.206250190734863,-1.6652344465255737,12.89599609375,-81,131,-29,7.096386909484863,3.167773485183716,10.565625190734863
1,56,58,5.852246284484863,-3.387890577316284,0.48808595538139343,-163,161,-6,11.24033260345459,4.584179878234863,10.584765434265137
79,130,38,4.6416015625,-0.6507812738418579,3.828125,-13,155,-3,11.513086318969727,2.0384767055511475,11.8671875
-8,129,34,4.627246379852295,0.0,6.526953220367432,29,133,15,11.09677791595459,4.799511909484863,10.21630859375
16,87,-1,4.502831935882568,-1.244140625,9.967480659484863,19,122,21,6.67529296875,0.669921875,4.7373046875
-34,-10,-15,1.4690430164337158,-1.8662109375,10.752245903015137,-39,104,11,2.2920899391174316,-0.06699218600988388,4.986133098602295
2,-26,-8,0.4498046934604645,-2.4691407680511475,8.000781059265137,-104,60,1,1.2919921875,1.60302734375,6.120214939117432
32,-16,5,2.41650390625,-1.670019507408142,9.431543350219727,-54,11,-22,2.717968702316284,-0.2918945252895355,7.8955078125
4,-4,8,2.775390625,-2.287304639816284,9.967480659484863,55,-26,-30,3.89990234375,0.22968751192092896,10.221094131469727
-2,3,7,2.201171875,-1.789648413658142,10.364648818969727,45,-27,-10,3.7132813930511475,1.3494141101837158,11.197265625
-14,-8,15,2.48828125,-1.0383789539337158,9.54160213470459,-14,-22,4,3.340039014816284,0.7225586175918579,10.819238662719727
-9,-30,22,2.717968702316284,-1.0144531726837158,8.68027400970459,-61,-30,0,3.0337891578674316,0.17705078423023224,9.862207412719727
41,-52,22,2.569628953933716,-0.8661133050918579,8.235254287719727,-13,-65,-33,3.024218797683716,-0.04306640848517418,9.197070121765137
71,-95,44,2.4212892055511475,0.4354492127895355,7.723242282867432,45,-126,-72,3.172558546066284,-1.2297852039337158,7.957715034484863
-12,-163,104,1.8040039539337158,1.4451172351837158,4.990918159484863,113,-179,-124,2.9620118141174316,-1.9092774391174316,3.4644532203674316
