-10,1,2,4.206152439117432,-7.589258193969727,3.9716796875,1,0,-2,4.526757717132568,6.570019721984863,6.29248046875
-11,1,4,4.297070503234863,-7.560546875,3.9286134243011475,9,0,-6,4.627246379852295,6.660937786102295,6.287695407867432
-9,1,5,4.407128810882568,-7.598828315734863,3.933398485183716,10,0,-6,4.679883003234863,6.732715129852295,6.191992282867432
-12,0,5,4.498046875,-7.603613376617432,3.9860353469848633,10,0,-7,4.71337890625,6.713574409484863,6.129785060882568
-11,1,5,4.550683498382568,-7.579687595367432,3.9908204078674316,7,0,-5,4.751660346984863,6.81884765625,6.067578315734863
-8,1,4,4.588964939117432,-7.469629287719727,4.053027629852295,7,0,-5,4.78515625,6.751855373382568,6.067578315734863
-11,1,5,4.632031440734863,-7.469629287719727,4.000390529632568,6,0,-5,4.78515625,6.670507907867432,5.943164348602295
-12,3,5,4.76123046875,-7.4169921875,3.9525392055511475,6,0,-6,4.775586128234863,6.694433689117432,5.847461223602295
-8,6,4,4.8330078125,-7.340429782867432,4.076953411102295,9,2,-7,4.813867092132568,6.72314453125,5.895312786102295
-5,10,2,4.990918159484863,-7.302148342132568,4.239648342132568,14,4,-8,4.847363471984863,6.727929592132568,5.76611328125
-2,23,-4,5.57470703125,-7.670605659484863,4.756445407867432,16,13,-5,4.47412109375,7.05810546875,5.220605373382568
27,39,-17,5.426367282867432,-7.4169921875,5.837890625,2,21,0,4.3544921875,6.991113185882568,6.034081935882568
50,45,-23,5.301953315734863,-7.278222560882568,6.397754192352295,-12,28,3,4.340137004852295,6.2685546875,6.775781154632568
55,43,-26,5.321094036102295,-6.5078125,6.656152248382568,-22,38,3,4.053027629852295,5.995800971984863,5.938378810882568
51,48,-31,5.684765815734863,-6.732715129852295,4.751660346984863,-55,62,13,3.8329102993011475,5.14404296875,6.225488185882568
44,69,-31,4.780371189117432,-5.359375,3.579296827316284,-66,76,20,3.837695360183716,4.670312404632568,7.302148342132568
28,84,-16,3.483593702316284,-4.0673828125,4.287499904632568,-54,83,22,3.029003858566284,4.852148532867432,9.37890625
26,105,-7,2.402148485183716,-3.6319336891174316,4.947851657867432,-58,93,28,2.741894483566284,3.789843797683716,9.766504287719727
47,125,-11,1.693945288658142,-3.029003858566284,5.488574504852295,-95,109,36,3.167773485183716,3.574511766433716,11.33603572845459
36,137,-22,0.846972644329071,-1.93798828125,7.627539157867432,-120,99,52,3.622363328933716,3.6893556118011475,14.264551162719727
8,137,-25,-0.27753907442092896,-2.430859327316284,9.216211318969727,-123,40,64,5.005273342132568,3.124706983566284,17.700292587280273
-16,79,-19,0.20097656548023224,-1.311132788658142,13.283594131469727,-68,-41,50,6.823632717132568,0.636425793170929,13.833887100219727
-10,-4,-10,-0.9091796875,-1.646093726158142,13.27402400970459,62,-114,-6,5.464648723602295,0.4019531309604645,9.632519721984863
11,-90,1,-1.9954102039337158,-1.435546875,12.79550838470459,-4,-162,9,2.56005859375,2.162890672683716,5.5029296875
-30,-144,17,-0.19140625,-3.048144578933716,12.762011528015137,-21,-188,-17,1.488183617591858,-0.6651367545127869,4.923925876617432
-1,-177,12,0.870898425579071,-4.454980373382568,13.221386909484863,-2,-199,-50,1.033593773841858,1.655664086341858,2.1102540493011475
5,-188,-20,3.3017578125,-6.000586032867432,12.728515625,73,-66,-67,4.072167873382568,1.248925805091858,-5.421582221984863
12,-183,-64,4.95263671875,-5.172753810882568,9.005663871765137,175,6,-88,6.881054878234863,9.240137100219727,8.44101619720459
-23,-92,-50,4.6416015625,0.55029296875,3.66064453125,148,1,-53,8.03427791595459,3.2826173305511475,12.345703125
-170,-15,32,6.00537109375,1.119726538658142,1.272851586341858,4,60,-34,4.689453125,2.3255860805511475,8.46494197845459
-169,114,102,2.737109422683716,1.7322266101837158,-7.34521484375,-17,152,-31,5.828320503234863,5.04833984375,9.728222846984863
-129,172,120,-0.08613281697034836,-1.69873046875,3.048144578933716,-93,165,-32,5.627343654632568,1.607812523841858,14.077929496765137
0,181,88,0.2823242247104645,-4.660742282867432,2.167675733566284,-153,137,-44,7.187304973602295,1.646093726158142,15.465625762939453
161,184,34,2.5791993141174316,-2.761035203933716,6.565234661102295,-106,25,-49,10.493847846984863,4.4501953125,17.666797637939453
117,101,13,4.52197265625,-6.177636623382568,15.389062881469727,6,-68,9,9.417187690734863,4.61767578125,7.570117473602295
0,-7,3,1.9571290016174316,-4.096093654632568,13.82431697845459,41,-95,49,4.220508098602295,1.057519555091858,4.28271484375
-24,-89,22,-0.583789050579071,-3.100781202316284,14.101855278015137,41,-107,44,1.9954102039337158,0.799121081829071,5.890527248382568
-36,-151,47,-0.24404297769069672,-4.42626953125,13.302734375,7,-131,42,2.976367235183716,1.622167944908142,5.785254001617432
-16,-176,35,0.69384765625,-5.297168254852295,11.929394721984863,20,-141,21,4.689453125,1.8805664777755737,4.277929782867432
-20,-189,9,3.340039014816284,-5.2158203125,11.594433784484863,39,-97,-4,6.024511814117432,2.210742235183716,-0.5072265863418579
29,-163,-30,4.981347560882568,-4.722949504852295,10.52255916595459,116,-16,-51,8.900390625,2.8280274868011475,1.6891602277755737
51,-81,-38,5.153613567352295,-2.84716796875,5.249316692352295,96,-23,-46,11.12548828125,5.761328220367432,7.565332412719727
18,-19,-34,7.3212890625,-3.1773438453674316,5.392871379852295,71,6,-26,8.192187309265137,1.990625023841858,6.254199504852295
-32,25,-26,7.747168064117432,0.25361329317092896,5.76611328125,22,47,-21,6.450390815734863,2.000195264816284,6.440820217132568
-113,37,35,7.555761814117432,0.287109375,1.9044922590255737,-29,101,-38,5.182324409484863,1.406835913658142,6.603515625
-107,105,100,4.134375095367432,1.2297852039337158,-4.78515625,-26,148,-62,6.302051067352295,3.541015625,9.311914443969727
-92,155,116,1.2824219465255737,-4.507617473602295,2.957226514816284,-77,151,-61,4.560254096984863,1.7561523914337158,13.58984375
-8,156,95,0.564648449420929,-3.8711915016174316,2.593554735183716,-149,156,-45,5.665625095367432,1.2537109851837158,13.72861385345459
98,170,75,0.7225586175918579,-1.143652319908142,4.818652629852295,-102,128,-26,6.9384765625,3.37353515625,15.848438262939453
91,153,39,1.9762696027755737,-4.584179878234863,9.6181640625,-69,45,30,9.82871150970459,3.85205078125,15.250293731689453
-10,34,15,3.143847703933716,-3.172558546066284,14.432031631469727,46,-54,25,8.579785346984863,-0.2392578125,10.54648494720459
-57,-83,7,2.569628953933716,-4.966992378234863,16.91552734375,67,-139,10,5.254101753234863,2.473925828933716,6.900195598602295
-55,-197,0,0.3636718690395355,-5.43115234375,17.279199600219727,26,-193,16,1.9092774391174316,2.3447265625,6.574804782867432
-50,-253,-19,0.03349609300494194,-5.665625095367432,16.073339462280273,2,-221,17,1.8375000953674316,2.9141602516174316,4.8330078125
-4,-250,-44,1.5168945789337158,-4.895215034484863,12.302637100219727,7,-187,3,4.230078220367432,1.287207007408142,-0.7704101800918579
0,-185,-76,4.541113376617432,-4.823437690734863,9.94834041595459,44,-78,-33,7.072461128234863,1.5456055402755737,-3.933398485183716
-22,-97,-72,6.215918064117432,-3.5888671875,4.895215034484863,90,-15,-44,9.632519721984863,3.220410108566284,5.57470703125
-79,-24,-11,7.699316501617432,-3.316113233566284,3.765918016433716,44,22,-24,8.63242244720459,2.56005859375,6.981543064117432
-34,26,35,9.64208984375,-2.0384767055511475,-0.07177734375,44,102,-27,5.67041015625,2.1341798305511475,5.244531154632568
-42,116,114,6.43603515625,1.3541992902755737,-5.809179782867432,28,180,-41,5.43115234375,0.851757824420929,6.909765720367432
-51,220,177,-0.55029296875,-1.1005859375,-2.7083985805511475,-47,199,-21,4.239648342132568,0.57421875,11.781054496765137
-5,207,157,-1.55517578125,-3.18212890625,1.6413086652755737,-103,213,-23,3.80419921875,0.55029296875,11.211621284484863
69,210,96,-1.335058569908142,-2.258593797683716,2.56005859375,-121,208,-30,4.574609279632568,1.5886719226837158,14.173632621765137
160,206,31,-0.2679687440395355,-2.713183641433716,6.952832221984863,-138,143,1,5.794824123382568,3.095996141433716,18.767383575439453
96,132,7,1.416406273841858,-0.4115234315395355,14.365038871765137,-38,44,21,6.77099609375,0.3397460877895355,16.791112899780273
-43,10,6,1.8087891340255737,-3.80419921875,15.159375190734863,80,-55,-22,5.924023628234863,-1.8997070789337158,14.915332794189453
-68,-127,0,1.0431641340255737,-6.278125286102295,20.45654296875,75,-141,-25,2.5169923305511475,-0.19619141519069672,10.048828125
-86,-238,-8,-0.775195300579071,-6.479101657867432,17.245702743530273,47,-198,-18,-0.37324219942092896,1.598242163658142,7.962500095367432
-86,-290,-3,-1.36376953125,-6.163281440734863,15.14023494720459,-15,-229,-19,0.01914062537252903,0.5694336295127869,6.550879001617432
-49,-280,-21,0.636425793170929,-6.062793254852295,11.21640682220459,-10,-223,-33,2.335156202316284,1.559960961341858,0.894824206829071
-29,-212,-70,3.459667921066284,-5.6943359375,6.517383098602295,48,-139,-41,6.345117092132568,1.9092774391174316,-3.196484327316284
-23,-112,-89,5.033984661102295,-3.2491211891174316,4.215722560882568,106,-41,-34,9.747363090515137,3.732421875,0.0478515625
-54,-24,-53,7.239941596984863,-1.9140625,4.588964939117432,81,-8,-34,9.94834041595459,3.8903322219848633,5.206250190734863
-57,27,4,9.5703125,-2.694042921066284,3.502734422683716,19,25,-41,8.23046875,3.603222608566284,5.81396484375
9,73,30,9.345410346984863,-2.909374952316284,2.1820313930511475,25,87,-42,6.828418254852295,1.8805664777755737,5.04833984375
-1,138,59,6.450390815734863,-1.550390601158142,-2.1006836891174316,-4,143,-30,6.378613471984863,1.1627930402755737,7.354785442352295
-57,202,97,3.0577149391174316,-1.081445336341858,-2.191601514816284,-45,165,-24,6.235058784484863,2.6509766578674316,9.7138671875
-45,202,113,1.574316382408142,-3.61279296875,3.0337891578674316,-87,171,-23,4.359277248382568,1.33984375,11.374316215515137
2,172,89,0.4737304747104645,-4.364062786102295,3.670214891433716,-115,171,-25,3.861621141433716,0.756054699420929,14.317187309265137
13,138,69,-0.6412109732627869,-3.6080079078674316,4.766015529632568,-89,138,-27,4.517187595367432,1.7561523914337158,15.996777534484863
93,126,29,1.07666015625,-4.407128810882568,5.091406345367432,-53,53,-14,6.81884765625,1.31591796875,17.757715225219727
56,56,22,4.081738471984863,-2.84716796875,13.78125,-26,-52,34,7.87158203125,2.6031250953674316,12.10166072845459
5,-57,12,3.25390625,-4.182226657867432,14.360254287719727,64,-114,18,5.847461223602295,-1.2919921875,7.852441787719727
-53,-170,14,1.9140625,-5.455078125,15.393848419189453,53,-158,5,3.7228517532348633,1.6413086652755737,5.919238567352295
-63,-244,16,0.78955078125,-5.756543159484863,14.647363662719727,57,-174,-4,1.7370117902755737,1.717871069908142,5.244531154632568
-56,-264,12,1.17236328125,-5.086621284484863,12.450976371765137,12,-171,-8,3.0672852993011475,1.000097632408142,5.761328220367432
-40,-222,-16,3.076855421066284,-4.675097942352295,9.5703125,3,-139,-11,4.770801067352295,2.019335985183716,2.406933546066284
-10,-147,-63,5.90966796875,-5.455078125,7.483984470367432,21,-88,-24,6.546093940734863,1.765722632408142,0.46894532442092896
3,-71,-75,9.01523494720459,-4.397558689117432,5.995800971984863,61,-32,-33,9.18271541595459,3.052929639816284,3.1869142055511475
-16,-13,-44,9.986620903015137,-3.8664064407348633,5.426367282867432,89,-15,-63,10.40771484375,2.89501953125,5.900097846984863
-63,29,0,11.417383193969727,-3.2108399868011475,2.0384767055511475,53,21,-61,8.168261528015137,3.579296827316284,5.627343654632568
33,108,23,9.632519721984863,-1.2919921875,-0.8900390863418579,42,89,-42,7.292578220367432,2.392578125,5.675195217132568
-13,168,88,5.187109470367432,0.756054699420929,-2.1006836891174316,10,137,-27,6.249413967132568,1.31591796875,6.780566692352295
-80,206,145,1.33984375,-2.0145509243011475,-2.0289063453674316,-58,173,-20,6.034081935882568,2.6749024391174316,6.957617282867432
-53,212,129,-1.2824219465255737,-3.4261720180511475,2.2777345180511475,-114,209,-18,4.3544921875,1.818359375,9.73779296875
-4,201,80,-2.311230421066284,-4.5458984375,2.574414014816284,-134,224,-14,2.3160157203674316,0.49287110567092896,13.7333984375
59,189,32,-1.990625023841858,-2.4404296875,3.8807618618011475,-115,187,-7,2.717968702316284,2.3399415016174316,16.743261337280273
154,160,-34,-0.03349609300494194,-2.6031250953674316,10.015332221984863,-103,96,17,5.986230373382568,1.847070336341858,19.064062118530273
0,55,21,-0.06220703199505806,-0.6507812738418579,13.61376953125,18,-20,-8,4.407128810882568,-2.071972608566284,16.169042587280273
-37,-68,27,2.067187547683716,-7.713672161102295,17.949121475219727,105,-136,-48,4.646386623382568,-0.9857422113418579,13.99658203125
-81,-225,5,0.727343738079071,-8.41709041595459,18.968358993530273,93,-208,-32,2.1533203125,0.1435546875,8.498437881469727
-94,-323,-13,-0.765625,-6.258984565734863,16.417871475219727,41,-247,0,-0.3301757872104645,2.091113328933716,5.268456935882568
-103,-351,-31,0.35888671875,-5.057910442352295,12.565820693969727,-21,-254,12,1.1484375,1.3972656726837158,2.622265577316284
-58,-272,-62,3.56494140625,-5.373730659484863,7.383496284484863,5,-197,-9,4.201367378234863,2.2298829555511475,-2.861523389816284
-63,-129,-93,5.230175971984863,-4.526757717132568,6.129785060882568,70,-76,-51,7.622754096984863,1.7322266101837158,-3.029003858566284
0,-8,-65,4.431054592132568,-3.8759765625,4.708593845367432,156,-48,-84,12.22607421875,3.56494140625,9.106152534484863
5,35,-13,10.54648494720459,-4.239648342132568,4.445410251617432,28,15,-32,7.517480850219727,3.196484327316284,1.6413086652755737
-14,78,0,11.517870903015137,-3.0912110805511475,1.7705078125,-35,91,-18,7.651464939117432,3.8424806594848633,2.7945313453674316
11,139,29,10.106249809265137,-0.8182617425918579,-0.8661133050918579,-19,142,-7,5.890527248382568,2.5648438930511475,4.23486328125
-57,218,105,3.9286134243011475,0.7943359613418579,-7.938574314117432,-39,184,0,5.110547065734863,1.693945288658142,8.196972846984863
-57,270,142,-0.9618164300918579,-4.048242092132568,1.9810547828674316,-55,190,-14,3.7515625953674316,-0.13398437201976776,10.42685604095459
-31,230,129,-2.8998048305511475,-3.22998046875,2.478710889816284,-117,223,-15,2.239453077316284,-0.540722668170929,13.187891006469727
16,195,76,-3.0098633766174316,-4.04345703125,3.651074171066284,-133,218,-6,1.36376953125,-0.0047851563431322575,17.547168731689453
100,169,26,-1.526464819908142,-3.765918016433716,5.488574504852295,-104,149,19,3.124706983566284,0.6986328363418579,19.54736328125
60,84,21,0.7704101800918579,-1.990625023841858,13.881738662719727,-53,44,46,5.665625095367432,0.23447266221046448,15.518261909484863
-2,-6,38,-0.3397460877895355,-2.186816453933716,11.828906059265137,63,-37,1,4.9287109375,-3.215625047683716,14.723926544189453
-37,-93,38,0.2392578125,-6.957617282867432,17.63330078125,126,-131,-36,5.053124904632568,0.9283203482627869,11.64707088470459
-67,-197,-5,0.3636718690395355,-8.168261528015137,16.441797256469727,112,-182,-26,2.6605470180511475,-0.607714831829071,7.498340129852295
-74,-236,-41,-2.1006836891174316,-5.397656440734863,15.3125,76,-168,2,0.861328125,1.071874976158142,7.455273628234863
-59,-262,-39,-0.995312511920929,-4.670312404632568,13.963086128234863,-16,-188,0,1.368554711341858,1.775292992591858,8.1826171875
-18,-236,-48,1.9475586414337158,-4.7373046875,10.058398246765137,-71,-218,21,2.3447265625,3.9908204078674316,4.919140815734863
33,-177,-64,5.297168254852295,-5.483788967132568,5.62255859375,-52,-208,20,4.215722560882568,1.3781250715255737,-0.971386730670929
-15,-117,-64,6.919335842132568,-4.483691692352295,4.249218940734863,38,-143,-34,7.565332412719727,-0.8086914420127869,-1.3876953125
-40,-55,-61,7.072461128234863,-2.6605470180511475,4.000390529632568,79,-51,-58,10.74267578125,1.6173828840255737,-1.000097632408142
-25,7,-31,6.058007717132568,-1.6748046875,3.5888671875,103,-14,-59,11.24033260345459,2.7275390625,4.254004001617432
-12,35,5,8.914746284484863,-2.03369140625,2.8663086891174316,-7,53,-8,8.79990291595459,1.60302734375,2.186816453933716
-14,37,40,9.201855659484863,-2.359081983566284,4.632031440734863,2,109,-29,7.91943359375,2.019335985183716,2.7275390625
-13,64,70,8.546289443969727,-2.1102540493011475,2.5648438930511475,3,166,-60,5.880957126617432,2.10546875,3.7994141578674316
-42,139,113,5.067480564117432,0.78955078125,-3.765918016433716,3,212,-58,6.34033203125,3.3687500953674316,7.15380859375
-90,224,157,0.756054699420929,-3.670214891433716,1.966699242591858,-33,216,-10,3.9142580032348633,1.8040039539337158,9.579882621765137
-51,221,147,-0.42109376192092896,-5.397656440734863,1.36376953125,-110,229,1,1.72265625,-0.684277355670929,11.733202934265137
9,192,96,-0.06220703199505806,-3.143847703933716,5.043554782867432,-86,211,-17,1.5647461414337158,0.846972644329071,16.216894149780273
41,131,30,-0.7704101800918579,-8.15390682220459,5.804394721984863,-69,165,-15,0.8326172232627869,-0.08613281697034836,18.571191787719727
138,105,-16,-0.08613281697034836,-2.6126954555511475,7.306933879852295,-80,86,-9,2.813671827316284,0.4498046934604645,18.274511337280273
78,62,33,1.0048828125,0.21054688096046448,12.41748046875,-31,-20,5,5.675195217132568,-0.05742187798023224,17.10693359375
15,-20,38,2.617480516433716,-5.172753810882568,16.14990234375,74,-90,1,4.938281536102295,-2.239453077316284,12.3935546875
-35,-138,13,2.167675733566284,-5.349804878234863,18.72431755065918,75,-152,4,2.6509766578674316,0.3158203065395355,8.29746150970459
-48,-223,-16,-0.44023439288139343,-6.278125286102295,16.370019912719727,69,-167,5,-0.41630861163139343,-0.05742187798023224,7.828516006469727
-60,-272,-16,-2.406933546066284,-5.249316692352295,15.279004096984863,10,-192,-2,-0.42109376192092896,1.1627930402755737,9.154004096984863
-37,-271,-17,0.44023439288139343,-4.301855564117432,12.379199028015137,-14,-230,-20,2.009765625,2.043261766433716,6.10107421875
-8,-196,-61,3.923828125,-4.273144721984863,7.862011909484863,-23,-230,-1,3.9046876430511475,2.8232421875,0.7943359613418579
0,-106,-95,6.110644817352295,-3.215625047683716,5.818749904632568,28,-157,-8,6.211133003234863,1.440332055091858,-3.3543946743011475
-21,-37,-82,7.77587890625,-1.3494141101837158,4.966992378234863,1,-63,-19,8.412304878234863,-0.25361329317092896,-1.4977539777755737
-45,26,-38,8.29746150970459,-0.74169921875,2.306445360183716,36,-6,-42,9.967480659484863,0.59814453125,4.943066596984863
-47,46,35,9.30234432220459,-0.35888671875,2.2681641578674316,0,31,-32,9.364550590515137,1.2776367664337158,4.85693359375
6,72,58,9.56552791595459,-2.359081983566284,1.45947265625,33,75,-71,7.689746379852295,1.2919921875,3.7228517532348633
23,109,86,7.220800876617432,0.0478515625,0.4976562559604645,29,132,-75,6.096289157867432,2.6031250953674316,3.8329102993011475
-67,170,139,1.8279297351837158,0.21533203125,-3.287402391433716,8,170,-46,6.77099609375,3.7611329555511475,8.072558403015137
-88,191,140,-0.21054688096046448,-3.9716796875,4.47412109375,-36,176,-32,4.301855564117432,1.081445336341858,9.551172256469727
-63,176,123,-1.081445336341858,-3.18212890625,4.411914348602295,-77,203,-31,3.340039014816284,1.272851586341858,11.522656440734863
-52,159,94,-1.6652344465255737,-4.876074314117432,4.914355754852295,-78,207,-34,2.478710889816284,1.488183617591858,14.130566596984863
39,162,12,-1.215429663658142,-8.35009765625,4.254004001617432,-87,177,-21,2.263378858566284,0.851757824420929,17.45625114440918
183,146,-59,-1.5791015625,-2.6366212368011475,7.665820598602295,-93,98,-6,2.75146484375,2.7562501430511475,17.595020294189453
45,62,12,-0.2679687440395355,1.727441430091858,11.848047256469727,-6,-7,-20,3.9381837844848633,-0.540722668170929,17.757715225219727
-2,-52,48,1.5216797590255737,-6.794921875,17.365331649780273,93,-126,-64,4.115234375,-0.8421875238418579,15.00146484375
-50,-210,54,0.732128918170929,-6.857129096984863,18.767383575439453,98,-202,-49,2.7083985805511475,-0.009570312686264515,8.61328125
-89,-311,34,-0.09091796725988388,-5.373730659484863,15.71923828125,41,-224,22,2.306445360183716,3.349609375,5.33544921875
-72,-317,4,1.0192383527755737,-5.397656440734863,12.383984565734863,-13,-226,62,2.7706055641174316,1.119726538658142,3.66064453125
-45,-275,-24,1.847070336341858,-5.43115234375,11.474804878234863,-3,-210,43,3.8903322219848633,2.526562452316284,1.3302735090255737
-40,-201,-45,4.349707126617432,-5.249316692352295,9.125292778015137,39,-155,-30,5.55078125,-0.19140625,-0.9618164300918579
-1,-96,-70,6.306836128234863,-3.6654298305511475,7.005468845367432,132,-48,-89,7.287793159484863,2.856738328933716,-2.6796875
-5,-13,-58,6.206347942352295,-2.3495118618011475,3.694140672683716,148,-10,-77,10.76181697845459,3.94775390625,6.852344036102295
-90,23,-14,10.249804496765137,-2.0863282680511475,2.115039110183716,0,40,-15,7.479199409484863,3.7754883766174316,4.04345703125
-12,67,1,9.962695121765137,-3.627148389816284,-1.4451172351837158,-21,94,-12,5.651269435882568,3.0672852993011475,6.220703125
0,110,57,8.508008003234863,1.870996117591858,-2.5409181118011475,-15,150,-38,4.995703220367432,1.7370117902755737,4.584179878234863
-83,199,139,2.36865234375,0.22968751192092896,-6.7470703125,-31,206,-48,4.383203029632568,2.239453077316284,9.45068359375
-67,237,169,-1.0144531726837158,-3.5218751430511475,2.46435546875,-75,219,-46,2.4930665493011475,1.789648413658142,12.517969131469727
-19,235,152,-1.5408203601837158,-5.062695503234863,1.311132788658142,-117,230,-23,2.808886766433716,1.1101562976837158,13.94873046875
85,242,69,-2.22509765625,-5.172753810882568,2.784960985183716,-131,189,1,4.876074314117432,2.378222703933716,18.073535919189453
171,191,-13,-0.9283203482627869,-1.8327149152755737,11.809765815734863,-101,92,16,6.952832221984863,2.89501953125,19.001855850219727
-9,49,32,-1.8040039539337158,-3.0577149391174316,15.16416072845459,36,-15,-24,4.387988567352295,-1.1388672590255737,17.07343864440918
-4,-81,11,0.6651367545127869,-7.450488567352295,18.087890625,85,-111,-40,3.99560546875,0.49287110567092896,13.60898494720459
-36,-206,-16,0.35888671875,-7.144238471984863,16.590137481689453,57,-165,-26,3.0194337368011475,1.4833984375,8.833398818969727
-38,-266,-36,0.09091796725988388,-5.95751953125,14.76220703125,26,-191,12,1.98583984375,1.9714844226837158,6.775781154632568
-56,-289,-28,0.9043945670127869,-5.828320503234863,12.809863090515137,-25,-206,36,2.497851610183716,0.971386730670929,5.837890625
-29,-279,-25,1.464257836341858,-5.770898342132568,10.88144588470459,-23,-215,37,2.8280274868011475,2.454785108566284,5.14404296875
5,-198,-66,4.081738471984863,-5.512500286102295,5.809179782867432,-5,-195,27,4.048242092132568,0.995312511920929,0.32539063692092896
24,-87,-96,5.828320503234863,-2.4595704078674316,4.383203029632568,85,-129,-2,6.536523342132568,0.7464843988418579,-0.9139648675918579
14,-19,-65,7.972070693969727,-1.244140625,3.9621095657348633,71,-43,-24,8.44580078125,1.1101562976837158,-1.095800757408142
-26,18,-25,8.929101943969727,-1.0670899152755737,2.7227540016174316,26,5,-44,9.890917778015137,1.502539038658142,4.71337890625
-61,44,28,9.599023818969727,0.34931641817092896,2.1102540493011475,-4,50,-45,10.063183784484863,1.248925805091858,4.483691692352295
-17,81,35,10.30722713470459,-2.6509766578674316,2.5552735328674316,-3,79,-45,8.675488471984863,1.081445336341858,4.847363471984863
1,110,43,9.88134765625,-0.9857422113418579,2.1246094703674316,16,114,-39,7.015038967132568,2.115039110183716,4.206152439117432
-56,157,94,6.91455078125,0.655566394329071,-2.22509765625,-8,159,-20,5.402441501617432,1.2776367664337158,5.512500286102295
-90,237,146,0.10048828274011612,-2.583984375,-1.9140625,-41,178,-11,4.708593845367432,0.861328125,11.020215034484863
-42,228,140,-1.741796851158142,-3.1294922828674316,3.2347657680511475,-75,201,-17,3.6175782680511475,-0.9761719107627869,12.383984565734863
-17,193,107,-2.2777345180511475,-2.067187547683716,5.110547065734863,-60,204,-32,3.024218797683716,-0.74169921875,16.312597274780273
13,152,58,-1.74658203125,-6.986328125,4.651172161102295,-73,170,-6,4.421484470367432,0.2679687440395355,17.518457412719727
197,120,-53,0.3636718690395355,-2.162890672683716,8.87168025970459,-85,85,21,6.69921875,1.430761694908142,17.422754287719727
6,33,8,-0.5455078482627869,1.8375000953674316,11.857617378234863,36,-1,-5,7.029394626617432,-1.813574194908142,14.6904296875
-20,-60,17,1.416406273841858,-5.761328220367432,16.728906631469727,119,-95,-40,4.746875286102295,1.7609375715255737,10.74267578125
-29,-178,3,0.756054699420929,-5.201465129852295,17.48017692565918,41,-156,-9,2.89501953125,-0.5455078482627869,8.60849666595459
-56,-254,-18,0.478515625,-5.991015911102295,15.365137100219727,55,-174,-20,1.6843750476837158,0.57421875,7.053320407867432
-58,-307,-24,0.4498046934604645,-3.7467775344848633,15.173730850219727,-34,-217,-3,0.6747070550918579,1.1627930402755737,7.818945407867432
-45,-308,-24,2.7323243618011475,-4.880859375,10.02011775970459,-52,-247,-9,2.0528321266174316,1.464257836341858,4.445410251617432
-14,-206,-45,5.81396484375,-4.866504192352295,5.282812595367432,9,-216,-30,4.914355754852295,1.368554711341858,-0.88525390625
-49,-87,-60,6.751855373382568,-2.4212892055511475,6.450390815734863,87,-150,-53,7.689746379852295,2.3973634243011475,-1.8853516578674316
-67,-28,-45,7.58447265625,-2.019335985183716,5.043554782867432,74,-40,-50,9.64208984375,0.88525390625,-2.2203125953674316
-48,10,-3,7.134667873382568,-2.0528321266174316,2.4930665493011475,25,38,-26,11.307324409484863,2.7945313453674316,3.933398485183716
0,25,29,8.072558403015137,-3.9429688453674316,1.7800781726837158,2,83,-17,10.09189510345459,1.4929687976837158,4.588964939117432
26,34,36,10.345507621765137,-3.0816407203674316,1.7705078125,0,119,-26,8.115625381469727,3.7850587368011475,3.861621141433716
31,64,46,10.010546684265137,-1.1819336414337158,0.870898425579071,51,144,-48,6.909765720367432,3.70849609375,3.94775390625
-59,124,85,6.306836128234863,-1.191503882408142,-2.497851610183716,38,161,-27,6.833203315734863,3.7132813930511475,7.402637004852295
-97,185,105,3.292187452316284,-4.09130859375,0.923535168170929,-25,157,7,4.876074314117432,1.6365234851837158,9.646875381469727
-52,174,102,2.330371141433716,-3.4979493618011475,3.61279296875,-66,167,-12,3.5458009243011475,0.3397460877895355,10.64218807220459
-20,147,102,1.02880859375,-2.2681641578674316,4.823437690734863,-81,176,-38,2.8663086891174316,0.564648449420929,12.53232479095459
-11,108,95,0.6029297113418579,-4.574609279632568,4.66552734375,-60,172,-56,2.1820313930511475,0.708203136920929,14.168848037719727
60,123,72,0.5933594107627869,-5.794824123382568,3.5362305641174316,-93,121,-41,3.1390626430511475,2.2920899391174316,17.09736442565918
185,145,23,2.162890672683716,-3.2012696266174316,8.12998104095459,-57,25,-10,7.019824504852295,3.1629884243011475,18.72431755065918
29,50,33,3.4022462368011475,-2.4930665493011475,14.106640815734863,48,-88,3,6.67529296875,-0.4019531309604645,13.66162109375
-37,-90,7,3.526660203933716,-6.53173828125,18.977930068969727,91,-170,2,4.727734565734863,2.201171875,8.484082221984863
-67,-215,-19,1.89013671875,-7.005468845367432,17.77685546875,57,-208,11,1.8518555164337158,0.07656250149011612,7.474414348602295
-67,-280,-31,-0.95703125,-5.033984661102295,16.728906631469727,29,-201,14,2.000195264816284,1.17236328125,7.589258193969727
-56,-285,-41,0.3875976502895355,-4.191796779632568,11.924609184265137,3,-202,1,3.7994141578674316,1.823144555091858,5.234961032867432
-9,-212,-69,3.526660203933716,-3.7754883766174316,7.244726657867432,-28,-177,16,4.454980373382568,1.6652344465255737,-0.18662109971046448
29,-120,-79,6.876269817352295,-3.4979493618011475,4.52197265625,34,-116,-16,5.498144626617432,1.6843750476837158,-3.124706983566284
5,-64,-57,8.22568416595459,-3.158203125,4.33056640625,58,-23,-43,8.39316463470459,2.354296922683716,-0.32060548663139343
15,15,-21,7.493555068969727,-3.3543946743011475,3.3543946743011475,126,-61,-63,11.403027534484863,4.33056640625,6.258984565734863
19,39,-14,11.04892635345459,-1.870996117591858,3.244335889816284,56,2,-40,8.881250381469727,1.3876953125,2.186816453933716
-18,64,8,10.230664253234863,-0.8804687857627869,2.7323243618011475,-19,82,-7,9.30234432220459,5.105762004852295,0.9091796875
-19,90,31,9.967480659484863,-1.201074242591858,2.024121046066284,-9,99,1,8.01035213470459,1.559960961341858,3.239550828933716
0,105,33,9.527246475219727,-0.7847656607627869,2.4691407680511475,-8,111,-14,6.584374904632568,2.0384767055511475,1.7609375715255737
-83,164,91,6.330761909484863,3.196484327316284,-1.918847680091858,3,152,-32,5.833105564117432,3.56494140625,4.689453125
-124,246,150,-1.416406273841858,-3.3017578125,1.464257836341858,-9,143,-25,4.655957221984863,1.358984351158142,9.70908260345459
-79,233,161,-3.1294922828674316,-1.847070336341858,3.005078077316284,-53,181,-30,3.56494140625,-0.39238283038139343,9.488965034484863
-54,201,118,-3.124706983566284,-3.7037110328674316,3.9764649868011475,-69,200,-53,3.861621141433716,-0.07656250149011612,12.905566215515137
-9,150,46,-2.019335985183716,-6.330761909484863,5.225390911102295,-98,179,-40,1.6652344465255737,0.775195300579071,15.35556697845459
56,102,-21,-2.282519578933716,-6.928906440734863,6.369042873382568,-68,131,-40,1.8853516578674316,2.617480516433716,18.451562881469727
93,51,-16,-0.8421875238418579,-1.622167944908142,8.905176162719727,-65,59,-18,4.057812690734863,1.2776367664337158,19.39423942565918
34,-16,34,0.823046863079071,-4.498046875,14.484667778015137,33,-24,-18,5.890527248382568,-0.4737304747104645,15.78623104095459
-6,-109,31,1.0670899152755737,-4.957421779632568,16.216894149780273,110,-113,-30,5.756543159484863,-0.3397460877895355,12.919921875
-27,-219,9,0.5455078482627869,-6.278125286102295,17.614160537719727,71,-168,4,3.957324266433716,3.2347657680511475,7.168164253234863
-36,-271,-12,-0.22968751192092896,-5.517285346984863,14.676074028015137,4,-186,45,2.737109422683716,2.60791015625,4.287499904632568
-50,-291,3,-0.17705078423023224,-4.71337890625,13.89609432220459,-15,-198,40,2.167675733566284,1.454687476158142,5.498144626617432
-30,-267,-1,1.9092774391174316,-4.9287109375,11.31210994720459,-7,-216,14,3.3543946743011475,1.4738281965255737,4.612890720367432
-4,-198,-46,4.703808784484863,-5.660840034484863,6.469531536102295,31,-194,-11,5.397656440734863,0.32060548663139343,0.756054699420929
10,-92,-101,6.416894435882568,-2.330371141433716,4.670312404632568,73,-129,-27,6.665722846984863,2.622265577316284,-1.813574194908142
15,-35,-87,8.24960994720459,-1.153222680091858,5.6943359375,44,-47,-39,8.708984375,1.9044922590255737,-0.8421875238418579
-44,16,-36,6.440820217132568,-0.7704101800918579,2.761035203933716,76,-10,-52,12.254785537719727,2.3734376430511475,6.072363376617432
-54,52,6,10.800097465515137,-2.095898389816284,2.043261766433716,-32,33,-30,8.436230659484863,2.550488233566284,2.162890672683716
-29,88,28,9.890917778015137,-0.15791015326976776,2.048046827316284,3,98,-39,7.306933879852295,1.502539038658142,3.9429688453674316
15,127,50,8.579785346984863,-1.239355444908142,2.258593797683716,-15,130,-40,6.431250095367432,2.41650390625,3.7276368141174316
-26,152,100,5.062695503234863,1.670019507408142,1.024023413658142,30,167,-53,6.67529296875,2.9380860328674316,5.201465129852295
-116,197,153,2.10546875,-1.071874976158142,0.14833985269069672,-21,170,-27,6.067578315734863,3.9046876430511475,8.292675971984863
-112,206,164,-0.009570312686264515,-2.7275390625,3.9046876430511475,-38,184,-31,4.37841796875,1.8518555164337158,8.886034965515137
-72,202,142,-2.79931640625,-5.158398628234863,4.143945217132568,-85,197,-34,2.48828125,0.6172851920127869,12.288281440734863
-18,182,82,-3.85205078125,-6.541308879852295,4.541113376617432,-95,182,-43,1.287207007408142,0.5311523675918579,15.37949275970459
131,156,-15,-3.095996141433716,-5.880957126617432,6.115429878234863,-96,123,-52,1.646093726158142,2.1341798305511475,18.41328239440918
185,83,-34,-1.2058594226837158,-0.08134765923023224,9.651659965515137,-75,42,-41,1.8805664777755737,2.622265577316284,16.992090225219727
33,-12,45,-0.875683605670929,-1.2297852039337158,11.618359565734863,25,-55,-58,3.2586915493011475,1.129296898841858,19.30810546875
-27,-116,65,0.9187500476837158,-7.929004192352295,17.738574981689453,125,-165,-73,5.727832317352295,0.971386730670929,14.149706840515137
-95,-244,38,1.7705078125,-8.144335746765137,16.303028106689453,99,-212,10,3.411816358566284,3.9668946266174316,6.570019721984863
-108,-289,-18,0.74169921875,-5.16796875,14.671289443969727,45,-207,82,2.928515672683716,1.559960961341858,3.4166016578674316
-88,-294,-31,-0.08613281697034836,-2.8758790493011475,13.503710746765137,-6,-195,96,2.143749952316284,1.2824219465255737,2.27294921875
-31,-241,-39,1.741796851158142,-4.526757717132568,11.02500057220459,2,-186,45,3.828125,1.4690430164337158,1.65087890625
-11,-165,-49,5.416797161102295,-5.794824123382568,8.364453315734863,26,-145,-16,6.321191310882568,0.8900390863418579,-0.9426758289337158
10,-81,-71,7.182519435882568,-3.7515625953674316,4.837792873382568,107,-53,-71,8.87646484375,1.813574194908142,-1.8997070789337158
-35,-5,-61,5.345019817352295,-1.3781250715255737,2.9476563930511475,114,-30,-57,12.905566215515137,2.94287109375,8.283105850219727
-26,38,-37,9.25449275970459,-3.1629884243011475,4.263574123382568,3,4,-2,8.68027400970459,3.80419921875,1.966699242591858
-18,74,-11,10.47470760345459,-1.89013671875,2.296875,-22,60,-1,8.44580078125,1.9954102039337158,2.7227540016174316
28,95,21,11.379101753234863,-3.1629884243011475,2.89501953125,-9,94,-19,6.895410060882568,2.043261766433716,3.603222608566284
7,115,58,9.18271541595459,0.64599609375,1.9571290016174316,20,148,-54,6.230273723602295,1.320703148841858,2.9380860328674316
-93,214,145,2.0576171875,1.6365234851837158,-6.876269817352295,-27,180,-37,6.69921875,4.28271484375,8.819043159484863
-50,256,172,-2.191601514816284,-2.282519578933716,3.981250047683716,-53,195,-9,3.27783203125,0.39716798067092896,7.885937690734863
-44,248,149,-3.7276368141174316,-3.4166016578674316,1.478613257408142,-130,231,11,1.512109398841858,0.04306640848517418,10.623046875
-25,201,71,-4.526757717132568,-4.057812690734863,4.923925876617432,-99,227,-6,1.526464819908142,0.478515625,16.14033317565918
84,139,-26,-3.909472703933716,-5.081836223602295,5.584277629852295,-45,170,-39,0.5311523675918579,0.8900390863418579,19.437305450439453
102,73,-36,-1.9762696027755737,-0.612500011920929,10.28330135345459,-57,79,-27,3.885546922683716,1.574316382408142,19.887109756469727
-2,-20,5,-0.6268554925918579,-4.167870998382568,13.197461128234863,12,-14,-36,5.067480564117432,-0.4258789122104645,17.398828506469727
-18,-107,15,1.5456055402755737,-5.4072265625,17.116504669189453,100,-133,-66,4.756445407867432,-0.3541015684604645,14.5947265625
-29,-238,14,1.024023413658142,-7.641894817352295,17.877344131469727,77,-201,-35,2.392578125,0.799121081829071,7.594043254852295
-91,-308,-14,0.0478515625,-7.943359375,16.446582794189453,24,-217,0,1.1388672590255737,0.6412109732627869,6.239843845367432
-86,-322,-35,-0.5933594107627869,-5.450293064117432,13.60898494720459,-3,-229,18,2.138964891433716,1.1005859375,5.388085842132568
-30,-241,-69,1.3302735090255737,-4.292285442352295,9.297558784484863,-3,-229,37,3.4022462368011475,2.808886766433716,2.378222703933716
21,-138,-84,3.9621095657348633,-3.8185548782348633,6.3642578125,31,-185,37,4.895215034484863,0.55029296875,-0.7608398795127869
43,-69,-72,6.302051067352295,-2.6844727993011475,4.837792873382568,58,-111,-18,6.909765720367432,-0.11484375596046448,-1.741796851158142
14,-27,-47,7.900293350219727,-2.8758790493011475,5.517285346984863,48,-19,-69,8.378808975219727,1.22021484375,-1.512109398841858
-29,9,-12,8.029492378234863,-1.191503882408142,3.765918016433716,57,19,-87,11.537012100219727,2.8041017055511475,5.158398628234863
-66,43,17,8.665918350219727,-1.93798828125,3.813769578933716,-4,44,-49,10.4794921875,2.6749024391174316,4.239648342132568
-25,78,22,10.508203506469727,-1.7370117902755737,3.1103515625,-3,82,-22,8.574999809265137,2.7706055641174316,1.84228515625
10,105,47,11.2451171875,-1.550390601158142,1.296777367591858,-13,115,-21,6.799706935882568,2.5552735328674316,3.550585985183716
-18,146,95,6.871484279632568,-0.02871093899011612,-0.4593750238418579,19,154,-37,5.455078125,2.593554735183716,5.545996189117432
-88,231,150,-0.6268554925918579,-2.9189453125,-1.502539038658142,-33,162,-5,3.7850587368011475,3.0672852993011475,10.465136528015137
-74,239,171,-3.005078077316284,-2.9955079555511475,0.703417956829071,-101,203,12,1.65087890625,-0.4258789122104645,10.134961128234863
-8,239,124,-3.18212890625,-3.579296827316284,2.392578125,-93,233,23,1.1484375,-0.39716798067092896,14.178418159484863
-2,191,62,-2.84716796875,-3.732421875,6.837988376617432,-53,188,17,1.9810547828674316,-0.9618164300918579,18.671680450439453
114,109,-16,-1.3254883289337158,-4.646386623382568,11.005859375,-14,99,-28,4.679883003234863,0.17226563394069672,18.714746475219727
50,3,19,-2.8280274868011475,0.01435546949505806,11.50830078125,11,23,-42,3.8759765625,1.191503882408142,17.690723419189453
-32,-78,37,0.4019531309604645,-6.69921875,14.695215225219727,108,-65,-72,4.689453125,0.660351574420929,14.484667778015137
-51,-163,-14,1.0048828125,-8.30224609375,15.47998046875,72,-152,-49,4.588964939117432,2.08154296875,12.039453506469727
-84,-227,-55,1.7561523914337158,-6.637012004852295,13.790820121765137,48,-193,-5,3.292187452316284,4.966992378234863,5.818749904632568
-37,-254,-75,1.626953125,-6.081933498382568,13.719042778015137,-1,-200,54,2.8663086891174316,2.598339796066284,4.6416015625
-38,-266,-50,1.5408203601837158,-6.732715129852295,13.13525390625,-30,-209,55,3.1390626430511475,0.803906261920929,6.019726753234863
-14,-236,-49,2.70361328125,-5.641699314117432,9.771288871765137,-33,-218,46,4.072167873382568,2.091113328933716,3.5888671875
3,-135,-75,5.330664157867432,-3.555371046066284,4.191796779632568,11,-178,32,6.177636623382568,-0.4306640625,-1.2297852039337158
25,-56,-79,6.062793254852295,-2.6031250953674316,6.0771484375,57,-107,-7,7.58447265625,-0.4019531309604645,-1.311132788658142
-12,-48,-41,7.101171970367432,-2.1006836891174316,5.230175971984863,39,-17,-41,8.82382869720459,-0.31103515625,-1.670019507408142
-26,-13,-5,6.206347942352295,-3.0433595180511475,2.4452149868011475,85,14,-78,11.972460746765137,0.478515625,5.196679592132568
16,19,20,9.814355850219727,-2.8232421875,3.6845703125,24,50,-57,9.7138671875,3.8664064407348633,1.9571290016174316
-4,43,28,9.986620903015137,-2.51220703125,3.2012696266174316,16,83,-33,9.407617568969727,2.928515672683716,3.8759765625
9,74,33,10.484277725219727,-2.354296922683716,1.942773461341858,0,88,-15,8.01035213470459,1.799218773841858,3.052929639816284
6,92,41,9.627734184265137,-1.07666015625,2.6270508766174316,4,108,-24,6.445605754852295,2.043261766433716,2.7227540016174316
-35,129,88,7.675390720367432,1.392480492591858,-1.799218773841858,19,134,-41,6.450390815734863,2.966796875,5.077050685882568
-67,206,146,1.574316382408142,-2.7275390625,-0.12919922173023224,6,125,-36,5.330664157867432,2.880664110183716,9.005663871765137
-57,212,173,-0.46416017413139343,-1.7083008289337158,3.3448243141174316,-43,161,-35,3.5936524868011475,1.22021484375,7.230370998382568
-50,221,189,-2.5887696743011475,-2.6366212368011475,3.095996141433716,-68,193,-33,1.823144555091858,0.4737304747104645,10.101465225219727
-35,204,145,-3.694140672683716,-5.211035251617432,4.517187595367432,-29,191,-39,2.0528321266174316,1.41162109375,14.149706840515137
87,173,18,-2.761035203933716,-9.077441215515137,5.952734470367432,-22,138,-47,1.4020508527755737,2.8663086891174316,17.02558708190918
182,89,-65,-1.7322266101837158,0.0,11.446093559265137,-53,76,-41,0.846972644329071,4.196582317352295,16.743261337280273
-3,-29,0,-2.6509766578674316,-3.0098633766174316,11.833691596984863,14,13,-65,1.5456055402755737,1.9475586414337158,17.705078125
-35,-107,-1,-0.535937488079071,-6.57958984375,13.642480850219727,49,-73,-83,4.359277248382568,1.751367211341858,15.57089900970459
-88,-183,-32,1.8566406965255737,-7.976855754852295,14.90097713470459,89,-154,-79,5.684765815734863,4.344922065734863,10.59433650970459
-83,-233,-70,1.2106446027755737,-7.503125190734863,14.034863471984863,-6,-197,6,3.7515625953674316,4.732519626617432,8.412304878234863
-37,-241,-68,1.143652319908142,-6.062793254852295,12.661523818969727,-15,-220,38,3.4453125,2.832812547683716,7.498340129852295
-5,-222,-56,2.713183641433716,-6.096289157867432,11.211621284484863,-12,-209,54,4.000390529632568,2.569628953933716,3.3974609375
-3,-190,-47,4.344922065734863,-4.9765625,8.244824409484863,-19,-184,65,5.3115234375,0.669921875,1.65087890625
2,-126,-60,5.268456935882568,-3.627148389816284,4.660742282867432,-17,-146,59,5.852246284484863,1.53125,0.12919922173023224
10,-79,-52,5.947949409484863,-2.856738328933716,5.134472846984863,-31,-90,36,6.603515625,0.44501954317092896,-0.5455078482627869
28,-68,-30,5.986230373382568,-2.79931640625,4.239648342132568,-24,-23,-9,8.8525390625,-1.8040039539337158,2.0289063453674316
78,-18,-19,5.364160060882568,-2.75146484375,5.2158203125,34,-34,-54,10.398144721984863,1.36376953125,6.608300685882568
95,-10,-14,9.670801162719727,-4.732519626617432,7.866796970367432,25,6,-60,8.981738090515137,0.44501954317092896,2.1581056118011475
0,15,-10,11.50830078125,-1.6604492664337158,3.1055665016174316,74,71,-71,8.708984375,2.10546875,-0.49287110567092896
-66,102,11,10.512988090515137,-2.3255860805511475,0.13876953721046448,45,90,-36,8.938672065734863,3.861621141433716,3.502734422683716
-19,176,6,9.82871150970459,-0.88525390625,1.406835913658142,89,106,-23,7.905078411102295,2.359081983566284,3.7132813930511475
-19,202,33,7.522265911102295,-0.49287110567092896,3.9429688453674316,41,123,-9,6.335546970367432,2.201171875,4.148730754852295
-58,193,98,4.85693359375,1.095800757408142,3.7754883766174316,36,156,-21,5.914453029632568,2.091113328933716,6.182422161102295
-130,194,168,0.0478515625,0.5072265863418579,-0.27753907442092896,-24,179,-5,4.923925876617432,3.124706983566284,11.388671875
-115,172,139,-2.5313477516174316,-5.278027534484863,4.072167873382568,-15,173,-9,2.6749024391174316,1.052734375,13.97265625
-39,128,70,-1.8805664777755737,-5.38330078125,4.364062786102295,-25,155,-24,2.713183641433716,1.153222680091858,14.80527400970459
-1,92,20,-0.3636718690395355,-2.8998048305511475,5.943164348602295,-47,129,-22,4.584179878234863,2.670117139816284,15.88671875
19,72,-9,0.13876953721046448,-5.57470703125,7.0341796875,-54,75,-15,7.254296779632568,2.296875,16.73847770690918
45,27,-9,0.6747070550918579,-2.019335985183716,11.369531631469727,-4,-21,-26,8.029492378234863,1.9954102039337158,14.728711128234863
43,-61,-18,3.000293016433716,-6.536523342132568,15.16416072845459,34,-117,-30,6.809277534484863,2.0528321266174316,9.64208984375
35,-162,-36,1.320703148841858,-6.479101657867432,15.676172256469727,-2,-149,24,4.766015529632568,2.330371141433716,5.641699314117432
-10,-222,-40,0.17226563394069672,-3.1534180641174316,15.298145294189453,24,-148,18,4.110449314117432,1.0383789539337158,5.47900390625
-10,-291,5,0.5550781488418579,-3.2012696266174316,15.709668159484863,-64,-173,33,2.167675733566284,1.6748046875,7.15380859375
-33,-302,8,2.713183641433716,-6.541308879852295,10.321581840515137,-71,-191,2,3.2108399868011475,-0.7369140982627869,4.766015529632568
-24,-231,-39,5.651269435882568,-7.20166015625,6.373828411102295,10,-156,-51,4.818652629852295,-0.6172851920127869,0.5263671875
-25,-109,-70,7.192090034484863,-2.8519532680511475,3.5601563453674316,78,-86,-86,6.861914157867432,2.2538087368011475,-0.12919922173023224
-66,-18,-56,8.168261528015137,-0.8086914420127869,3.531445264816284,70,-34,-83,8.766406059265137,3.6319336891174316,1.057519555091858
-52,34,-8,7.498340129852295,-1.6652344465255737,3.9429688453674316,81,-35,-78,9.943554878234863,2.8041017055511475,5.368945598602295
-34,71,32,9.484179496765137,-1.3015625476837158,1.344628930091858,-10,11,-46,8.316601753234863,2.761035203933716,1.765722632408142
-1,122,62,9.06308650970459,-1.8805664777755737,1.3876953125,16,72,-61,7.885937690734863,4.78515625,3.18212890625
10,171,89,6.885839939117432,-2.0145509243011475,3.191699266433716,15,114,-69,7.330859661102295,5.134472846984863,3.5840821266174316
-27,181,116,4.416699409484863,-3.3543946743011475,5.354589939117432,-14,159,-53,6.34033203125,4.789941310882568,4.407128810882568
-55,182,133,2.646191358566284,-2.741894483566284,3.052929639816284,-78,198,-12,5.900097846984863,4.4501953125,6.29248046875
-71,226,133,-0.631640613079071,-4.7373046875,-0.27753907442092896,-150,214,41,5.278027534484863,0.9139648675918579,9.8095703125
39,237,44,-3.2969727516174316,-5.837890625,3.263476610183716,-149,205,29,2.354296922683716,-1.9762696027755737,12.762011528015137
147,196,-42,-3.4022462368011475,-1.105371117591858,5.378515720367432,-115,172,16,0.875683605670929,-0.875683605670929,15.33642578125
116,128,-22,-2.8998048305511475,2.3016602993011475,6.689648628234863,-66,126,5,0.827832043170929,-0.287109375,16.748046875
54,63,31,-2.32080078125,-0.588574230670929,10.273730278015137,-40,33,-14,3.0146484375,-0.41630861163139343,19.427734375
-7,-27,62,-0.861328125,-3.579296827316284,14.13535213470459,-8,-61,-6,4.340137004852295,-0.607714831829071,16.10205078125
-73,-142,39,0.8086914420127869,-6.526953220367432,18.011327743530273,118,-166,-38,4.699023723602295,-3.2108399868011475,13.403223037719727
-81,-259,1,0.17705078423023224,-5.043554782867432,17.906055450439453,147,-222,-20,2.311230421066284,1.000097632408142,6.684863567352295
-71,-321,-23,-0.6507812738418579,-3.9716796875,16.37959098815918,46,-240,36,2.526562452316284,1.1484375,4.033886909484863
-74,-346,-7,0.45458984375,-3.363964796066284,14.216699600219727,-2,-244,24,3.66064453125,0.39238283038139343,3.5601563453674316
-46,-301,-18,2.5074219703674316,-4.957421779632568,9.656445503234863,-3,-207,5,5.7421875,0.971386730670929,-0.05263672024011612
-67,-206,-49,4.636816501617432,-4.301855564117432,6.235058784484863,44,-129,-34,7.235156536102295,1.1867188215255737,-3.0194337368011475
-84,-90,-80,6.330761909484863,-2.167675733566284,6.297265529632568,60,-15,-45,7.732812881469727,2.0767579078674316,-1.3015625476837158
7,0,-57,6.306836128234863,-2.3160157203674316,2.569628953933716,95,-19,-57,9.819140434265137,2.933300733566284,7.699316501617432
2,17,-12,11.33603572845459,-2.7801759243011475,1.847070336341858,-1,27,-32,7.493555068969727,2.000195264816284,2.1581056118011475
-16,35,18,11.446093559265137,-1.201074242591858,0.3397460877895355,-35,96,-24,7.885937690734863,3.3926758766174316,2.713183641433716
20,104,33,10.962793350219727,-0.9426758289337158,-3.08642578125,-34,147,-23,5.612988471984863,1.9523438215255737,4.081738471984863
-33,190,90,6.790136814117432,0.5455078482627869,-4.502831935882568,-14,183,-30,5.345019817352295,2.239453077316284,6.426465034484863
-70,257,156,0.5215820670127869,-1.2106446027755737,-0.39238283038139343,-31,185,-14,4.608105659484863,1.53125,9.646875381469727
-56,238,183,-1.26806640625,-1.201074242591858,4.009961128234863,-54,200,-2,4.009961128234863,1.320703148841858,8.742480278015137
-47,220,164,-1.5886719226837158,-4.053027629852295,3.076855421066284,-67,211,3,3.029003858566284,0.2679687440395355,10.40771484375
10,198,77,-2.84716796875,-7.589258193969727,4.7373046875,-58,194,-15,1.416406273841858,0.0,15.130664825439453
121,171,-10,-4.239648342132568,-5.345019817352295,6.412109375,-54,132,-26,0.18183593451976776,0.5215820670127869,18.370214462280273
157,124,-14,-2.6796875,2.5887696743011475,10.92929744720459,-43,49,-21,2.0767579078674316,0.894824206829071,18.633398056030273
1,24,37,-2.1820313930511475,-3.8568360805511475,13.1591796875,33,-28,-41,3.646289110183716,-0.40673828125,16.85810661315918
-47,-54,24,-0.17226563394069672,-6.177636623382568,13.92002010345459,94,-121,-65,3.0816407203674316,-0.3301757872104645,15.417774200439453
-56,-161,-11,0.923535168170929,-8.173047065734863,16.85810661315918,138,-193,-47,3.3783204555511475,2.27294921875,9.823925971984863
-49,-250,-19,-0.803906261920929,-6.325976848602295,16.159473419189453,42,-198,32,2.024121046066284,3.8185548782348633,7.335644721984863
-33,-313,-9,-1.4833984375,-4.445410251617432,14.33154296875,-5,-186,67,3.095996141433716,1.1580078601837158,5.890527248382568
-41,-310,-17,0.679492175579071,-3.7850587368011475,10.422070503234863,-25,-179,62,4.66552734375,-0.44023439288139343,4.47412109375
4,-243,-57,3.0816407203674316,-4.340137004852295,8.005566596984863,7,-166,59,4.306640625,1.296777367591858,1.598242163658142
41,-164,-80,4.703808784484863,-3.66064453125,6.971972942352295,27,-142,23,4.297070503234863,0.775195300579071,0.35888671875
29,-93,-74,7.651464939117432,-3.239550828933716,6.230273723602295,37,-84,-38,5.699120998382568,0.779980480670929,-1.0192383527755737
-11,-32,-48,8.96738338470459,-1.1149414777755737,2.7323243618011475,66,-18,-85,9.63730525970459,2.311230421066284,1.6748046875
-89,20,6,8.8046875,0.42109376192092896,1.6173828840255737,27,-3,-74,10.565625190734863,5.306738376617432,4.2109375
-80,56,41,10.0009765625,-1.1149414777755737,2.0528321266174316,19,35,-52,10.058398246765137,1.0383789539337158,4.746875286102295
-19,103,31,10.584765434265137,-2.08154296875,1.631738305091858,-9,91,-37,7.814160346984863,2.4691407680511475,2.765820264816284
-10,150,57,8.65634822845459,-0.0478515625,0.6172851920127869,-34,149,-22,5.775683879852295,2.545703172683716,3.9716796875
-68,213,139,3.340039014816284,1.3876953125,-3.8903322219848633,-29,183,-20,6.187207221984863,3.4022462368011475,7.407422065734863
-75,242,190,-1.6652344465255737,-2.976367235183716,3.3687500953674316,-22,181,-22,4.158300876617432,0.583789050579071,9.412402153015137
-57,206,185,-3.4740235805511475,-4.2109375,2.89501953125,-70,185,-34,3.1390626430511475,-0.3158203065395355,11.9150390625
-4,171,137,-3.6319336891174316,-3.981250047683716,4.110449314117432,-33,160,-48,2.7466797828674316,2.067187547683716,15.604394912719727
30,140,45,-1.823144555091858,-8.747265815734863,3.5123047828674316,-41,107,-35,4.311425685882568,2.359081983566284,17.57588005065918
186,99,-58,0.83740234375,-1.3494141101837158,11.225976943969727,-72,24,2,6.790136814117432,5.115332126617432,16.393945693969727
23,-10,-8,0.9761719107627869,-0.9187500476837158,12.671093940734863,58,-38,-20,6.091504096984863,-1.024023413658142,14.704785346984863
0,-108,1,0.95703125,-5.991015911102295,18.260156631469727,67,-123,-26,6.4599609375,2.933300733566284,10.95322322845459
-31,-205,-5,0.40673828125,-6.024511814117432,16.393945693969727,48,-149,0,5.2158203125,2.0145509243011475,7.08203125
-57,-255,-39,0.07656250149011612,-6.14892578125,14.800488471984863,16,-147,34,4.239648342132568,3.2969727516174316,5.86181640625
-56,-274,-42,0.995312511920929,-4.4501953125,13.75732421875,-23,-147,54,5.153613567352295,0.9761719107627869,5.67041015625
-33,-261,-36,2.933300733566284,-5.373730659484863,10.83359432220459,-9,-152,44,5.306738376617432,1.9092774391174316,4.751660346984863
-23,-220,-47,4.59375,-5.2158203125,7.507910251617432,-9,-142,31,4.191796779632568,1.000097632408142,1.626953125
-16,-131,-72,6.31640625,-3.167773485183716,3.9429688453674316,71,-99,-18,5.172753810882568,0.78955078125,0.3397460877895355
-3,-59,-63,7.244726657867432,-1.1340820789337158,3.7707033157348633,53,-44,-30,6.967187404632568,1.7800781726837158,0.669921875
0,-17,-19,6.000586032867432,-1.6748046875,2.713183641433716,79,-33,-54,11.398241996765137,-0.03349609300494194,8.22568416595459
-40,5,25,10.16845703125,-0.4833008050918579,2.0576171875,13,5,-36,8.905176162719727,3.3783204555511475,1.502539038658142
-25,32,40,10.680468559265137,-2.7227540016174316,1.536035180091858,-4,71,-37,9.005663871765137,3.1390626430511475,3.3543946743011475
-7,65,63,10.97714900970459,-0.5933594107627869,1.454687476158142,24,110,-44,7.909863471984863,2.670117139816284,3.507519483566284
-29,100,90,8.39794921875,-1.081445336341858,0.7177734375,20,139,-39,6.48388671875,3.0912110805511475,4.861718654632568
-78,153,142,3.0912110805511475,-0.756054699420929,-3.03857421875,21,155,-26,6.613086223602295,3.7276368141174316,9.11572265625
-70,166,162,0.535937488079071,-4.627246379852295,3.765918016433716,-6,147,-28,4.392773628234863,1.8518555164337158,11.14462947845459
-65,130,165,1.5168945789337158,-3.9429688453674316,1.4690430164337158,-60,163,-41,4.799511909484863,2.7275390625,10.59433650970459
-64,115,167,1.440332055091858,-4.344922065734863,3.5936524868011475,-53,187,-41,4.172656536102295,2.574414014816284,12.383984565734863
-8,124,113,0.37324219942092896,-11.60400390625,2.048046827316284,-61,174,-39,3.765918016433716,0.851757824420929,15.532617568969727
238,170,-20,0.9378906488418579,-9.551172256469727,1.79443359375,-107,89,-21,5.301953315734863,4.5458984375,19.279394149780273
207,130,-39,1.3063477277755737,4.995703220367432,11.67578125,-70,-44,29,8.54150390625,3.8089845180511475,17.365331649780273
56,-19,-26,4.574609279632568,-6.110644817352295,18.360645294189453,31,-131,40,6.115429878234863,2.7275390625,7.39306640625
-17,-177,-21,1.3781250715255737,-5.325879096984863,17.64765739440918,3,-169,47,2.36865234375,0.2392578125,6.565234661102295
-18,-274,-13,-1.7322266101837158,-5.522070407867432,17.738574981689453,37,-175,31,-0.5215820670127869,-0.03828125074505806,8.383593559265137
-69,-323,-11,-0.827832043170929,-4.742089748382568,15.034961700439453,0,-211,-36,0.3541015684604645,-2.65576171875,9.800000190734863
-59,-276,-45,3.148632764816284,-3.7850587368011475,9.82871150970459,-12,-213,-42,2.1246094703674316,4.766015529632568,0.50244140625
1,-155,-95,6.928906440734863,-3.789843797683716,5.833105564117432,-2,-158,-26,5.258886814117432,2.03369140625,-3.387890577316284
35,-65,-85,8.87168025970459,-3.048144578933716,3.435742139816284,59,-66,-61,8.311816215515137,2.426074266433716,-3.46923828125
-57,0,-21,9.144433975219727,-0.22968751192092896,1.512109398841858,67,-19,-84,10.824023246765137,3.6415040493011475,5.47900390625
-79,60,39,10.197168350219727,-2.191601514816284,0.74169921875,3,28,-53,9.728222846984863,1.052734375,6.297265529632568
8,123,40,9.37890625,-2.071972608566284,-1.435546875,16,111,-46,6.684863567352295,2.239453077316284,3.502734422683716
-28,185,100,4.416699409484863,1.5647461414337158,-2.5361328125,-63,173,-9,5.785254001617432,2.5791993141174316,5.469433784484863
-66,252,156,-0.4498046934604645,-2.306445360183716,-0.27275392413139343,-62,200,11,5.345019817352295,0.7608398795127869,8.244824409484863
-40,245,172,-2.162890672683716,-0.8086914420127869,3.0194337368011475,-84,242,-9,3.029003858566284,-0.3349609375,9.16357421875
-39,245,151,-4.057812690734863,-3.9716796875,3.4453125,-98,265,0,1.488183617591858,-0.27275392413139343,13.699902534484863
42,236,59,-4.325781345367432,-8.019922256469727,4.37841796875,-100,218,27,1.177148461341858,-1.057519555091858,19.44209098815918
197,195,-56,-4.134375095367432,-1.6652344465255737,9.666015625,-82,106,29,2.593554735183716,0.24882812798023224,20.724512100219727
14,68,7,-2.966796875,0.5790039300918579,12.48447322845459,-15,0,9,1.5408203601837158,-1.311132788658142,15.948925971984863
2,-22,31,-1.406835913658142,-4.871289253234863,14.23105525970459,128,-84,-42,3.435742139816284,-2.258593797683716,15.62353515625
-42,-137,27,-0.6507812738418579,-7.546191692352295,17.906055450439453,117,-175,-40,2.880664110183716,-1.3494141101837158,13.140039443969727
-57,-274,1,-1.9236328601837158,-5.847461223602295,17.59980583190918,124,-200,-13,1.8566406965255737,1.119726538658142,7.316504001617432
-33,-325,-8,-2.12939453125,-3.7850587368011475,13.963086128234863,2,-180,75,1.84228515625,2.091113328933716,5.665625095367432
-37,-333,-11,-0.7177734375,-3.5840821266174316,11.350390434265137,-29,-186,57,3.46923828125,-1.105371117591858,4.579394817352295
-41,-291,-38,2.526562452316284,-3.732421875,8.84775447845459,-26,-199,22,3.119921922683716,1.7370117902755737,2.909374952316284
-18,-223,-51,6.325976848602295,-3.741992235183716,7.809375286102295,-23,-190,-6,3.3926758766174316,1.870996117591858,0.8421875238418579
20,-123,-72,7.53662109375,-3.411816358566284,5.895312786102295,67,-127,-78,6.751855373382568,-0.34453126788139343,-1.311132788658142
14,-27,-62,8.019922256469727,-1.1627930402755737,3.2251954078674316,72,-37,-108,10.273730278015137,2.4117188453674316,-1.12451171875
-103,47,-15,8.890820503234863,0.7129883170127869,1.89013671875,18,8,-68,10.053613662719727,5.895312786102295,3.502734422683716
-110,104,30,10.369433403015137,-1.655664086341858,1.009667992591858,-64,79,-5,8.61328125,0.708203136920929,4.861718654632568
-15,156,46,11.206835746765137,-2.4452149868011475,-0.9666016101837158,-41,116,-17,6.565234661102295,1.679589867591858,3.3304688930511475
-17,221,93,6.603515625,-1.143652319908142,0.45458984375,-58,188,-30,4.6416015625,0.4258789122104645,4.498046875
-62,264,157,0.8661133050918579,1.4211914539337158,-3.407031297683716,-75,240,-23,5.76611328125,2.36865234375,9.460253715515137
-60,286,180,-3.8951172828674316,-3.3304688930511475,3.1294922828674316,-91,239,19,3.8329102993011475,-1.646093726158142,11.41259765625
-12,254,123,-4.813867092132568,-3.7515625953674316,3.119921922683716,-99,241,49,1.1819336414337158,-1.8662109375,14.010937690734863
140,224,12,-4.459765911102295,-4.23486328125,4.565039157867432,-56,190,40,1.488183617591858,-1.813574194908142,19.327245712280273
143,130,-27,-4.431054592132568,3.0146484375,8.747265815734863,-48,80,16,2.282519578933716,-0.875683605670929,19.767480850219727
-31,-2,48,-2.5313477516174316,-2.019335985183716,13.092187881469727,61,-26,-28,3.8664064407348633,-0.9378906488418579,17.925195693969727
-19,-102,34,0.540722668170929,-6.474316596984863,16.85810661315918,116,-123,-44,4.871289253234863,-1.454687476158142,14.417675971984863
-60,-228,5,-0.765625,-5.952734470367432,19.327245712280273,124,-174,-31,3.2730469703674316,-0.095703125,7.828516006469727
-82,-305,0,-1.9140625,-5.412011623382568,15.915430068969727,49,-186,14,1.3781250715255737,0.21054688096046448,6.153710842132568
-108,-333,4,-2.9189453125,-5.2158203125,15.829297065734863,1,-195,4,1.8757812976837158,0.57421875,8.115625381469727
-90,-320,-18,0.19140625,-5.746972560882568,12.60888671875,-24,-214,9,2.550488233566284,2.6605470180511475,5.943164348602295
-21,-243,-67,3.8472657203674316,-5.172753810882568,7.670605659484863,-3,-208,17,3.7132813930511475,2.383007764816284,0.14833985269069672
9,-140,-92,6.761425971984863,-3.0146484375,3.51708984375,40,-134,-2,6.335546970367432,-0.26318359375,-2.789746046066284
17,-62,-73,7.603613376617432,-2.08154296875,2.8663086891174316,47,-29,-36,7.48876953125,0.5933594107627869,-2.550488233566284
-49,-10,-15,8.407519340515137,0.708203136920929,1.320703148841858,30,45,-49,9.13486385345459,2.694042921066284,2.3447265625
-11,40,38,9.83349609375,-2.2298829555511475,0.3158203065395355,-12,81,-63,8.211328506469727,1.41162109375,6.110644817352295
25,100,59,9.847851753234863,-0.4737304747104645,-1.5791015625,44,124,-82,6.144140720367432,4.01953125,4.1630859375
-48,184,123,4.923925876617432,1.5695313215255737,-4.5458984375,11,167,-38,5.392871379852295,4.971777439117432,7.665820598602295
-89,253,174,-0.5455078482627869,-4.316211223602295,1.057519555091858,-32,178,0,3.2251954078674316,1.1101562976837158,9.37412166595459
-53,248,177,-1.6365234851837158,-3.7372071743011475,1.167578101158142,-71,215,-13,1.72265625,0.17705078423023224,11.19248104095459
-17,244,150,-2.3877930641174316,-5.71826171875,2.162890672683716,-65,229,-25,1.22021484375,1.153222680091858,14.987110137939453
72,228,52,-3.387890577316284,-10.158886909484863,2.94287109375,-78,193,-28,0.684277355670929,0.15791015326976776,20.198144912719727
313,195,-69,-1.65087890625,0.9857422113418579,8.503222465515137,-110,80,-7,4.048242092132568,1.813574194908142,21.169530868530273
73,55,27,-2.191601514816284,2.378222703933716,15.202442169189453,-33,-25,19,5.072265625,-1.215429663658142,18.284082412719727
23,-50,68,-0.9043945670127869,-1.9092774391174316,17.556737899780273,71,-129,-2,6.187207221984863,-1.153222680091858,14.120996475219727
-4,-196,57,-2.1581056118011475,-4.675097942352295,19.169336318969727,84,-175,29,4.445410251617432,3.311328172683716,6.560449123382568
-63,-274,62,-3.7850587368011475,-3.66064453125,16.78632926940918,-24,-167,84,1.536035180091858,2.024121046066284,5.967090129852295
-36,-303,44,-5.129687786102295,-2.89501953125,16.035058975219727,-15,-186,33,1.191503882408142,-0.02871093899011612,9.25927734375
-76,-291,30,0.779980480670929,-4.273144721984863,10.723535537719727,-46,-200,6,2.1246094703674316,-0.7177734375,5.19189453125
-114,-222,-57,5.3115234375,-4.359277248382568,8.517578125,34,-180,-46,2.9141602516174316,0.4593750238418579,-1.320703148841858
-134,-158,-124,7.177734375,-2.473925828933716,8.235254287719727,15,-85,-59,4.359277248382568,0.18183593451976776,-5.029199123382568
-75,-82,-97,7.507910251617432,0.727343738079071,1.583886742591858,39,-18,-74,8.833398818969727,3.119921922683716,3.0816407203674316
-47,-12,8,8.460156440734863,1.1149414777755737,0.6029297113418579,-14,-14,-71,10.106249809265137,1.512109398841858,7.067676067352295
32,100,47,10.948437690734863,-0.287109375,-3.550585985183716,48,68,-100,5.904882907867432,2.009765625,3.56494140625
13,218,103,7.15380859375,0.93310546875,-5.254101753234863,-15,151,-68,5.656054973602295,3.435742139816284,6.837988376617432
-56,319,169,-2.311230421066284,-2.258593797683716,-1.5695313215255737,-48,185,-31,4.636816501617432,0.655566394329071,9.455469131469727
-26,309,172,-4.7373046875,-3.507519483566284,1.9810547828674316,-103,230,-10,4.320996284484863,0.3349609375,9.536816596984863
41,287,97,-5.555566310882568,-4.660742282867432,1.7083008289337158,-100,244,-2,2.6509766578674316,-0.5311523675918579,15.3125
135,226,1,-4.718163967132568,-1.31591796875,6.608300685882568,-86,181,11,2.813671827316284,0.88525390625,21.925586700439453
107,127,-1,-3.8664064407348633,2.41650390625,10.891016006469727,-56,56,27,5.254101753234863,1.7370117902755737,22.9208984375
-16,-11,42,-0.15312500298023224,-2.952441453933716,15.939355850219727,21,-65,18,7.335644721984863,-1.41162109375,17.092578887939453
-34,-162,45,0.4498046934604645,-3.9381837844848633,20.4326171875,109,-158,-4,5.440722942352295,-0.7129883170127869,10.776171684265137
-87,-303,37,-0.287109375,-5.837890625,19.767480850219727,54,-197,23,3.13427734375,0.8900390863418579,7.01025390625
-100,-386,36,-1.1867188215255737,-5.234961032867432,17.24091911315918,-15,-203,39,1.8518555164337158,0.095703125,5.627343654632568
-136,-384,8,0.50244140625,-4.938281536102295,12.14951229095459,-18,-209,-4,2.201171875,-1.0192383527755737,6.373828411102295
-125,-290,-58,3.0098633766174316,-4.254004001617432,8.24960994720459,3,-208,-9,1.5934571027755737,2.1533203125,3.0433595180511475
-80,-132,-121,5.608203411102295,-3.3304688930511475,4.56982421875,41,-165,-17,3.837695360183716,1.1388672590255737,0.69384765625
35,-21,-111,7.914648532867432,-1.8997070789337158,3.1103515625,57,-87,-40,6.230273723602295,1.9332032203674316,-1.9044922590255737
22,32,-55,10.034472465515137,-0.775195300579071,1.74658203125,10,11,-64,9.082226753234863,1.311132788658142,-2.048046827316284
-21,96,7,10.9580078125,-0.8421875238418579,1.8805664777755737,-32,76,-64,10.71396541595459,2.7706055641174316,3.4979493618011475
13,147,24,12.02988338470459,-1.9140625,-0.10048828274011612,22,94,-67,8.708984375,0.7608398795127869,5.675195217132568
-12,197,50,7.369140625,0.24882812798023224,-0.2583984434604645,-26,135,-44,7.574902534484863,2.143749952316284,4.048242092132568
-50,252,82,2.670117139816284,-0.46416017413139343,-1.191503882408142,-44,180,-21,5.6943359375,1.201074242591858,6.479101657867432
-50,288,108,-1.8614258766174316,-0.899609386920929,1.1580078601837158,-80,198,3,3.99560546875,0.607714831829071,9.029589653015137
-59,270,105,-3.454882860183716,-1.9810547828674316,1.272851586341858,-93,230,7,2.502636671066284,-1.6891602277755737,11.16855525970459
78,245,23,-4.80908203125,-4.316211223602295,2.7706055641174316,-74,238,-5,0.78955078125,-1.703515648841858,16.59492301940918
167,206,-34,-4.531543254852295,2.8902344703674316,5.665625095367432,-78,182,22,1.559960961341858,0.732128918170929,21.97822380065918
-44,87,57,-2.5074219703674316,0.32539063692092896,11.929394721984863,9,49,30,4.517187595367432,-1.3302735090255737,21.782032012939453
-70,-52,53,-0.287109375,-5.201465129852295,16.7958984375,94,-75,5,5.679980754852295,-1.679589867591858,15.925000190734863
-111,-223,30,-0.03349609300494194,-6.048437595367432,20.963769912719727,85,-157,6,5.010058879852295,-0.02392578125,9.048730850219727
-111,-355,21,-2.837597608566284,-5.703906536102295,19.470800399780273,62,-186,16,2.1581056118011475,2.138964891433716,7.038964748382568
-97,-395,15,-2.976367235183716,-5.818749904632568,18.528125762939453,15,-205,8,-0.01435546949505806,-0.04306640848517418,7.407422065734863
-98,-352,-11,0.34931641817092896,-4.057812690734863,13.001269340515137,16,-230,-9,0.9761719107627869,2.9715821743011475,5.651269435882568
-77,-228,-79,3.837695360183716,-3.411816358566284,6.790136814117432,-2,-225,30,3.095996141433716,3.7707033157348633,0.7225586175918579
-27,-65,-133,6.756640911102295,-1.8614258766174316,3.4740235805511475,10,-191,25,4.105664253234863,1.4977539777755737,0.22490234673023224
37,2,-106,9.201855659484863,-2.885449171066284,4.04345703125,-6,-127,-20,6.761425971984863,-0.0478515625,-1.789648413658142
-18,23,-44,10.613476753234863,-1.2058594226837158,2.9380860328674316,27,-14,-91,10.230664253234863,0.7847656607627869,-2.79931640625
-38,66,35,9.622949600219727,0.49287110567092896,2.46435546875,1,61,-91,11.728418350219727,2.7466797828674316,4.52197265625
-8,120,74,10.83359432220459,-1.89013671875,-1.574316382408142,72,113,-101,7.914648532867432,0.7177734375,3.837695360183716
4,193,131,6.378613471984863,0.564648449420929,-1.3781250715255737,-10,185,-59,5.115332126617432,3.555371046066284,3.933398485183716
-84,262,190,-1.311132788658142,-1.17236328125,-4.842578411102295,-74,235,11,4.651172161102295,3.741992235183716,9.699511528015137
-51,264,167,-3.9621095657348633,-5.182324409484863,1.89013671875,-108,250,20,2.3016602993011475,0.655566394329071,10.680468559265137
15,240,52,-4.651172161102295,-6.713574409484863,2.210742235183716,-148,260,25,1.7848633527755737,-1.8853516578674316,13.427148818969727
108,185,-35,-4.206152439117432,-0.512011706829071,6.34033203125,-103,222,9,1.488183617591858,0.37324219942092896,18.86787223815918
88,118,-21,-2.51220703125,-0.18183593451976776,6.86669921875,-73,147,15,2.5074219703674316,-0.875683605670929,19.33203125
52,76,13,-0.846972644329071,0.01435546949505806,10.326367378234863,-57,27,19,5.201465129852295,0.11005859822034836,20.60009765625
-25,-10,55,0.9618164300918579,-2.598339796066284,16.72412109375,93,-106,-27,5.488574504852295,-3.239550828933716,14.66650390625
-47,-165,46,0.02392578125,-7.952929973602295,22.619434356689453,173,-182,-36,2.1963868141174316,0.13398437201976776,8.283105850219727
-153,-308,45,-4.526757717132568,-6.837988376617432,19.710058212280273,46,-223,-10,-1.693945288658142,-3.2060546875,10.245019912719727
-152,-409,39,-5.871387004852295,-4.933495998382568,17.1787109375,49,-259,-66,-0.7704101800918579,-1.55517578125,9.321484565734863
-95,-374,-9,0.3541015684604645,-5.895312786102295,6.871484279632568,62,-247,-47,2.521777391433716,3.9908204078674316,0.22968751192092896
-87,-206,-96,5.541211128234863,-4.254004001617432,3.9046876430511475,84,-179,-6,4.096093654632568,3.3208985328674316,-3.622363328933716
-15,-101,-117,6.038867473602295,-3.478808641433716,7.407422065734863,116,-94,-32,5.373730659484863,3.5362305641174316,-2.813671827316284
-18,-39,-69,7.436132907867432,-2.402148485183716,3.765918016433716,38,18,-42,8.6611328125,5.560351848602295,-3.5936524868011475
-43,50,3,8.73291015625,-1.1149414777755737,1.89013671875,17,34,-57,9.512890815734863,4.943066596984863,9.37890625
61,122,15,10.88144588470459,-5.545996189117432,-0.24882812798023224,-55,65,-37,7.431347846984863,1.526464819908142,5.163183689117432
8,166,31,9.15878963470459,-2.8663086891174316,2.5409181118011475,-34,126,-45,4.368847846984863,2.7801759243011475,4.431054592132568
-38,192,69,6.53173828125,1.143652319908142,0.07177734375,-93,186,-26,3.2969727516174316,3.435742139816284,4.675097942352295
-133,283,151,-1.1005859375,-1.574316382408142,-7.751953125,-165,220,27,4.5458984375,1.368554711341858,9.92919921875
-20,317,138,-3.8664064407348633,-2.7801759243011475,-0.01914062537252903,-124,242,13,1.5456055402755737,-1.693945288658142,10.560839653015137
124,308,47,-4.8330078125,-6.139355659484863,0.07177734375,-120,247,0,-1.358984351158142,-2.454785108566284,16.29345703125
286,259,-65,-5.340234279632568,2.119824171066284,7.364355564117432,-76,164,15,-1.047949194908142,0.40673828125,21.719823837280273
18,82,43,-4.732519626617432,2.426074266433716,15.590039253234863,-18,55,30,-0.27275392413139343,-1.4211914539337158,19.69091796875
-63,-38,97,-2.909374952316284,-2.4595704078674316,14.312402725219727,61,-53,-16,1.65087890625,-2.8232421875,18.910938262939453
-109,-166,78,-1.670019507408142,-7.876367568969727,18.01611328125,168,-160,-57,3.8759765625,-0.679492175579071,14.537304878234863
-139,-283,35,-2.5791993141174316,-7.53662109375,18.82002067565918,107,-204,-3,3.0337891578674316,4.086523532867432,6.402539253234863
-145,-333,-11,-4.550683498382568,-5.866601467132568,18.05439567565918,34,-214,40,-0.947460949420929,2.3160157203674316,6.129785060882568
-108,-332,-33,-2.9715821743011475,-3.1773438453674316,14.484667778015137,-31,-235,48,1.244140625,1.655664086341858,6.790136814117432
-18,-264,-58,1.1484375,-4.483691692352295,8.627636909484863,-6,-248,38,2.837597608566284,2.713183641433716,0.9426758289337158
-28,-184,-100,5.163183689117432,-4.120019435882568,5.139257907867432,16,-202,12,4.124804973602295,-0.6412109732627869,-2.067187547683716
-22,-129,-110,6.857129096984863,-3.502734422683716,2.8280274868011475,86,-110,-43,6.488671779632568,0.44023439288139343,-3.3304688930511475
-59,-62,-80,7.378711223602295,-1.72265625,0.24404297769069672,96,-27,-67,10.460351943969727,2.6366212368011475,1.7561523914337158
-66,9,0,8.168261528015137,-1.177148461341858,1.119726538658142,24,37,-56,10.125391006469727,6.426465034484863,5.823535442352295
-14,90,30,10.79052734375,-4.47412109375,-0.669921875,-13,88,-40,6.69921875,0.8086914420127869,5.938378810882568
41,170,51,10.106249809265137,-1.0048828125,-1.0383789539337158,-36,170,-30,5.081836223602295,2.6318359375,4.005176067352295
12,225,116,4.947851657867432,2.5313477516174316,-1.2584961652755737,-44,232,-20,3.9046876430511475,2.143749952316284,7.029394626617432
-70,279,185,-0.9283203482627869,-1.454687476158142,-1.45947265625,-62,238,-1,4.191796779632568,1.7370117902755737,10.3359375
-55,273,168,-2.3399415016174316,-4.215722560882568,0.751269519329071,-107,256,2,2.641406297683716,0.2823242247104645,11.666211128234863
90,267,52,-4.105664253234863,-7.005468845367432,3.555371046066284,-88,230,-8,0.59814453125,-0.9187500476837158,18.068750381469727
202,215,-36,-3.7228517532348633,1.0623047351837158,7.507910251617432,-80,143,10,1.430761694908142,0.756054699420929,20.092870712280273
40,114,18,-2.65576171875,1.583886742591858,10.924511909484863,-18,20,0,4.23486328125,-0.46894532442092896,22.65771484375
-59,-5,50,0.19619141519069672,-3.627148389816284,15.996777534484863,42,-123,-37,5.249316692352295,-0.83740234375,16.336523056030273
-74,-184,38,0.5072265863418579,-8.503222465515137,22.198339462280273,145,-216,-51,2.51220703125,-0.2583984434604645,8.699414253234863
-104,-326,21,-2.27294921875,-7.862011909484863,18.84394645690918,62,-247,-8,-0.8182617425918579,0.947460949420929,7.723242282867432
-149,-410,6,-3.363964796066284,-5.952734470367432,16.513574600219727,21,-255,-4,0.9666016101837158,0.4019531309604645,6.684863567352295
-72,-369,-37,-0.36845704913139343,-3.99560546875,9.436327934265137,16,-236,22,3.148632764816284,3.7994141578674316,-0.11962890625
-77,-241,-89,2.904589891433716,-4.325781345367432,6.407324314117432,8,-164,33,4.33056640625,0.57421875,-4.469336032867432
10,-109,-103,5.445508003234863,-3.4931640625,6.742285251617432,100,-43,-45,6.187207221984863,1.679589867591858,-3.7228517532348633
50,-16,-55,5.545996189117432,-3.70849609375,2.009765625,146,-13,-110,11.900683403015137,2.3638672828674316,11.93418025970459
-15,50,14,11.809765815734863,-2.0528321266174316,1.526464819908142,75,26,-86,7.192090034484863,6.574804782867432,2.426074266433716
-51,99,31,10.948437690734863,-2.6031250953674316,0.7177734375,-56,117,-40,5.93359375,4.129590034484863,5.43115234375
-17,151,48,8.6611328125,-1.751367211341858,-0.44501954317092896,-106,165,-6,4.847363471984863,2.713183641433716,4.957421779632568
-27,202,81,5.177539348602295,-0.095703125,-3.1534180641174316,-86,223,-1,2.60791015625,0.870898425579071,6.828418254852295
-75,276,132,-0.4976562559604645,-2.1006836891174316,-5.019629001617432,-90,241,0,2.7945313453674316,-0.27753907442092896,11.84326171875
-5,270,116,-3.263476610183716,-3.1629884243011475,1.478613257408142,-119,243,-18,-0.03828125074505806,-0.660351574420929,15.231152534484863
117,271,62,-4.182226657867432,-1.765722632408142,1.607812523841858,-128,206,-13,0.21533203125,0.0047851563431322575,21.470996856689453
125,227,39,-1.3781250715255737,0.9091796875,12.41269588470459,-72,67,15,5.201465129852295,2.383007764816284,21.638477325439453
14,55,47,0.5263671875,-4.220508098602295,17.374902725219727,12,-39,24,4.2587890625,-1.6365234851837158,16.111621856689453
-79,-87,38,-0.732128918170929,-6.766211032867432,19.375097274780273,111,-116,-5,3.7994141578674316,-1.17236328125,12.919921875
-74,-239,39,-3.8759765625,-7.546191692352295,19.877538681030273,75,-166,-7,2.454785108566284,1.358984351158142,9.742578506469727
-108,-307,12,-4.804296970367432,-7.158593654632568,17.786426544189453,58,-201,2,-0.9139648675918579,1.4211914539337158,8.77597713470459
-106,-318,-14,-2.775390625,-3.63671875,15.030176162719727,0,-237,1,0.30146485567092896,0.7464843988418579,7.627539157867432
-63,-259,-68,1.2106446027755737,-3.80419921875,9.417187690734863,-32,-244,12,1.5934571027755737,3.3065431118011475,0.5215820670127869
-39,-158,-132,4.014746189117432,-4.263574123382568,5.6943359375,-28,-180,1,4.206152439117432,-0.4976562559604645,-3.191699266433716
-8,-76,-118,6.680078029632568,-2.330371141433716,3.191699266433716,51,-84,-52,6.57958984375,-0.5072265863418579,-3.579296827316284
-16,-15,-54,7.713672161102295,-2.8184571266174316,0.8804687857627869,91,-6,-101,10.13974666595459,3.124706983566284,3.287402391433716
-92,31,31,7.306933879852295,-1.26806640625,0.98095703125,12,42,-79,10.04404354095459,4.885644435882568,5.804394721984863
-11,118,36,9.35498046875,-4.373632907867432,0.07656250149011612,0,101,-53,5.924023628234863,1.93798828125,5.325879096984863
39,165,49,6.72314453125,-1.052734375,2.1963868141174316,-36,174,-21,3.8711915016174316,2.6605470180511475,5.440722942352295
-63,204,129,2.837597608566284,1.765722632408142,-2.6844727993011475,-44,231,-10,4.435840129852295,2.7083985805511475,8.68027400970459
-81,244,159,-2.009765625,-3.8185548782348633,1.464257836341858,-60,231,-5,3.335253953933716,0.50244140625,12.46054744720459
-41,214,125,-3.430957078933716,-5.33544921875,3.359179735183716,-94,227,-18,1.60302734375,-1.201074242591858,15.130664825439453
118,201,45,-4.076953411102295,-4.3544921875,4.914355754852295,-71,174,-33,1.8853516578674316,1.1627930402755737,21.38007926940918
159,177,16,-1.478613257408142,1.382910132408142,8.20654296875,-75,62,-1,4.66552734375,2.454785108566284,20.59052848815918
-2,57,34,0.8182617425918579,-3.99560546875,15.269433975219727,-12,-60,3,6.383398532867432,0.32060548663139343,16.33173942565918
-60,-88,34,1.74658203125,-4.9765625,20.557031631469727,91,-170,-20,4.201367378234863,0.3349609375,11.833691596984863
-54,-248,38,-1.8805664777755737,-7.306933879852295,19.22675895690918,89,-224,-8,0.21533203125,2.263378858566284,7.053320407867432
-110,-351,43,-4.287499904632568,-6.952832221984863,17.50410270690918,36,-245,-18,-1.3972656726837158,-1.17236328125,7.426562786102295
-137,-379,26,-1.416406273841858,-5.33544921875,12.10166072845459,24,-244,-47,0.9378906488418579,0.20097656548023224,2.8902344703674316
-111,-275,-63,2.957226514816284,-5.93359375,5.756543159484863,69,-176,-52,4.048242092132568,2.1102540493011475,-3.541015625
-125,-128,-106,4.861718654632568,-3.435742139816284,3.885546922683716,104,-56,-60,6.10107421875,4.335351467132568,-4.383203029632568
-108,-36,-58,4.52197265625,-1.847070336341858,0.6986328363418579,135,19,-82,8.39316463470459,6.814062595367432,4.818652629852295
-57,8,34,5.818749904632568,-1.7800781726837158,0.17705078423023224,87,13,-103,8.20175838470459,7.019824504852295,5.904882907867432
16,13,73,5.90966796875,-4.727734565734863,-0.8421875238418579,-26,42,-102,6.526953220367432,4.718163967132568,6.158496379852295
3,8,106,4.895215034484863,-1.4833984375,0.7129883170127869,-34,70,-111,5.794824123382568,5.67041015625,5.397656440734863
-81,18,155,4.469336032867432,-2.87109375,-0.6029297113418579,-11,94,-116,5.325879096984863,6.31640625,4.440625190734863
-19,32,146,4.8330078125,-8.0390625,1.894921898841858,-34,83,-129,4.71337890625,5.5986328125,5.220605373382568
5,26,142,4.938281536102295,-7.914648532867432,3.718066453933716,-53,71,-133,4.062597751617432,8.029492378234863,5.412011623382568
