-15,3,-9,-7.412207126617432,-4.454980373382568,4.000390529632568,-3,8,-34,-7.2255859375,3.741992235183716,3.5218751430511475
-13,5,-31,-7.517480850219727,-4.244433879852295,4.057812690734863,-8,-1,-59,-7.407422065734863,4.292285442352295,3.9046876430511475
8,8,-47,-7.809375286102295,-3.9525392055511475,4.536328315734863,-2,-11,-69,-7.747168064117432,4.646386623382568,4.40234375
40,6,-42,-8.0869140625,-1.8662109375,5.435937404632568,42,-24,-64,-7.924219131469727,5.134472846984863,4.598535060882568
3,-1,-24,-8.01513671875,-2.4212892055511475,4.756445407867432,51,-30,-39,-7.627539157867432,5.967090129852295,4.143945217132568
-2,1,-24,-7.828516006469727,-3.5362305641174316,3.789843797683716,15,-24,-20,-7.350000381469727,5.153613567352295,3.6415040493011475
17,7,-24,-7.550976753234863,-3.46923828125,3.622363328933716,-4,-18,-14,-7.5126953125,4.574609279632568,3.42138671875
15,8,-13,-7.369140625,-3.3974609375,3.627148389816284,2,-16,-11,-7.565332412719727,4.2587890625,3.430957078933716
12,7,-3,-7.622754096984863,-3.531445264816284,3.627148389816284,14,-10,-6,-7.641894817352295,4.416699409484863,3.4883790016174316
1,5,2,-7.751953125,-3.5458009243011475,3.70849609375,20,-1,3,-7.63232421875,4.407128810882568,3.579296827316284
-4,5,0,-7.780664443969727,-3.7132813930511475,3.7611329555511475,23,6,12,-7.579687595367432,4.359277248382568,3.694140672683716
0,7,-5,-7.818945407867432,-3.7707033157348633,3.8711915016174316,17,12,15,-7.723242282867432,4.464550971984863,3.7946290969848633
-7,3,-7,-8.01513671875,-3.18212890625,3.8759765625,-4,16,13,-7.570117473602295,4.588964939117432,3.909472703933716
-26,-3,-5,-7.761523723602295,-3.0816407203674316,3.7802734375,-16,19,4,-7.239941596984863,4.3544921875,3.8089845180511475
-6,-6,-11,-8.000781059265137,-2.091113328933716,4.230078220367432,-13,12,7,-7.407422065734863,6.43603515625,4.005176067352295
-30,-20,-1,-8.125195503234863,-0.703417956829071,5.340234279632568,35,7,58,-8.527148246765137,8.03427791595459,3.095996141433716
-87,-42,24,-8.412304878234863,-1.296777367591858,4.632031440734863,134,9,158,-9.66123104095459,13.843457221984863,2.2538087368011475
-120,-56,46,-8.603711128234863,-2.775390625,3.430957078933716,226,51,275,-9.369336128234863,17.79121208190918,1.0431641340255737
-95,-64,60,-8.41709041595459,-3.8472657203674316,2.9380860328674316,283,131,353,-5.842675685882568,16.561426162719727,-2.1006836891174316
-82,-70,80,-8.498437881469727,-4.000390529632568,2.861523389816284,186,222,399,-4.517187595367432,11.89111328125,-3.172558546066284
-112,-78,111,-9.15878963470459,-4.182226657867432,2.717968702316284,84,253,395,-3.6080079078674316,7.756738662719727,-3.9860353469848633
-146,-84,123,-8.65634822845459,-4.966992378234863,2.287304639816284,58,228,331,-1.765722632408142,1.263281226158142,-4.660742282867432
-123,-75,100,-7.866796970367432,-5.483788967132568,1.679589867591858,83,178,192,0.14833985269069672,-2.282519578933716,-2.378222703933716
-80,-53,67,-7.2734375,-5.19189453125,1.5168945789337158,145,120,0,0.9522461295127869,-3.7994141578674316,-2.0624024868011475
-70,-31,48,-7.641894817352295,-4.675097942352295,1.79443359375,153,57,-179,0.19140625,-0.9378906488418579,-1.4929687976837158
-73,-12,39,-7.517480850219727,-4.651172161102295,1.8853516578674316,92,15,-303,-1.918847680091858,1.98583984375,-1.98583984375
-58,9,32,-7.0341796875,-4.632031440734863,1.98583984375,74,-1,-381,-3.622363328933716,6.19677734375,-1.7609375715255737
-23,34,27,-6.81884765625,-4.823437690734863,2.813671827316284,30,-9,-365,-5.459863185882568,18.279296875,0.4354492127895355
-3,46,29,-8.27353572845459,-4.689453125,4.770801067352295,-17,29,-204,-6.584374904632568,28.921483993530273,0.4498046934604645
-18,40,22,-7.91943359375,-4.7373046875,5.756543159484863,18,5,56,-2.65576171875,27.351953506469727,3.6080079078674316
37,38,-16,-7.637109756469727,-4.56982421875,6.412109375,34,-14,224,-2.526562452316284,21.150390625,2.454785108566284
111,29,-35,-8.522363662719727,-3.8568360805511475,6.254199504852295,56,-25,301,-3.005078077316284,13.556347846984863,-0.27275392413139343
97,3,-32,-8.22568416595459,-2.885449171066284,5.014843940734863,43,-6,299,-1.1580078601837158,7.795019626617432,-2.8758790493011475
11,-27,-24,-7.718457221984863,-2.9620118141174316,3.8472657203674316,-37,24,256,1.191503882408142,2.115039110183716,-3.6845703125
-40,-44,-20,-7.283008098602295,-3.550585985183716,2.7706055641174316,-117,24,171,3.2060546875,-2.9476563930511475,-3.46923828125
-44,-41,-16,-7.6083984375,-4.23486328125,2.354296922683716,-153,15,43,4.675097942352295,-5.560351848602295,-3.167773485183716
-22,-28,-13,-7.522265911102295,-4.359277248382568,2.201171875,-34,0,-103,5.555566310882568,-5.746972560882568,-2.641406297683716
0,-8,-13,-7.527050971984863,-4.488476753234863,2.2681641578674316,81,-12,-234,4.565039157867432,-2.9715821743011475,-1.358984351158142
22,12,-25,-7.139453411102295,-4.320996284484863,2.2681641578674316,74,-43,-328,2.019335985183716,0.27275392413139343,0.34453126788139343
41,33,-37,-7.689746379852295,-4.37841796875,2.813671827316284,47,-58,-436,-4.387988567352295,3.8903322219848633,1.0192383527755737
57,56,-34,-10.130175590515137,-4.588964939117432,3.909472703933716,-122,-98,-470,-15.599609375,12.886425971984863,2.4117188453674316
57,61,-27,-8.48886775970459,-3.9668946266174316,6.522168159484863,-214,-59,-355,-20.461328506469727,17.092578887939453,5.876172065734863
63,50,-30,-7.335644721984863,-2.6126954555511475,5.708691596984863,-178,10,-128,-13.70947265625,9.39804744720459,4.622460842132568
94,52,-46,-7.479199409484863,-4.612890720367432,5.483788967132568,-12,-17,-48,-10.589550971984863,7.737597942352295,4.95263671875
37,41,-61,-7.574902534484863,-4.722949504852295,4.115234375,120,-91,-41,-8.474512100219727,5.43115234375,3.4453125
0,42,-54,-5.9814453125,-6.416894435882568,2.622265577316284,182,-174,-87,-7.838086128234863,3.4166016578674316,0.588574230670929
55,57,-41,-4.995703220367432,-6.833203315734863,1.358984351158142,276,-200,-162,-8.383593559265137,3.550585985183716,-2.392578125
126,68,-21,-4.78515625,-6.785351753234863,1.244140625,399,-205,-192,-8.96738338470459,5.282812595367432,-2.17724609375
207,67,2,-5.62255859375,-6.852344036102295,1.3876953125,378,-194,-164,-9.88134765625,4.837792873382568,-1.4833984375
263,51,12,-7.39306640625,-6.981543064117432,2.32080078125,438,-163,-134,-9.58945369720459,4.694238185882568,-0.4258789122104645
262,11,-3,-8.63242244720459,-6.31640625,2.598339796066284,155,-93,-71,-8.82861328125,5.3115234375,-0.2392578125
178,-27,-15,-9.986620903015137,-4.708593845367432,3.244335889816284,-48,-13,-18,-9.0439453125,5.737402439117432,0.971386730670929
-25,-78,-34,-9.64208984375,-5.172753810882568,3.957324266433716,-218,31,21,-8.517578125,5.512500286102295,1.9714844226837158
-251,-94,-148,-11.015429496765137,-8.814257621765137,2.51220703125,-158,27,23,-7.995996475219727,4.220508098602295,2.378222703933716
-270,-32,-317,-13.580273628234863,-14.872265815734863,3.1629884243011475,-30,-6,-3,-8.263964653015137,3.7515625953674316,3.1390626430511475
-161,49,-446,-14.034863471984863,-14.90576171875,3.8711915016174316,53,-26,-17,-7.929004192352295,3.335253953933716,3.072070360183716
-125,90,-462,-9.862207412719727,-12.235644340515137,3.9046876430511475,109,-41,-35,-8.08212947845459,4.273144721984863,2.904589891433716
-98,111,-437,-5.995800971984863,-8.75205135345459,5.062695503234863,146,-49,-42,-7.890722751617432,4.756445407867432,2.41650390625
-72,116,-381,-3.2586915493011475,-5.727832317352295,2.8663086891174316,167,-39,-29,-7.862011909484863,4.588964939117432,1.8566406965255737
-30,97,-293,-0.9378906488418579,-1.1149414777755737,3.8807618618011475,106,-17,-6,-7.933789253234863,4.440625190734863,1.72265625
-93,72,-120,0.9139648675918579,4.47412109375,2.713183641433716,43,1,16,-8.235254287719727,4.297070503234863,2.0576171875
-96,47,114,0.4115234315395355,7.053320407867432,1.392480492591858,-8,7,24,-7.976855754852295,4.397558689117432,2.4404296875
-106,48,314,-2.2059571743011475,3.124706983566284,0.875683605670929,-17,5,30,-7.397851943969727,4.024316310882568,2.7801759243011475
-64,88,438,-4.143945217132568,-1.870996117591858,1.296777367591858,28,1,29,-7.0341796875,3.42138671875,2.79931640625
120,152,368,-11.919824600219727,-22.078710556030273,6.129785060882568,56,3,11,-9.01523494720459,3.9860353469848633,3.6319336891174316
-73,37,91,-6.7470703125,-29.68232536315918,13.575488090515137,57,5,-8,-8.6611328125,4.301855564117432,3.8711915016174316
-65,-46,-164,-0.8182617425918579,-22.231836318969727,9.465039253234863,89,16,-13,-7.507910251617432,4.407128810882568,3.287402391433716
9,-83,-287,1.559960961341858,-14.32675838470459,5.206250190734863,21,22,-26,-7.905078411102295,4.866504192352295,3.0146484375
46,-93,-300,1.813574194908142,-5.206250190734863,1.31591796875,-80,9,-45,-7.9912109375,5.474218845367432,2.981152296066284
47,-61,-238,3.0433595180511475,-1.1819336414337158,-0.995312511920929,-141,-6,-48,-7.311718940734863,5.057910442352295,2.741894483566284
59,-7,-135,3.359179735183716,1.990625023841858,-1.9044922590255737,-111,-17,-39,-7.397851943969727,4.603320598602295,3.1103515625
10,33,-1,3.478808641433716,2.9141602516174316,-1.818359375,-58,-27,-15,-8.11083984375,4.651172161102295,3.37353515625
-19,63,127,2.966796875,1.8614258766174316,0.2583984434604645,2,-31,9,-7.972070693969727,4.124804973602295,3.08642578125
-41,92,247,0.9187500476837158,0.06220703199505806,0.9378906488418579,65,-28,22,-7.742383003234863,4.081738471984863,2.689257860183716
-10,124,320,-3.430957078933716,-3.923828125,3.196484327316284,96,-23,28,-7.134667873382568,4.990918159484863,2.550488233566284
21,137,378,-11.848047256469727,-9.92919921875,6.823632717132568,58,-2,42,-9.3310546875,4.526757717132568,2.024121046066284
-65,68,365,-16.647558212280273,-12.345703125,8.01513671875,58,29,36,-9.857421875,4.306640625,2.009765625
-16,16,269,-13.245312690734863,-12.618456840515137,6.1728515625,48,63,36,-8.216113090515137,4.794726848602295,1.9236328601837158
-3,-19,194,-9.216211318969727,-7.172949314117432,4.622460842132568,-31,90,53,-6.225488185882568,4.914355754852295,1.2058594226837158
-79,-60,192,-9.532031059265137,-6.086719036102295,3.4500977993011475,-111,97,53,-8.378808975219727,5.569921970367432,1.8997070789337158
-125,-93,202,-9.02001953125,-5.914453029632568,2.0863282680511475,-150,85,60,-9.244921684265137,6.69921875,1.311132788658142
-168,-99,198,-8.211328506469727,-5.675195217132568,0.727343738079071,-101,81,98,-9.388476371765137,6.660937786102295,0.9043945670127869
-192,-77,170,-7.732812881469727,-6.311621189117432,0.39238283038139343,14,72,97,-7.718457221984863,6.857129096984863,0.655566394329071
-143,-33,111,-7.115527629852295,-6.3642578125,0.6029297113418579,52,71,79,-5.828320503234863,7.474414348602295,-0.18183593451976776
-92,15,42,-7.5126953125,-5.699120998382568,1.646093726158142,22,82,74,-5.459863185882568,8.708984375,-1.8040039539337158
-100,38,-12,-8.168261528015137,-5.153613567352295,2.5552735328674316,18,89,88,-4.847363471984863,10.460351943969727,-2.6509766578674316
-104,52,-55,-9.034375190734863,-5.641699314117432,3.603222608566284,1,106,121,-4.37841796875,10.73789119720459,-4.268359661102295
-16,12,-53,-8.976953506469727,1.741796851158142,13.94873046875,22,114,152,-2.8663086891174316,11.967676162719727,-4.143945217132568
-136,-80,34,-7.158593654632568,1.0048828125,6.062793254852295,54,130,201,-2.0145509243011475,12.135156631469727,-3.6558594703674316
-179,-84,48,-7.862011909484863,-4.230078220367432,2.10546875,123,146,257,-1.7370117902755737,12.881640434265137,-2.2059571743011475
-45,-76,32,-8.24960994720459,-5.93359375,1.2345703840255737,100,182,307,-0.875683605670929,11.04892635345459,-1.847070336341858
7,-80,65,-10.871874809265137,-4.794726848602295,2.167675733566284,68,195,303,2.583984375,6.737500190734863,-3.454882860183716
-125,-97,109,-9.73300838470459,-3.7037110328674316,2.5169923305511475,12,177,233,3.94775390625,0.13876953721046448,-3.172558546066284
-216,-99,102,-8.30224609375,-4.818652629852295,2.0624024868011475,82,132,114,4.541113376617432,-1.0862305164337158,-2.48828125
-151,-69,56,-7.125097751617432,-6.010156154632568,0.846972644329071,118,88,-10,4.201367378234863,-1.3494141101837158,-2.6366212368011475
-45,-29,12,-6.804492473602295,-5.33544921875,1.1867188215255737,168,45,-139,3.3065431118011475,-0.7704101800918579,-2.1963868141174316
-20,-11,6,-7.149023532867432,-4.397558689117432,2.1006836891174316,100,9,-254,0.775195300579071,0.6220703125,-1.239355444908142
-37,-8,22,-6.909765720367432,-4.201367378234863,2.167675733566284,103,-2,-370,-2.8041017055511475,0.8326172232627869,-1.512109398841858
-63,-8,30,-6.412109375,-3.7611329555511475,1.799218773841858,66,-7,-396,-8.23046875,15.968067169189453,-1.000097632408142
-87,0,53,-8.866894721984863,-4.766015529632568,2.526562452316284,-49,73,-257,-10.71396541595459,22.724706649780273,-0.9666016101837158
-97,22,85,-9.407617568969727,-4.842578411102295,3.2586915493011475,3,31,-14,-6.000586032867432,26.782520294189453,4.651172161102295
-169,8,117,-8.44101619720459,-4.871289253234863,6.235058784484863,52,-30,175,-2.17724609375,23.935352325439453,4.95263671875
-37,13,95,-7.651464939117432,-10.04404354095459,5.163183689117432,101,-51,278,-0.995312511920929,15.221582412719727,0.851757824420929
199,50,0,-6.837988376617432,-8.120409965515137,3.7611329555511475,79,-19,307,0.12441406399011612,8.0869140625,-2.75146484375
213,46,-55,-6.713574409484863,-4.512402534484863,3.9525392055511475,-44,25,290,1.89013671875,1.488183617591858,-4.148730754852295
156,17,-68,-6.536523342132568,-3.5123047828674316,3.4261720180511475,-111,35,207,4.100879192352295,-2.4404296875,-3.4453125
62,-26,-48,-7.708887100219727,-3.4405274391174316,4.196582317352295,-79,29,82,6.062793254852295,-5.330664157867432,-2.4452149868011475
-3,-66,-24,-8.771191596984863,-4.368847846984863,3.8185548782348633,57,7,-86,6.354687690734863,-6.220703125,-1.7800781726837158
-63,-86,-21,-8.455370903015137,-4.000390529632568,2.6749024391174316,111,-14,-222,4.33056640625,-2.957226514816284,-0.947460949420929
-123,-81,-37,-7.230370998382568,-3.861621141433716,2.0145509243011475,39,-23,-323,1.574316382408142,-0.5933594107627869,-0.5263671875
-118,-46,-54,-7.713672161102295,-4.78515625,1.4977539777755737,35,-28,-446,-4.349707126617432,2.27294921875,0.2392578125
-58,6,-46,-8.73291015625,-5.282812595367432,1.36376953125,-127,-75,-418,-16.05419921875,20.571386337280273,1.69873046875
30,63,-26,-9.21142578125,-5.579492092132568,2.2298829555511475,-254,0,-227,-17.853418350219727,15.57568359375,1.8662109375
108,106,-20,-8.20175838470459,-5.220605373382568,2.3495118618011475,-57,48,-86,-12.55625057220459,10.871874809265137,3.550585985183716
140,135,-33,-7.694531440734863,-4.2587890625,2.598339796066284,35,12,-52,-7.474414348602295,6.445605754852295,4.483691692352295
126,140,-37,-7.134667873382568,-3.531445264816284,3.670214891433716,97,-86,-76,-4.541113376617432,5.6943359375,3.789843797683716
-34,67,9,-5.804394721984863,-3.9142580032348633,8.627636909484863,138,-183,-97,-4.837792873382568,6.058007717132568,1.4211914539337158
58,26,17,-5.837890625,-8.484082221984863,4.722949504852295,231,-253,-120,-7.517480850219727,6.273339748382568,-1.0431641340255737
259,48,-2,-6.780566692352295,-6.909765720367432,2.713183641433716,270,-280,-137,-8.15390682220459,5.187109470367432,-1.550390601158142
338,63,-11,-8.22568416595459,-5.354589939117432,2.75146484375,292,-237,-148,-9.20664119720459,3.2012696266174316,-1.36376953125
259,42,-3,-8.426660537719727,-3.9860353469848633,3.3017578125,289,-164,-148,-9.6181640625,5.57470703125,1.2919921875
139,7,3,-8.58457088470459,-3.9046876430511475,3.9621095657348633,79,-104,-80,-9.45068359375,6.335546970367432,1.5791015625
10,-36,-6,-8.97216796875,-5.426367282867432,4.636816501617432,-143,-29,-7,-9.106152534484863,4.722949504852295,0.631640613079071
-109,-53,-96,-10.015332221984863,-12.470117568969727,2.775390625,-142,-3,-8,-10.149316787719727,2.89501953125,1.8757812976837158
-56,-24,-304,-12.575390815734863,-17.303125381469727,1.9236328601837158,12,-24,-44,-8.32138729095459,2.1341798305511475,1.679589867591858
-58,-3,-499,-15.37949275970459,-16.661914825439453,2.335156202316284,165,-53,-102,-9.1396484375,3.2108399868011475,1.153222680091858
-104,23,499,-13.412793159484863,-12.6328125,1.3972656726837158,157,-58,-123,-9.268847465515137,4.895215034484863,1.0910156965255737
-93,69,499,-7.747168064117432,-4.66552734375,1.143652319908142,142,-44,-133,-9.173144340515137,5.368945598602295,1.990625023841858
-93,99,-395,-1.536035180091858,-1.119726538658142,2.009765625,196,-41,-115,-9.005663871765137,6.349902629852295,2.0049805641174316
-62,131,-183,0.88525390625,-0.6507812738418579,1.0910156965255737,97,-12,-44,-7.177734375,5.349804878234863,0.9283203482627869
13,150,-33,-0.631640613079071,-0.3780273497104645,1.751367211341858,-11,28,33,-7.46484375,4.823437690734863,1.583886742591858
-66,132,114,-2.6270508766174316,-0.57421875,1.7800781726837158,-56,30,69,-8.15869140625,4.249218940734863,2.6796875
-119,102,252,-6.426465034484863,-2.7945313453674316,1.02880859375,29,3,69,-8.94345760345459,3.813769578933716,3.311328172683716
-142,89,348,-10.340723037719727,-6.134570598602295,0.64599609375,98,-15,49,-8.54150390625,3.3543946743011475,3.311328172683716
-36,129,276,-10.895800590515137,-18.06396484375,6.861914157867432,109,-12,39,-8.94345760345459,3.9142580032348633,3.885546922683716
-103,53,-3,-3.22998046875,-31.816505432128906,13.570703506469727,101,-6,30,-9.555956840515137,3.732421875,4.2109375
-92,-32,-259,0.10527344048023224,-27.01220703125,13.331445693969727,210,-3,-10,-8.01513671875,3.0577149391174316,3.2108399868011475
26,-74,-442,-2.8041017055511475,-15.83408260345459,7.000683784484863,100,4,-34,-6.660937786102295,4.847363471984863,2.550488233566284
46,-86,-429,-5.172753810882568,-3.335253953933716,0.4833008050918579,-49,-4,-40,-6.503027439117432,5.809179782867432,2.167675733566284
32,-50,-312,-2.0528321266174316,1.823144555091858,-3.0194337368011475,-226,-6,-11,-7.943359375,5.62255859375,2.689257860183716
31,-1,-145,2.426074266433716,4.799511909484863,-3.670214891433716,-179,-17,-14,-8.790331840515137,3.2491211891174316,3.119921922683716
-2,20,53,4.675097942352295,7.048535346984863,-0.3636718690395355,-24,-33,-27,-8.790331840515137,3.220410108566284,3.5697267055511475
-91,26,242,3.22998046875,4.105664253234863,0.46416017413139343,51,-36,-16,-7.876367568969727,4.254004001617432,3.4500977993011475
30,74,342,1.12451171875,-0.287109375,2.0576171875,49,-27,9,-7.283008098602295,4.4501953125,3.119921922683716
4,120,430,-5.105762004852295,-3.119921922683716,3.0625,42,-23,20,-7.2734375,4.038671970367432,3.0672852993011475
37,125,465,-12.470117568969727,-9.503320693969727,4.421484470367432,103,-24,10,-8.115625381469727,4.09130859375,2.741894483566284
178,109,405,-20.150293350219727,-12.53232479095459,8.94345760345459,29,-1,18,-9.59423828125,4.445410251617432,2.9955079555511475
-53,21,269,-15.81494140625,-8.4697265625,6.809277534484863,-5,24,27,-8.450586318969727,4.47412109375,2.832812547683716
-206,-39,168,-13.092187881469727,-7.713672161102295,5.847461223602295,-20,59,42,-8.077343940734863,5.220605373382568,2.784960985183716
-181,-80,121,-10.54648494720459,-7.05810546875,2.335156202316284,-76,80,46,-7.335644721984863,5.684765815734863,2.761035203933716
-119,-101,132,-8.73291015625,-5.842675685882568,0.2918945252895355,-120,79,37,-6.756640911102295,5.206250190734863,2.6318359375
-99,-114,172,-7.460058689117432,-5.278027534484863,0.06699218600988388,-111,55,32,-6.919335842132568,4.900000095367432,2.885449171066284
-109,-109,196,-7.866796970367432,-6.125,0.16269531846046448,-70,23,25,-7.39306640625,4.655957221984863,2.641406297683716
-136,-75,167,-8.0390625,-6.373828411102295,0.15791015326976776,-55,6,11,-7.302148342132568,4.502831935882568,1.8757812976837158
-161,-19,92,-7.546191692352295,-6.407324314117432,1.2537109851837158,-43,0,-7,-7.311718940734863,4.608105659484863,1.382910132408142
-117,42,0,-7.311718940734863,-6.407324314117432,2.10546875,-44,5,-15,-7.192090034484863,5.254101753234863,0.8661133050918579
-28,93,-81,-8.699414253234863,-6.804492473602295,2.928515672683716,-66,30,-8,-8.216113090515137,6.593945503234863,0.2823242247104645
64,107,-144,-9.9052734375,-5.895312786102295,4.129590034484863,-64,59,78,-10.23544979095459,10.757031440734863,0.9043945670127869
113,31,-126,-10.57041072845459,0.9187500476837158,9.388476371765137,64,116,223,-13.08261775970459,12.718945503234863,1.631738305091858
-72,-92,21,-9.455469131469727,2.258593797683716,5.397656440734863,163,185,360,-15.221582412719727,17.71943473815918,1.7083008289337158
-318,-146,122,-9.197070121765137,-2.296875,1.153222680091858,217,234,416,-12.594531059265137,13.934374809265137,1.4451172351837158
-276,-150,132,-7.751953125,-5.823535442352295,-0.5933594107627869,190,286,391,-7.785449504852295,8.354883193969727,-0.7369140982627869
-87,-110,101,-7.732812881469727,-7.235156536102295,-0.4354492127895355,72,279,325,-4.009961128234863,3.0577149391174316,-2.0384767055511475
33,-73,68,-7.675390720367432,-6.445605754852295,1.057519555091858,-82,228,243,-0.5311523675918579,-1.7322266101837158,-3.172558546066284
17,-60,48,-8.570215225219727,-4.80908203125,1.9092774391174316,53,175,79,2.000195264816284,-5.517285346984863,-4.000390529632568
-96,-70,44,-8.522363662719727,-4.086523532867432,1.8662109375,153,131,-114,1.646093726158142,-1.7322266101837158,-3.359179735183716
-168,-76,40,-7.436132907867432,-4.373632907867432,1.248925805091858,153,104,-260,-0.5215820670127869,-0.26318359375,-1.870996117591858
-155,-62,31,-6.297265529632568,-4.679883003234863,0.88525390625,134,71,-380,-4.536328315734863,2.239453077316284,-0.74169921875
-94,-40,36,-7.311718940734863,-5.100976467132568,1.4499024152755737,31,42,-385,-9.967480659484863,15.73837947845459,0.5263671875
-71,-22,71,-9.32627010345459,-4.689453125,1.6748046875,-70,6,-218,-13.742968559265137,23.897069931030273,2.1963868141174316
-121,-3,115,-10.125391006469727,-4.746875286102295,2.1963868141174316,97,-15,17,-9.919629096984863,24.629199981689453,3.7467775344848633
-119,19,140,-9.64208984375,-6.4599609375,3.6319336891174316,103,-31,186,-4.90478515625,21.059473037719727,3.7276368141174316
-18,40,127,-7.814160346984863,-7.742383003234863,4.09130859375,102,-44,263,-1.646093726158142,14.886621475219727,0.8086914420127869
94,58,71,-5.890527248382568,-7.756738662719727,4.387988567352295,32,-1,297,0.512011706829071,6.632226467132568,-2.717968702316284
133,50,-3,-5.038769721984863,-6.373828411102295,4.780371189117432,-87,24,247,2.9955079555511475,-0.09091796725988388,-4.120019435882568
118,13,-60,-6.967187404632568,-5.04833984375,4.488476753234863,-182,42,136,5.507714748382568,-6.512597560882568,-4.612890720367432
53,-35,-74,-8.814257621765137,-4.239648342132568,4.1630859375,-31,53,-22,6.5556640625,-5.938378810882568,-4.206152439117432
-30,-72,-66,-9.30712890625,-4.3544921875,3.526660203933716,112,59,-184,4.483691692352295,-3.5840821266174316,-2.598339796066284
-67,-85,-71,-8.5654296875,-4.4501953125,2.641406297683716,107,36,-275,1.024023413658142,1.847070336341858,0.07177734375
-56,-74,-83,-7.909863471984863,-4.679883003234863,2.0145509243011475,58,15,-333,-5.38330078125,8.06298828125,0.26318359375
-35,-50,-83,-9.871777534484863,-4.37841796875,1.9092774391174316,-107,-4,-277,-12.283495903015137,15.948925971984863,0.6986328363418579
-66,-18,-52,-9.68515682220459,-4.081738471984863,1.813574194908142,-84,48,-194,-15.752735137939453,13.580273628234863,2.1006836891174316
-49,29,-20,-7.771093845367432,-4.756445407867432,1.6365234851837158,32,63,-130,-10.991503715515137,10.852734565734863,2.784960985183716
79,89,-11,-7.29736328125,-5.991015911102295,1.358984351158142,36,16,-90,-8.39794921875,9.058300971984863,4.005176067352295
196,126,-26,-7.086816310882568,-5.04833984375,1.8375000953674316,41,-49,-69,-5.880957126617432,6.69921875,3.172558546066284
141,117,-25,-7.359570503234863,-3.5218751430511475,2.46435546875,80,-113,-77,-4.876074314117432,6.081933498382568,2.694042921066284
12,80,-6,-7.914648532867432,-5.737402439117432,4.325781345367432,150,-186,-87,-6.392968654632568,5.880957126617432,0.512011706829071
-70,50,-34,-7.809375286102295,-10.388574600219727,3.172558546066284,275,-244,-89,-8.39794921875,4.684668064117432,-1.9523438215255737
31,57,-142,-7.445703506469727,-14.37939453125,3.048144578933716,210,-253,-70,-9.03916072845459,4.335351467132568,-1.33984375
70,61,-254,-6.306836128234863,-13.99658203125,2.94287109375,188,-210,-88,-9.441113471984863,3.287402391433716,-0.27753907442092896
36,72,-313,-3.923828125,-14.656933784484863,-0.01435546949505806,239,-158,-123,-9.393261909484863,3.9142580032348633,0.34453126788139343
-6,64,-366,-3.2730469703674316,-12.972558975219727,-0.88525390625,70,-112,-87,-9.311914443969727,6.182422161102295,1.2106446027755737
-63,55,-401,-2.569628953933716,-12.3935546875,-4.344922065734863,-67,-66,-47,-9.94834041595459,4.971777439117432,1.607812523841858
-95,58,-425,-1.8614258766174316,-7.436132907867432,-4.120019435882568,-67,-35,-22,-8.694628715515137,3.861621141433716,2.526562452316284
-136,94,-382,1.1867188215255737,-1.201074242591858,-3.1869142055511475,41,-35,-19,-8.27353572845459,4.775586128234863,1.502539038658142
-228,129,-213,4.52197265625,1.8757812976837158,-3.072070360183716,115,-42,-30,-8.2783203125,5.258886814117432,1.2776367664337158
-175,166,-54,6.024511814117432,-2.713183641433716,-2.282519578933716,155,-35,-35,-8.474512100219727,5.316308498382568,0.9666016101837158
-151,172,66,4.727734565734863,-4.076953411102295,0.923535168170929,174,-26,-40,-8.192187309265137,5.809179782867432,0.9761719107627869
-19,165,96,2.665332078933716,-4.507617473602295,3.215625047683716,208,-21,-46,-7.196875095367432,5.517285346984863,0.6029297113418579
-112,142,190,-0.59814453125,-1.1867188215255737,2.41650390625,109,-4,-30,-7.326074123382568,5.426367282867432,1.0048828125
-99,120,285,-3.66064453125,-3.7850587368011475,3.03857421875,31,-2,-18,-7.39306640625,5.148828029632568,1.536035180091858
-91,115,364,-9.627734184265137,-6.31640625,4.957421779632568,-43,0,-3,-7.326074123382568,4.732519626617432,2.17724609375
45,94,292,-11.704492568969727,-12.551465034484863,7.737597942352295,-31,-14,3,-7.909863471984863,4.66552734375,3.100781202316284
-55,44,69,-9.704297065734863,-15.5517578125,7.885937690734863,18,-24,10,-8.718554496765137,3.56494140625,3.32568359375
-150,-3,-111,-9.101366996765137,-20.6240234375,6.833203315734863,86,-26,9,-11.039355278015137,3.220410108566284,3.66064453125
-97,-52,-222,-5.679980754852295,-17.88691520690918,5.751758098602295,167,-20,-30,-9.465039253234863,3.579296827316284,2.9141602516174316
-47,-88,-301,-0.24882812798023224,-14.862695693969727,3.1869142055511475,170,-31,-77,-6.761425971984863,5.378515720367432,1.9236328601837158
-6,-85,-322,3.1390626430511475,-6.402539253234863,2.775390625,4,-36,-76,-6.445605754852295,6.158496379852295,1.4690430164337158
86,-38,-314,4.124804973602295,-1.8040039539337158,-1.7083008289337158,-160,-29,-34,-7.876367568969727,6.134570598602295,1.813574194908142
16,-4,-221,6.00537109375,5.703906536102295,-1.703515648841858,-203,-15,2,-8.316601753234863,4.096093654632568,2.392578125
-57,38,-95,7.077246189117432,3.8089845180511475,-2.22509765625,-40,-20,20,-8.0390625,3.933398485183716,2.9476563930511475
-2,78,34,5.445508003234863,4.244433879852295,-0.775195300579071,41,-23,46,-8.364453315734863,4.273144721984863,3.191699266433716
-14,103,178,2.861523389816284,2.167675733566284,1.368554711341858,60,-22,67,-7.881152629852295,3.6415040493011475,2.7562501430511475
-73,115,297,-1.081445336341858,1.17236328125,1.9044922590255737,81,-13,63,-7.957715034484863,3.5458009243011475,2.502636671066284
24,108,343,-6.469531536102295,-17.571094512939453,4.880859375,167,-12,24,-8.87646484375,3.7754883766174316,2.22509765625
89,116,218,-13.163965225219727,-13.341015815734863,7.943359375,79,16,9,-9.536816596984863,4.6416015625,2.239453077316284
-154,33,168,-9.283203125,-11.16855525970459,6.067578315734863,17,48,9,-8.149121284484863,4.957421779632568,2.1006836891174316
-80,4,144,-6.091504096984863,-9.21142578125,4.66552734375,-43,71,9,-7.287793159484863,4.995703220367432,2.0289063453674316
0,-47,164,-5.52685546875,-6.943261623382568,4.498046875,-164,85,11,-6.593945503234863,4.986133098602295,2.1581056118011475
-25,-85,243,-6.837988376617432,-3.3543946743011475,2.201171875,-174,74,-13,-6.570019721984863,4.3544921875,2.306445360183716
-136,-135,341,-11.35996150970459,-6.24462890625,2.36865234375,-161,48,-41,-7.364355564117432,5.263671875,3.311328172683716
-170,-161,359,-14.264551162719727,-7.46484375,1.93798828125,-198,23,-19,-8.479296684265137,5.880957126617432,3.7276368141174316
-153,-129,284,-11.881543159484863,-7.914648532867432,1.84228515625,-130,6,0,-8.598925590515137,4.340137004852295,3.6080079078674316
-89,-71,157,-9.130078315734863,-6.637012004852295,1.6604492664337158,-36,-2,13,-8.235254287719727,4.507617473602295,3.3974609375
-40,-15,51,-8.311816215515137,-5.608203411102295,1.0431641340255737,4,0,41,-8.0869140625,5.943164348602295,2.689257860183716
-55,13,-1,-7.914648532867432,-4.411914348602295,1.024023413658142,-17,17,105,-8.890820503234863,7.790234565734863,1.3541992902755737
-105,25,-10,-7.651464939117432,-3.9286134243011475,1.435546875,49,39,166,-10.316797256469727,9.6181640625,0.34931641817092896
-135,37,-6,-7.431347846984863,-3.9716796875,1.8757812976837158,132,52,234,-10.843164443969727,13.216601371765137,-0.8421875238418579
-112,58,-6,-8.790331840515137,-5.129687786102295,3.2826173305511475,180,73,304,-9.106152534484863,14.030077934265137,-2.521777391433716
-76,20,-16,-8.785547256469727,-0.5694336295127869,13.451074600219727,205,106,407,-6.833203315734863,13.87216854095459,-1.9236328601837158
-110,-95,38,-5.8857421875,-0.22490234673023224,6.57958984375,295,187,435,-4.584179878234863,9.149218559265137,-0.16748046875
-149,-86,53,-11.26425838470459,-4.18701171875,3.024218797683716,262,269,322,-0.009570312686264515,2.3877930641174316,-1.201074242591858
-81,-87,51,-9.268847465515137,-5.273242473602295,0.8900390863418579,142,254,130,3.7994141578674316,-2.7945313453674316,-1.55517578125
-54,-77,55,-7.756738662719727,-3.923828125,0.4833008050918579,-7,188,-9,3.94775390625,-2.6031250953674316,-3.435742139816284
-86,-68,69,-7.72802734375,-4.005176067352295,1.263281226158142,46,139,-122,2.9380860328674316,-0.7704101800918579,-4.081738471984863
-111,-59,80,-8.41709041595459,-4.2587890625,0.74169921875,109,99,-228,0.9043945670127869,1.4211914539337158,-3.191699266433716
-118,-44,81,-8.0390625,-4.435840129852295,0.947460949420929,93,59,-291,-0.9857422113418579,2.526562452316284,-1.406835913658142
-110,-26,71,-7.474414348602295,-4.76123046875,1.3015625476837158,57,25,-389,-5.388085842132568,4.033886909484863,0.6890625357627869
-78,-2,46,-6.7470703125,-4.837792873382568,1.870996117591858,-106,26,-334,-12.3935546875,15.88193416595459,-0.14833985269069672
-65,16,24,-8.359667778015137,-4.598535060882568,2.583984375,-99,58,-146,-12.900781631469727,18.188379287719727,5.254101753234863
-87,28,31,-9.886133193969727,-4.837792873382568,3.80419921875,73,13,34,-10.31201171875,20.963769912719727,7.570117473602295
-108,35,55,-8.60849666595459,-5.373730659484863,4.598535060882568,106,-22,170,-7.483984470367432,19.88232421875,5.76611328125
-31,32,61,-7.742383003234863,-7.48876953125,5.9814453125,152,-36,245,-3.4405274391174316,15.637890815734863,2.024121046066284
91,23,15,-7.689746379852295,-7.278222560882568,5.450293064117432,176,-14,272,-0.25361329317092896,9.03916072845459,-1.02880859375
135,11,-43,-7.627539157867432,-5.469433784484863,4.5458984375,31,34,276,1.9332032203674316,3.2730469703674316,-3.741992235183716
127,-5,-71,-7.684961318969727,-3.383105516433716,3.9860353469848633,-124,39,236,4.47412109375,-2.689257860183716,-3.75634765625
54,-31,-62,-7.177734375,-3.3687500953674316,3.5936524868011475,-167,20,132,6.014941692352295,-7.115527629852295,-2.6988282203674316
30,-43,-48,-7.01025390625,-4.2587890625,2.7801759243011475,24,-1,-41,6.7470703125,-7.086816310882568,-2.330371141433716
46,-49,-48,-7.254296779632568,-4.215722560882568,2.36865234375,132,-5,-183,5.785254001617432,-3.651074171066284,-1.8566406965255737
17,-55,-45,-7.699316501617432,-3.387890577316284,2.0049805641174316,57,-5,-281,3.1055665016174316,-0.03828125074505806,-0.679492175579071
-62,-44,-30,-8.82861328125,-3.531445264816284,1.5886719226837158,-60,-5,-411,-3.335253953933716,1.74658203125,0.17705078423023224
-107,-6,-9,-9.173144340515137,-5.234961032867432,1.98583984375,-174,-10,-347,-23.251073837280273,28.19892692565918,0.3541015684604645
-48,46,-41,-9.632519721984863,-7.268652439117432,2.6605470180511475,-54,66,-16,-18.346288681030273,19.518651962280273,2.569628953933716
-11,95,-80,-9.61337947845459,-7.546191692352295,3.316113233566284,247,-1,86,-8.15390682220459,17.21699333190918,4.148730754852295
33,115,-94,-7.163379192352295,-7.005468845367432,3.7611329555511475,217,-101,103,-0.751269519329071,8.378808975219727,3.1629884243011475
51,131,-84,-3.89990234375,-6.191992282867432,2.813671827316284,23,-172,73,2.186816453933716,0.9857422113418579,0.17226563394069672
110,136,-75,-2.8232421875,-5.684765815734863,5.263671875,-28,-222,-52,2.03369140625,-0.17705078423023224,-2.0049805641174316
120,113,-44,-3.2586915493011475,-5.986230373382568,3.4883790016174316,-140,-228,-152,-0.09091796725988388,2.138964891433716,-3.08642578125
131,109,-13,-4.85693359375,-7.560546875,1.4977539777755737,-61,-215,-245,-5.124902248382568,6.330761909484863,-2.5791993141174316
169,95,-35,-6.589160442352295,-10.154101371765137,1.3063477277755737,3,-176,-300,-9.54638671875,7.029394626617432,-0.775195300579071
63,41,-74,-6.694433689117432,-10.422070503234863,1.9044922590255737,68,-142,-301,-16.274316787719727,8.503222465515137,3.2347657680511475
-31,-11,-140,-6.981543064117432,-13.68076229095459,1.818359375,222,-93,-150,-12.13037109375,11.350390434265137,3.100781202316284
-86,-44,-238,-6.526953220367432,-15.345996856689453,1.8805664777755737,200,-29,-14,-9.632519721984863,8.024706840515137,3.550585985183716
-150,-33,-339,-4.679883003234863,-13.84824275970459,-0.4833008050918579,69,-16,40,-7.445703506469727,4.818652629852295,1.9236328601837158
-120,38,-410,-2.784960985183716,-12.192578315734863,-0.612500011920929,-4,-43,12,-7.550976753234863,3.6989259719848633,0.7943359613418579
-113,83,-424,-0.7608398795127869,-8.842968940734863,-0.44501954317092896,-11,-75,-48,-7.905078411102295,3.9429688453674316,0.8421875238418579
-53,91,-386,1.536035180091858,-4.990918159484863,1.3015625476837158,98,-80,-94,-7.909863471984863,4.416699409484863,0.3875976502895355
-83,65,-267,4.359277248382568,0.7369140982627869,0.01914062537252903,126,-63,-100,-7.909863471984863,5.780468940734863,0.7847656607627869
-131,71,-114,5.636914253234863,-0.2679687440395355,-0.15791015326976776,33,-35,-57,-8.32138729095459,6.10107421875,0.971386730670929
-125,85,-9,6.043652534484863,1.5934571027755737,-0.708203136920929,69,-14,-26,-8.067773818969727,4.560254096984863,1.296777367591858
-120,99,83,5.234961032867432,-0.4354492127895355,1.167578101158142,15,8,13,-8.139551162719727,4.603320598602295,1.5456055402755737
-64,126,158,3.8568360805511475,0.95703125,-0.708203136920929,-11,17,35,-8.517578125,4.096093654632568,2.1485352516174316
-82,139,257,0.08613281697034836,-1.93798828125,1.239355444908142,38,13,33,-8.053418159484863,3.9716796875,2.8998048305511475
-48,156,319,-3.052929639816284,-6.660937786102295,1.751367211341858,69,8,26,-7.589258193969727,4.191796779632568,3.2251954078674316
-122,119,267,-7.05810546875,-19.46601676940918,8.20175838470459,29,-6,32,-7.479199409484863,5.100976467132568,6.191992282867432
-14,32,25,-0.16748046875,-21.432714462280273,13.264452934265137,8,-53,21,-8.579785346984863,2.545703172683716,5.852246284484863
-107,-86,-168,-0.5072265863418579,-23.322851181030273,10.79052734375,144,-56,-27,-8.862109184265137,3.0577149391174316,4.349707126617432
-78,-132,-296,-0.899609386920929,-16.336523056030273,5.584277629852295,119,-38,-37,-7.972070693969727,5.62255859375,3.000293016433716
22,-108,-340,0.19619141519069672,-7.15380859375,1.626953125,-12,-13,-13,-6.876269817352295,5.799609661102295,1.622167944908142
52,-77,-272,2.909374952316284,0.48808595538139343,-1.818359375,-76,3,-6,-7.890722751617432,4.866504192352295,2.048046827316284
87,-23,-161,6.091504096984863,5.947949409484863,-4.033886909484863,-67,8,-14,-7.943359375,4.536328315734863,2.1533203125
7,17,-21,7.814160346984863,7.091601848602295,-3.80419921875,-15,6,-10,-6.957617282867432,4.478906154632568,2.296875
-24,52,80,7.48876953125,4.995703220367432,-2.4404296875,11,11,3,-6.560449123382568,4.603320598602295,2.6605470180511475
-33,86,172,5.656054973602295,2.856738328933716,-1.416406273841858,-1,7,17,-7.172949314117432,4.699023723602295,3.1055665016174316
-3,129,254,2.5648438930511475,0.0478515625,0.98095703125,16,-4,19,-7.05810546875,3.8089845180511475,2.904589891433716
6,168,329,-2.115039110183716,-2.8998048305511475,1.574316382408142,73,-7,7,-8.019922256469727,4.239648342132568,3.029003858566284
57,167,358,-8.886034965515137,-10.919726371765137,6.392968654632568,46,4,-3,-9.264062881469727,5.28759765625,3.6319336891174316
49,114,239,-15.159375190734863,-15.982421875,10.962793350219727,5,21,-5,-8.484082221984863,5.512500286102295,3.765918016433716
-115,-2,120,-10.111035346984863,-10.852734565734863,8.77597713470459,-4,32,0,-8.03427791595459,6.062793254852295,3.61279296875
-161,-71,121,-6.766211032867432,-8.479296684265137,4.469336032867432,-50,51,39,-8.077343940734863,7.436132907867432,2.9380860328674316
-80,-111,158,-5.699120998382568,-7.311718940734863,1.5695313215255737,-48,68,93,-8.32138729095459,8.713769912719727,1.9810547828674316
-67,-132,227,-6.369042873382568,-6.727929592132568,0.06699218600988388,-70,70,124,-7.326074123382568,9.484179496765137,1.3254883289337158
-45,-108,268,-7.354785442352295,-7.905078411102295,-1.272851586341858,17,75,123,-5.062695503234863,7.01025390625,-0.3541015684604645
-37,-55,274,-7.995996475219727,-8.522363662719727,-0.8182617425918579,19,70,81,-3.3974609375,5.345019817352295,-1.574316382408142
7,-12,245,-9.16357421875,-8.909960746765137,2.0624024868011475,-4,64,29,-3.196484327316284,5.703906536102295,-1.9954102039337158
-7,-5,167,-9.64208984375,-6.546093940734863,3.076855421066284,-47,70,-6,-4.608105659484863,6.503027439117432,-3.172558546066284
-152,-11,79,-8.723340034484863,-5.14404296875,3.459667921066284,-61,103,4,-6.971972942352295,9.73779296875,-3.813769578933716
-219,-7,-11,-8.077343940734863,-5.388085842132568,3.18212890625,-49,140,54,-7.493555068969727,11.781054496765137,-3.8951172828674316
-184,11,-67,-9.082226753234863,-6.168066501617432,3.311328172683716,-11,155,127,-7.077246189117432,13.685546875,-3.8568360805511475
39,18,-105,-7.87158203125,-3.6415040493011475,5.211035251617432,42,153,230,-5.928808689117432,16.240819931030273,-1.84228515625
-18,-68,0,-8.15869140625,3.08642578125,6.464745998382568,122,150,329,-5.263671875,13.388867378234863,-0.6747070550918579
-214,-117,81,-9.622949600219727,-2.3255860805511475,2.7323243618011475,132,165,366,-3.732421875,12.2978515625,-1.3781250715255737
-236,-121,101,-9.18271541595459,-4.85693359375,1.6413086652755737,87,163,351,-1.4020508527755737,6.570019721984863,-2.761035203933716
-117,-96,78,-8.11083984375,-5.6943359375,1.478613257408142,91,157,252,2.0863282680511475,0.765625,-2.79931640625
-57,-63,59,-7.263867378234863,-4.775586128234863,1.7322266101837158,15,121,138,3.6654298305511475,-3.3926758766174316,-1.53125
-50,-43,52,-7.72802734375,-4.8330078125,2.296875,52,60,-32,4.325781345367432,-6.756640911102295,-2.0863282680511475
-48,-36,53,-8.08212947845459,-4.852148532867432,2.201171875,122,5,-209,2.6031250953674316,-3.6989259719848633,-2.2538087368011475
-65,-30,47,-7.637109756469727,-4.679883003234863,2.0289063453674316,39,-24,-320,-0.04306640848517418,0.14833985269069672,-1.201074242591858
-72,-15,31,-6.971972942352295,-4.66552734375,2.2681641578674316,65,-24,-401,-3.7946290969848633,4.6416015625,-1.7370117902755737
-58,4,13,-6.402539253234863,-4.646386623382568,2.2681641578674316,-20,-8,-399,-7.862011909484863,11.785840034484863,-2.201171875
-34,22,5,-7.350000381469727,-4.76123046875,2.9859375953674316,-89,12,-254,-12.36484432220459,24.614843368530273,0.22968751192092896
-52,23,23,-8.905176162719727,-4.421484470367432,4.273144721984863,-58,18,-2,-8.58457088470459,23.0166015625,4.033886909484863
-97,18,42,-8.436230659484863,-5.163183689117432,5.723046779632568,40,-17,166,-5.038769721984863,22.50459098815918,4.292285442352295
-30,15,32,-7.63232421875,-6.72314453125,6.498242378234863,131,-32,257,-2.51220703125,15.422558784484863,1.000097632408142
90,22,-8,-7.015038967132568,-6.876269817352295,4.9287109375,132,-6,305,-0.27275392413139343,10.64697265625,-2.1485352516174316
138,21,-42,-6.43603515625,-4.488476753234863,3.2730469703674316,64,33,292,2.0049805641174316,1.741796851158142,-2.6031250953674316
85,4,-40,-6.560449123382568,-3.244335889816284,2.9189453125,-69,40,227,3.1869142055511475,-3.6989259719848633,-2.813671827316284
30,-18,-25,-6.704003810882568,-3.7372071743011475,2.5074219703674316,-101,33,72,5.388085842132568,-7.900293350219727,-2.478710889816284
10,-33,-14,-7.527050971984863,-4.196582317352295,2.3255860805511475,26,19,-125,5.579492092132568,-7.498340129852295,-2.1533203125
-11,-38,-11,-8.01513671875,-4.277929782867432,2.1485352516174316,61,12,-274,3.7372071743011475,-2.75146484375,-0.46416017413139343
-36,-28,-14,-9.225781440734863,-4.828222751617432,2.306445360183716,18,-10,-368,-0.02392578125,0.540722668170929,0.612500011920929
-55,0,-17,-9.82871150970459,-4.900000095367432,2.1581056118011475,7,-77,-492,-11.068066596984863,8.89560604095459,1.6604492664337158
-27,46,-20,-9.005663871765137,-5.842675685882568,2.837597608566284,-310,-47,-280,-22.748632431030273,21.11689567565918,0.24882812798023224
54,93,-37,-8.48886775970459,-5.282812595367432,2.454785108566284,-59,43,-72,-15.465625762939453,12.738085746765137,2.8663086891174316
95,128,-47,-8.12998104095459,-4.383203029632568,4.062597751617432,246,8,-29,-8.431445121765137,11.2451171875,3.316113233566284
118,102,-34,-6.488671779632568,-3.2491211891174316,5.785254001617432,200,-74,-24,-2.94287109375,7.53662109375,2.574414014816284
103,52,-12,-6.230273723602295,-4.699023723602295,4.923925876617432,30,-141,-26,-0.98095703125,5.90966796875,0.10048828274011612
65,14,2,-6.656152248382568,-5.9814453125,3.08642578125,35,-185,-88,-2.478710889816284,6.325976848602295,0.11005859822034836
41,-5,-33,-7.541406631469727,-7.163379192352295,1.598242163658142,182,-227,-126,-5.368945598602295,5.129687786102295,0.5550781488418579
17,-9,-103,-9.072656631469727,-8.555859565734863,1.6365234851837158,130,-232,-133,-10.3359375,3.6893556118011475,-1.07666015625
-27,5,-159,-8.87168025970459,-8.68505859375,1.622167944908142,91,-187,-141,-12.60888671875,3.70849609375,-0.18183593451976776
-45,25,-174,-6.115429878234863,-8.574999809265137,-0.07656250149011612,78,-117,-133,-10.489062309265137,4.416699409484863,0.5694336295127869
-1,68,-178,-4.40234375,-9.479394912719727,-0.7177734375,28,-60,-87,-9.000879287719727,5.297168254852295,1.033593773841858
-5,84,-192,-5.469433784484863,-12.599316596984863,-0.9139648675918579,-22,-18,-26,-8.694628715515137,4.789941310882568,2.08154296875
1,70,-288,-4.268359661102295,-14.8818359375,2.1006836891174316,-3,-20,12,-8.44580078125,3.813769578933716,2.89501953125
-125,39,-367,-2.7466797828674316,-14.293261528015137,2.1102540493011475,88,-41,-8,-9.9052734375,3.3448243141174316,2.8902344703674316
-129,57,-412,-0.7464843988418579,-10.278515815734863,0.21054688096046448,150,-57,-26,-9.63730525970459,4.80908203125,3.024218797683716
-78,72,-418,0.30146485567092896,-5.459863185882568,0.8804687857627869,161,-57,-20,-7.101171970367432,4.703808784484863,1.7322266101837158
-71,30,-315,2.837597608566284,2.296875,0.636425793170929,141,-35,-26,-7.110742092132568,5.38330078125,1.3876953125
-51,-19,-150,5.8857421875,0.3780273497104645,-0.21054688096046448,74,-22,-36,-7.58447265625,6.526953220367432,1.894921898841858
-83,-20,-26,7.287793159484863,-0.48808595538139343,-2.402148485183716,-26,-12,-24,-7.407422065734863,6.306836128234863,2.0049805641174316
-86,23,55,7.29736328125,-2.1581056118011475,-1.201074242591858,-73,0,3,-7.517480850219727,5.23974609375,2.191601514816284
-121,79,137,6.14892578125,1.1005859375,-1.239355444908142,-65,1,27,-8.120409965515137,4.277929782867432,2.966796875
-100,94,222,4.325781345367432,0.98095703125,-0.4737304747104645,0,-9,41,-7.718457221984863,3.435742139816284,3.0577149391174316
-96,104,307,2.502636671066284,-1.741796851158142,-0.6172851920127869,71,-15,52,-7.6083984375,3.5697267055511475,3.095996141433716
-5,126,350,0.15791015326976776,-3.167773485183716,-0.21533203125,72,-13,55,-7.981640815734863,3.732421875,3.4453125
66,143,367,-4.995703220367432,-13.006054878234863,2.737109422683716,68,-18,37,-7.857226848602295,3.579296827316284,3.7994141578674316
-10,108,290,-9.886133193969727,-19.5234375,8.187402725219727,100,-21,9,-7.900293350219727,3.459667921066284,4.124804973602295
67,12,59,-7.53662109375,-21.35615348815918,10.197168350219727,123,-14,-11,-7.627539157867432,4.632031440734863,4.37841796875
-77,-103,-137,-6.125,-21.30830192565918,8.78076171875,46,0,-17,-7.283008098602295,5.483788967132568,3.7132813930511475
-58,-144,-286,-4.311425685882568,-15.436914443969727,4.861718654632568,-18,1,-12,-5.9814453125,5.5029296875,2.79931640625
-45,-131,-332,-1.143652319908142,-9.08701229095459,0.583789050579071,-57,1,-19,-6.469531536102295,5.703906536102295,2.6366212368011475
6,-80,-289,2.6509766578674316,-1.631738305091858,-1.9140625,-28,-7,-47,-7.378711223602295,6.273339748382568,2.622265577316284
-13,-31,-179,5.483788967132568,2.6126954555511475,-3.0672852993011475,-13,-9,-44,-6.876269817352295,6.220703125,2.4404296875
28,21,-67,6.498242378234863,3.220410108566284,-2.904589891433716,10,0,-19,-6.086719036102295,5.818749904632568,2.3016602993011475
9,62,51,6.311621189117432,3.6654298305511475,-2.3447265625,8,3,4,-6.321191310882568,6.05322265625,2.6796875
-49,91,168,4.670312404632568,2.8184571266174316,-1.1867188215255737,0,-10,22,-7.096386909484863,5.254101753234863,2.928515672683716
-64,111,285,1.344628930091858,0.11962890625,-0.4833008050918579,28,-31,30,-7.637109756469727,4.3544921875,2.87109375
22,136,398,-6.258984565734863,-6.072363376617432,1.2297852039337158,94,-38,19,-9.61337947845459,4.80908203125,2.6318359375
166,162,406,-16.279102325439453,-14.06357479095459,7.780664443969727,155,-19,0,-8.61328125,5.636914253234863,1.847070336341858
225,117,227,-16.393945693969727,-11.039355278015137,11.26425838470459,149,18,-2,-6.861914157867432,6.823632717132568,1.464257836341858
-129,16,87,-9.8095703125,-8.072558403015137,9.87656307220459,43,52,16,-6.072363376617432,6.732715129852295,0.583789050579071
-156,-29,30,-7.043750286102295,-10.45556640625,5.459863185882568,-11,63,17,-8.043848037719727,8.8525390625,0.11005859822034836
-31,-45,-5,-5.043554782867432,-7.383496284484863,2.5791993141174316,-66,77,72,-8.866894721984863,10.082324028015137,-1.0862305164337158
-21,-59,13,-3.813769578933716,-4.565039157867432,0.9378906488418579,-9,91,138,-8.2783203125,12.31699275970459,-0.9666016101837158
-55,-70,62,-3.9860353469848633,-3.7611329555511475,0.40673828125,59,105,198,-6.742285251617432,12.99169921875,-1.358984351158142
-72,-76,124,-4.770801067352295,-3.46923828125,0.74169921875,106,132,217,-3.9860353469848633,11.95810604095459,-2.569628953933716
-149,-99,193,-5.995800971984863,-5.866601467132568,0.15312500298023224,101,158,220,-0.708203136920929,9.06308650970459,-2.9715821743011475
-75,-61,208,-8.522363662719727,-5.632129192352295,1.8375000953674316,140,159,172,0.74169921875,4.966992378234863,-3.4022462368011475
-3,-10,176,-10.149316787719727,-6.450390815734863,3.311328172683716,42,155,133,1.5168945789337158,3.158203125,-4.541113376617432
30,22,94,-10.757031440734863,-4.909570217132568,2.966796875,20,133,85,2.861523389816284,2.70361328125,-5.904882907867432
-78,-2,48,-11.154199600219727,-3.7754883766174316,3.2347657680511475,22,109,68,5.1201171875,7.211230754852295,-5.632129192352295
-155,-49,41,-9.70908260345459,-4.277929782867432,2.024121046066284,119,112,92,7.263867378234863,8.79990291595459,-3.718066453933716
-165,-80,37,-8.77597713470459,-4.627246379852295,0.98095703125,165,137,138,7.952929973602295,9.92919921875,-2.909374952316284
-217,-90,48,-8.737695693969727,-4.727734565734863,0.37324219942092896,79,148,188,7.431347846984863,5.43115234375,-3.6797852516174316
-214,-76,55,-8.048632621765137,-6.163281440734863,-0.4019531309604645,53,112,168,6.995898723602295,1.368554711341858,-4.220508098602295
-133,-50,30,-7.158593654632568,-6.96240234375,0.5550781488418579,91,75,92,6.632226467132568,-2.08154296875,-4.502831935882568
-80,-39,31,-7.211230754852295,-5.57470703125,1.8853516578674316,149,48,-35,5.47900390625,-2.6749024391174316,-4.52197265625
-86,-39,45,-6.96240234375,-4.789941310882568,2.0767579078674316,196,19,-159,4.277929782867432,-1.622167944908142,-3.3783204555511475
-93,-35,49,-6.67529296875,-4.799511909484863,2.115039110183716,173,-19,-269,2.009765625,-0.0047851563431322575,-2.6270508766174316
-108,-39,43,-6.727929592132568,-4.579394817352295,3.100781202316284,96,-53,-373,-1.6891602277755737,1.8614258766174316,-1.488183617591858
-128,-60,31,-6.407324314117432,-3.9621095657348633,4.038671970367432,5,-55,-429,-5.761328220367432,10.23544979095459,-1.4259766340255737
-115,-74,16,-8.101269721984863,-5.517285346984863,3.765918016433716,-46,5,-359,-10.134961128234863,20.427831649780273,-3.1629884243011475
-75,-61,10,-9.670801162719727,-6.325976848602295,3.311328172683716,-82,49,-95,-7.694531440734863,26.615039825439453,-1.9954102039337158
-65,-26,22,-8.043848037719727,-5.498144626617432,3.4883790016174316,-25,42,127,-4.053027629852295,24.016698837280273,0.8804687857627869
-11,24,20,-6.895410060882568,-7.311718940734863,3.4883790016174316,65,5,259,-3.2012696266174316,18.26972770690918,0.32060548663139343
66,43,1,-7.139453411102295,-6.1728515625,5.1201171875,113,7,318,-1.143652319908142,12.422266006469727,-1.1101562976837158
46,19,-6,-6.206347942352295,-4.742089748382568,4.024316310882568,89,41,316,0.765625,4.048242092132568,-2.091113328933716
50,20,-19,-6.474316596984863,-5.067480564117432,1.430761694908142,-47,69,261,2.215527296066284,-3.0146484375,-1.670019507408142
60,30,-23,-7.742383003234863,-3.5601563453674316,1.6173828840255737,-117,53,119,4.780371189117432,-9.551172256469727,-1.8997070789337158
19,8,-9,-7.3212890625,-3.85205078125,3.0816407203674316,-28,15,-79,5.153613567352295,-7.737597942352295,-1.4690430164337158
42,2,-6,-6.445605754852295,-3.3208985328674316,3.191699266433716,40,-12,-250,3.459667921066284,-3.4405274391174316,0.06699218600988388
48,-9,-4,-7.08203125,-2.641406297683716,4.206152439117432,102,-42,-348,1.1484375,-0.9857422113418579,0.803906261920929
21,-25,-3,-9.216211318969727,-4.603320598602295,3.411816358566284,46,-91,-443,-3.7276368141174316,3.383105516433716,1.789648413658142
18,0,-3,-10.661328315734863,-5.163183689117432,2.545703172683716,-165,-138,-424,-16.561426162719727,21.681543350219727,-0.5455078482627869
28,33,-12,-8.785547256469727,-4.684668064117432,3.268261671066284,-259,-22,-136,-18.810449600219727,19.9541015625,1.105371117591858
59,58,-13,-8.58935546875,-3.7802734375,4.622460842132568,136,-25,24,-10.584765434265137,16.815038681030273,3.9621095657348633
72,57,0,-8.12998104095459,-3.8089845180511475,6.53173828125,201,-85,51,-5.340234279632568,10.058398246765137,2.6318359375
97,48,-18,-6.235058784484863,-5.110547065734863,4.885644435882568,101,-153,31,-1.488183617591858,3.7754883766174316,-0.50244140625
144,47,-52,-5.6943359375,-4.971777439117432,3.670214891433716,-37,-201,-30,-0.732128918170929,3.0433595180511475,-2.450000047683716
159,35,-61,-6.593945503234863,-4.478906154632568,3.2491211891174316,130,-230,-125,-2.598339796066284,4.2587890625,-3.7132813930511475
133,17,-36,-7.431347846984863,-4.320996284484863,2.9476563930511475,24,-225,-186,-5.364160060882568,2.7562501430511475,-3.550585985183716
110,5,-12,-7.579687595367432,-4.847363471984863,2.5887696743011475,52,-205,-274,-10.8623046875,3.813769578933716,-2.6844727993011475
118,7,-9,-7.63232421875,-4.957421779632568,2.545703172683716,53,-161,-318,-15.657032012939453,7.163379192352295,0.8804687857627869
142,15,-22,-7.866796970367432,-4.986133098602295,2.617480516433716,112,-104,-218,-12.6806640625,7.751953125,2.3399415016174316
143,14,-42,-8.75205135345459,-5.0244140625,3.1103515625,72,-7,-47,-9.35019588470459,5.541211128234863,3.6893556118011475
86,-8,-90,-8.77597713470459,-4.943066596984863,3.5362305641174316,70,28,31,-9.11572265625,4.000390529632568,1.8087891340255737
-51,-45,-180,-10.938867568969727,-6.713574409484863,4.7373046875,79,0,33,-8.97216796875,3.94775390625,2.1485352516174316
-158,-66,-288,-12.80029296875,-11.206835746765137,4.995703220367432,55,-51,-10,-8.450586318969727,3.4453125,1.990625023841858
-145,-54,-385,-12.53232479095459,-12.56103515625,5.876172065734863,147,-86,-67,-7.541406631469727,3.42138671875,1.272851586341858
-162,-36,-434,-10.914941787719727,-13.08261775970459,5.541211128234863,173,-85,-83,-8.340527534484863,5.077050685882568,1.0623047351837158
-175,-24,-458,-7.029394626617432,-10.83837890625,4.287499904632568,94,-52,-41,-8.216113090515137,5.55078125,1.287207007408142
-116,1,-465,-3.541015625,-7.785449504852295,3.8472657203674316,110,-17,-3,-8.364453315734863,4.421484470367432,1.5886719226837158
-39,8,-390,0.0,0.823046863079071,1.9236328601837158,49,12,34,-8.211328506469727,4.359277248382568,2.019335985183716
-71,26,-182,3.215625047683716,7.206445217132568,-1.3015625476837158,-2,19,54,-8.498437881469727,4.244433879852295,2.406933546066284
-85,74,47,3.66064453125,5.5986328125,-3.7276368141174316,0,18,57,-8.019922256469727,3.6797852516174316,2.7562501430511475
-72,120,207,2.2681641578674316,2.335156202316284,-3.000293016433716,41,13,48,-7.862011909484863,3.5123047828674316,3.1055665016174316
-52,164,287,1.0431641340255737,-2.3447265625,-1.1580078601837158,59,11,34,-7.436132907867432,3.765918016433716,3.42138671875
-40,204,314,-1.225000023841858,-5.6943359375,2.2442383766174316,39,6,26,-7.306933879852295,4.062597751617432,3.670214891433716
-46,150,225,-4.804296970367432,-20.4326171875,9.11093807220459,56,-10,0,-8.742480278015137,4.000390529632568,4.268359661102295
-114,-5,9,0.11005859822034836,-25.1220703125,12.455761909484863,52,-17,-21,-8.522363662719727,4.52197265625,4.01953125
-89,-65,-175,1.5791015625,-19.48994255065918,9.048730850219727,38,-13,-32,-7.254296779632568,5.110547065734863,3.1390626430511475
7,-65,-282,1.36376953125,-12.900781631469727,4.344922065734863,-27,-11,-42,-7.507910251617432,6.191992282867432,2.966796875
35,-53,-283,2.7323243618011475,-3.6319336891174316,-0.02871093899011612,-115,-9,-31,-7.579687595367432,5.675195217132568,2.8280274868011475
66,-16,-227,4.483691692352295,1.6173828840255737,-3.598437547683716,-88,-14,-22,-7.373926162719727,3.8711915016174316,2.8184571266174316
23,11,-104,5.182324409484863,6.455175876617432,-3.4022462368011475,-24,-19,-17,-7.594043254852295,3.8185548782348633,2.9620118141174316
-33,42,59,5.732617378234863,6.125,-2.808886766433716,18,-27,-12,-7.570117473602295,4.340137004852295,3.1869142055511475
-56,73,204,3.555371046066284,3.158203125,-0.57421875,40,-31,-2,-6.833203315734863,4.268359661102295,2.957226514816284
-64,99,316,1.368554711341858,0.6890625357627869,0.13876953721046448,49,-24,17,-6.177636623382568,4.1630859375,2.7227540016174316
39,162,375,-2.904589891433716,-5.388085842132568,3.03857421875,73,-6,21,-8.388379096984863,5.244531154632568,3.3017578125
103,110,253,-16.33173942565918,-29.577051162719727,12.379199028015137,64,14,22,-9.359766006469727,6.359472751617432,3.459667921066284
-159,-67,6,-9.584668159484863,-21.360937118530273,13.891308784484863,27,44,46,-9.68515682220459,6.311621189117432,2.957226514816284
-103,-145,-184,-4.148730754852295,-20.298633575439453,8.39794921875,8,76,66,-9.431543350219727,7.641894817352295,2.354296922683716
116,-180,-227,-1.358984351158142,-0.4833008050918579,2.426074266433716,-60,102,97,-7.938574314117432,7.431347846984863,1.33984375
15,-210,-101,2.119824171066284,0.9378906488418579,-3.3208985328674316,-24,103,89,-5.708691596984863,5.904882907867432,0.947460949420929
135,-165,3,2.6270508766174316,1.3972656726837158,-4.837792873382568,-8,93,58,-4.636816501617432,5.459863185882568,0.32060548663139343
144,-103,155,2.138964891433716,2.957226514816284,-5.177539348602295,-39,78,39,-5.053124904632568,6.043652534484863,-0.287109375
67,-45,304,0.1435546875,0.14833985269069672,-3.598437547683716,-68,68,21,-5.230175971984863,6.206347942352295,-0.765625
52,16,399,-3.8424806594848633,-5.057910442352295,-0.20097656548023224,-65,65,-9,-4.995703220367432,6.014941692352295,-0.6651367545127869
92,102,451,-10.627832412719727,-5.866601467132568,1.9571290016174316,-88,65,-42,-5.325879096984863,5.770898342132568,-0.3158203065395355
-49,101,453,-24.064550399780273,-9.584668159484863,9.919629096984863,-128,65,-66,-7.038964748382568,6.297265529632568,-0.10048828274011612
-72,-9,88,-12.3935546875,-16.8916015625,7.699316501617432,-134,67,-59,-8.077343940734863,7.177734375,-0.08613281697034836
-2,-23,-72,-10.245019912719727,-4.225293159484863,4.651172161102295,-135,76,6,-8.22568416595459,7.507910251617432,-0.37324219942092896
-105,-108,-8,-7.761523723602295,-1.9523438215255737,0.779980480670929,-78,56,82,-9.675585746765137,11.31689453125,1.215429663658142
-138,-134,80,-6.794921875,-2.670117139816284,-0.69384765625,73,46,186,-9.417187690734863,13.168749809265137,1.84228515625
-186,-128,128,-7.87158203125,-6.81884765625,-0.32060548663139343,165,66,299,-9.632519721984863,17.7529296875,1.1101562976837158
-161,-105,123,-8.20175838470459,-8.149121284484863,-0.13398437201976776,301,138,360,-8.34531307220459,14.503808975219727,-0.46416017413139343
-69,-62,86,-8.024706840515137,-6.718359470367432,0.08613281697034836,214,247,397,-7.287793159484863,10.747461318969727,-3.8568360805511475
-42,-25,55,-7.699316501617432,-5.751758098602295,0.37324219942092896,105,284,356,-4.2109375,3.005078077316284,-3.85205078125
-37,-12,41,-7.622754096984863,-5.364160060882568,1.512109398841858,11,227,244,-0.679492175579071,-4.766015529632568,-1.7561523914337158
-56,-15,50,-7.211230754852295,-5.105762004852295,1.942773461341858,92,116,10,2.4117188453674316,-7.6083984375,-1.6891602277755737
-78,-25,45,-6.708789348602295,-5.498144626617432,2.87109375,121,20,-210,0.8900390863418579,-3.119921922683716,-1.631738305091858
-89,-42,14,-5.823535442352295,-5.579492092132568,3.4644532203674316,41,-34,-314,-1.646093726158142,1.0862305164337158,-0.8900390863418579
-71,-58,-10,-6.890625,-5.053124904632568,4.52197265625,52,-43,-391,-5.464648723602295,9.5703125,-1.4738281965255737
-61,-70,2,-9.953125,-4.871289253234863,4.387988567352295,-93,-1,-289,-8.25439453125,20.193359375,-3.80419921875
-81,-52,18,-9.92919921875,-4.311425685882568,3.1294922828674316,-6,22,-54,-6.670507907867432,29.098535537719727,0.727343738079071
-86,-7,22,-7.302148342132568,-3.8424806594848633,3.3543946743011475,47,14,161,-2.17724609375,24.040624618530273,1.248925805091858
-14,31,21,-5.641699314117432,-5.8857421875,4.517187595367432,147,20,284,-1.052734375,17.38447380065918,-0.655566394329071
66,34,3,-5.833105564117432,-6.704003810882568,3.7228517532348633,134,77,336,0.15312500298023224,8.067773818969727,-2.832812547683716
65,29,-9,-6.498242378234863,-6.263769626617432,2.239453077316284,30,112,315,1.0670899152755737,-0.7704101800918579,-2.478710889816284
50,24,-23,-7.230370998382568,-5.545996189117432,2.2920899391174316,-139,91,204,3.4022462368011475,-8.11083984375,-1.263281226158142
27,17,-18,-7.048535346984863,-4.000390529632568,2.5313477516174316,-72,23,-9,4.651172161102295,-10.14453125,-1.4690430164337158
40,13,-15,-7.574902534484863,-3.7707033157348633,3.3687500953674316,41,-20,-215,3.8089845180511475,-5.148828029632568,-0.5455078482627869
37,2,-14,-7.981640815734863,-2.70361328125,3.5888671875,75,-65,-305,3.603222608566284,0.3780273497104645,0.8565430045127869
2,-10,-10,-7.603613376617432,-2.430859327316284,3.651074171066284,35,-91,-402,-0.01914062537252903,-0.11005859822034836,0.559863269329071
-19,-19,-7,-6.77099609375,-3.3974609375,3.4405274391174316,-87,-130,-410,-6.574804782867432,12.934277534484863,-2.0767579078674316
-13,-18,-1,-8.168261528015137,-4.962207317352295,2.593554735183716,-147,-54,-256,-18.059179306030273,26.146093368530273,-0.6890625357627869
-22,4,12,-9.359766006469727,-4.823437690734863,1.2776367664337158,-36,4,-10,-10.350293159484863,20.379980087280273,0.4019531309604645
-65,32,32,-9.2353515625,-5.71826171875,2.0863282680511475,53,-2,51,-4.096093654632568,12.934277534484863,1.454687476158142
8,56,26,-8.125195503234863,-7.546191692352295,3.789843797683716,34,-20,23,-1.5886719226837158,5.483788967132568,0.24882812798023224
77,62,-2,-6.804492473602295,-6.62744140625,4.789941310882568,23,-53,-63,-1.0910156965255737,2.234668016433716,0.13876953721046448
99,56,-38,-6.249413967132568,-5.373730659484863,4.100879192352295,-67,-88,-136,-1.7800781726837158,2.765820264816284,0.4019531309604645
134,49,-52,-6.479101657867432,-4.852148532867432,3.287402391433716,-81,-124,-215,-4.478906154632568,3.99560546875,0.846972644329071
131,38,-46,-7.196875095367432,-4.78515625,2.430859327316284,-56,-145,-286,-9.197070121765137,4.316211223602295,1.727441430091858
121,31,-32,-8.503222465515137,-5.455078125,2.191601514816284,-14,-146,-296,-15.542187690734863,7.761523723602295,5.0244140625
120,28,-28,-8.048632621765137,-5.345019817352295,2.4691407680511475,22,-94,-175,-12.07773494720459,5.928808689117432,5.139257907867432
111,22,-34,-7.483984470367432,-4.80908203125,2.56005859375,113,-43,-64,-9.16357421875,3.502734422683716,3.08642578125
90,17,-32,-7.804590225219727,-5.426367282867432,2.5361328125,166,-21,-17,-8.953027725219727,3.603222608566284,1.703515648841858
80,3,-29,-8.01035213470459,-5.880957126617432,2.9141602516174316,143,-33,-4,-8.641992568969727,3.9525392055511475,1.65087890625
38,-23,-42,-9.359766006469727,-7.65625,3.957324266433716,189,-60,-24,-9.010449409484863,3.3687500953674316,1.7130860090255737
-46,-53,-110,-8.316601753234863,-8.742480278015137,3.7515625953674316,225,-76,-43,-7.503125190734863,3.7372071743011475,2.0384767055511475
-134,-57,-231,-9.029589653015137,-11.71884822845459,2.46435546875,203,-71,-46,-7.283008098602295,4.053027629852295,1.741796851158142
-91,-3,-366,-9.699511528015137,-14.52294921875,3.0816407203674316,160,-69,-66,-8.187402725219727,5.072265625,1.8375000953674316
-109,34,-428,-8.235254287719727,-12.374414443969727,1.942773461341858,153,-74,-90,-8.484082221984863,6.455175876617432,1.9619140625
-125,48,-452,-4.9287109375,-10.297656059265137,2.36865234375,40,-57,-68,-8.378808975219727,6.617871284484863,1.741796851158142
-174,51,-422,-1.009667992591858,-6.369042873382568,2.6749024391174316,-64,-33,-33,-8.665918350219727,6.369042873382568,2.450000047683716
-168,64,-336,1.751367211341858,-3.100781202316284,2.115039110183716,-81,-25,-10,-8.23046875,4.80908203125,2.789746046066284
-162,76,-192,4.153515815734863,0.703417956829071,0.95703125,18,-25,-15,-7.670605659484863,3.85205078125,3.0098633766174316
-149,95,-36,4.71337890625,0.21533203125,0.46416017413139343,88,-19,-13,-7.641894817352295,4.52197265625,3.220410108566284
-42,110,79,4.158300876617432,1.6413086652755737,0.04306640848517418,67,-3,5,-7.359570503234863,5.09619140625,3.574511766433716
-87,106,214,1.6891602277755737,0.20097656548023224,-0.3349609375,34,6,25,-7.110742092132568,4.71337890625,3.933398485183716
-57,107,294,-0.6651367545127869,-2.071972608566284,0.4306640625,77,2,36,-7.053320407867432,4.239648342132568,4.268359661102295
32,133,312,-2.2059571743011475,-10.924511909484863,2.856738328933716,36,-1,60,-7.785449504852295,4.239648342132568,4.71337890625
-71,113,246,-4.411914348602295,-19.2841796875,8.2783203125,10,-16,68,-8.03427791595459,3.5458009243011475,5.751758098602295
-22,19,0,-0.775195300579071,-23.10273551940918,11.98681640625,36,-29,47,-7.972070693969727,2.808886766433716,5.517285346984863
-88,-86,-178,-0.08134765923023224,-22.5380859375,10.21152400970459,81,-26,0,-7.110742092132568,3.9621095657348633,4.885644435882568
-57,-122,-316,-1.177148461341858,-15.2646484375,6.48388671875,63,-9,-30,-5.703906536102295,5.321094036102295,3.70849609375
-8,-105,-345,-0.30146485567092896,-6.10107421875,2.17724609375,5,0,-48,-6.302051067352295,6.503027439117432,2.966796875
7,-68,-271,2.550488233566284,0.851757824420929,-1.8040039539337158,-30,-7,-66,-7.206445217132568,6.144140720367432,3.172558546066284
42,-23,-163,4.584179878234863,4.627246379852295,-4.215722560882568,-47,-14,-54,-6.876269817352295,5.857031345367432,2.99072265625
23,9,-3,6.522168159484863,7.876367568969727,-3.4166016578674316,-67,-9,-22,-6.971972942352295,5.129687786102295,3.4022462368011475
-19,38,144,5.6943359375,5.7421875,-2.6988282203674316,-2,-8,-1,-6.402539253234863,4.124804973602295,3.51708984375
-32,69,250,3.5458009243011475,2.694042921066284,-1.717871069908142,44,-11,17,-5.991015911102295,4.053027629852295,3.411816358566284
8,110,331,0.6890625357627869,-0.612500011920929,0.34453126788139343,40,-10,30,-6.924121379852295,4.40234375,3.5218751430511475
28,132,433,-5.378515720367432,-5.469433784484863,3.732421875,43,1,16,-9.886133193969727,4.684668064117432,4.297070503234863
221,160,396,-16.743261337280273,-15.00146484375,9.527246475219727,96,22,-6,-8.94345760345459,4.943066596984863,4.335351467132568
72,79,269,-16.518360137939453,-11.015429496765137,10.651758193969727,69,52,-4,-7.689746379852295,6.455175876617432,3.478808641433716
-157,-37,177,-12.159082412719727,-6.852344036102295,6.794921875,-41,87,26,-7.905078411102295,6.81884765625,2.79931640625
-218,-111,158,-9.412402153015137,-7.522265911102295,3.244335889816284,-126,92,60,-7.158593654632568,6.809277534484863,3.215625047683716
-171,-147,156,-8.220898628234863,-8.3740234375,0.6747070550918579,-157,70,76,-6.325976848602295,5.708691596984863,3.42138671875
-130,-153,165,-6.766211032867432,-8.36923885345459,-0.9426758289337158,-62,44,54,-5.608203411102295,5.129687786102295,2.6366212368011475
-91,-139,156,-5.876172065734863,-8.41709041595459,-1.5408203601837158,-24,29,23,-5.33544921875,5.187109470367432,2.0049805641174316
-33,-105,144,-5.732617378234863,-7.541406631469727,-0.660351574420929,-22,19,-9,-5.71826171875,6.302051067352295,1.320703148841858
-14,-55,134,-7.15380859375,-6.646582126617432,-0.21054688096046448,-24,17,-13,-7.043750286102295,8.029492378234863,0.5694336295127869
-39,0,99,-7.933789253234863,-6.058007717132568,1.1867188215255737,-1,42,34,-8.742480278015137,10.225878715515137,-0.535937488079071
-80,36,38,-8.10605525970459,-6.139355659484863,2.406933546066284,6,90,115,-8.857324600219727,10.83837890625,-1.057519555091858
-68,68,-40,-8.292675971984863,-6.440820217132568,3.51708984375,7,112,188,-8.20654296875,11.771484375,-1.5647461414337158
51,72,-112,-8.766406059265137,-6.10107421875,6.201562404632568,84,117,245,-6.57958984375,13.56591796875,-1.3494141101837158
84,-29,-58,-7.469629287719727,3.13427734375,9.63730525970459,163,135,312,-5.512500286102295,13.37451171875,-1.670019507408142
-128,-99,52,-10.49863338470459,-2.2920899391174316,5.445508003234863,183,171,350,-3.789843797683716,14.44638729095459,-2.0576171875
-177,-136,93,-10.74267578125,-4.895215034484863,3.13427734375,252,234,331,-1.918847680091858,9.37412166595459,-3.813769578933716
-151,-140,82,-7.881152629852295,-3.7372071743011475,1.244140625,151,256,283,0.2918945252895355,3.4453125,-3.119921922683716
-179,-128,75,-6.737500190734863,-4.311425685882568,1.191503882408142,43,196,178,2.1006836891174316,-0.765625,-1.72265625
-124,-100,78,-6.952832221984863,-5.4072265625,1.3733398914337158,63,97,39,2.8663086891174316,-2.99072265625,-1.512109398841858
-36,-73,92,-7.694531440734863,-5.455078125,1.287207007408142,88,20,-110,2.909374952316284,-4.129590034484863,-1.9044922590255737
-39,-55,100,-7.890722751617432,-4.574609279632568,1.358984351158142,125,-43,-243,1.430761694908142,-1.45947265625,-2.5313477516174316
-87,-35,85,-7.34521484375,-4.813867092132568,1.72265625,35,-76,-337,-0.74169921875,2.622265577316284,-1.741796851158142
-67,-7,52,-6.665722846984863,-5.612988471984863,2.03369140625,-30,-79,-352,-2.909374952316284,9.0439453125,-1.8757812976837158
-21,17,23,-7.278222560882568,-5.522070407867432,2.478710889816284,-12,-43,-300,-7.34521484375,21.60498046875,-3.454882860183716
-30,30,18,-9.37890625,-5.033984661102295,3.3017578125,-16,23,-83,-5.139257907867432,24.629199981689453,-2.8519532680511475
-111,32,42,-9.082226753234863,-4.239648342132568,4.909570217132568,38,34,89,-1.50732421875,23.85400390625,-1.435546875
-197,1,90,-6.904980659484863,-4.71337890625,8.072558403015137,82,34,206,0.20576171576976776,16.58056640625,-1.72265625
-35,-5,69,-5.220605373382568,-10.73789119720459,5.459863185882568,113,54,273,1.12451171875,11.95810604095459,-3.2826173305511475
219,32,-18,-5.967090129852295,-8.220898628234863,4.029101848602295,57,90,288,2.2777345180511475,3.5936524868011475,-3.3926758766174316
243,31,-65,-7.043750286102295,-5.038769721984863,3.4883790016174316,-8,81,224,3.651074171066284,-2.4117188453674316,-1.6891602277755737
149,-2,-69,-7.340429782867432,-3.2826173305511475,3.6893556118011475,-101,42,89,5.033984661102295,-6.182422161102295,-1.2824219465255737
38,-43,-53,-7.479199409484863,-3.383105516433716,3.6175782680511475,-14,-3,-83,5.211035251617432,-6.05322265625,-1.8327149152755737
-31,-66,-45,-7.828516006469727,-4.053027629852295,3.124706983566284,38,-33,-231,4.301855564117432,-2.593554735183716,-0.6172851920127869
-72,-67,-50,-7.507910251617432,-4.01953125,2.4356446266174316,24,-62,-315,2.717968702316284,0.05263672024011612,0.41630861163139343
-95,-46,-57,-7.732812881469727,-4.249218940734863,2.10546875,-1,-92,-401,-2.7706055641174316,3.000293016433716,0.4593750238418579
-68,-1,-52,-9.359766006469727,-5.139257907867432,2.4117188453674316,-141,-125,-376,-13.666406631469727,19.006641387939453,-2.2298829555511475
-22,56,-39,-8.723340034484863,-4.488476753234863,2.8663086891174316,-331,-29,-227,-16.16425895690918,16.216894149780273,1.296777367591858
5,105,-30,-6.857129096984863,-3.957324266433716,3.3974609375,-51,13,-48,-12.72373104095459,12.015527725219727,3.4979493618011475
39,129,-1,-6.852344036102295,-4.746875286102295,4.024316310882568,221,-28,-20,-7.65625,10.321581840515137,4.053027629852295
71,114,33,-6.536523342132568,-5.560351848602295,5.986230373382568,167,-91,-37,-4.2587890625,7.10595703125,1.8040039539337158
79,64,21,-5.780468940734863,-7.7998046875,5.158398628234863,17,-144,-70,-3.263476610183716,4.292285442352295,0.01914062537252903
161,55,-4,-6.010156154632568,-6.168066501617432,3.7994141578674316,10,-202,-181,-4.995703220367432,3.3974609375,-1.1627930402755737
210,59,-11,-6.785351753234863,-4.703808784484863,2.789746046066284,125,-243,-218,-10.55126953125,6.546093940734863,-1.918847680091858
190,51,-1,-7.876367568969727,-4.325781345367432,3.2347657680511475,53,-203,-212,-12.2978515625,4.502831935882568,-1.823144555091858
134,30,6,-8.06298828125,-4.033886909484863,3.3065431118011475,96,-121,-182,-11.00107479095459,6.105859279632568,1.1005859375
84,12,2,-8.043848037719727,-4.483691692352295,3.541015625,66,-42,-88,-9.077441215515137,5.316308498382568,1.4499024152755737
63,4,-6,-8.35009765625,-5.062695503234863,3.335253953933716,28,12,-17,-8.91953182220459,5.206250190734863,1.6365234851837158
68,6,-15,-7.862011909484863,-5.234961032867432,2.7801759243011475,10,31,32,-8.503222465515137,3.9046876430511475,2.3877930641174316
90,14,-26,-8.421875,-5.512500286102295,2.6605470180511475,76,20,38,-8.46494197845459,3.143847703933716,3.0194337368011475
109,13,-41,-8.043848037719727,-5.904882907867432,3.029003858566284,104,-6,34,-7.737597942352295,4.435840129852295,4.703808784484863
64,-11,-104,-8.881250381469727,-5.90966796875,3.4500977993011475,53,-42,30,-7.05810546875,2.354296922683716,6.31640625
-107,-59,-200,-10.699609756469727,-7.149023532867432,5.47900390625,124,-67,-16,-8.2783203125,2.0528321266174316,4.024316310882568
-155,-43,-315,-12.22607421875,-13.881738662719727,4.306640625,193,-71,-65,-9.244921684265137,4.71337890625,2.813671827316284
-132,-25,-414,-10.91015625,-14.293261528015137,5.148828029632568,140,-62,-60,-7.804590225219727,5.95751953125,1.818359375
-102,4,-452,-7.689746379852295,-11.02500057220459,3.6893556118011475,24,-40,-42,-7.235156536102295,5.7900390625,1.65087890625
-80,29,-421,-4.076953411102295,-7.149023532867432,2.497851610183716,-59,-30,-15,-7.598828315734863,5.292382717132568,2.0145509243011475
-97,58,-332,-0.846972644329071,-4.699023723602295,1.22021484375,-93,-33,-2,-8.12998104095459,4.153515815734863,2.3973634243011475
-66,82,-246,1.2919921875,-2.48828125,0.870898425579071,42,-46,-13,-8.15390682220459,3.268261671066284,2.617480516433716
-96,94,-128,2.4212892055511475,0.9283203482627869,0.27753907442092896,157,-38,-8,-7.82373046875,3.8903322219848633,2.502636671066284
-114,93,15,3.148632764816284,1.84228515625,0.612500011920929,161,-12,14,-7.24951171875,4.694238185882568,2.713183641433716
-130,94,167,1.8566406965255737,1.65087890625,0.799121081829071,115,6,27,-7.043750286102295,4.555469036102295,2.9620118141174316
-98,100,284,1.4020508527755737,-1.7083008289337158,1.550390601158142,143,6,10,-7.641894817352295,4.320996284484863,3.196484327316284
-11,129,317,-1.74658203125,-12.589746475219727,5.220605373382568,46,8,-9,-9.220995903015137,4.435840129852295,3.51708984375
-45,74,178,-6.019726753234863,-29.079395294189453,9.92441463470459,1,6,-29,-8.091699600219727,4.675097942352295,4.038671970367432
-6,-33,-64,-0.19619141519069672,-20.346485137939453,8.694628715515137,-21,15,-26,-6.957617282867432,5.158398628234863,3.6415040493011475
-33,-77,-222,0.3301757872104645,-18.408496856689453,6.455175876617432,-58,16,-30,-7.196875095367432,5.837890625,4.143945217132568
3,-94,-305,1.536035180091858,-9.814355850219727,2.406933546066284,-101,0,-37,-7.58447265625,5.608203411102295,3.8568360805511475
4,-74,-291,3.2347657680511475,-1.607812523841858,-1.0862305164337158,-103,-17,-36,-7.661035537719727,4.5458984375,3.741992235183716
-3,-23,-207,4.005176067352295,2.2777345180511475,-2.258593797683716,-43,-31,-24,-7.723242282867432,3.5840821266174316,3.579296827316284
-18,22,-64,4.8330078125,5.751758098602295,-2.2920899391174316,48,-41,-9,-7.976855754852295,3.732421875,3.5123047828674316
-49,47,101,4.445410251617432,4.85693359375,-1.081445336341858,102,-42,11,-8.25439453125,4.18701171875,3.3448243141174316
-43,64,240,3.4022462368011475,1.9954102039337158,0.23447266221046448,112,-34,28,-7.718457221984863,4.249218940734863,2.9189453125
6,90,333,0.9857422113418579,-1.263281226158142,2.0767579078674316,101,-19,36,-7.168164253234863,4.148730754852295,2.6031250953674316
79,101,352,-5.565136909484863,-15.972851753234863,4.311425685882568,62,0,25,-8.067773818969727,4.47412109375,2.765820264816284
23,61,209,-10.445996284484863,-18.370214462280273,10.637402534484863,13,21,8,-8.235254287719727,4.536328315734863,3.024218797683716
-128,-35,98,-6.407324314117432,-15.28857421875,6.258984565734863,-27,49,0,-7.665820598602295,4.871289253234863,2.976367235183716
-43,-76,50,-4.096093654632568,-9.527246475219727,3.435742139816284,-100,65,-7,-7.723242282867432,5.876172065734863,3.0146484375
-1,-111,90,-3.220410108566284,-4.995703220367432,1.6748046875,-180,65,0,-7.460058689117432,5.636914253234863,3.5123047828674316
-18,-137,186,-3.5840821266174316,-3.3974609375,-0.18183593451976776,-98,31,11,-6.9384765625,5.110547065734863,5.14404296875
-39,-145,300,-6.297265529632568,-4.268359661102295,-0.32060548663139343,-49,3,24,-7.2255859375,5.153613567352295,4.100879192352295
-69,-143,399,-12.063379287719727,-6.335546970367432,0.5933594107627869,-66,-5,35,-7.708887100219727,4.373632907867432,3.531445264816284
-85,-129,395,-16.130762100219727,-9.800000190734863,3.1055665016174316,-46,-14,25,-7.929004192352295,4.038671970367432,3.32568359375
-98,-69,245,-11.35996150970459,-7.943359375,3.239550828933716,-5,-22,8,-7.493555068969727,3.7515625953674316,2.75146484375
