-1,0,2,-7.91943359375,-3.37353515625,3.694140672683716,0,1,-3,-7.48876953125,1.8805664777755737,5.665625095367432
0,0,1,-7.900293350219727,-3.268261671066284,3.694140672683716,-1,1,-3,-7.517480850219727,1.93798828125,5.7421875
-1,0,2,-7.905078411102295,-3.3065431118011475,3.6750001907348633,-1,0,-2,-7.493555068969727,1.9044922590255737,5.713476657867432
0,0,2,-7.938574314117432,-3.349609375,3.622363328933716,0,0,-2,-7.498340129852295,1.8997070789337158,5.684765815734863
0,0,1,-7.957715034484863,-3.3208985328674316,3.61279296875,0,0,-2,-7.498340129852295,1.89013671875,5.675195217132568
0,0,1,-7.96728515625,-3.244335889816284,3.5936524868011475,0,1,-2,-7.517480850219727,1.8805664777755737,5.679980754852295
-1,0,2,-7.948144912719727,-3.239550828933716,3.6080079078674316,-1,1,-2,-7.503125190734863,1.8805664777755737,5.689550876617432
-2,0,2,-7.948144912719727,-3.2826173305511475,3.63671875,-2,1,-1,-7.522265911102295,1.9092774391174316,5.727832317352295
-2,0,2,-7.924219131469727,-3.335253953933716,3.603222608566284,-6,2,-1,-7.546191692352295,1.8662109375,5.756543159484863
-1,0,2,-7.938574314117432,-3.3304688930511475,3.56494140625,-7,2,-1,-7.546191692352295,1.703515648841858,5.799609661102295
-2,0,2,-8.091699600219727,-3.2347657680511475,3.6080079078674316,-4,2,-2,-7.546191692352295,1.72265625,5.866601467132568
-9,-4,3,-8.335741996765137,-3.0577149391174316,3.7802734375,-5,2,2,-7.617969036102295,2.119824171066284,6.000586032867432
-16,-10,3,-8.173047065734863,-2.7801759243011475,4.120019435882568,-3,1,7,-7.7998046875,2.3638672828674316,6.139355659484863
-17,-15,7,-7.780664443969727,-2.2777345180511475,4.560254096984863,8,-1,8,-7.316504001617432,2.9715821743011475,6.168066501617432
-27,-21,16,-7.5126953125,-1.2345703840255737,4.770801067352295,5,-5,17,-6.31640625,3.789843797683716,5.713476657867432
-54,-28,26,-8.000781059265137,-1.047949194908142,4.794726848602295,-13,-13,29,-6.694433689117432,4.651172161102295,6.254199504852295
-55,-27,25,-8.35009765625,-1.6604492664337158,4.818652629852295,-9,-37,31,-7.278222560882568,4.8330078125,7.072461128234863
-43,-23,16,-8.283105850219727,-2.1341798305511475,4.651172161102295,37,-73,45,-7.407422065734863,6.412109375,7.689746379852295
-33,-32,-2,-8.08212947845459,-2.789746046066284,5.354589939117432,74,-102,92,-7.120312690734863,8.546289443969727,8.58935546875
-41,-58,-20,-7.7998046875,-3.0577149391174316,5.206250190734863,102,-113,155,-5.928808689117432,10.26416015625,8.63242244720459
-57,-75,-14,-8.594141006469727,-4.1630859375,4.742089748382568,132,-101,209,-4.699023723602295,13.044336318969727,8.41709041595459
-68,-78,-1,-6.96240234375,-4.517187595367432,3.61279296875,233,-70,253,-3.1151368618011475,13.211816787719727,6.302051067352295
-56,-63,11,-7.1298828125,-5.469433784484863,3.4644532203674316,204,22,319,-1.53125,11.848047256469727,2.694042921066284
-31,-45,20,-6.957617282867432,-5.828320503234863,3.5458009243011475,160,85,328,0.0478515625,8.809473037719727,0.923535168170929
-35,-34,24,-6.756640911102295,-4.876074314117432,3.7228517532348633,125,93,302,1.0192383527755737,4.90478515625,0.6507812738418579
-62,-30,36,-6.5078125,-4.598535060882568,3.627148389816284,113,72,243,2.143749952316284,2.0528321266174316,0.4833008050918579
-70,-26,45,-6.010156154632568,-4.301855564117432,3.340039014816284,148,56,152,2.909374952316284,-0.559863269329071,-0.684277355670929
-65,-24,52,-5.632129192352295,-3.94775390625,3.1629884243011475,177,66,45,2.9715821743011475,-1.320703148841858,-1.550390601158142
-47,-23,62,-5.67041015625,-3.8664064407348633,3.1629884243011475,144,79,-53,2.6031250953674316,0.4258789122104645,-0.5072265863418579
-43,-19,75,-5.23974609375,-3.4883790016174316,3.148632764816284,56,62,-120,3.459667921066284,5.565136909484863,3.076855421066284
-41,-5,90,-6.0771484375,-4.301855564117432,3.478808641433716,16,10,-124,6.153710842132568,14.85312557220459,4.244433879852295
-4,17,99,-8.421875,-5.943164348602295,4.56982421875,38,-34,-19,8.522363662719727,23.011816024780273,7.550976753234863
37,29,90,-11.12548828125,-5.866601467132568,5.09619140625,19,-57,112,10.91015625,18.77216911315918,3.4931640625
4,18,79,-11.8193359375,-4.56982421875,5.230175971984863,-44,-40,178,9.87656307220459,8.833398818969727,-0.4833008050918579
-65,-4,54,-9.225781440734863,-3.828125,4.13916015625,-30,-22,160,6.837988376617432,1.440332055091858,-2.12939453125
-70,-12,9,-6.4599609375,-4.033886909484863,2.789746046066284,-16,-11,90,4.541113376617432,-2.6126954555511475,-2.8998048305511475
-16,-13,-34,-4.986133098602295,-3.42138671875,2.215527296066284,45,11,-31,2.5648438930511475,-4.105664253234863,-3.03857421875
-10,-23,-56,-3.885546922683716,-2.095898389816284,1.79443359375,98,36,-157,0.49287110567092896,-2.904589891433716,-2.1724610328674316
-23,-25,-80,-3.0337891578674316,-3.1151368618011475,1.6413086652755737,79,47,-248,-1.296777367591858,1.1101562976837158,1.358984351158142
20,-14,-110,-7.062890529632568,-7.742383003234863,4.770801067352295,-15,11,-251,-1.0623047351837158,15.28857421875,2.296875
92,-9,-132,-11.379101753234863,-9.656445503234863,6.684863567352295,-16,-38,-132,2.138964891433716,29.533985137939453,6.10107421875
51,4,-115,-11.67578125,-9.603808403015137,7.196875095367432,20,-91,-9,8.866894721984863,26.251367568969727,0.7847656607627869
28,50,-105,-9.106152534484863,-10.154101371765137,5.234961032867432,-75,-101,24,8.01035213470459,14.39853572845459,-0.49287110567092896
27,91,-120,-5.569921970367432,-6.727929592132568,3.005078077316284,-92,-92,-2,5.010058879852295,5.794824123382568,-0.69384765625
31,107,-120,-4.072167873382568,-5.105762004852295,1.406835913658142,-131,-83,-55,3.4931640625,1.033593773841858,-1.143652319908142
67,102,-101,-4.608105659484863,-4.756445407867432,0.636425793170929,-172,-91,-122,2.162890672683716,0.06220703199505806,-1.105371117591858
61,78,-59,-4.598535060882568,-3.933398485183716,0.22011719644069672,-162,-84,-209,0.88525390625,0.2392578125,-1.0144531726837158
38,73,-20,-4.588964939117432,-4.5458984375,0.32060548663139343,-150,-64,-293,-2.4356446266174316,2.6988282203674316,0.669921875
48,89,-1,-4.689453125,-4.646386623382568,0.35888671875,-147,-33,-349,-7.962500095367432,4.588964939117432,2.5648438930511475
55,116,17,-5.675195217132568,-4.09130859375,1.143652319908142,-115,6,-410,-14.288476943969727,4.775586128234863,4.493261814117432
41,130,46,-6.665722846984863,-4.440625190734863,2.775390625,-36,60,-408,-19.647851943969727,8.240038871765137,6.72314453125
56,115,74,-7.306933879852295,-6.5556640625,4.9765625,-77,63,-259,-15.393848419189453,9.431543350219727,12.67587947845459
70,62,47,-7.929004192352295,-10.18759822845459,9.5224609375,-99,42,-125,-11.632715225219727,4.254004001617432,7.168164253234863
76,-17,-72,-8.144335746765137,-17.231348037719727,10.28330135345459,15,3,-91,-9.699511528015137,3.000293016433716,5.129687786102295
57,-70,-261,-13.78125,-22.734277725219727,9.287988662719727,143,-33,-89,-9.83349609375,4.349707126617432,4.708593845367432
24,-90,-414,-13.647265434265137,-18.872655868530273,6.153710842132568,146,-61,-90,-8.65634822845459,5.857031345367432,5.450293064117432
0,-72,-461,-10.59912109375,-13.78125,1.5695313215255737,148,-75,-79,-6.952832221984863,4.335351467132568,2.8423829078674316
-3,-38,-448,-7.82373046875,-7.790234565734863,-1.5695313215255737,180,-65,-67,-7.048535346984863,3.579296827316284,2.48828125
-72,-22,-372,-5.163183689117432,-2.430859327316284,-2.6126954555511475,200,-47,-53,-7.613183975219727,3.541015625,2.665332078933716
-131,3,-259,-3.541015625,0.39238283038139343,-3.4644532203674316,234,-22,-69,-7.890722751617432,3.172558546066284,2.94287109375
-190,28,-104,-3.268261671066284,2.8902344703674316,-3.531445264816284,195,11,-72,-6.48388671875,3.4166016578674316,3.2491211891174316
-222,50,43,-1.9762696027755737,1.41162109375,-1.119726538658142,50,47,-58,-5.163183689117432,3.483593702316284,4.297070503234863
-142,59,157,1.0670899152755737,-3.627148389816284,2.5313477516174316,-36,61,-41,-5.828320503234863,3.0433595180511475,5.876172065734863
-41,55,188,5.345019817352295,-21.863378524780273,7.637109756469727,-110,82,-45,-9.168359756469727,1.8040039539337158,8.043848037719727
-11,13,26,8.326171875,-31.51025390625,11.321680068969727,-97,81,-59,-12.89599609375,1.9571290016174316,11.680566787719727
21,-28,-147,10.417284965515137,-20.954198837280273,6.5078125,-72,51,-18,-10.125391006469727,0.9905273914337158,9.579882621765137
41,-42,-237,6.876269817352295,-8.316601753234863,2.12939453125,-103,17,20,-8.043848037719727,0.22011719644069672,7.101171970367432
52,-39,-245,1.894921898841858,-0.8421875238418579,-1.215429663658142,-52,-20,29,-6.512597560882568,-0.8134765625,4.134375095367432
14,-31,-163,0.10048828274011612,5.033984661102295,-2.426074266433716,23,-28,6,-5.100976467132568,-0.29667970538139343,3.0672852993011475
-65,-29,-13,0.3541015684604645,7.220800876617432,-2.6031250953674316,22,-19,-11,-5.904882907867432,1.5456055402755737,3.6797852516174316
-80,-6,129,0.3828125,4.732519626617432,-2.1246094703674316,-1,-18,-11,-5.421582221984863,2.0049805641174316,3.8472657203674316
-59,33,216,1.0670899152755737,-0.01435546949505806,0.18183593451976776,51,-41,-1,-4.861718654632568,2.478710889816284,5.617773532867432
-48,28,271,2.694042921066284,-15.542187690734863,1.8518555164337158,158,-48,6,-8.460156440734863,8.15869140625,8.378808975219727
26,1,182,3.4453125,-27.308887481689453,6.665722846984863,60,-16,52,-11.704492568969727,9.78564453125,8.11083984375
41,-61,139,4.742089748382568,-17.973047256469727,4.876074314117432,-10,25,111,-11.919824600219727,9.249707221984863,6.345117092132568
63,-94,155,3.383105516433716,-9.83349609375,2.5887696743011475,-137,70,202,-9.13486385345459,6.220703125,2.8663086891174316
73,-111,185,3.119921922683716,-6.096289157867432,0.732128918170929,-284,70,238,-9.32627010345459,3.6989259719848633,1.7848633527755737
49,-117,197,2.8663086891174316,-7.962500095367432,-0.55029296875,-237,29,186,-8.857324600219727,2.8184571266174316,1.081445336341858
127,-100,181,2.4356446266174316,-7.670605659484863,-0.7177734375,-191,17,114,-9.316699028015137,2.6988282203674316,0.095703125
102,-77,196,0.13876953721046448,-6.019726753234863,0.564648449420929,-118,32,70,-8.665918350219727,3.622363328933716,1.22021484375
33,-65,231,-2.880664110183716,-6.431250095367432,1.4929687976837158,-89,56,44,-7.350000381469727,3.4022462368011475,2.067187547683716
14,-45,243,-6.062793254852295,-8.986523628234863,3.8951172828674316,-25,77,21,-6.10107421875,3.4022462368011475,2.885449171066284
-21,-40,225,-7.818945407867432,-6.785351753234863,5.809179782867432,80,70,-9,-5.455078125,4.01953125,5.268456935882568
-129,-53,218,-8.412304878234863,-5.177539348602295,5.23974609375,60,37,10,-4.9287109375,6.239843845367432,7.929004192352295
-170,-69,177,-8.259180068969727,-7.976855754852295,6.258984565734863,76,-15,72,-6.335546970367432,10.852734565734863,11.7236328125
-105,-79,119,-7.795019626617432,-11.02978515625,5.947949409484863,83,-63,184,-8.7568359375,16.637989044189453,14.57080078125
-34,-72,90,-6.857129096984863,-10.173242568969727,4.694238185882568,63,-71,337,-10.1923828125,18.78173828125,12.063379287719727
-40,-77,65,-6.311621189117432,-8.795117378234863,3.99560546875,113,-54,429,-8.54150390625,13.70947265625,8.574999809265137
-54,-86,28,-6.354687690734863,-7.574902534484863,2.8232421875,235,-10,428,-5.450293064117432,7.809375286102295,3.4405274391174316
-63,-93,0,-6.799706935882568,-6.115429878234863,1.79443359375,239,55,396,-3.172558546066284,5.81396484375,0.6507812738418579
-84,-92,4,-7.909863471984863,-5.522070407867432,1.7322266101837158,154,69,333,-0.6507812738418579,1.1101562976837158,-1.0670899152755737
-119,-82,28,-7.019824504852295,-4.804296970367432,1.50732421875,142,60,211,1.502539038658142,-2.478710889816284,-1.464257836341858
-120,-52,51,-5.038769721984863,-4.431054592132568,1.1867188215255737,183,58,56,1.622167944908142,-2.4691407680511475,-2.067187547683716
-71,-13,57,-3.383105516433716,-4.062597751617432,1.823144555091858,189,69,-89,0.095703125,-1.536035180091858,-1.464257836341858
-25,0,50,-2.7323243618011475,-3.765918016433716,3.143847703933716,164,67,-184,-0.0478515625,3.029003858566284,1.870996117591858
6,5,56,-4.842578411102295,-5.325879096984863,3.909472703933716,47,19,-179,3.837695360183716,14.025293350219727,4.249218940734863
39,26,76,-8.474512100219727,-6.833203315734863,5.828320503234863,18,-26,-91,8.450586318969727,25.820703506469727,5.636914253234863
54,51,99,-11.608789443969727,-7.814160346984863,7.574902534484863,28,-51,59,11.848047256469727,25.978612899780273,2.0528321266174316
32,68,93,-11.47959041595459,-7.086816310882568,7.388281345367432,-41,-40,162,11.83847713470459,14.862695693969727,0.703417956829071
1,54,60,-9.359766006469727,-5.794824123382568,6.2685546875,-46,-29,195,8.01513671875,6.000586032867432,-0.7177734375
-29,17,26,-6.48388671875,-4.483691692352295,4.005176067352295,-67,-22,188,3.9908204078674316,0.0478515625,-2.641406297683716
-47,-18,-1,-4.732519626617432,-3.4979493618011475,2.545703172683716,-50,-6,125,2.115039110183716,-4.306640625,-4.61767578125
-56,-43,-26,-3.837695360183716,-3.024218797683716,2.043261766433716,63,25,-6,1.344628930091858,-6.814062595367432,-4.254004001617432
-43,-57,-54,-4.048242092132568,-3.7276368141174316,2.574414014816284,150,56,-166,1.2584961652755737,-5.33544921875,-1.9619140625
-15,-55,-85,-5.962304592132568,-5.857031345367432,4.746875286102295,97,21,-249,3.9142580032348633,7.65625,4.392773628234863
30,-30,-102,-8.460156440734863,-7.9912109375,5.67041015625,67,-47,-143,5.852246284484863,28.98847770690918,4.048242092132568
54,15,-70,-9.220995903015137,-8.953027725219727,5.8857421875,43,-92,14,9.479394912719727,21.346582412719727,-0.07177734375
49,62,-71,-6.861914157867432,-8.340527534484863,4.325781345367432,-119,-88,55,6.369042873382568,9.082226753234863,-0.46416017413139343
93,90,-110,-5.47900390625,-6.904980659484863,2.717968702316284,-173,-76,-16,4.076953411102295,1.22021484375,-0.5550781488418579
92,88,-115,-4.789941310882568,-5.153613567352295,2.234668016433716,-178,-79,-133,2.6509766578674316,0.41630861163139343,-0.732128918170929
52,72,-91,-4.349707126617432,-4.981347560882568,1.799218773841858,-177,-92,-243,0.4593750238418579,2.234668016433716,-1.36376953125
54,68,-68,-4.440625190734863,-6.526953220367432,1.024023413658142,-227,-75,-303,-1.129296898841858,4.325781345367432,-1.6173828840255737
87,77,-55,-5.282812595367432,-7.268652439117432,1.2345703840255737,-265,-27,-331,-4.770801067352295,10.130175590515137,0.57421875
80,82,-45,-6.024511814117432,-6.48388671875,1.9236328601837158,-312,62,-352,-7.115527629852295,6.885839939117432,2.27294921875
32,85,-29,-5.689550876617432,-5.569921970367432,1.8662109375,-167,171,-411,-16.073339462280273,3.75634765625,6.445605754852295
23,97,-15,-5.201465129852295,-5.158398628234863,1.598242163658142,-19,169,-398,-22.03564453125,8.82861328125,11.848047256469727
54,100,0,-5.033984661102295,-4.900000095367432,3.18212890625,-18,109,-225,-12.116015434265137,5.139257907867432,9.283203125
44,57,21,-7.187304973602295,-7.182519435882568,8.70419979095459,25,59,-100,-11.45566463470459,1.081445336341858,7.732812881469727
33,-9,-43,-9.201855659484863,-13.833887100219727,10.709179878234863,130,-10,-90,-10.40771484375,3.828125,6.10107421875
-10,-55,-201,-10.206738471984863,-18.322362899780273,9.053515434265137,124,-40,-82,-8.216113090515137,6.110644817352295,6.00537109375
-24,-61,-340,-10.158886909484863,-18.25537109375,5.785254001617432,90,-52,-86,-7.708887100219727,3.407031297683716,5.627343654632568
-45,-39,-411,-7.570117473602295,-14.513379096984863,2.1006836891174316,160,-62,-96,-7.881152629852295,1.703515648841858,3.66064453125
-60,-11,-430,-6.091504096984863,-9.000879287719727,0.39238283038139343,257,-66,-78,-7.8955078125,2.6988282203674316,2.8423829078674316
-99,8,-393,-4.244433879852295,-3.909472703933716,-0.3875976502895355,317,-57,-53,-8.091699600219727,4.225293159484863,3.005078077316284
-139,27,-313,-2.383007764816284,-0.20097656548023224,-0.607714831829071,174,-14,-10,-7.029394626617432,3.598437547683716,2.813671827316284
-180,49,-192,-1.4929687976837158,2.717968702316284,-0.478515625,71,27,4,-5.062695503234863,2.9237306118011475,3.191699266433716
-203,60,-47,-0.8086914420127869,2.87109375,0.4354492127895355,0,49,11,-3.3974609375,1.98583984375,4.153515815734863
-138,60,73,2.095898389816284,-1.6604492664337158,2.837597608566284,-46,62,5,-4.699023723602295,1.55517578125,5.828320503234863
-39,38,164,8.019922256469727,-11.828906059265137,6.809277534484863,-55,68,-29,-11.57529354095459,1.823144555091858,9.670801162719727
0,5,130,9.431543350219727,-26.179590225219727,10.321581840515137,-64,63,-45,-14.42246150970459,0.6986328363418579,10.556055068969727
7,-31,-4,10.843164443969727,-22.619434356689453,8.4697265625,-21,54,-41,-11.991601943969727,1.536035180091858,10.25937557220459
59,-28,-116,9.216211318969727,-11.74277400970459,4.096093654632568,-16,22,-4,-8.862109184265137,2.454785108566284,7.196875095367432
55,-15,-161,6.38818359375,-2.9476563930511475,0.20576171576976776,-31,2,18,-6.498242378234863,1.2345703840255737,4.335351467132568
37,-2,-141,4.033886909484863,3.4740235805511475,-2.335156202316284,-39,-1,9,-5.7900390625,1.095800757408142,3.646289110183716
-37,2,-59,2.574414014816284,6.589160442352295,-2.6366212368011475,18,-14,-6,-4.9287109375,1.69873046875,3.2969727516174316
-90,6,34,2.009765625,5.517285346984863,-2.4212892055511475,42,-19,-1,-4.0673828125,2.1963868141174316,3.349609375
-100,18,107,1.990625023841858,3.603222608566284,-1.2537109851837158,21,-28,24,-3.5123047828674316,3.048144578933716,4.71337890625
-68,40,192,2.0624024868011475,-2.5409181118011475,0.3158203065395355,56,-42,28,-4.579394817352295,4.512402534484863,7.924219131469727
38,65,261,-2.784960985183716,-15.417774200439453,2.3495118618011475,75,-28,43,-9.87656307220459,8.484082221984863,9.75693416595459
64,64,292,-7.182519435882568,-19.88232421875,5.464648723602295,52,10,42,-13.331445693969727,9.407617568969727,9.474609375
19,17,329,-6.215918064117432,-15.33642578125,7.354785442352295,-18,54,81,-9.436327934265137,6.77099609375,5.991015911102295
-53,-46,351,-3.32568359375,-12.072949409484863,4.182226657867432,-153,87,130,-7.067676067352295,3.268261671066284,2.091113328933716
-119,-96,339,-3.37353515625,-11.278613090515137,3.5458009243011475,-316,84,145,-6.799706935882568,2.067187547683716,0.59814453125
-98,-132,276,-3.6319336891174316,-13.20703125,2.0624024868011475,-266,53,89,-8.187402725219727,1.4499024152755737,0.03349609300494194
-12,-123,208,-3.9860353469848633,-10.02011775970459,1.598242163658142,-182,51,36,-9.0439453125,3.13427734375,0.516796886920929
-40,-95,199,-6.139355659484863,-7.015038967132568,2.4834961891174316,-148,65,32,-8.862109184265137,3.94775390625,2.4117188453674316
-149,-90,199,-8.354883193969727,-7.024609565734863,3.0098633766174316,-157,82,39,-7.771093845367432,3.03857421875,3.9046876430511475
-183,-77,159,-7.948144912719727,-6.325976848602295,2.430859327316284,-97,56,35,-6.091504096984863,1.79443359375,5.412011623382568
-147,-52,91,-7.172949314117432,-5.785254001617432,2.8902344703674316,15,8,4,-4.990918159484863,1.2058594226837158,7.230370998382568
-72,-37,23,-7.713672161102295,-5.81396484375,3.85205078125,85,-49,29,-6.321191310882568,4.632031440734863,10.326367378234863
-35,-38,14,-10.3837890625,-6.278125286102295,5.268456935882568,135,-98,110,-12.757226943969727,11.139843940734863,14.54209041595459
-71,-58,45,-8.39794921875,-6.110644817352295,4.306640625,216,-116,253,-13.762109756469727,14.728711128234863,12.43662166595459
-94,-61,55,-6.809277534484863,-6.29248046875,3.718066453933716,197,-51,393,-12.56103515625,16.2216796875,8.326171875
-54,-58,30,-6.254199504852295,-6.86669921875,2.79931640625,120,-8,477,-10.04404354095459,11.513086318969727,5.426367282867432
-28,-58,10,-6.794921875,-5.723046779632568,2.359081983566284,150,14,463,-5.9814453125,5.301953315734863,3.0194337368011475
-63,-64,23,-7.598828315734863,-5.163183689117432,2.383007764816284,218,44,368,-2.6318359375,2.8184571266174316,0.5933594107627869
-113,-70,41,-7.58447265625,-4.933495998382568,2.1102540493011475,202,66,251,-0.6268554925918579,-0.27753907442092896,-0.21533203125
-129,-62,38,-5.8857421875,-4.368847846984863,1.344628930091858,185,85,118,0.3636718690395355,-2.5074219703674316,-1.07666015625
-101,-44,14,-4.005176067352295,-3.5601563453674316,0.9522461295127869,154,100,1,0.05742187798023224,-1.2776367664337158,-0.3158203065395355
-59,-26,2,-4.588964939117432,-3.311328172683716,1.727441430091858,69,82,-84,2.000195264816284,3.4261720180511475,2.4595704078674316
7,-11,36,-8.87168025970459,-5.522070407867432,4.033886909484863,17,22,-141,5.57470703125,15.537403106689453,3.8185548782348633
42,18,100,-11.86240291595459,-6.69921875,6.641797065734863,109,-38,-102,8.44580078125,26.892578125,5.67041015625
-14,42,106,-9.981836318969727,-5.325879096984863,7.216015815734863,101,-34,48,12.206933975219727,22.27490234375,2.2203125953674316
-6,52,54,-7.4169921875,-5.81396484375,5.278027534484863,-20,12,169,10.225878715515137,9.484179496765137,1.2058594226837158
36,45,25,-6.1728515625,-4.789941310882568,3.718066453933716,-73,38,197,6.9384765625,0.10527344048023224,0.19140625
17,22,29,-5.038769721984863,-4.110449314117432,3.531445264816284,-108,30,143,4.37841796875,-4.225293159484863,-0.894824206829071
-8,0,19,-4.096093654632568,-4.565039157867432,3.5888671875,-27,9,28,2.981152296066284,-5.665625095367432,-1.5216797590255737
-4,-18,-21,-3.196484327316284,-4.880859375,3.3974609375,72,3,-98,2.0863282680511475,-5.943164348602295,-1.5456055402755737
6,-28,-60,-3.5601563453674316,-6.120214939117432,3.7515625953674316,75,2,-203,2.3734376430511475,-1.26806640625,1.1962890625
55,-22,-73,-8.723340034484863,-9.120508193969727,4.876074314117432,-10,-32,-290,1.1149414777755737,4.536328315734863,3.909472703933716
43,5,-58,-12.383984565734863,-9.49853515625,4.990918159484863,-107,-25,-383,-6.019726753234863,11.804980278015137,1.8997070789337158
33,45,-82,-9.61337947845459,-8.283105850219727,5.105762004852295,-274,68,-362,-8.976953506469727,13.987011909484863,5.172753810882568
106,70,-133,-9.06308650970459,-7.244726657867432,3.2347657680511475,-262,129,-319,-10.728320121765137,10.723535537719727,6.991113185882568
130,56,-149,-8.551074028015137,-4.660742282867432,2.454785108566284,-200,137,-289,-11.804980278015137,8.10605525970459,10.26416015625
55,16,-113,-7.3212890625,-2.6031250953674316,1.4833984375,-15,96,-302,-11.991601943969727,7.641894817352295,8.402734756469727
4,2,-73,-6.19677734375,-3.8185548782348633,0.540722668170929,121,42,-294,-11.321680068969727,8.25439453125,7.550976753234863
35,23,-46,-6.081933498382568,-4.541113376617432,0.3349609375,140,25,-258,-10.83359432220459,7.421777725219727,5.770898342132568
49,49,-18,-5.876172065734863,-4.325781345367432,0.803906261920929,72,37,-209,-9.795214653015137,7.737597942352295,5.770898342132568
36,68,4,-5.211035251617432,-4.268359661102295,0.684277355670929,97,17,-154,-8.51279354095459,6.426465034484863,5.656054973602295
54,93,25,-5.158398628234863,-4.71337890625,1.024023413658142,120,-3,-73,-7.306933879852295,4.201367378234863,5.450293064117432
38,96,50,-5.636914253234863,-5.904882907867432,3.1773438453674316,131,-24,4,-7.972070693969727,2.65576171875,5.770898342132568
34,82,36,-6.708789348602295,-12.690234184265137,6.153710842132568,157,-41,35,-8.4697265625,3.1151368618011475,7.24951171875
83,57,-97,-7.397851943969727,-17.50410270690918,8.938672065734863,94,-56,40,-6.637012004852295,3.70849609375,6.780566692352295
41,-12,-263,-11.111132621765137,-19.82490348815918,9.981836318969727,18,-44,22,-6.43603515625,3.167773485183716,5.833105564117432
-3,-55,-386,-14.14013671875,-19.17890739440918,8.44580078125,10,-37,-18,-7.402637004852295,2.306445360183716,5.967090129852295
-42,-63,-455,-12.302637100219727,-15.61875057220459,4.837792873382568,68,-46,-54,-7.340429782867432,2.234668016433716,4.938281536102295
-60,-23,-465,-9.120508193969727,-8.0869140625,0.39716798067092896,85,-45,-66,-7.852441787719727,2.9859375953674316,3.7037110328674316
-108,23,-414,-5.995800971984863,-2.9859375953674316,-0.7464843988418579,81,-36,-62,-7.890722751617432,3.3017578125,3.478808641433716
-126,60,-315,-3.531445264816284,1.9284180402755737,-1.263281226158142,91,-26,-62,-7.311718940734863,2.981152296066284,3.5362305641174316
-192,78,-149,-1.435546875,6.62744140625,-1.3972656726837158,105,-18,-71,-6.263769626617432,3.1103515625,3.311328172683716
-227,73,37,-0.512011706829071,5.282812595367432,0.05263672024011612,84,-11,-71,-5.364160060882568,2.952441453933716,3.196484327316284
-138,66,172,0.607714831829071,0.4593750238418579,1.5408203601837158,72,-7,-73,-4.919140815734863,2.406933546066284,3.5362305641174316
-70,60,240,2.0384767055511475,-8.737695693969727,4.349707126617432,90,-7,-85,-6.761425971984863,2.454785108566284,4.488476753234863
19,49,194,1.41162109375,-25.81591796875,5.340234279632568,101,4,-122,-11.426953315734863,4.105664253234863,6.201562404632568
-24,-2,54,1.287207007408142,-29.1416015625,8.08212947845459,54,26,-148,-15.987207412719727,5.545996189117432,8.8525390625
-27,-24,-82,4.196582317352295,-22.629003524780273,5.93359375,46,27,-116,-11.91025447845459,5.010058879852295,7.852441787719727
34,-10,-175,5.04833984375,-10.292871475219727,3.885546922683716,2,41,-33,-7.34521484375,4.397558689117432,5.301953315734863
34,4,-178,5.158398628234863,-1.105371117591858,1.0192383527755737,-58,48,30,-5.378515720367432,3.828125,4.837792873382568
20,11,-134,4.325781345367432,3.7037110328674316,-0.16748046875,-69,32,51,-4.431054592132568,2.5648438930511475,4.440625190734863
-10,10,-63,3.61279296875,5.47900390625,-0.6412109732627869,-71,11,52,-4.675097942352295,1.9619140625,4.320996284484863
-50,5,20,3.32568359375,5.297168254852295,-0.50244140625,-56,-17,40,-5.656054973602295,1.8805664777755737,4.670312404632568
-74,10,111,2.8041017055511475,3.32568359375,0.16748046875,-17,-38,24,-5.52685546875,2.813671827316284,4.560254096984863
-20,20,215,-0.5933594107627869,-2.258593797683716,0.14833985269069672,-32,-42,52,-7.263867378234863,5.775683879852295,7.527050971984863
87,57,298,-7.53662109375,-10.7666015625,1.244140625,-25,-41,73,-10.02011775970459,5.785254001617432,7.426562786102295
161,89,306,-13.341015815734863,-18.7578125,4.014746189117432,31,-21,64,-14.130566596984863,7.163379192352295,8.11083984375
118,133,295,-13.532422065734863,-11.52744197845459,8.15390682220459,96,-8,76,-9.6181640625,5.507714748382568,5.531640529632568
-155,56,328,-12.00595760345459,-7.000683784484863,8.01035213470459,-38,38,123,-7.10595703125,4.033886909484863,2.41650390625
-194,-13,342,-11.1015625,-13.388867378234863,4.804296970367432,-143,51,130,-7.206445217132568,3.51708984375,1.435546875
-109,-35,268,-8.622851371765137,-11.833691596984863,4.598535060882568,-249,49,125,-8.809473037719727,2.2777345180511475,0.6747070550918579
-100,-48,201,-7.450488567352295,-8.048632621765137,4.411914348602295,-174,46,62,-8.63720703125,2.095898389816284,0.24882812798023224
-153,-68,164,-7.479199409484863,-7.120312690734863,3.076855421066284,-97,67,20,-7.684961318969727,3.6893556118011475,1.7848633527755737
-182,-84,129,-7.713672161102295,-6.828418254852295,1.607812523841858,-102,92,19,-7.216015815734863,3.789843797683716,3.048144578933716
-179,-86,82,-7.995996475219727,-5.928808689117432,1.2584961652755737,-106,86,33,-6.48388671875,3.646289110183716,6.455175876617432
-181,-77,33,-7.617969036102295,-4.847363471984863,2.1102540493011475,-36,37,42,-6.2685546875,4.464550971984863,8.335741996765137
-177,-62,-6,-7.359570503234863,-4.143945217132568,2.56005859375,108,-48,87,-7.952929973602295,9.85263729095459,11.83847713470459
-122,-37,-17,-9.02001953125,-5.498144626617432,3.7467775344848633,110,-87,204,-8.905176162719727,15.776660919189453,13.427148818969727
-53,-25,-13,-7.110742092132568,-4.90478515625,3.909472703933716,98,-107,343,-6.876269817352295,15.972851753234863,10.632616996765137
-53,-15,18,-6.6513671875,-4.80908203125,4.498046875,192,-74,430,-5.4072265625,13.29794979095459,6.828418254852295
-37,2,55,-6.670507907867432,-7.560546875,4.59375,227,-2,439,-3.7467775344848633,9.61337947845459,3.4453125
22,4,44,-5.76611328125,-7.05810546875,3.646289110183716,215,60,388,-2.12939453125,6.278125286102295,1.057519555091858
18,-17,25,-6.010156154632568,-5.330664157867432,3.981250047683716,178,88,285,-0.8565430045127869,1.670019507408142,-0.4115234315395355
-58,-71,38,-7.206445217132568,-3.8903322219848633,3.6080079078674316,173,102,153,0.16748046875,-0.15791015326976776,-1.646093726158142
-148,-119,61,-7.565332412719727,-3.7850587368011475,2.0767579078674316,135,105,27,1.105371117591858,-1.215429663658142,-1.1627930402755737
-174,-128,59,-6.560449123382568,-4.268359661102295,1.1484375,123,90,-87,1.583886742591858,0.6029297113418579,0.612500011920929
-122,-107,32,-4.684668064117432,-4.196582317352295,0.9522461295127869,43,58,-119,2.450000047683716,5.967090129852295,3.598437547683716
-41,-58,16,-6.177636623382568,-4.837792873382568,1.5695313215255737,29,9,-87,6.445605754852295,14.537304878234863,6.345117092132568
38,-1,52,-11.273828506469727,-6.412109375,3.622363328933716,45,-34,-14,10.30722713470459,22.734277725219727,5.09619140625
29,52,97,-11.761914253234863,-5.828320503234863,4.526757717132568,43,-48,73,11.24033260345459,18.662109375,3.3926758766174316
0,83,85,-9.76171875,-5.206250190734863,5.2158203125,21,-17,125,10.292871475219727,10.2880859375,2.0384767055511475
50,77,42,-7.72802734375,-4.727734565734863,3.789843797683716,-23,13,149,7.206445217132568,2.1341798305511475,1.000097632408142
26,50,31,-6.091504096984863,-3.215625047683716,3.42138671875,-40,17,113,5.388085842132568,-4.2109375,-0.703417956829071
-34,18,30,-4.813867092132568,-2.9476563930511475,3.789843797683716,-3,13,22,4.651172161102295,-5.804394721984863,-2.2059571743011475
-35,2,8,-4.608105659484863,-4.072167873382568,3.335253953933716,42,15,-86,3.9860353469848633,-5.641699314117432,-2.4404296875
3,-5,-27,-4.565039157867432,-4.40234375,4.033886909484863,70,29,-204,3.191699266433716,-2.622265577316284,0.21054688096046448
32,-12,-49,-7.350000381469727,-5.919238567352295,5.306738376617432,14,13,-294,0.4019531309604645,3.13427734375,2.8758790493011475
48,-12,-43,-10.83837890625,-6.847558498382568,5.914453029632568,-131,8,-376,-7.05810546875,7.517480850219727,5.349804878234863
14,-4,-37,-10.828808784484863,-6.689648628234863,5.880957126617432,-281,34,-454,-15.40341854095459,9.39804744720459,7.019824504852295
12,9,-75,-8.455370903015137,-5.995800971984863,3.9668946266174316,-410,149,-435,-20.332128524780273,8.450586318969727,9.66123104095459
75,16,-113,-8.44580078125,-5.297168254852295,3.340039014816284,-338,221,-321,-21.6767578125,2.473925828933716,11.752344131469727
73,-8,-111,-8.307031631469727,-3.2251954078674316,2.51220703125,-75,221,-215,-17.21699333190918,1.1580078601837158,8.091699600219727
-6,-29,-74,-7.541406631469727,-2.296875,1.1627930402755737,125,172,-213,-16.805469512939453,1.435546875,7.44091796875
-21,-10,-36,-6.593945503234863,-3.923828125,0.46416017413139343,240,88,-208,-13.87216854095459,7.024609565734863,7.10595703125
51,28,-13,-6.416894435882568,-4.842578411102295,0.5072265863418579,79,68,-177,-10.340723037719727,7.670605659484863,6.072363376617432
99,65,-4,-6.431250095367432,-4.789941310882568,0.8421875238418579,47,64,-142,-8.15390682220459,5.043554782867432,5.345019817352295
102,87,0,-6.392968654632568,-4.316211223602295,1.3781250715255737,242,22,-129,-6.986328125,5.206250190734863,4.8330078125
96,100,5,-6.584374904632568,-4.837792873382568,1.98583984375,257,11,-43,-6.57958984375,4.311425685882568,3.9286134243011475
84,102,11,-6.503027439117432,-5.201465129852295,3.555371046066284,198,15,56,-7.369140625,2.210742235183716,5.301953315734863
44,82,9,-7.751953125,-9.488965034484863,6.412109375,217,1,92,-9.59423828125,3.349609375,9.1396484375
66,54,-96,-7.646679878234863,-15.963281631469727,7.531836032867432,102,-19,121,-7.96728515625,3.574511766433716,10.077539443969727
59,8,-268,-10.627832412719727,-19.073633193969727,8.048632621765137,-12,-16,130,-7.383496284484863,2.0384767055511475,7.780664443969727
-10,-29,-392,-13.652050971984863,-19.37031364440918,6.948047161102295,2,-13,88,-7.287793159484863,0.732128918170929,6.761425971984863
-39,-21,-468,-13.910449028015137,-17.86298942565918,3.1151368618011475,48,-16,17,-6.440820217132568,1.4738281965255737,6.05322265625
-45,10,-493,-11.22119140625,-10.996289253234863,0.2392578125,26,-21,-37,-6.603515625,2.10546875,4.933495998382568
-96,46,-441,-6.306836128234863,-4.268359661102295,-1.8757812976837158,25,-24,-76,-7.335644721984863,2.0145509243011475,4.254004001617432
-127,82,-335,-3.363964796066284,0.10048828274011612,-2.306445360183716,85,-19,-103,-7.838086128234863,2.0528321266174316,4.072167873382568
-159,99,-191,-2.043261766433716,3.459667921066284,-1.9092774391174316,125,-13,-111,-6.986328125,3.095996141433716,4.230078220367432
-186,98,-25,-2.0576171875,5.206250190734863,-0.50244140625,89,-4,-99,-5.608203411102295,3.2586915493011475,4.148730754852295
-168,80,134,-0.9905273914337158,2.1724610328674316,1.406835913658142,61,-8,-82,-4.80908203125,2.1963868141174316,3.861621141433716
-41,59,224,1.4499024152755737,-7.187304973602295,3.8568360805511475,84,-12,-85,-7.498340129852295,1.693945288658142,3.8807618618011475
0,33,218,1.272851586341858,-24.385156631469727,5.115332126617432,128,-3,-131,-12.929491996765137,3.8664064407348633,5.569921970367432
-26,-10,72,2.167675733566284,-29.749317169189453,8.144335746765137,65,9,-134,-14.54209041595459,4.938281536102295,7.2734375
-33,-26,-58,5.043554782867432,-22.605077743530273,6.407324314117432,2,22,-76,-11.044140815734863,3.694140672683716,5.847461223602295
10,-9,-143,6.608300685882568,-11.206835746765137,4.292285442352295,-16,22,-11,-8.8525390625,2.9380860328674316,4.914355754852295
19,13,-165,5.555566310882568,-2.87109375,1.626953125,-22,9,20,-6.876269817352295,2.239453077316284,4.1630859375
19,26,-139,3.5123047828674316,3.095996141433716,-0.4976562559604645,-20,0,26,-5.373730659484863,1.6748046875,3.627148389816284
-14,30,-56,2.186816453933716,6.574804782867432,-0.9139648675918579,19,-7,19,-4.493261814117432,1.9092774391174316,3.5601563453674316
-80,28,61,0.69384765625,7.326074123382568,-1.765722632408142,17,-6,18,-3.957324266433716,2.215527296066284,3.7467775344848633
-98,25,203,-2.7275390625,3.430957078933716,-1.74658203125,2,2,19,-5.2158203125,3.1869142055511475,5.459863185882568
5,4,329,-9.345410346984863,-7.818945407867432,-2.832812547683716,-15,0,8,-9.2353515625,5.014843940734863,7.661035537719727
147,36,397,-15.613965034484863,-15.556543350219727,1.1867188215255737,-12,3,16,-12.805078506469727,5.110547065734863,7.388281345367432
133,94,456,-19.743555068969727,-12.8720703125,4.627246379852295,17,3,41,-12.75244140625,4.541113376617432,7.2734375
-69,126,-499,-24.399511337280273,-9.39804744720459,8.886034965515137,-64,23,105,-8.05820369720459,3.32568359375,4.09130859375
-162,86,410,-19.13105583190918,-10.733105659484863,8.048632621765137,-155,38,132,-7.565332412719727,2.024121046066284,2.87109375
-70,54,254,-12.65195369720459,-9.25449275970459,6.5556640625,-186,25,115,-6.861914157867432,0.971386730670929,1.990625023841858
-6,29,139,-10.221094131469727,-6.24462890625,4.574609279632568,-160,20,62,-8.665918350219727,1.296777367591858,0.8421875238418579
-133,-27,129,-8.63242244720459,-3.89990234375,3.220410108566284,-137,36,26,-9.316699028015137,2.51220703125,1.69873046875
-253,-67,115,-7.062890529632568,-5.464648723602295,1.1962890625,-141,52,22,-8.39316463470459,2.6031250953674316,2.8663086891174316
-235,-60,51,-6.110644817352295,-6.407324314117432,-0.009570312686264515,-116,54,27,-6.924121379852295,2.8998048305511475,3.6175782680511475
-205,-34,-8,-7.388281345367432,-4.919140815734863,0.287109375,-81,37,19,-6.526953220367432,2.32080078125,4.78515625
-227,-14,-40,-8.909960746765137,-3.579296827316284,1.55517578125,-11,7,3,-7.39306640625,3.215625047683716,5.770898342132568
-220,11,-48,-8.517578125,-4.2587890625,3.383105516433716,62,-42,28,-7.900293350219727,6.235058784484863,8.283105850219727
-89,28,-45,-8.54150390625,-4.866504192352295,6.345117092132568,138,-67,117,-8.699414253234863,11.967676162719727,10.11582088470459
-21,-34,-3,-7.574902534484863,5.2158203125,15.23593807220459,74,-75,276,-10.23544979095459,15.47998046875,11.31210994720459
-197,-81,63,-8.44580078125,-2.4834961891174316,6.766211032867432,152,-73,403,-10.039258003234863,18.70039176940918,9.40283203125
-135,-56,85,-10.350293159484863,-5.770898342132568,4.249218940734863,142,3,482,-8.708984375,13.408007621765137,5.95751953125
7,-32,97,-10.13974666595459,-6.967187404632568,0.708203136920929,242,81,438,-4.454980373382568,7.024609565734863,2.1533203125
27,-22,106,-9.699511528015137,-4.852148532867432,1.3733398914337158,205,139,363,-2.043261766433716,4.072167873382568,0.08134765923023224
-85,-40,104,-8.723340034484863,-3.66064453125,1.248925805091858,139,143,281,-1.153222680091858,0.478515625,-1.201074242591858
-145,-46,86,-7.283008098602295,-4.143945217132568,-0.35888671875,143,124,148,-0.19140625,-1.5647461414337158,-1.7130860090255737
-89,-32,63,-5.488574504852295,-3.9908204078674316,-0.08134765923023224,128,95,12,0.01914062537252903,0.02871093899011612,-0.7177734375
-36,-13,47,-4.66552734375,-2.7275390625,-0.7129883170127869,51,46,-66,0.30146485567092896,6.10107421875,1.9619140625
-9,32,63,-8.06298828125,-2.670117139816284,0.8804687857627869,28,-29,-77,3.6558594703674316,17.063867568969727,5.641699314117432
14,85,78,-13.293164253234863,-3.7850587368011475,5.641699314117432,75,-70,-7,10.134961128234863,22.84912109375,5.919238567352295
27,94,42,-14.934473037719727,-2.94287109375,7.254296779632568,32,-48,76,14.417675971984863,17.245702743530273,2.234668016433716
39,74,-15,-11.321680068969727,-1.9044922590255737,6.986328125,-18,-10,109,12.32177734375,5.62255859375,0.42109376192092896
27,18,-40,-7.938574314117432,0.21533203125,6.158496379852295,-74,24,119,8.36923885345459,-0.7129883170127869,-0.765625
-35,-49,-25,-5.316308498382568,1.071874976158142,3.7467775344848633,-73,14,71,4.28271484375,-4.196582317352295,-2.550488233566284
-82,-82,-19,-3.3543946743011475,0.1435546875,2.115039110183716,8,12,-16,2.234668016433716,-5.541211128234863,-2.4452149868011475
-50,-77,-35,-3.4022462368011475,-2.0528321266174316,2.32080078125,104,1,-125,2.0863282680511475,-3.80419921875,-1.622167944908142
24,-65,-61,-6.8427734375,-4.416699409484863,3.8233399391174316,40,-14,-243,1.1867188215255737,-0.06699218600988388,0.875683605670929
66,-41,-73,-10.28330135345459,-5.699120998382568,5.163183689117432,-89,-20,-373,-4.727734565734863,5.0244140625,3.2969727516174316
62,-7,-67,-13.197461128234863,-7.110742092132568,7.062890529632568,-296,50,-423,-14.240625381469727,13.77646541595459,6.646582126617432
47,13,-96,-11.1494140625,-6.38818359375,5.507714748382568,-325,179,-411,-20.676660537719727,9.63730525970459,10.2880859375
43,33,-145,-7.101171970367432,-3.8711915016174316,2.6605470180511475,-268,210,-332,-17.819921493530273,10.560839653015137,11.74277400970459
57,50,-145,-5.373730659484863,-3.000293016433716,1.751367211341858,-117,181,-245,-14.4990234375,6.823632717132568,8.72812557220459
68,59,-104,-5.0244140625,-3.5697267055511475,1.248925805091858,10,151,-223,-13.436718940734863,5.397656440734863,8.713769912719727
109,72,-60,-5.914453029632568,-5.019629001617432,0.3301757872104645,220,92,-241,-12.929491996765137,4.938281536102295,7.546191692352295
151,89,-39,-6.971972942352295,-5.713476657867432,1.071874976158142,254,51,-237,-10.90537166595459,7.661035537719727,5.005273342132568
130,82,-33,-7.560546875,-5.077050685882568,2.048046827316284,191,17,-167,-9.27841854095459,7.952929973602295,5.416797161102295
73,75,-30,-7.388281345367432,-5.062695503234863,2.3016602993011475,182,-16,-121,-8.35009765625,5.943164348602295,5.148828029632568
57,79,-35,-6.751855373382568,-5.359375,2.5409181118011475,267,-45,-71,-7.976855754852295,3.8664064407348633,5.019629001617432
87,90,-43,-6.6513671875,-5.16796875,2.761035203933716,305,-51,-28,-6.952832221984863,2.87109375,4.435840129852295
101,83,-32,-6.8427734375,-4.943066596984863,4.397558689117432,250,-30,18,-5.809179782867432,4.196582317352295,4.789941310882568
66,44,-29,-7.976855754852295,-9.388476371765137,7.852441787719727,109,-4,48,-6.48388671875,5.517285346984863,6.943261623382568
94,-1,-131,-8.503222465515137,-13.766894340515137,8.330957412719727,-20,4,59,-5.029199123382568,3.7132813930511475,6.120214939117432
101,-52,-242,-12.80029296875,-15.776660919189453,7.259082317352295,-34,13,25,-7.172949314117432,2.478710889816284,6.086719036102295
-16,-92,-327,-14.412890434265137,-14.99668025970459,5.95751953125,-38,17,-8,-7.905078411102295,2.5887696743011475,6.115429878234863
-62,-70,-395,-13.187891006469727,-14.752636909484863,3.383105516433716,-14,10,-39,-8.20175838470459,2.27294921875,5.617773532867432
-78,-32,-438,-10.76181697845459,-9.78085994720459,1.406835913658142,47,0,-69,-7.995996475219727,2.765820264816284,4.598535060882568
-82,0,-408,-7.163379192352295,-3.005078077316284,0.3158203065395355,94,-3,-75,-7.637109756469727,3.1773438453674316,4.096093654632568
-86,24,-321,-4.053027629852295,2.115039110183716,0.3158203065395355,93,4,-68,-7.177734375,3.244335889816284,4.23486328125
-158,41,-152,-1.17236328125,7.431347846984863,-0.22490234673023224,71,10,-67,-6.10107421875,3.03857421875,4.191796779632568
-177,63,37,0.2583984434604645,5.04833984375,0.93310546875,89,4,-78,-5.373730659484863,2.46435546875,4.048242092132568
-86,72,179,2.287304639816284,0.02871093899011612,3.4261720180511475,98,-5,-76,-6.177636623382568,2.10546875,4.531543254852295
4,59,253,1.7370117902755737,-15.130664825439453,4.531543254852295,89,0,-85,-10.0966796875,3.167773485183716,5.464648723602295
11,22,125,-1.287207007408142,-33.57265853881836,8.785547256469727,46,6,-79,-13.551562309265137,4.670312404632568,7.364355564117432
-9,-37,-40,2.1341798305511475,-23.968847274780273,6.62744140625,-12,12,-16,-11.254687309265137,3.8233399391174316,6.115429878234863
23,-40,-136,3.387890577316284,-12.972558975219727,4.263574123382568,-63,17,52,-8.900390625,2.7227540016174316,4.632031440734863
37,-25,-161,4.636816501617432,-3.3304688930511475,0.607714831829071,-44,8,69,-7.493555068969727,1.311132788658142,2.9859375953674316
24,-2,-133,3.99560546875,3.37353515625,-1.2106446027755737,-24,-2,50,-6.727929592132568,1.0431641340255737,2.952441453933716
-28,9,-46,3.383105516433716,6.19677734375,-1.693945288658142,-21,-8,27,-5.612988471984863,1.1388672590255737,2.550488233566284
-59,15,49,2.119824171066284,6.153710842132568,-1.536035180091858,10,-12,14,-3.9286134243011475,0.6986328363418579,2.79931640625
-54,37,147,0.49287110567092896,3.6558594703674316,-1.93798828125,26,-8,-2,-3.5362305641174316,1.0383789539337158,3.6654298305511475
22,54,302,-6.632226467132568,-4.483691692352295,-1.6125977039337158,32,5,-50,-8.56064510345459,3.6893556118011475,6.828418254852295
245,152,400,-17.64765739440918,-12.905566215515137,0.8182617425918579,-21,23,-53,-13.96787166595459,5.421582221984863,8.498437881469727
170,275,478,-31.88349723815918,-8.326171875,9.536816596984863,-2,10,-17,-14.97275447845459,5.435937404632568,8.79990291595459
-125,238,458,-31.41455078125,-8.790331840515137,9.823925971984863,-108,17,72,-9.651659965515137,3.7802734375,4.8330078125
-138,163,341,-20.748437881469727,-8.713769912719727,8.36923885345459,-145,26,136,-7.594043254852295,1.248925805091858,2.526562452316284
-56,105,232,-14.8818359375,-7.378711223602295,6.684863567352295,-170,24,131,-7.086816310882568,2.641406297683716,2.689257860183716
-90,41,194,-11.015429496765137,-5.541211128234863,4.306640625,-170,2,105,-7.10595703125,2.7323243618011475,2.234668016433716
-149,-13,177,-9.034375190734863,-5.273242473602295,3.828125,-143,4,71,-7.82373046875,1.84228515625,1.3781250715255737
-168,-43,133,-6.258984565734863,-6.464745998382568,1.2058594226837158,-103,19,31,-7.541406631469727,2.784960985183716,2.378222703933716
-172,-39,67,-5.258886814117432,-5.608203411102295,-0.5311523675918579,-60,21,10,-7.24951171875,3.119921922683716,3.316113233566284
-196,-19,2,-5.775683879852295,-4.565039157867432,-0.04306640848517418,-13,17,-4,-6.957617282867432,3.2586915493011475,4.411914348602295
-254,-8,-40,-7.876367568969727,-3.909472703933716,1.478613257408142,16,4,3,-7.254296779632568,3.459667921066284,5.450293064117432
-296,14,-75,-9.13486385345459,-4.469336032867432,3.8472657203674316,83,-22,9,-7.670605659484863,5.04833984375,6.995898723602295
-191,45,-133,-9.024805068969727,-7.244726657867432,9.364550590515137,162,-48,59,-7.062890529632568,8.44101619720459,7.44091796875
-42,20,-154,-10.005762100219727,-3.215625047683716,12.65195369720459,74,-40,169,-8.75205135345459,13.876953125,7.809375286102295
-50,-26,-105,-6.881054878234863,0.04306640848517418,10.938867568969727,32,-41,276,-8.953027725219727,14.71435546875,8.335741996765137
-89,-52,-51,-6.369042873382568,-1.4211914539337158,7.732812881469727,33,-35,370,-7.340429782867432,14.915332794189453,7.436132907867432
-69,-55,20,-7.216015815734863,-4.129590034484863,5.483788967132568,100,-11,392,-5.115332126617432,11.139843940734863,6.014941692352295
-28,-63,77,-7.684961318969727,-5.818749904632568,3.4405274391174316,206,45,351,-2.258593797683716,5.584277629852295,2.5648438930511475
-28,-72,91,-7.814160346984863,-5.608203411102295,1.7083008289337158,232,113,278,-0.46894532442092896,3.646289110183716,-0.05742187798023224
-61,-79,99,-8.20654296875,-5.297168254852295,1.3972656726837158,139,147,217,0.8804687857627869,2.473925828933716,-0.827832043170929
-119,-89,116,-8.0390625,-5.340234279632568,0.2583984434604645,90,133,150,2.3399415016174316,0.27275392413139343,-0.899609386920929
-114,-75,124,-6.909765720367432,-5.5986328125,-0.01435546949505806,148,102,48,2.861523389816284,0.4833008050918579,-1.248925805091858
-80,-54,122,-5.67041015625,-4.80908203125,0.39238283038139343,166,89,-40,2.17724609375,2.071972608566284,-0.3828125
-57,-23,109,-6.072363376617432,-4.483691692352295,0.8326172232627869,112,79,-84,2.976367235183716,7.986425876617432,2.330371141433716
-14,33,112,-9.766504287719727,-5.23974609375,3.005078077316284,1,41,-90,3.6845703125,20.379980087280273,3.75634765625
22,86,129,-13.17832088470459,-5.278027534484863,5.895312786102295,22,-9,-13,4.072167873382568,26.854297637939453,6.957617282867432
28,109,104,-11.484375,-4.981347560882568,6.43603515625,53,-35,82,7.330859661102295,18.001758575439453,4.923925876617432
67,95,36,-7.842871189117432,-3.483593702316284,4.837792873382568,-6,-12,146,7.316504001617432,7.885937690734863,2.4117188453674316
40,65,8,-5.876172065734863,-2.091113328933716,4.172656536102295,-28,2,152,6.53173828125,0.9857422113418579,0.13398437201976776
0,21,1,-5.47900390625,-2.296875,4.459765911102295,-51,1,118,5.837890625,-1.430761694908142,-1.287207007408142
-9,-28,-10,-6.617871284484863,-2.7083985805511475,4.230078220367432,-33,-6,57,5.488574504852295,-3.7946290969848633,-1.9523438215255737
-48,-84,-20,-8.0869140625,-2.2777345180511475,3.627148389816284,66,-3,-35,5.474218845367432,-5.182324409484863,-2.210742235183716
-119,-122,-42,-7.479199409484863,-2.32080078125,2.6031250953674316,116,11,-133,4.40234375,-3.9716796875,-0.88525390625
-115,-104,-88,-7.019824504852295,-4.847363471984863,3.363964796066284,28,8,-235,2.7706055641174316,0.1435546875,2.808886766433716
8,-45,-108,-10.69482421875,-7.287793159484863,5.139257907867432,-109,2,-373,-4.880859375,3.0433595180511475,3.8424806594848633
68,9,-76,-12.044238090515137,-6.67529296875,6.125,-305,55,-483,-18.375,13.101758003234863,7.699316501617432
54,36,-91,-8.49365234375,-5.761328220367432,5.043554782867432,-423,178,-436,-21.614551544189453,8.8046875,10.484277725219727
96,43,-141,-7.24951171875,-4.000390529632568,2.8423829078674316,-352,208,-276,-17.86298942565918,4.95263671875,11.776269912719727
89,21,-136,-7.747168064117432,-2.99072265625,2.392578125,-152,197,-116,-13.451074600219727,4.320996284484863,9.40283203125
44,0,-87,-7.268652439117432,-3.0577149391174316,1.5647461414337158,80,128,-90,-13.293164253234863,1.3733398914337158,9.30712890625
20,16,-31,-5.866601467132568,-3.6175782680511475,0.823046863079071,242,63,-150,-10.623046875,5.340234279632568,7.598828315734863
50,57,1,-5.426367282867432,-5.081836223602295,1.095800757408142,173,41,-145,-7.436132907867432,6.96240234375,6.19677734375
113,91,-2,-6.297265529632568,-5.584277629852295,1.8327149152755737,91,32,-118,-7.326074123382568,5.091406345367432,6.201562404632568
121,110,-6,-6.890625,-4.933495998382568,2.162890672683716,212,-12,-126,-9.192285537719727,2.4930665493011475,6.474316596984863
90,117,-4,-6.235058784484863,-4.454980373382568,3.4883790016174316,345,-51,-103,-8.723340034484863,2.0289063453674316,5.244531154632568
77,113,-4,-5.818749904632568,-4.880859375,4.799511909484863,279,-47,-18,-7.63232421875,3.7754883766174316,5.823535442352295
93,74,-13,-7.68017578125,-8.65634822845459,7.96728515625,231,-38,44,-8.048632621765137,5.450293064117432,6.713574409484863
73,5,-95,-8.268750190734863,-11.953320503234863,9.37412166595459,53,-33,93,-6.498242378234863,3.9381837844848633,6.708789348602295
22,-57,-233,-10.50341796875,-18.858301162719727,7.761523723602295,-31,-40,83,-5.919238567352295,1.3015625476837158,6.029296875
0,-86,-355,-12.503613471984863,-16.709766387939453,6.325976848602295,38,-51,11,-5.43115234375,1.918847680091858,5.005273342132568
-64,-80,-413,-12.948633193969727,-16.408300399780273,4.694238185882568,30,-47,-34,-5.971875190734863,4.603320598602295,5.019629001617432
-109,-39,-442,-11.513086318969727,-12.99169921875,2.239453077316284,-26,-31,-48,-6.852344036102295,4.76123046875,5.005273342132568
-127,19,-413,-7.072461128234863,-5.919238567352295,-0.01435546949505806,-11,-16,-62,-7.263867378234863,3.196484327316284,4.890429973602295
-123,71,-329,-3.3926758766174316,-1.4451172351837158,-0.4258789122104645,113,-22,-93,-7.005468845367432,2.976367235183716,4.445410251617432
-138,96,-205,-1.1962890625,3.143847703933716,-0.13398437201976776,182,-24,-118,-6.220703125,3.8424806594848633,3.9046876430511475
-172,102,-57,-0.30146485567092896,4.4501953125,0.588574230670929,136,-12,-110,-4.799511909484863,4.000390529632568,3.651074171066284
-147,100,65,0.48808595538139343,1.8997070789337158,1.31591796875,82,-3,-93,-3.66064453125,3.119921922683716,3.119921922683716
-45,88,140,2.4356446266174316,-4.627246379852295,3.430957078933716,118,2,-112,-6.3642578125,3.7228517532348633,4.086523532867432
4,57,165,3.25390625,-17.293554306030273,5.483788967132568,29,8,-118,-11.40781307220459,5.325879096984863,6.349902629852295
-20,19,74,3.555371046066284,-27.533788681030273,8.402734756469727,-41,27,-110,-14.408105850219727,5.153613567352295,6.704003810882568
-9,1,-46,5.010058879852295,-21.57148551940918,7.53662109375,-8,26,-71,-12.22128963470459,4.78515625,6.775781154632568
23,10,-115,5.617773532867432,-10.637402534484863,4.732519626617432,-16,17,9,-9.699511528015137,4.182226657867432,4.7373046875
9,30,-120,5.55078125,-2.5887696743011475,2.27294921875,-56,8,71,-7.326074123382568,2.8232421875,3.813769578933716
1,32,-86,4.469336032867432,2.7945313453674316,1.5886719226837158,-16,-4,69,-5.522070407867432,1.8279297351837158,3.6893556118011475
-27,15,-15,3.75634765625,4.727734565734863,1.5695313215255737,36,-8,45,-4.646386623382568,2.0145509243011475,3.80419921875
-48,-1,55,3.08642578125,3.9381837844848633,1.4020508527755737,40,-7,15,-4.780371189117432,2.2442383766174316,4.268359661102295
-53,13,129,1.0383789539337158,3.029003858566284,-0.23447266221046448,24,-12,4,-4.622460842132568,2.03369140625,4.502831935882568
-26,37,246,-5.976660251617432,-1.6891602277755737,-1.26806640625,58,-23,1,-7.287793159484863,3.7276368141174316,6.254199504852295
89,76,339,-15.18808650970459,-13.89609432220459,-1.1101562976837158,49,-30,0,-11.187695503234863,6.043652534484863,7.565332412719727
239,133,294,-18.06396484375,-21.370508193969727,5.053124904632568,-22,-14,24,-12.60888671875,6.254199504852295,7.268652439117432
-116,82,300,-17.030370712280273,-14.298047065734863,12.072949409484863,-28,2,53,-10.14453125,5.612988471984863,5.517285346984863
-214,-5,269,-8.412304878234863,-16.518360137939453,6.732715129852295,-65,28,83,-6.287695407867432,3.435742139816284,2.569628953933716
-96,-7,202,-3.828125,-11.584863662719727,4.679883003234863,-147,55,73,-6.694433689117432,3.6080079078674316,2.7083985805511475
-97,-33,165,-2.3495118618011475,-8.307031631469727,5.196679592132568,-201,58,49,-7.555761814117432,3.8089845180511475,2.22509765625
-126,-60,147,-2.1820313930511475,-6.6513671875,3.646289110183716,-227,54,41,-8.149121284484863,2.03369140625,1.6748046875
-132,-79,144,-3.2491211891174316,-6.354687690734863,2.583984375,-116,46,12,-7.077246189117432,2.067187547683716,2.502636671066284
-154,-96,145,-5.636914253234863,-5.81396484375,1.5456055402755737,-57,46,13,-6.359472751617432,3.22998046875,3.8185548782348633
-208,-90,138,-7.708887100219727,-5.402441501617432,2.08154296875,-73,52,14,-6.258984565734863,3.646289110183716,5.421582221984863
-229,-65,108,-9.441113471984863,-5.871387004852295,3.6175782680511475,-110,38,18,-7.110742092132568,3.8807618618011475,7.445703506469727
-157,-18,41,-9.292773246765137,-6.885839939117432,6.732715129852295,10,-21,6,-7.65625,3.813769578933716,8.000781059265137
-1,-11,-58,-8.598925590515137,-4.813867092132568,9.61337947845459,94,-77,68,-7.84765625,6.431250095367432,9.938769340515137
45,-45,-87,-8.340527534484863,-2.2490234375,9.4267578125,78,-115,178,-9.584668159484863,11.757128715515137,10.64218807220459
-8,-80,-32,-8.024706840515137,-2.75146484375,8.316601753234863,59,-137,269,-10.57041072845459,13.695116996765137,11.3408203125
-62,-99,4,-5.713476657867432,-4.818652629852295,4.823437690734863,171,-132,322,-7.311718940734863,12.12558650970459,7.641894817352295
-14,-86,-9,-4.56982421875,-7.383496284484863,3.646289110183716,188,-59,367,-4.679883003234863,10.7666015625,4.966992378234863
20,-83,-22,-4.684668064117432,-6.225488185882568,3.6415040493011475,195,14,366,-2.1006836891174316,6.8427734375,2.119824171066284
-21,-95,-9,-5.871387004852295,-6.239843845367432,3.4883790016174316,217,75,322,-0.22968751192092896,4.411914348602295,0.607714831829071
-51,-102,9,-7.235156536102295,-6.00537109375,3.2730469703674316,183,107,259,1.5647461414337158,2.3160157203674316,-1.0192383527755737
-103,-95,42,-6.847558498382568,-4.28271484375,2.545703172683716,202,107,169,2.583984375,0.32539063692092896,-2.115039110183716
-132,-72,81,-5.340234279632568,-3.6654298305511475,1.89013671875,219,118,61,2.263378858566284,-0.48808595538139343,-1.847070336341858
-84,-40,111,-3.9286134243011475,-3.5697267055511475,1.583886742591858,206,114,-35,1.751367211341858,1.8614258766174316,0.679492175579071
-16,-8,126,-4.28271484375,-3.9429688453674316,1.8614258766174316,88,74,-57,2.670117139816284,7.981640815734863,3.80419921875
50,34,155,-8.311816215515137,-6.0771484375,3.7037110328674316,59,-1,-64,6.134570598602295,17.71943473815918,4.861718654632568
46,101,209,-12.211718559265137,-5.187109470367432,5.330664157867432,41,-59,-15,7.364355564117432,25.102930068969727,5.450293064117432
-26,137,226,-13.9248046875,-5.81396484375,7.4169921875,13,-77,74,9.656445503234863,18.8056640625,3.885546922683716
69,132,144,-10.95322322845459,-6.48388671875,6.359472751617432,-33,-40,140,9.508105278015137,8.838183403015137,0.8182617425918579
122,91,55,-7.684961318969727,-3.048144578933716,4.804296970367432,-82,8,158,7.570117473602295,-0.4019531309604645,-1.2776367664337158
16,38,40,-6.689648628234863,-1.0192383527755737,4.646386623382568,-127,20,107,6.431250095367432,-5.833105564117432,-3.287402391433716
-51,-6,34,-5.880957126617432,-2.9955079555511475,5.67041015625,-67,4,7,6.067578315734863,-5.416797161102295,-3.502734422683716
4,-39,-13,-5.541211128234863,-4.009961128234863,5.665625095367432,59,-8,-86,5.134472846984863,-4.397558689117432,-3.435742139816284
28,-94,-64,-6.426465034484863,-2.3638672828674316,5.656054973602295,129,8,-160,3.3017578125,-2.3447265625,-2.019335985183716
-25,-150,-95,-8.24960994720459,-2.808886766433716,6.306836128234863,57,18,-205,2.03369140625,4.966992378234863,1.7848633527755737
-35,-163,-126,-12.43662166595459,-5.675195217132568,7.522265911102295,-54,-3,-238,-0.3828125,13.32187557220459,4.100879192352295
-5,-98,-138,-10.613476753234863,-6.397754192352295,6.77099609375,-67,-35,-272,-4.105664253234863,18.647754669189453,3.6175782680511475
35,-24,-168,-7.63232421875,-6.019726753234863,6.010156154632568,-104,-45,-288,-4.636816501617432,14.910547256469727,3.3687500953674316
60,0,-187,-6.809277534484863,-4.029101848602295,2.7945313453674316,-57,-50,-290,-3.5123047828674316,10.52255916595459,1.239355444908142
23,9,-145,-6.158496379852295,-3.37353515625,1.057519555091858,-138,-20,-286,-2.8902344703674316,8.49365234375,2.4404296875
-13,27,-91,-5.163183689117432,-3.574511766433716,0.69384765625,-187,22,-274,-6.766211032867432,9.508105278015137,4.560254096984863
3,54,-51,-5.627343654632568,-4.392773628234863,0.21054688096046448,-134,57,-283,-10.441210746765137,5.775683879852295,6.5078125
25,85,-24,-6.565234661102295,-4.488476753234863,0.4306640625,46,20,-299,-13.20224666595459,4.387988567352295,8.68505859375
28,103,0,-8.139551162719727,-3.9908204078674316,2.201171875,98,-12,-241,-11.43173885345459,10.302441596984863,5.493359565734863
8,111,24,-8.34531307220459,-3.885546922683716,2.6270508766174316,-23,-10,-118,-10.35507869720459,7.957715034484863,6.737500190734863
-9,124,34,-5.579492092132568,-4.33056640625,4.900000095367432,-76,-22,-26,-8.708984375,2.808886766433716,5.608203411102295
8,110,13,-4.766015529632568,-10.66611385345459,7.359570503234863,76,-68,-15,-7.29736328125,1.225000023841858,5.995800971984863
114,76,-92,-7.780664443969727,-16.95380973815918,7.211230754852295,216,-111,-37,-7.579687595367432,2.1102540493011475,5.833105564117432
33,16,-224,-10.21152400970459,-16.64277458190918,7.914648532867432,160,-110,-30,-5.641699314117432,4.502831935882568,4.387988567352295
-4,-14,-335,-13.288378715515137,-18.202733993530273,6.637012004852295,67,-84,-26,-6.024511814117432,4.316211223602295,4.431054592132568
-58,-15,-393,-12.53232479095459,-16.704980850219727,4.675097942352295,146,-77,-66,-6.871484279632568,3.8424806594848633,4.440625190734863
-91,24,-409,-9.06308650970459,-12.948633193969727,2.10546875,115,-51,-61,-7.278222560882568,4.61767578125,4.062597751617432
-80,73,-400,-6.000586032867432,-7.952929973602295,0.478515625,58,-22,-43,-6.871484279632568,4.306640625,3.550585985183716
-89,92,-348,-3.1103515625,-2.6988282203674316,-0.4498046934604645,59,-1,-30,-5.746972560882568,3.7707033157348633,3.3065431118011475
-117,89,-265,-1.8662109375,1.0623047351837158,-0.36845704913139343,18,19,-20,-5.345019817352295,3.5840821266174316,3.94775390625
-161,86,-148,-1.12451171875,3.4644532203674316,0.05263672024011612,37,18,-38,-4.2109375,2.7323243618011475,3.9142580032348633
-150,78,-12,0.69384765625,3.191699266433716,2.0528321266174316,63,18,-52,-3.574511766433716,2.0289063453674316,4.215722560882568
-43,54,130,2.6749024391174316,-1.9619140625,3.923828125,63,24,-86,-7.742383003234863,2.75146484375,5.55078125
18,34,213,4.014746189117432,-13.94394588470459,6.225488185882568,33,29,-146,-13.699902534484863,4.512402534484863,7.747168064117432
2,15,156,5.00048828125,-26.509765625,8.909960746765137,54,19,-165,-14.580370903015137,4.292285442352295,7.933789253234863
-7,-4,26,8.503222465515137,-19.207616806030273,8.41709041595459,88,16,-108,-10.16367244720459,4.4501953125,6.010156154632568
28,10,-48,8.546289443969727,-8.82382869720459,4.766015529632568,17,15,-32,-7.814160346984863,5.584277629852295,4.923925876617432
24,23,-66,6.718359470367432,-1.823144555091858,1.0048828125,-66,19,26,-6.5556640625,3.349609375,3.478808641433716
-6,23,-47,5.201465129852295,2.191601514816284,-1.119726538658142,-31,14,27,-5.522070407867432,2.000195264816284,3.6845703125
-39,11,-16,4.0673828125,3.287402391433716,-0.9857422113418579,35,4,18,-4.837792873382568,2.741894483566284,3.8568360805511475
-57,7,25,3.37353515625,3.1103515625,-0.2679687440395355,8,-1,28,-4.71337890625,3.0194337368011475,3.7994141578674316
-54,27,92,1.3781250715255737,-0.631640613079071,0.19619141519069672,-38,-5,50,-4.277929782867432,2.51220703125,4.04345703125
-5,44,165,-2.6366212368011475,-9.933984756469727,1.55517578125,-5,-14,53,-8.0390625,4.340137004852295,6.474316596984863
120,54,210,-8.819043159484863,-19.757909774780273,3.7802734375,-13,-17,45,-11.680566787719727,6.732715129852295,8.077343940734863
79,54,257,-9.27841854095459,-15.322071075439453,6.751855373382568,-87,-6,58,-14.336328506469727,6.493457317352295,8.503222465515137
-3,38,329,-9.651659965515137,-13.307519912719727,7.4169921875,-58,-13,73,-12.527539253234863,4.651172161102295,6.2685546875
-69,-10,336,-6.995898723602295,-11.757128715515137,7.182519435882568,19,-9,105,-7.34521484375,3.124706983566284,2.861523389816284
-158,-42,325,-4.632031440734863,-8.603711128234863,6.058007717132568,-52,27,121,-6.881054878234863,4.364062786102295,1.942773461341858
-97,-58,251,-3.1390626430511475,-10.225878715515137,3.507519483566284,-116,46,106,-6.455175876617432,3.454882860183716,1.4833984375
-46,-42,186,-3.8951172828674316,-7.838086128234863,3.5123047828674316,-158,62,87,-6.421679973602295,2.000195264816284,1.000097632408142
-72,-59,157,-6.144140720367432,-5.900097846984863,3.4453125,-76,67,41,-6.273339748382568,2.258593797683716,1.8087891340255737
-180,-80,163,-8.15869140625,-4.986133098602295,2.03369140625,-46,75,4,-6.177636623382568,4.440625190734863,4.263574123382568
-255,-85,144,-9.56552791595459,-5.62255859375,2.521777391433716,-60,56,19,-6.05322265625,7.330859661102295,6.613086223602295
-229,-74,87,-8.914746284484863,-6.010156154632568,3.220410108566284,-24,22,70,-5.455078125,9.273633003234863,9.154004096984863
-132,-43,30,-7.196875095367432,-5.115332126617432,4.804296970367432,63,-21,104,-4.110449314117432,11.321680068969727,9.125292778015137
-46,-39,-8,-5.93359375,-4.493261814117432,6.263769626617432,56,-47,184,-4.416699409484863,13.116113662719727,7.63232421875
-33,-44,13,-6.598730564117432,-5.273242473602295,6.77099609375,71,-66,261,-7.809375286102295,17.030370712280273,7.483984470367432
-32,-49,29,-5.517285346984863,-5.952734470367432,6.29248046875,136,-48,339,-8.024706840515137,16.872461318969727,4.8330078125
-29,-42,18,-5.0244140625,-6.665722846984863,5.416797161102295,192,-2,379,-5.4072265625,12.29306697845459,2.6796875
-2,-41,-1,-5.16796875,-6.354687690734863,4.890429973602295,179,58,375,-2.497851610183716,8.11083984375,1.2345703840255737
-30,-53,0,-5.703906536102295,-5.2158203125,4.225293159484863,148,80,331,-0.19140625,2.957226514816284,0.6412109732627869
-69,-68,19,-6.560449123382568,-5.16796875,3.56494140625,136,79,232,1.478613257408142,-2.0289063453674316,-0.5311523675918579
-97,-72,39,-7.000683784484863,-4.823437690734863,3.1103515625,154,91,95,2.60791015625,-3.27783203125,-1.2106446027755737
-113,-60,49,-6.134570598602295,-4.28271484375,2.5361328125,159,101,-37,2.4930665493011475,-2.4212892055511475,-1.033593773841858
-91,-32,45,-4.770801067352295,-3.8424806594848633,2.3016602993011475,167,105,-143,1.598242163658142,0.15312500298023224,0.48808595538139343
-40,-6,36,-4.526757717132568,-3.3017578125,2.5648438930511475,93,92,-158,2.856738328933716,7.086816310882568,3.363964796066284
16,9,50,-7.881152629852295,-4.660742282867432,3.8472657203674316,23,50,-120,5.641699314117432,17.666797637939453,4.172656536102295
58,25,106,-11.513086318969727,-5.919238567352295,5.373730659484863,19,-6,-33,7.316504001617432,27.064844131469727,5.378515720367432
7,47,150,-11.474804878234863,-5.139257907867432,6.3642578125,36,-49,92,7.842871189117432,23.99755859375,6.014941692352295
-43,44,125,-9.225781440734863,-4.588964939117432,5.746972560882568,14,-54,202,6.708789348602295,13.51328182220459,4.431054592132568
-32,25,81,-7.766308784484863,-4.574609279632568,3.143847703933716,8,-30,242,4.18701171875,2.392578125,0.287109375
-31,16,65,-6.412109375,-4.029101848602295,2.99072265625,-50,1,226,2.5648438930511475,-3.6558594703674316,-1.847070336341858
-28,12,44,-5.804394721984863,-3.85205078125,3.46923828125,-91,1,121,2.8902344703674316,-8.87646484375,-3.143847703933716
-4,9,8,-5.19189453125,-3.5888671875,3.7515625953674316,33,9,-64,2.79931640625,-8.82382869720459,-3.8568360805511475
13,-9,-34,-4.923925876617432,-3.718066453933716,5.612988471984863,132,32,-221,3.9860353469848633,-3.63671875,-0.5694336295127869
24,-39,-71,-7.718457221984863,-5.301953315734863,7.340429782867432,115,7,-293,5.603417873382568,5.962304592132568,4.01953125
40,-36,-87,-10.42685604095459,-7.196875095367432,7.555761814117432,34,-61,-300,1.392480492591858,16.30781364440918,4.579394817352295
45,-11,-97,-8.359667778015137,-7.211230754852295,7.192090034484863,-184,-91,-219,0.095703125,17.29833984375,3.2969727516174316
78,5,-137,-6.732715129852295,-6.407324314117432,4.364062786102295,-353,-26,-190,-1.626953125,9.101366996765137,3.22998046875
111,7,-142,-7.58447265625,-5.536426067352295,2.6605470180511475,-269,29,-249,-4.71337890625,5.62255859375,3.46923828125
87,-8,-114,-7.857226848602295,-4.579394817352295,2.3877930641174316,-164,71,-257,-7.426562786102295,8.096484184265137,5.115332126617432
25,-16,-86,-7.517480850219727,-3.7132813930511475,1.225000023841858,-114,101,-232,-8.713769912719727,6.306836128234863,4.71337890625
1,10,-67,-6.689648628234863,-4.6416015625,0.14833985269069672,14,100,-260,-10.651758193969727,5.273242473602295,5.545996189117432
42,59,-62,-6.38818359375,-4.957421779632568,0.765625,92,67,-301,-12.62802791595459,6.780566692352295,5.76611328125
65,95,-53,-6.684863567352295,-4.33056640625,1.225000023841858,85,46,-297,-13.642480850219727,8.8525390625,6.48388671875
51,122,-30,-6.31640625,-3.8664064407348633,1.2584961652755737,53,35,-231,-12.733301162719727,7.541406631469727,7.890722751617432
42,141,-4,-5.373730659484863,-4.096093654632568,3.292187452316284,108,9,-161,-10.90537166595459,4.689453125,7.268652439117432
50,127,4,-4.383203029632568,-7.177734375,6.890625,168,-35,-109,-8.61328125,5.091406345367432,6.4599609375
113,78,-51,-7.431347846984863,-15.436914443969727,8.134765625,148,-68,-73,-9.11572265625,5.593847751617432,6.349902629852295
44,5,-170,-9.082226753234863,-15.800586700439453,8.694628715515137,102,-82,-63,-6.713574409484863,5.847461223602295,5.924023628234863
15,-28,-286,-10.64697265625,-17.604589462280273,5.876172065734863,104,-85,-59,-5.708691596984863,4.694238185882568,5.402441501617432
-8,-29,-360,-11.84326171875,-17.006444931030273,3.215625047683716,165,-83,-61,-6.29248046875,4.311425685882568,4.325781345367432
-59,-20,-394,-10.83837890625,-14.87705135345459,1.8279297351837158,115,-61,-31,-7.01025390625,4.555469036102295,4.086523532867432
-143,1,-401,-8.527148246765137,-12.13037109375,0.8086914420127869,70,-41,-9,-7.172949314117432,4.009961128234863,3.861621141433716
-155,48,-392,-6.302051067352295,-10.321581840515137,-0.4833008050918579,49,-19,8,-6.325976848602295,3.1534180641174316,3.694140672683716
-157,75,-349,-5.086621284484863,-3.813769578933716,0.3780273497104645,50,3,6,-5.541211128234863,2.6318359375,3.80419921875
-182,95,-253,-4.129590034484863,1.0048828125,1.5791015625,73,14,-26,-4.42626953125,2.4595704078674316,4.230078220367432
-210,90,-98,-1.8279297351837158,4.660742282867432,3.3974609375,67,20,-55,-3.411816358566284,2.191601514816284,4.555469036102295
-144,74,65,1.9523438215255737,3.1773438453674316,5.349804878234863,57,17,-71,-3.8233399391174316,1.430761694908142,5.129687786102295
-3,47,191,6.684863567352295,-4.555469036102295,6.967187404632568,72,17,-119,-8.024706840515137,2.4356446266174316,6.24462890625
29,6,225,8.48886775970459,-20.2412109375,8.359667778015137,62,11,-178,-14.551660537719727,5.464648723602295,9.417187690734863
44,-10,75,10.31201171875,-26.854297637939453,7.15380859375,56,5,-157,-14.455957412719727,5.086621284484863,8.627636909484863
43,-8,-64,10.13974666595459,-15.795801162719727,5.5029296875,61,18,-88,-10.09189510345459,5.115332126617432,7.038964748382568
52,-6,-135,6.809277534484863,-6.048437595367432,2.478710889816284,-1,16,-9,-7.192090034484863,5.364160060882568,5.043554782867432
32,-2,-144,3.828125,0.971386730670929,-0.03349609300494194,-33,9,32,-5.962304592132568,3.287402391433716,4.053027629852295
-26,-1,-88,2.502636671066284,5.727832317352295,-1.191503882408142,-24,1,28,-5.177539348602295,2.5313477516174316,3.8903322219848633
-69,2,14,1.536035180091858,7.077246189117432,-1.2776367664337158,19,-5,14,-4.655957221984863,2.880664110183716,3.7611329555511475
-86,21,135,-0.3062500059604645,5.211035251617432,-1.368554711341858,20,-6,15,-4.100879192352295,3.100781202316284,3.9764649868011475
-53,47,277,-4.995703220367432,1.081445336341858,-0.57421875,-3,0,31,-5.818749904632568,4.675097942352295,5.593847751617432
32,70,406,-13.44150447845459,-11.470019340515137,-0.3062500059604645,-51,9,47,-9.120508193969727,6.297265529632568,7.110742092132568
194,125,440,-20.030664443969727,-19.097558975219727,4.134375095367432,-49,19,57,-13.843457221984863,6.656152248382568,8.517578125
182,224,411,-22.45673942565918,-14.939258575439453,9.962695121765137,-61,19,81,-11.441308975219727,5.9814453125,7.168164253234863
-152,208,382,-18.6142578125,-9.106152534484863,9.675585746765137,-90,21,120,-7.29736328125,1.559960961341858,3.4883790016174316
-284,143,346,-15.50390625,-9.15878963470459,6.857129096984863,-107,29,96,-7.421777725219727,1.775292992591858,2.1581056118011475
-136,74,266,-11.393457412719727,-12.455761909484863,5.043554782867432,-154,27,58,-7.613183975219727,2.1485352516174316,1.8087891340255737
-45,33,167,-8.17783260345459,-7.82373046875,4.038671970367432,-202,40,45,-8.12998104095459,2.024121046066284,1.0862305164337158
-140,-14,105,-7.072461128234863,-4.215722560882568,4.048242092132568,-143,45,37,-8.10605525970459,2.000195264816284,1.6413086652755737
-269,-54,60,-7.34521484375,-3.828125,3.148632764816284,-88,52,24,-7.924219131469727,2.7466797828674316,3.0912110805511475
-329,-85,10,-9.240137100219727,-5.163183689117432,2.574414014816284,-43,54,10,-7.216015815734863,3.741992235183716,5.474218845367432
-312,-93,-60,-8.986523628234863,-4.517187595367432,2.9955079555511475,-18,42,19,-3.9381837844848633,4.560254096984863,6.957617282867432
-232,-88,-120,-8.694628715515137,-3.9908204078674316,5.354589939117432,44,3,43,-4.076953411102295,7.804590225219727,9.273633003234863
-163,-88,-105,-9.11093807220459,-2.583984375,5.392871379852295,26,-26,125,-8.73291015625,12.599316596984863,10.493847846984863
-108,-56,-34,-6.134570598602295,-3.4931640625,4.335351467132568,27,-50,262,-12.685449600219727,16.097265243530273,10.130175590515137
-48,-16,33,-5.19189453125,-5.091406345367432,4.895215034484863,23,-73,417,-15.915430068969727,19.26025390625,9.776074409484863
28,2,61,-5.924023628234863,-6.215918064117432,4.517187595367432,109,-88,491,-12.86728572845459,15.039746284484863,8.10605525970459
19,-12,74,-6.546093940734863,-5.297168254852295,4.306640625,301,-48,453,-6.560449123382568,5.196679592132568,3.048144578933716
-57,-40,96,-7.177734375,-4.990918159484863,4.072167873382568,322,54,380,-2.9620118141174316,5.880957126617432,-0.3158203065395355
-118,-66,109,-7.6083984375,-4.9765625,3.2969727516174316,201,101,322,-1.5647461414337158,1.7800781726837158,-1.3015625476837158
-137,-73,96,-6.756640911102295,-4.76123046875,2.095898389816284,130,113,178,0.10527344048023224,-2.024121046066284,-1.311132788658142
-101,-61,65,-5.230175971984863,-4.325781345367432,1.6413086652755737,121,118,36,0.4498046934604645,-1.5791015625,-0.799121081829071
-57,-47,40,-5.220605373382568,-3.6654298305511475,1.177148461341858,112,105,-98,0.703417956829071,2.215527296066284,1.2345703840255737
-35,-16,58,-9.560742378234863,-4.2109375,1.894921898841858,61,48,-181,1.22021484375,13.259668350219727,4.421484470367432
-15,25,92,-12.025097846984863,-4.9765625,4.009961128234863,110,-21,-99,5.263671875,26.012109756469727,8.335741996765137
11,64,81,-10.78574275970459,-4.694238185882568,4.541113376617432,80,-25,41,12.144726753234863,20.94941520690918,4.962207317352295
50,83,42,-8.866894721984863,-3.8903322219848633,3.741992235183716,-53,9,158,10.57041072845459,9.92919921875,3.215625047683716
49,80,41,-7.9912109375,-3.100781202316284,4.2587890625,-123,11,179,8.187402725219727,-0.10048828274011612,1.009667992591858
10,54,48,-6.2685546875,-2.622265577316284,4.828222751617432,-120,-4,123,5.828320503234863,-4.392773628234863,-1.717871069908142
-4,29,31,-4.900000095367432,-3.0337891578674316,4.488476753234863,-32,-7,32,4.28271484375,-6.05322265625,-3.287402391433716
23,4,-3,-5.053124904632568,-3.483593702316284,4.971777439117432,105,-6,-84,4.115234375,-6.593945503234863,-3.148632764816284
32,-32,-32,-4.900000095367432,-3.4261720180511475,4.498046875,118,3,-191,4.560254096984863,-2.880664110183716,-0.83740234375
37,-59,-48,-7.838086128234863,-5.273242473602295,5.005273342132568,8,-2,-295,0.23447266221046448,1.3494141101837158,0.9283203482627869
45,-64,-41,-12.46533203125,-7.168164253234863,5.129687786102295,-112,31,-412,-9.73300838470459,7.230370998382568,2.928515672683716
13,-42,-49,-13.762109756469727,-7.326074123382568,5.368945598602295,-281,112,-448,-18.55683708190918,11.656641006469727,6.526953220367432
15,-26,-113,-10.45556640625,-5.746972560882568,4.110449314117432,-422,230,-344,-18.786523818969727,10.197168350219727,10.111035346984863
58,-13,-171,-9.73300838470459,-4.837792873382568,2.5887696743011475,-322,270,-202,-17.8486328125,2.8902344703674316,10.64218807220459
82,-19,-173,-9.220995903015137,-3.718066453933716,2.526562452316284,-45,236,-164,-17.566308975219727,1.502539038658142,10.876660346984863
35,-36,-128,-8.005566596984863,-2.162890672683716,2.201171875,209,155,-213,-15.771875381469727,3.6319336891174316,10.125391006469727
-41,-33,-64,-6.14892578125,-2.1724610328674316,1.320703148841858,220,85,-255,-12.98691463470459,6.81884765625,7.4169921875
-38,-1,-16,-5.354589939117432,-3.531445264816284,0.5790039300918579,149,55,-207,-9.6181640625,7.05810546875,5.900097846984863
45,41,12,-6.34033203125,-4.2587890625,0.7847656607627869,115,43,-183,-8.4697265625,6.34033203125,5.823535442352295
