-5888,767,-3430,1.8233676973898803e+24,1.8156827549857352e+24,-2.5539946860917604e+38,-4864,1279,-3174,-404862688.0,5.92383231250516e-39,5.847158865731163e-39
-3,0,0,-8.699414253234863,-2.87109375,3.1294922828674316,2,-2,0,-8.84775447845459,3.3974609375,0.564648449420929
-3,0,0,-8.665918350219727,-2.8998048305511475,3.100781202316284,3,-1,0,-8.82382869720459,3.407031297683716,0.583789050579071
-5,0,0,-8.708984375,-2.928515672683716,3.076855421066284,4,-1,0,-8.833398818969727,3.42138671875,0.607714831829071
-6,0,0,-8.72812557220459,-2.933300733566284,3.072070360183716,3,0,0,-8.857324600219727,3.483593702316284,0.631640613079071
-6,0,0,-8.708984375,-2.94287109375,3.0433595180511475,2,0,0,-8.8525390625,3.4883790016174316,0.64599609375
-6,1,0,-8.7568359375,-2.966796875,3.0672852993011475,1,0,0,-8.94345760345459,3.5123047828674316,0.59814453125
-4,1,0,-8.65634822845459,-2.9380860328674316,3.072070360183716,1,0,0,-8.82861328125,3.541015625,0.512011706829071
-3,1,0,-8.766406059265137,-2.94287109375,3.1103515625,0,0,1,-8.766406059265137,3.670214891433716,0.39716798067092896
-3,0,0,-8.909960746765137,-2.885449171066284,3.158203125,-2,2,1,-8.79990291595459,3.7037110328674316,0.31103515625
-4,-2,-2,-8.91953182220459,-2.8184571266174316,3.340039014816284,-4,4,1,-8.694628715515137,3.75634765625,0.27753907442092896
-8,-6,-5,-8.82382869720459,-2.694042921066284,3.5123047828674316,-9,5,0,-8.527148246765137,3.80419921875,0.34931641817092896
-9,-7,-8,-8.8525390625,-2.5074219703674316,3.531445264816284,-11,3,-2,-8.771191596984863,3.9190430641174316,0.3541015684604645
-5,-4,-9,-8.63720703125,-2.737109422683716,3.603222608566284,-2,-4,-3,-9.034375190734863,3.9381837844848633,0.27275392413139343
2,-3,-9,-8.22568416595459,-2.526562452316284,3.66064453125,10,-9,0,-8.785547256469727,4.029101848602295,0.20097656548023224
-3,-2,-8,-8.17783260345459,-2.6366212368011475,3.6893556118011475,8,-10,2,-8.53671932220459,4.148730754852295,0.14833985269069672
-7,-1,-9,-8.244824409484863,-2.84716796875,3.8903322219848633,5,-11,0,-8.498437881469727,4.081738471984863,0.18662109971046448
1,1,-19,-8.63720703125,-3.349609375,4.120019435882568,11,-16,-2,-8.914746284484863,4.105664253234863,0.10527344048023224
15,3,-28,-8.479296684265137,-3.244335889816284,4.1630859375,23,-21,-4,-8.87646484375,4.09130859375,-0.0047851563431322575
14,6,-40,-8.0869140625,-3.603222608566284,3.9860353469848633,31,-25,-2,-8.627636909484863,4.124804973602295,-0.06220703199505806
30,11,-40,-8.41709041595459,-4.143945217132568,3.9190430641174316,30,-27,-7,-9.149218559265137,3.8951172828674316,0.24404297769069672
33,15,-31,-8.603711128234863,-4.498046875,3.718066453933716,50,-27,-10,-9.866991996765137,3.63671875,0.4258789122104645
28,9,-27,-7.254296779632568,-5.005273342132568,3.3208985328674316,73,-23,-5,-8.99609375,3.46923828125,0.8326172232627869
16,3,-23,-6.919335842132568,-5.321094036102295,2.646191358566284,55,-10,6,-8.651562690734863,3.8089845180511475,1.358984351158142
-2,0,-12,-7.359570503234863,-5.55078125,2.502636671066284,7,1,7,-8.838183403015137,3.340039014816284,1.6652344465255737
-22,0,-12,-7.158593654632568,-5.593847751617432,2.383007764816284,-5,8,3,-8.68027400970459,2.789746046066284,1.9332032203674316
-28,3,-16,-6.847558498382568,-5.703906536102295,2.282519578933716,-46,10,-3,-8.531933784484863,2.7801759243011475,3.6080079078674316
-25,9,-11,-6.833203315734863,-5.828320503234863,2.2681641578674316,-56,5,-5,-9.058300971984863,1.8997070789337158,4.407128810882568
-20,18,-3,-7.134667873382568,-6.206347942352295,2.359081983566284,-34,-2,-13,-8.771191596984863,2.4117188453674316,2.5169923305511475
-7,25,2,-7.412207126617432,-6.230273723602295,2.593554735183716,-17,-13,-22,-8.646777153015137,2.000195264816284,1.8375000953674316
0,26,8,-7.742383003234863,-6.168066501617432,2.909374952316284,29,-24,-15,-8.641992568969727,2.024121046066284,1.84228515625
5,22,12,-7.842871189117432,-5.967090129852295,3.0625,37,-27,-9,-8.508008003234863,2.383007764816284,2.115039110183716
7,15,12,-7.780664443969727,-5.723046779632568,3.1151368618011475,28,-23,-7,-8.3740234375,2.335156202316284,2.41650390625
8,5,15,-7.670605659484863,-5.641699314117432,2.8998048305511475,18,-18,-8,-8.307031631469727,2.263378858566284,2.7706055641174316
1,-5,22,-7.565332412719727,-5.560351848602295,2.583984375,11,-13,-8,-8.2783203125,2.263378858566284,2.9476563930511475
-13,-15,33,-7.613183975219727,-5.689550876617432,2.1724610328674316,7,-8,-4,-8.263964653015137,2.306445360183716,3.1103515625
-28,-21,42,-7.627539157867432,-5.857031345367432,1.717871069908142,4,-4,3,-8.06298828125,2.2777345180511475,3.1773438453674316
-38,-23,43,-7.565332412719727,-5.842675685882568,1.382910132408142,-4,0,14,-7.881152629852295,2.296875,3.25390625
-39,-25,41,-7.5126953125,-5.52685546875,1.41162109375,-16,5,23,-7.7998046875,2.27294921875,3.0577149391174316
-37,-32,40,-7.627539157867432,-4.895215034484863,1.69873046875,-30,16,33,-8.0869140625,2.5074219703674316,2.6318359375
-43,-40,44,-9.096582412719727,-4.320996284484863,1.847070336341858,-23,29,42,-9.54160213470459,2.765820264816284,2.024121046066284
-39,-36,48,-11.59921932220459,-3.99560546875,2.5409181118011475,-2,37,26,-11.43173885345459,4.301855564117432,1.057519555091858
-36,-15,56,-13.001269340515137,-3.363964796066284,3.4166016578674316,-15,30,13,-11.876757621765137,5.019629001617432,0.5263671875
-58,5,33,-9.06787109375,-2.885449171066284,4.770801067352295,-7,12,8,-8.522363662719727,4.689453125,-0.24882812798023224
16,11,-23,-6.067578315734863,-3.167773485183716,4.13916015625,35,1,12,-6.187207221984863,4.651172161102295,-0.10527344048023224
85,12,-48,-6.6513671875,-2.2442383766174316,3.5458009243011475,47,2,12,-6.139355659484863,5.416797161102295,-0.3158203065395355
64,14,-33,-8.067773818969727,-1.335058569908142,4.115234375,13,4,-6,-7.890722751617432,5.799609661102295,-0.10527344048023224
24,19,-16,-8.46494197845459,-1.751367211341858,4.158300876617432,23,0,-8,-8.307031631469727,5.28759765625,-0.2679687440395355
49,17,-24,-8.283105850219727,-2.0145509243011475,4.134375095367432,41,-2,0,-8.0869140625,5.426367282867432,-0.24882812798023224
57,8,-40,-8.29746150970459,-1.177148461341858,3.718066453933716,23,1,0,-8.168261528015137,5.55078125,-0.18183593451976776
14,4,-30,-8.63242244720459,-1.1627930402755737,3.4931640625,-2,6,-1,-8.598925590515137,5.163183689117432,-0.08613281697034836
-2,4,1,-9.130078315734863,-1.9762696027755737,3.6415040493011475,-6,14,-3,-8.785547256469727,4.789941310882568,-0.02392578125
-2,1,22,-9.15878963470459,-1.918847680091858,3.435742139816284,-19,23,-8,-8.20175838470459,4.684668064117432,0.24882812798023224
-18,-3,22,-9.364550590515137,-1.751367211341858,3.4883790016174316,-34,22,-14,-7.780664443969727,4.536328315734863,0.5550781488418579
-32,-7,12,-9.0439453125,-1.8279297351837158,3.531445264816284,-29,9,-17,-8.053418159484863,4.392773628234863,0.41630861163139343
-19,-3,12,-8.7568359375,-2.162890672683716,3.6845703125,0,-5,-15,-8.340527534484863,4.512402534484863,0.1435546875
-8,-3,22,-8.814257621765137,-1.8375000953674316,4.005176067352295,20,-11,-13,-8.316601753234863,5.139257907867432,-0.2583984434604645
-23,-10,24,-8.70419979095459,-1.655664086341858,4.263574123382568,9,-10,-13,-8.574999809265137,5.5029296875,-0.3828125
-39,-15,15,-8.340527534484863,-1.7848633527755737,4.206152439117432,-3,-11,-3,-8.58935546875,5.316308498382568,-0.516796886920929
-35,-13,7,-7.909863471984863,-2.0528321266174316,4.2109375,-2,-16,4,-8.32138729095459,5.1201171875,-0.588574230670929
-22,-9,2,-7.613183975219727,-2.024121046066284,4.177441596984863,-2,-19,5,-8.22568416595459,5.19189453125,-0.799121081829071
-16,-8,-5,-7.570117473602295,-1.9954102039337158,4.33056640625,-4,-18,3,-8.211328506469727,4.981347560882568,-0.7847656607627869
-15,-9,-23,-7.77587890625,-2.215527296066284,4.383203029632568,-1,-18,5,-7.986425876617432,4.766015529632568,-0.6268554925918579
-17,-5,-44,-8.421875,-3.0194337368011475,4.574609279632568,4,-18,0,-7.742383003234863,4.493261814117432,-0.4737304747104645
-7,7,-59,-9.83349609375,-5.220605373382568,4.407128810882568,13,-22,-16,-8.938672065734863,4.541113376617432,0.22490234673023224
52,21,-71,-12.24521541595459,-5.8857421875,3.8424806594848633,14,-30,-33,-11.74277400970459,4.598535060882568,0.3541015684604645
38,17,-53,-10.254590034484863,-5.053124904632568,3.861621141433716,64,-26,-30,-12.738085746765137,3.005078077316284,1.631738305091858
-1,9,-43,-5.124902248382568,-5.177539348602295,2.354296922683716,109,-15,29,-8.024706840515137,3.0577149391174316,2.65576171875
-13,6,-40,-4.000390529632568,-5.469433784484863,1.93798828125,-18,0,49,-6.656152248382568,3.732421875,2.5313477516174316
-7,6,-16,-5.455078125,-6.258984565734863,2.043261766433716,-90,7,31,-7.68017578125,1.9092774391174316,2.4691407680511475
8,5,9,-6.861914157867432,-6.799706935882568,2.2442383766174316,-34,19,14,-8.316601753234863,1.5168945789337158,2.5169923305511475
-1,5,12,-7.1298828125,-6.225488185882568,2.167675733566284,-26,35,-1,-8.077343940734863,2.3495118618011475,2.665332078933716
-29,6,8,-7.029394626617432,-5.727832317352295,2.138964891433716,-58,45,-18,-8.134765625,2.430859327316284,2.7466797828674316
-31,15,8,-7.158593654632568,-6.354687690734863,2.378222703933716,-58,39,-28,-8.546289443969727,2.0289063453674316,2.215527296066284
0,23,9,-7.383496284484863,-6.297265529632568,2.689257860183716,-19,21,-31,-9.264062881469727,2.1341798305511475,2.0049805641174316
10,30,12,-7.862011909484863,-6.211133003234863,2.8232421875,26,0,-30,-9.914843559265137,2.239453077316284,1.942773461341858
25,31,12,-7.976855754852295,-6.397754192352295,3.2060546875,58,-21,-18,-9.80478572845459,2.808886766433716,1.894921898841858
37,21,3,-7.292578220367432,-5.775683879852295,3.37353515625,66,-33,-6,-9.029589653015137,2.167675733566284,1.966699242591858
13,5,-2,-6.948047161102295,-5.378515720367432,3.4500977993011475,66,-30,1,-8.574999809265137,2.8280274868011475,1.703515648841858
-15,-2,3,-6.995898723602295,-5.995800971984863,2.6318359375,22,-22,-4,-8.46494197845459,2.9715821743011475,1.7561523914337158
-1,-2,6,-7.469629287719727,-6.402539253234863,2.282519578933716,11,-19,-3,-8.795117378234863,2.311230421066284,2.1581056118011475
7,0,6,-7.84765625,-6.10107421875,2.36865234375,23,-22,0,-8.957812309265137,2.0624024868011475,2.885449171066284
3,-7,6,-7.857226848602295,-5.531640529632568,2.3877930641174316,41,-23,0,-8.20175838470459,1.9619140625,3.3017578125
-19,-17,13,-7.876367568969727,-5.124902248382568,2.406933546066284,47,-17,0,-7.852441787719727,2.574414014816284,3.42138671875
-42,-25,23,-7.579687595367432,-5.196679592132568,2.1246094703674316,14,-9,-2,-7.694531440734863,2.832812547683716,3.100781202316284
-49,-28,31,-7.259082317352295,-5.158398628234863,1.966699242591858,-8,-3,0,-7.852441787719727,2.761035203933716,2.9476563930511475
-47,-29,40,-6.885839939117432,-5.306738376617432,1.693945288658142,-17,-1,10,-8.096484184265137,2.6126954555511475,2.7801759243011475
-35,-31,50,-6.928906440734863,-5.110547065734863,1.7370117902755737,-17,1,26,-8.12998104095459,2.5648438930511475,2.521777391433716
-27,-38,62,-9.1875,-4.789941310882568,2.2777345180511475,-23,17,38,-9.651659965515137,3.000293016433716,2.009765625
-34,-44,72,-12.326562881469727,-3.6654298305511475,2.761035203933716,-27,29,18,-11.929394721984863,3.6989259719848633,1.2106446027755737
-96,-22,76,-13.48935604095459,-3.191699266433716,3.598437547683716,0,28,-8,-11.752344131469727,4.177441596984863,0.756054699420929
-116,-8,48,-9.058300971984863,-3.5601563453674316,4.722949504852295,17,17,-12,-8.268750190734863,4.550683498382568,-0.20097656548023224
-6,-2,1,-6.503027439117432,-3.85205078125,4.325781345367432,24,9,-22,-6.57958984375,4.971777439117432,-0.3636718690395355
59,1,-32,-5.512500286102295,-2.17724609375,3.2012696266174316,26,0,-17,-6.1728515625,4.943066596984863,-0.32539063692092896
42,22,-34,-6.5556640625,-2.009765625,3.7467775344848633,22,-11,-13,-8.364453315734863,5.4072265625,-0.5790039300918579
71,43,-9,-8.235254287719727,-3.3687500953674316,4.364062786102295,29,-20,-8,-10.06796932220459,5.124902248382568,-0.846972644329071
123,47,-1,-8.426660537719727,-2.957226514816284,4.2587890625,74,-18,18,-8.976953506469727,4.493261814117432,-1.02880859375
124,29,-23,-8.665918350219727,-1.7800781726837158,3.765918016433716,68,-4,30,-7.87158203125,5.124902248382568,-0.779980480670929
60,7,-47,-9.1396484375,-0.765625,3.6415040493011475,0,12,15,-8.240038871765137,5.258886814117432,-0.4019531309604645
-11,-3,-48,-9.21142578125,-1.244140625,3.7611329555511475,-24,22,2,-8.981738090515137,4.239648342132568,-0.02392578125
-27,-4,-28,-8.91953182220459,-2.2059571743011475,3.9046876430511475,-1,23,9,-8.6611328125,4.182226657867432,0.11962890625
2,-3,-7,-8.962597846984863,-2.32080078125,3.789843797683716,-8,25,12,-7.718457221984863,4.655957221984863,0.39716798067092896
19,-4,-1,-9.340624809265137,-1.8040039539337158,3.7850587368011475,-34,24,0,-7.283008098602295,4.895215034484863,0.3541015684604645
8,-9,-5,-9.034375190734863,-1.2537109851837158,3.651074171066284,-47,18,-13,-7.857226848602295,4.847363471984863,0.287109375
-17,-10,1,-8.723340034484863,-1.464257836341858,3.531445264816284,-34,9,-12,-8.785547256469727,4.775586128234863,0.08134765923023224
-27,-9,17,-8.421875,-1.8279297351837158,3.483593702316284,-20,1,-6,-8.857324600219727,4.80908203125,-0.02871093899011612
-28,-5,27,-8.24960994720459,-2.0289063453674316,3.383105516433716,-14,-4,-1,-8.551074028015137,4.722949504852295,-0.15312500298023224
-19,0,29,-8.359667778015137,-2.2298829555511475,3.5123047828674316,-11,-8,-3,-8.39316463470459,4.789941310882568,-0.26318359375
-11,2,27,-8.54150390625,-2.10546875,3.765918016433716,-5,-12,-4,-8.39794921875,4.7373046875,-0.3636718690395355
-20,4,20,-8.359667778015137,-1.8853516578674316,3.981250047683716,2,-17,-4,-8.407519340515137,4.866504192352295,-0.4833008050918579
-19,6,8,-8.05820369720459,-2.167675733566284,4.344922065734863,10,-22,-3,-8.22568416595459,4.804296970367432,-0.5694336295127869
-2,7,-3,-7.842871189117432,-2.1246094703674316,4.4501953125,23,-25,-3,-8.000781059265137,4.689453125,-0.799121081829071
3,5,-13,-8.0869140625,-2.0049805641174316,4.579394817352295,40,-26,-5,-7.909863471984863,4.588964939117432,-0.875683605670929
7,0,-23,-8.78076171875,-1.847070336341858,4.78515625,42,-26,-6,-8.005566596984863,4.5458984375,-0.803906261920929
1,-4,-36,-10.039258003234863,-1.5216797590255737,4.632031440734863,34,-24,-15,-9.024805068969727,4.52197265625,-0.564648449420929
-25,-3,-3,-12.738085746765137,-3.22998046875,4.421484470367432,31,-11,-35,-12.905566215515137,5.057910442352295,-0.478515625
-41,-15,31,-8.962597846984863,-4.689453125,3.89990234375,43,-5,-27,-10.2880859375,3.502734422683716,1.8805664777755737
-28,-19,16,-6.8427734375,-5.340234279632568,2.550488233566284,47,3,33,-7.804590225219727,3.75634765625,2.430859327316284
-9,-23,0,-7.235156536102295,-5.804394721984863,2.0624024868011475,-47,7,37,-7.938574314117432,3.9142580032348633,2.497851610183716
-19,-24,-15,-7.541406631469727,-5.5986328125,1.9571290016174316,-63,16,15,-8.05820369720459,2.689257860183716,2.856738328933716
-17,-21,-24,-7.766308784484863,-5.76611328125,1.5456055402755737,-65,21,10,-8.881250381469727,2.5361328125,4.813867092132568
-17,-13,-26,-7.981640815734863,-4.9765625,1.464257836341858,-70,17,8,-8.546289443969727,2.856738328933716,2.89501953125
-34,0,-21,-7.747168064117432,-4.636816501617432,1.5456055402755737,-68,11,-6,-8.134765625,2.2681641578674316,1.7848633527755737
-26,13,-12,-7.804590225219727,-4.876074314117432,1.9475586414337158,-18,3,-10,-8.24960994720459,2.0576171875,1.45947265625
-3,25,-6,-8.144335746765137,-4.770801067352295,2.210742235183716,17,2,-11,-8.49365234375,2.7945313453674316,1.2537109851837158
4,37,-2,-8.12998104095459,-4.78515625,2.430859327316284,3,6,-13,-8.44101619720459,3.124706983566284,1.167578101158142
17,44,-2,-8.22568416595459,-4.9765625,2.8423829078674316,-12,9,-13,-8.976953506469727,3.0337891578674316,1.2537109851837158
31,45,-4,-8.067773818969727,-4.900000095367432,3.2012696266174316,-5,3,-9,-9.54638671875,2.6366212368011475,1.335058569908142
19,37,1,-7.58447265625,-4.4501953125,3.340039014816284,13,-3,6,-9.752148628234863,2.36865234375,1.8662109375
-5,23,12,-7.579687595367432,-4.861718654632568,3.42138671875,0,-7,14,-9.35019588470459,2.1246094703674316,2.32080078125
-8,9,23,-8.053418159484863,-5.397656440734863,3.4405274391174316,9,-11,7,-8.70419979095459,1.847070336341858,2.4595704078674316
-6,-6,24,-8.450586318969727,-5.392871379852295,3.143847703933716,33,-16,-6,-8.39316463470459,2.167675733566284,2.359081983566284
-15,-20,19,-8.479296684265137,-5.105762004852295,2.689257860183716,33,-17,-14,-8.32138729095459,2.5313477516174316,2.2681641578674316
-24,-30,14,-8.20175838470459,-4.933495998382568,2.2203125953674316,15,-10,-12,-8.263964653015137,2.7466797828674316,2.239453077316284
-20,-36,18,-8.173047065734863,-4.541113376617432,1.9762696027755737,-3,-4,-6,-8.335741996765137,2.65576171875,2.3877930641174316
-26,-43,32,-8.240038871765137,-4.143945217132568,1.9140625,-1,-2,5,-8.0390625,2.4595704078674316,2.51220703125
-42,-48,44,-8.330957412719727,-3.957324266433716,1.799218773841858,-5,1,19,-7.814160346984863,2.46435546875,2.6796875
-49,-50,45,-8.421875,-4.014746189117432,1.53125,-11,6,28,-8.048632621765137,2.56005859375,2.6126954555511475
-43,-46,40,-9.220995903015137,-4.105664253234863,1.263281226158142,-18,14,39,-9.622949600219727,3.000293016433716,2.2538087368011475
-27,-24,36,-11.905468940734863,-4.143945217132568,1.2919921875,-9,20,28,-12.206933975219727,4.325781345367432,1.201074242591858
-25,20,33,-12.063379287719727,-3.6750001907348633,2.4595704078674316,-26,8,-5,-11.158984184265137,5.412011623382568,0.3780273497104645
-39,41,-1,-8.546289443969727,-3.1055665016174316,4.196582317352295,16,-7,-10,-7.952929973602295,4.751660346984863,-0.44023439288139343
38,46,-45,-7.139453411102295,-3.483593702316284,4.0673828125,76,-17,-3,-6.249413967132568,5.455078125,-0.875683605670929
104,38,-73,-7.053320407867432,-2.1485352516174316,4.364062786102295,79,-12,4,-6.024511814117432,5.876172065734863,-0.8326172232627869
108,40,-69,-8.005566596984863,-1.464257836341858,5.708691596984863,55,-5,5,-7.445703506469727,5.991015911102295,-0.7704101800918579
123,40,-57,-9.244921684265137,-1.0910156965255737,6.833203315734863,33,-1,-2,-8.771191596984863,5.93359375,-0.679492175579071
139,22,-38,-8.795117378234863,-1.1627930402755737,4.909570217132568,30,2,0,-8.498437881469727,5.388085842132568,-0.559863269329071
81,0,-11,-8.39794921875,-0.684277355670929,4.148730754852295,16,10,4,-7.876367568969727,5.435937404632568,-0.22011719644069672
-4,-20,12,-8.58457088470459,-0.583789050579071,3.435742139816284,-10,14,-2,-7.9912109375,5.316308498382568,0.12919922173023224
-77,-25,23,-8.670702934265137,-1.2919921875,3.2012696266174316,-10,7,-6,-8.388379096984863,4.861718654632568,0.2679687440395355
-80,-16,25,-8.268750190734863,-2.430859327316284,3.220410108566284,19,-2,1,-8.268750190734863,4.71337890625,0.08134765923023224
-16,-4,28,-8.27353572845459,-2.9141602516174316,3.2108399868011475,24,-2,3,-8.25439453125,5.014843940734863,-0.12919922173023224
21,3,35,-8.412304878234863,-2.296875,3.148632764816284,-1,0,-1,-7.866796970367432,5.053124904632568,-0.16748046875
-5,6,34,-9.144433975219727,-2.0145509243011475,3.005078077316284,-15,3,-7,-8.144335746765137,4.995703220367432,-0.24882812798023224
-24,5,26,-9.488965034484863,-2.1341798305511475,3.3974609375,-18,2,-14,-8.134765625,5.053124904632568,-0.287109375
-39,6,5,-9.005663871765137,-2.08154296875,3.4740235805511475,-11,1,-13,-8.311816215515137,5.1201171875,-0.2918945252895355
-29,6,-6,-8.7568359375,-2.2298829555511475,3.5936524868011475,-7,0,-8,-8.173047065734863,5.072265625,-0.37324219942092896
-23,8,-3,-8.546289443969727,-2.043261766433716,4.057812690734863,-9,0,-6,-8.287890434265137,5.244531154632568,-0.44501954317092896
-12,8,4,-8.44101619720459,-2.1006836891174316,4.512402534484863,-18,0,-6,-8.41709041595459,5.115332126617432,-0.5550781488418579
1,3,7,-8.431445121765137,-1.8757812976837158,4.612890720367432,-18,0,-1,-8.378808975219727,5.00048828125,-0.6747070550918579
-1,-5,5,-8.4697265625,-1.5695313215255737,4.531543254852295,-17,-1,0,-8.240038871765137,4.880859375,-0.7369140982627869
-18,-11,0,-8.3740234375,-1.7322266101837158,4.292285442352295,-10,-4,0,-8.22568416595459,4.708593845367432,-0.732128918170929
-16,-11,-11,-8.101269721984863,-1.9475586414337158,4.072167873382568,4,-11,-1,-8.0869140625,4.694238185882568,-0.851757824420929
1,-5,-22,-8.08212947845459,-1.98583984375,3.9908204078674316,13,-15,-4,-7.929004192352295,4.718163967132568,-0.8565430045127869
10,0,-32,-8.335741996765137,-1.789648413658142,4.029101848602295,12,-17,-9,-8.1826171875,4.718163967132568,-0.846972644329071
6,6,-40,-9.034375190734863,-2.2442383766174316,4.033886909484863,10,-20,-15,-8.819043159484863,4.488476753234863,-0.631640613079071
14,18,-10,-11.67099666595459,-3.4740235805511475,4.287499904632568,23,-17,-33,-12.187792778015137,4.732519626617432,-0.660351574420929
18,14,27,-8.503222465515137,-4.076953411102295,3.828125,77,-9,-15,-10.058398246765137,3.2251954078674316,0.5311523675918579
1,4,36,-7.565332412719727,-4.263574123382568,3.1534180641174316,71,10,39,-8.44580078125,4.37841796875,1.6748046875
-21,-7,28,-7.53662109375,-4.416699409484863,2.775390625,-80,24,35,-8.36923885345459,4.364062786102295,2.091113328933716
-46,-13,17,-7.972070693969727,-4.66552734375,2.36865234375,-133,22,10,-9.120508193969727,1.7800781726837158,5.38330078125
-31,-16,12,-8.35009765625,-5.158398628234863,1.990625023841858,-50,0,13,-8.742480278015137,1.129296898841858,4.120019435882568
-27,-12,2,-8.77597713470459,-4.588964939117432,1.789648413658142,-1,-13,-1,-7.929004192352295,2.545703172683716,2.138964891433716
-35,-3,-11,-8.641992568969727,-4.478906154632568,1.607812523841858,4,-16,-26,-8.01513671875,2.41650390625,1.670019507408142
-16,9,-20,-8.618066787719727,-4.407128810882568,1.799218773841858,36,-13,-32,-8.378808975219727,2.665332078933716,1.225000023841858
2,20,-23,-8.771191596984863,-3.9668946266174316,2.1581056118011475,32,-6,-30,-8.881250381469727,3.5218751430511475,0.679492175579071
3,28,-21,-8.5654296875,-3.646289110183716,2.4212892055511475,0,0,-27,-8.914746284484863,3.4261720180511475,0.669921875
6,30,-17,-8.44580078125,-3.694140672683716,2.837597608566284,-4,3,-17,-8.900390625,3.287402391433716,0.7369140982627869
13,26,-11,-8.44101619720459,-3.741992235183716,3.2012696266174316,1,2,-7,-9.077441215515137,3.0433595180511475,0.8661133050918579
8,16,-4,-8.220898628234863,-3.5362305641174316,3.1534180641174316,14,5,1,-9.077441215515137,3.0577149391174316,1.2537109851837158
-15,9,6,-8.091699600219727,-3.9716796875,3.076855421066284,-7,8,6,-9.11093807220459,3.220410108566284,2.478710889816284
-12,5,17,-8.292675971984863,-4.478906154632568,3.0672852993011475,-40,0,1,-9.45068359375,2.22509765625,3.5840821266174316
-6,-1,21,-8.39794921875,-4.502831935882568,2.9859375953674316,-7,-11,-1,-8.900390625,1.870996117591858,2.215527296066284
-8,-10,18,-8.618066787719727,-4.454980373382568,2.7083985805511475,23,-19,-3,-8.675488471984863,2.473925828933716,1.5456055402755737
-20,-18,14,-8.622851371765137,-4.488476753234863,2.450000047683716,18,-16,0,-8.579785346984863,2.6796875,1.6365234851837158
-23,-23,9,-8.603711128234863,-4.646386623382568,2.048046827316284,6,-8,5,-8.388379096984863,2.622265577316284,1.789648413658142
-13,-22,6,-8.766406059265137,-4.541113376617432,1.655664086341858,-12,-2,8,-8.35009765625,2.36865234375,2.2442383766174316
0,-20,2,-8.866894721984863,-3.9908204078674316,1.4211914539337158,-7,-5,10,-8.53671932220459,1.98583984375,2.6844727993011475
-13,-17,7,-8.58457088470459,-3.4883790016174316,1.248925805091858,9,-9,17,-8.450586318969727,1.7800781726837158,2.8902344703674316
-24,-16,24,-8.24960994720459,-3.63671875,1.296777367591858,21,-10,25,-8.01035213470459,1.9762696027755737,2.741894483566284
-21,-15,39,-8.240038871765137,-3.6893556118011475,1.5695313215255737,23,-1,28,-7.828516006469727,2.32080078125,2.306445360183716
-14,-16,43,-8.99130916595459,-3.4883790016174316,1.990625023841858,41,14,32,-8.503222465515137,2.9715821743011475,1.894921898841858
-13,-18,41,-11.178125381469727,-3.143847703933716,2.7562501430511475,49,29,25,-10.278515815734863,4.320996284484863,0.636425793170929
-56,-8,44,-12.26914119720459,-2.3495118618011475,3.167773485183716,25,25,-2,-11.584863662719727,6.560449123382568,0.16748046875
-98,8,10,-8.929101943969727,-2.583984375,4.254004001617432,-30,5,-15,-9.27841854095459,6.067578315734863,-1.1484375
12,21,-23,-7.192090034484863,-3.454882860183716,4.560254096984863,20,-8,1,-7.354785442352295,4.990918159484863,-1.105371117591858
92,18,-27,-7.096386909484863,-1.6748046875,4.416699409484863,54,-9,12,-6.096289157867432,5.6943359375,-1.3063477277755737
42,7,-30,-7.862011909484863,-1.2106446027755737,5.464648723602295,23,-3,-1,-6.713574409484863,6.287695407867432,-1.3015625476837158
5,4,-26,-8.259180068969727,-1.9475586414337158,5.010058879852295,2,0,-11,-7.905078411102295,6.10107421875,-1.2058594226837158
51,7,-23,-8.335741996765137,-2.502636671066284,4.206152439117432,14,-1,-2,-8.06298828125,5.632129192352295,-1.129296898841858
73,4,-29,-8.41709041595459,-1.6843750476837158,3.6558594703674316,23,0,7,-7.986425876617432,5.699120998382568,-0.870898425579071
36,-2,-32,-8.699414253234863,-1.358984351158142,3.5840821266174316,0,6,7,-8.22568416595459,5.67041015625,-0.49287110567092896
9,-3,-23,-8.938672065734863,-1.69873046875,3.5601563453674316,-9,9,7,-8.44580078125,5.110547065734863,-0.39716798067092896
4,0,-10,-8.75205135345459,-1.89013671875,3.4261720180511475,0,12,5,-8.603711128234863,4.95263671875,-0.17226563394069672
3,2,-1,-8.450586318969727,-1.918847680091858,3.3208985328674316,-9,12,1,-8.25439453125,5.019629001617432,0.06220703199505806
-1,5,3,-8.603711128234863,-1.9044922590255737,3.4261720180511475,-28,7,0,-7.96728515625,4.852148532867432,0.3158203065395355
-1,10,9,-8.900390625,-2.000195264816284,3.828125,-20,-2,-6,-7.795019626617432,4.421484470367432,0.24882812798023224
4,11,13,-8.8525390625,-1.966699242591858,4.09130859375,19,-12,-13,-7.780664443969727,4.59375,0.01914062537252903
5,4,18,-8.976953506469727,-1.89013671875,4.301855564117432,40,-13,-18,-7.948144912719727,5.211035251617432,-0.25361329317092896
-13,-6,17,-8.9482421875,-1.72265625,4.01953125,32,-9,-14,-8.053418159484863,5.589062690734863,-0.540722668170929
-27,-14,11,-8.833398818969727,-1.9140625,3.8472657203674316,2,-4,-13,-8.2783203125,5.804394721984863,-0.6986328363418579
-29,-15,6,-8.54150390625,-1.9475586414337158,3.828125,-15,0,-11,-8.402734756469727,5.531640529632568,-0.803906261920929
-30,-13,7,-8.235254287719727,-1.9140625,3.9525392055511475,-14,-1,-9,-8.263964653015137,5.378515720367432,-0.8900390863418579
-24,-10,7,-8.0390625,-1.813574194908142,4.325781345367432,-4,-3,-6,-8.029492378234863,5.359375,-0.9761719107627869
-24,-6,1,-7.862011909484863,-1.789648413658142,4.431054592132568,-7,-7,-5,-7.933789253234863,5.522070407867432,-1.1580078601837158
-13,0,-5,-7.780664443969727,-2.03369140625,4.469336032867432,-7,-12,-4,-8.043848037719727,5.263671875,-1.2584961652755737
6,5,-13,-7.771093845367432,-2.0576171875,4.421484470367432,4,-18,3,-7.905078411102295,4.971777439117432,-1.320703148841858
15,10,-26,-8.03427791595459,-2.009765625,4.411914348602295,6,-21,2,-7.699316501617432,4.751660346984863,-1.272851586341858
22,14,-41,-9.201855659484863,-2.8041017055511475,4.407128810882568,5,-22,-5,-8.694628715515137,4.598535060882568,-1.0192383527755737
29,17,-27,-11.50351619720459,-3.4740235805511475,4.220508098602295,13,-20,-23,-11.31689453125,4.5458984375,-0.98095703125
-2,9,8,-10.254590034484863,-4.038671970367432,3.9142580032348633,45,-10,-33,-11.685351371765137,3.861621141433716,0.69384765625
-22,0,11,-7.158593654632568,-4.311425685882568,2.8998048305511475,73,-2,13,-8.508008003234863,3.541015625,2.1485352516174316
-26,-10,4,-6.8427734375,-4.7373046875,2.3399415016174316,-37,5,34,-8.005566596984863,4.115234375,2.904589891433716
-39,-12,1,-7.522265911102295,-5.033984661102295,2.0863282680511475,-91,2,17,-8.359667778015137,2.0767579078674316,2.966796875
-36,-10,3,-8.144335746765137,-5.569921970367432,1.693945288658142,-33,11,4,-8.60849666595459,1.818359375,3.430957078933716
-25,-5,2,-8.335741996765137,-5.254101753234863,1.4833984375,-50,17,-11,-8.34531307220459,2.8902344703674316,2.808886766433716
-29,5,-5,-8.101269721984863,-4.746875286102295,1.5168945789337158,-71,16,-26,-8.211328506469727,2.354296922683716,2.210742235183716
-16,16,-9,-7.8955078125,-4.876074314117432,1.789648413658142,-30,10,-30,-8.24960994720459,2.095898389816284,1.8518555164337158
1,24,-9,-8.08212947845459,-4.670312404632568,2.1820313930511475,13,1,-29,-8.388379096984863,2.4595704078674316,1.655664086341858
0,25,-9,-8.20175838470459,-4.622460842132568,2.3160157203674316,26,0,-24,-8.766406059265137,2.99072265625,1.6891602277755737
0,27,-3,-8.646777153015137,-4.684668064117432,2.5791993141174316,0,0,-18,-9.37890625,3.3783204555511475,1.670019507408142
13,29,0,-8.699414253234863,-4.818652629852295,3.0337891578674316,-8,-6,-6,-9.359766006469727,2.7945313453674316,1.464257836341858
34,22,-5,-8.326171875,-4.574609279632568,3.3448243141174316,23,-15,10,-9.125292778015137,2.4691407680511475,1.435546875
26,8,-5,-8.168261528015137,-4.057812690734863,3.22998046875,45,-16,19,-8.900390625,2.808886766433716,1.5456055402755737
-7,-4,7,-8.35009765625,-4.206152439117432,3.119921922683716,23,-8,17,-8.551074028015137,3.143847703933716,1.7130860090255737
-18,-12,14,-8.53671932220459,-4.622460842132568,3.0337891578674316,-15,0,8,-8.63242244720459,2.966796875,1.89013671875
-3,-17,11,-8.651562690734863,-4.52197265625,2.784960985183716,-19,-4,3,-8.79990291595459,2.3255860805511475,1.8853516578674316
5,-22,10,-8.5654296875,-4.201367378234863,2.545703172683716,14,-11,7,-8.771191596984863,2.2538087368011475,1.79443359375
1,-24,16,-8.522363662719727,-3.933398485183716,2.3160157203674316,21,-12,8,-8.7568359375,2.6270508766174316,1.8997070789337158
-9,-26,25,-8.41709041595459,-3.8807618618011475,2.1341798305511475,13,-7,6,-8.618066787719727,2.550488233566284,1.966699242591858
-16,-26,34,-8.407519340515137,-4.029101848602295,1.9571290016174316,7,-1,6,-8.32138729095459,2.622265577316284,2.383007764816284
-19,-25,38,-8.474512100219727,-4.172656536102295,1.818359375,0,1,5,-8.311816215515137,2.717968702316284,2.6988282203674316
-20,-23,35,-8.326171875,-4.268359661102295,1.6891602277755737,-4,1,9,-8.259180068969727,2.7562501430511475,2.89501953125
-23,-19,28,-8.29746150970459,-4.254004001617432,1.607812523841858,-11,2,15,-8.330957412719727,2.813671827316284,2.885449171066284
-30,-16,20,-8.053418159484863,-3.9764649868011475,1.74658203125,-16,4,22,-8.235254287719727,2.6126954555511475,2.7275390625
-33,-13,11,-8.646777153015137,-3.7515625953674316,1.7561523914337158,-9,7,27,-8.933886528015137,2.765820264816284,2.392578125
-28,-2,12,-10.201952934265137,-3.507519483566284,1.9619140625,8,12,25,-10.005762100219727,3.4453125,1.74658203125
-22,22,27,-11.977246284484863,-3.66064453125,2.5313477516174316,30,11,2,-11.28818416595459,4.670312404632568,1.12451171875
-16,49,25,-10.16367244720459,-3.1294922828674316,4.13916015625,25,-5,-23,-9.393261909484863,5.421582221984863,0.4019531309604645
23,59,-23,-7.675390720367432,-3.32568359375,4.196582317352295,33,-18,-25,-7.627539157867432,5.158398628234863,-0.09091796725988388
215,32,-65,-8.244824409484863,-2.646191358566284,6.029296875,67,-26,-8,-6.646582126617432,5.038769721984863,-0.708203136920929
159,-9,-70,-8.58457088470459,2.7562501430511475,8.101269721984863,69,-23,-3,-6.928906440734863,5.76611328125,-1.1005859375
-1,-7,-39,-8.6611328125,-0.564648449420929,4.962207317352295,33,-15,-14,-7.838086128234863,6.038867473602295,-1.502539038658142
0,-16,-9,-8.407519340515137,-1.2919921875,4.23486328125,11,-3,-15,-8.17783260345459,5.703906536102295,-1.55517578125
2,-27,3,-8.10605525970459,-1.2345703840255737,3.9190430641174316,8,9,0,-8.067773818969727,5.378515720367432,-1.3733398914337158
-29,-33,2,-8.263964653015137,-1.0431641340255737,3.6319336891174316,-10,21,6,-8.503222465515137,5.378515720367432,-1.024023413658142
-57,-28,5,-8.5654296875,-1.6891602277755737,3.158203125,-27,30,6,-8.862109184265137,4.794726848602295,-0.6747070550918579
-46,-16,17,-8.436230659484863,-2.354296922683716,3.08642578125,-23,37,8,-8.814257621765137,4.421484470367432,-0.12441406399011612
-21,-3,30,-8.551074028015137,-2.4691407680511475,3.0433595180511475,-45,40,3,-8.82861328125,4.5458984375,0.478515625
-13,8,34,-8.646777153015137,-2.330371141433716,2.976367235183716,-81,36,-1,-8.3740234375,3.981250047683716,1.009667992591858
-12,18,25,-8.809473037719727,-2.2920899391174316,3.2730469703674316,-64,21,-5,-8.029492378234863,3.143847703933716,1.081445336341858
-3,25,13,-8.89560604095459,-2.3160157203674316,3.6558594703674316,-2,4,-17,-8.20654296875,3.3017578125,1.0192383527755737
8,26,6,-9.120508193969727,-2.119824171066284,4.325781345367432,33,-9,-31,-8.723340034484863,4.072167873382568,0.74169921875
7,18,2,-8.909960746765137,-1.69873046875,5.163183689117432,38,-17,-32,-8.9482421875,4.574609279632568,0.4258789122104645
13,1,0,-8.44580078125,-1.574316382408142,5.282812595367432,28,-23,-22,-8.981738090515137,4.727734565734863,0.0478515625
-12,-8,6,-8.22568416595459,-1.382910132408142,4.813867092132568,21,-27,-9,-9.077441215515137,4.689453125,-0.20576171576976776
-19,-11,8,-8.211328506469727,-2.024121046066284,4.177441596984863,18,-29,-2,-8.94345760345459,4.699023723602295,-0.4258789122104645
-7,-8,0,-8.192187309265137,-1.918847680091858,3.9525392055511475,11,-30,-3,-8.618066787719727,4.694238185882568,-0.607714831829071
0,-3,-16,-7.890722751617432,-1.9762696027755737,3.9142580032348633,8,-32,-6,-8.455370903015137,4.6416015625,-0.679492175579071
7,0,-29,-7.747168064117432,-1.818359375,3.923828125,14,-33,-6,-8.412304878234863,4.560254096984863,-0.7943359613418579
8,4,-40,-7.933789253234863,-1.6748046875,4.115234375,22,-32,-4,-8.34531307220459,4.507617473602295,-0.870898425579071
18,7,-51,-8.24960994720459,-1.598242163658142,4.201367378234863,22,-29,-3,-8.134765625,4.440625190734863,-0.83740234375
29,17,-57,-9.56552791595459,-1.8087891340255737,4.531543254852295,15,-24,-7,-9.1875,4.335351467132568,-0.559863269329071
21,23,-20,-12.618456840515137,-2.87109375,4.7373046875,26,-9,-21,-12.6806640625,4.397558689117432,-0.732128918170929
-22,9,38,-10.0966796875,-4.268359661102295,4.56982421875,66,12,-15,-11.058496475219727,3.646289110183716,2.4452149868011475
-55,-9,44,-6.258984565734863,-4.177441596984863,2.87109375,54,21,44,-7.239941596984863,3.70849609375,3.1390626430511475
-62,-26,35,-6.325976848602295,-5.038769721984863,1.98583984375,-58,27,63,-6.924121379852295,3.622363328933716,3.2108399868011475
-70,-36,35,-8.73291015625,-5.507714748382568,1.8087891340255737,-88,31,41,-7.981640815734863,1.9762696027755737,3.37353515625
-77,-34,21,-9.130078315734863,-5.8857421875,1.1867188215255737,-68,45,21,-8.976953506469727,1.9810547828674316,4.493261814117432
-45,-14,-2,-7.995996475219727,-5.713476657867432,0.6220703125,-121,49,5,-8.665918350219727,2.3638672828674316,3.4883790016174316
-4,9,-15,-7.574902534484863,-5.225390911102295,0.83740234375,-129,35,-11,-8.32138729095459,1.4929687976837158,2.5648438930511475
24,26,-13,-7.890722751617432,-4.789941310882568,1.358984351158142,-49,8,-19,-8.579785346984863,0.9618164300918579,2.12939453125
40,33,-4,-8.670702934265137,-4.368847846984863,1.8040039539337158,48,-16,-18,-9.1875,1.526464819908142,1.6652344465255737
25,37,-2,-8.962597846984863,-3.813769578933716,2.067187547683716,85,-24,-9,-9.268847465515137,2.5409181118011475,1.464257836341858
13,42,-4,-9.18271541595459,-3.923828125,2.6031250953674316,52,-21,-9,-9.1875,3.18212890625,1.406835913658142
43,41,-7,-8.99609375,-3.9860353469848633,3.191699266433716,24,-15,-13,-8.713769912719727,2.784960985183716,1.1484375
64,30,-9,-8.58457088470459,-3.3448243141174316,3.56494140625,36,-11,-13,-8.531933784484863,2.6605470180511475,1.07666015625
34,13,0,-8.421875,-2.689257860183716,3.5697267055511475,55,-8,-13,-8.60849666595459,2.909374952316284,1.2106446027755737
-17,-2,19,-8.455370903015137,-2.9859375953674316,3.459667921066284,46,0,-14,-8.68505859375,3.316113233566284,1.5456055402755737
-32,-14,32,-8.665918350219727,-3.6845703125,3.3017578125,21,3,-10,-8.92431640625,3.172558546066284,2.17724609375
-19,-23,37,-8.953027725219727,-4.038671970367432,2.9620118141174316,16,0,-1,-9.024805068969727,2.808886766433716,3.005078077316284
-16,-31,33,-9.02001953125,-4.009961128234863,2.6031250953674316,18,-11,6,-8.713769912719727,2.7801759243011475,3.143847703933716
-29,-37,26,-8.8525390625,-4.062597751617432,2.201171875,19,-18,10,-8.244824409484863,2.832812547683716,2.6605470180511475
-48,-41,22,-8.68027400970459,-4.263574123382568,1.8518555164337158,12,-17,12,-8.08212947845459,2.689257860183716,2.354296922683716
-58,-44,14,-8.6611328125,-4.387988567352295,1.4977539777755737,14,-10,17,-7.957715034484863,2.7323243618011475,2.2920899391174316
-59,-43,-1,-8.316601753234863,-4.191796779632568,1.2106446027755737,2,0,22,-7.68017578125,2.7706055641174316,2.359081983566284
-52,-37,-14,-8.019922256469727,-3.8951172828674316,1.081445336341858,-14,10,25,-7.771093845367432,2.837597608566284,2.502636671066284
-39,-23,-13,-8.665918350219727,-3.7515625953674316,1.177148461341858,-34,20,23,-9.249707221984863,3.052929639816284,2.2490234375
-9,5,7,-12.22128963470459,-3.828125,1.512109398841858,-10,28,4,-12.637598037719727,3.789843797683716,1.368554711341858
6,54,34,-12.494043350219727,-3.119921922683716,4.206152439117432,10,7,-37,-11.65185546875,5.512500286102295,0.765625
-6,61,-4,-7.517480850219727,-2.46435546875,5.282812595367432,24,-6,-32,-7.790234565734863,4.995703220367432,-0.13398437201976776
102,62,-58,-6.861914157867432,-3.1294922828674316,3.9621095657348633,37,-13,-14,-6.412109375,5.297168254852295,-0.3158203065395355
165,48,-70,-8.0869140625,-1.033593773841858,5.555566310882568,3,-11,-14,-6.967187404632568,5.665625095367432,-0.46894532442092896
110,26,-49,-9.35498046875,1.2584961652755737,8.05820369720459,-30,-11,-21,-8.316601753234863,5.254101753234863,-0.8134765625
56,3,-12,-8.75205135345459,-1.143652319908142,5.608203411102295,-10,-12,-17,-8.981738090515137,4.694238185882568,-1.0048828125
49,-26,18,-8.000781059265137,-0.727343738079071,4.320996284484863,32,-9,2,-8.44580078125,4.651172161102295,-1.0048828125
-50,-43,33,-8.173047065734863,-0.25361329317092896,3.8185548782348633,39,1,17,-8.192187309265137,4.943066596984863,-0.875683605670929
-131,-48,29,-8.651562690734863,-1.5216797590255737,2.976367235183716,15,16,18,-8.689844131469727,4.789941310882568,-0.6029297113418579
-114,-37,23,-8.87646484375,-2.9141602516174316,2.856738328933716,-8,29,12,-8.914746284484863,4.359277248382568,-0.4258789122104645
-50,-19,25,-8.46494197845459,-3.0625,2.8998048305511475,-15,38,11,-8.689844131469727,4.105664253234863,0.02392578125
-9,-1,29,-8.58457088470459,-2.761035203933716,2.694042921066284,-40,42,7,-8.699414253234863,4.301855564117432,0.540722668170929
-5,13,30,-8.570215225219727,-2.5361328125,2.6509766578674316,-74,36,4,-8.354883193969727,3.8711915016174316,0.9905273914337158
-6,26,26,-8.92431640625,-2.70361328125,3.100781202316284,-70,21,1,-8.359667778015137,3.143847703933716,1.033593773841858
14,35,15,-8.97216796875,-2.761035203933716,3.7802734375,-12,2,-10,-8.574999809265137,2.9955079555511475,1.047949194908142
30,34,0,-8.962597846984863,-2.215527296066284,4.895215034484863,40,-14,-24,-8.890820503234863,3.598437547683716,0.74169921875
56,13,-11,-8.89560604095459,-1.7609375715255737,6.31640625,62,-24,-26,-8.981738090515137,4.297070503234863,0.3875976502895355
18,-8,-7,-8.474512100219727,-0.8421875238418579,5.632129192352295,42,-29,-20,-9.06308650970459,4.885644435882568,-0.02392578125
-25,-19,0,-8.173047065734863,-1.536035180091858,4.397558689117432,15,-28,-12,-8.84775447845459,4.966992378234863,-0.3158203065395355
-12,-20,-5,-8.211328506469727,-2.071972608566284,3.8233399391174316,0,-25,-5,-8.574999809265137,4.823437690734863,-0.6412109732627869
-4,-17,-18,-8.173047065734863,-1.741796851158142,3.828125,1,-25,-3,-8.354883193969727,4.651172161102295,-0.8804687857627869
-2,-11,-35,-7.943359375,-1.7130860090255737,3.6175782680511475,5,-25,-4,-8.354883193969727,4.655957221984863,-1.0670899152755737
3,-3,-49,-7.780664443969727,-1.6413086652755737,3.6989259719848633,8,-24,-6,-8.36923885345459,4.588964939117432,-1.167578101158142
13,5,-56,-7.675390720367432,-1.631738305091858,3.7611329555511475,7,-22,-5,-8.354883193969727,4.502831935882568,-1.0623047351837158
12,27,-49,-9.11093807220459,-2.4212892055511475,4.148730754852295,8,-20,-7,-9.54638671875,4.311425685882568,-0.779980480670929
58,44,-9,-12.068163871765137,-4.679883003234863,4.708593845367432,37,-13,-13,-12.695019721984863,4.01953125,-0.6172851920127869
47,34,26,-9.675585746765137,-5.053124904632568,4.651172161102295,95,4,5,-11.02978515625,3.340039014816284,2.143749952316284
13,11,25,-6.565234661102295,-4.61767578125,3.268261671066284,60,18,55,-7.579687595367432,3.933398485183716,2.904589891433716
-17,-10,19,-6.833203315734863,-4.866504192352295,2.808886766433716,-75,27,61,-7.192090034484863,3.526660203933716,3.311328172683716
-49,-21,14,-8.30224609375,-4.962207317352295,2.646191358566284,-94,24,38,-7.881152629852295,1.440332055091858,3.3543946743011475
-63,-21,9,-8.60849666595459,-5.187109470367432,2.2298829555511475,-45,31,19,-8.790331840515137,1.4020508527755737,4.488476753234863
-40,-14,0,-8.024706840515137,-5.091406345367432,1.813574194908142,-83,33,-2,-8.708984375,2.2203125953674316,3.622363328933716
-23,1,-4,-7.751953125,-4.756445407867432,1.69873046875,-89,19,-25,-8.479296684265137,1.69873046875,2.65576171875
-6,15,-1,-7.900293350219727,-4.756445407867432,2.0145509243011475,-18,-2,-33,-8.73291015625,1.3302735090255737,2.019335985183716
5,21,0,-8.330957412719727,-4.349707126617432,2.406933546066284,68,-21,-29,-8.938672065734863,1.8853516578674316,1.454687476158142
0,22,0,-8.574999809265137,-4.110449314117432,2.6844727993011475,94,-22,-19,-9.024805068969727,3.000293016433716,1.1580078601837158
-2,22,0,-8.747265815734863,-4.182226657867432,3.0098633766174316,49,-11,-22,-8.809473037719727,3.7037110328674316,1.2537109851837158
8,18,-1,-8.531933784484863,-4.143945217132568,3.3017578125,1,2,-27,-8.594141006469727,3.526660203933716,1.1962890625
14,9,-1,-7.900293350219727,-3.8472657203674316,3.335253953933716,-8,9,-24,-8.766406059265137,3.1103515625,1.2297852039337158
-10,1,6,-7.751953125,-3.765918016433716,3.148632764816284,6,9,-12,-9.120508193969727,3.0816407203674316,1.4977539777755737
-27,-5,16,-8.283105850219727,-4.1630859375,3.0098633766174316,-3,7,4,-9.335840225219727,3.244335889816284,1.8614258766174316
-26,-7,21,-8.49365234375,-4.507617473602295,2.775390625,-38,1,16,-9.359766006469727,2.5552735328674316,2.48828125
-11,-7,19,-8.63720703125,-4.694238185882568,2.5648438930511475,-35,-4,20,-9.053515434265137,1.8997070789337158,2.4356446266174316
0,-8,17,-8.53671932220459,-4.612890720367432,2.4117188453674316,-6,-11,15,-8.574999809265137,1.7322266101837158,2.186816453933716
-5,-11,13,-8.56064510345459,-4.3544921875,2.210742235183716,18,-16,9,-8.46494197845459,1.870996117591858,2.1246094703674316
-17,-13,10,-8.546289443969727,-4.349707126617432,2.1341798305511475,15,-12,6,-8.436230659484863,2.048046827316284,2.210742235183716
-21,-15,8,-8.364453315734863,-4.397558689117432,2.043261766433716,9,-8,4,-8.29746150970459,1.93798828125,2.306445360183716
-20,-17,9,-8.431445121765137,-4.306640625,2.000195264816284,16,-4,5,-8.173047065734863,1.9475586414337158,2.569628953933716
-27,-22,10,-8.364453315734863,-4.029101848602295,1.98583984375,19,1,7,-7.948144912719727,2.1006836891174316,2.813671827316284
-40,-28,12,-7.885937690734863,-3.909472703933716,1.8327149152755737,14,12,11,-7.651464939117432,2.450000047683716,2.84716796875
-46,-30,15,-8.2783203125,-3.8472657203674316,1.72265625,-12,26,13,-8.474512100219727,3.029003858566284,2.617480516433716
-50,-17,20,-10.80966854095459,-3.579296827316284,1.454687476158142,-32,31,0,-11.656641006469727,3.885546922683716,2.215527296066284
-56,21,28,-12.647168159484863,-3.598437547683716,2.593554735183716,-11,6,-18,-12.522753715515137,4.502831935882568,1.55517578125
-26,44,16,-10.28330135345459,-3.789843797683716,4.316211223602295,45,-25,-9,-9.465039253234863,4.057812690734863,0.12919922173023224
87,45,-22,-7.890722751617432,-3.7946290969848633,4.565039157867432,97,-39,7,-7.091601848602295,4.947851657867432,-0.48808595538139343
161,29,-65,-7.292578220367432,-1.765722632408142,4.129590034484863,69,-37,8,-6.067578315734863,5.842675685882568,-1.02880859375
101,12,-70,-7.972070693969727,0.16748046875,5.43115234375,16,-29,-2,-7.402637004852295,5.732617378234863,-1.454687476158142
62,1,-38,-9.168359756469727,-0.861328125,5.823535442352295,11,-21,-7,-8.900390625,5.306738376617432,-1.6365234851837158
64,-17,-1,-8.814257621765137,-0.74169921875,4.909570217132568,39,-13,5,-8.68505859375,4.80908203125,-1.550390601158142
-1,-34,19,-8.101269721984863,-0.36845704913139343,4.172656536102295,44,3,21,-8.043848037719727,4.933495998382568,-1.3781250715255737
-66,-47,27,-8.139551162719727,-1.2106446027755737,3.459667921066284,14,25,20,-8.378808975219727,5.00048828125,-0.95703125
-88,-46,33,-8.54150390625,-1.98583984375,3.095996141433716,-15,41,9,-8.63242244720459,4.722949504852295,-0.655566394329071
-88,-35,38,-8.460156440734863,-2.406933546066284,2.79931640625,-20,51,2,-8.713769912719727,4.507617473602295,-0.19619141519069672
-68,-18,43,-8.737695693969727,-2.885449171066284,2.717968702316284,-42,55,-7,-8.981738090515137,4.90478515625,0.46894532442092896
-33,-1,41,-8.503222465515137,-2.9715821743011475,2.60791015625,-82,49,-8,-8.517578125,4.469336032867432,1.081445336341858
-11,14,31,-8.771191596984863,-2.87109375,2.832812547683716,-83,32,-1,-8.24960994720459,3.603222608566284,1.31591796875
1,25,18,-8.866894721984863,-2.717968702316284,3.2491211891174316,-28,6,-4,-8.335741996765137,3.411816358566284,1.239355444908142
9,32,3,-8.866894721984863,-2.56005859375,3.8185548782348633,25,-19,-15,-8.651562690734863,3.923828125,1.0910156965255737
12,30,-8,-8.814257621765137,-1.990625023841858,5.660840034484863,65,-41,-18,-8.838183403015137,4.435840129852295,0.5311523675918579
29,12,-14,-8.503222465515137,-2.1102540493011475,6.948047161102295,75,-54,-11,-8.8525390625,5.043554782867432,-0.04306640848517418
26,-6,-8,-7.924219131469727,-1.5886719226837158,5.732617378234863,61,-56,-2,-8.713769912719727,5.297168254852295,-0.57421875
0,-14,1,-7.885937690734863,-1.7561523914337158,4.718163967132568,38,-52,0,-8.603711128234863,5.368945598602295,-0.9043945670127869
0,-15,-8,-7.8955078125,-2.03369140625,4.191796779632568,25,-47,-1,-8.378808975219727,5.105762004852295,-1.153222680091858
-2,-11,-26,-7.876367568969727,-2.1246094703674316,3.7994141578674316,21,-42,-5,-8.168261528015137,4.9287109375,-1.17236328125
5,-2,-41,-8.05820369720459,-2.2203125953674316,3.6845703125,18,-36,-11,-7.857226848602295,4.751660346984863,-1.119726538658142
16,9,-50,-8.421875,-2.406933546066284,3.9764649868011475,13,-29,-18,-7.84765625,4.59375,-0.9905273914337158
35,18,-53,-9.30712890625,-2.8280274868011475,4.13916015625,12,-21,-27,-8.455370903015137,4.464550971984863,-0.779980480670929
48,22,-17,-11.83847713470459,-3.3208985328674316,4.42626953125,36,2,-51,-11.632715225219727,4.813867092132568,-0.875683605670929
3,11,26,-8.723340034484863,-3.27783203125,4.153515815734863,74,25,-41,-9.666015625,3.9286134243011475,1.7322266101837158
-46,-1,41,-6.7470703125,-4.038671970367432,3.0433595180511475,33,48,5,-7.263867378234863,4.981347560882568,2.79931640625
-46,-10,39,-7.3212890625,-5.402441501617432,2.5552735328674316,-118,54,24,-7.914648532867432,4.411914348602295,3.3687500953674316
-29,-11,27,-8.570215225219727,-5.8857421875,2.3973634243011475,-149,49,31,-9.44589900970459,2.526562452316284,4.057812690734863
-16,-4,5,-8.120409965515137,-5.67041015625,1.9571290016174316,-141,31,40,-10.3359375,1.0048828125,5.545996189117432
-8,5,-10,-7.58447265625,-5.292382717132568,1.741796851158142,-77,15,36,-8.651562690734863,1.5216797590255737,2.837597608566284
0,14,-15,-7.876367568969727,-4.85693359375,2.009765625,-57,0,11,-7.924219131469727,1.8518555164337158,2.095898389816284
1,20,-16,-8.354883193969727,-4.349707126617432,2.330371141433716,0,-11,-7,-8.01513671875,1.6125977039337158,1.8375000953674316
-2,25,-18,-8.61328125,-4.029101848602295,2.574414014816284,50,-17,-14,-8.479296684265137,2.402148485183716,1.3254883289337158
10,31,-19,-9.024805068969727,-4.024316310882568,2.8758790493011475,40,-14,-21,-9.35019588470459,3.119921922683716,1.119726538658142
35,35,-14,-9.130078315734863,-3.7515625953674316,3.3783204555511475,19,-13,-24,-9.632519721984863,3.08642578125,0.995312511920929
44,28,-7,-8.187402725219727,-3.22998046875,3.5936524868011475,24,-13,-14,-9.077441215515137,2.689257860183716,0.8134765625
28,14,4,-7.732812881469727,-2.94287109375,3.459667921066284,49,-12,-5,-8.718554496765137,2.7083985805511475,0.98095703125
-8,0,27,-8.2783203125,-3.172558546066284,3.268261671066284,51,-5,-8,-8.546289443969727,3.1294922828674316,1.3254883289337158
-38,-8,45,-8.976953506469727,-3.6558594703674316,3.1629884243011475,33,2,-14,-8.8046875,3.1534180641174316,1.7561523914337158
-37,-16,43,-9.25927734375,-4.2587890625,2.976367235183716,12,4,-16,-8.833398818969727,3.0194337368011475,2.17724609375
-12,-24,26,-9.30234432220459,-4.325781345367432,2.6749024391174316,9,1,-10,-8.41709041595459,2.741894483566284,2.4691407680511475
-14,-31,10,-9.06308650970459,-3.9525392055511475,2.3016602993011475,13,-6,-6,-8.508008003234863,2.94287109375,2.966796875
-29,-33,5,-8.761621475219727,-3.9525392055511475,1.966699242591858,20,-14,0,-8.56064510345459,2.981152296066284,3.000293016433716
-35,-32,7,-8.51279354095459,-3.9716796875,1.7561523914337158,17,-13,8,-8.383593559265137,2.99072265625,2.6509766578674316
-30,-30,9,-8.41709041595459,-3.9286134243011475,1.7130860090255737,3,-6,17,-8.173047065734863,3.119921922683716,2.234668016433716
-32,-27,11,-8.17783260345459,-3.6893556118011475,1.717871069908142,-22,2,25,-8.134765625,2.952441453933716,2.17724609375
-37,-27,11,-7.943359375,-3.483593702316284,1.6891602277755737,-26,9,35,-8.01035213470459,2.6605470180511475,2.08154296875
-37,-25,14,-8.508008003234863,-3.3974609375,1.646093726158142,-25,20,44,-8.694628715515137,2.9715821743011475,1.9619140625
-30,-12,23,-9.843066215515137,-3.383105516433716,1.607812523841858,-30,29,37,-9.938769340515137,3.5697267055511475,1.464257836341858
-28,16,41,-11.273828506469727,-3.363964796066284,2.258593797683716,-29,29,7,-11.111132621765137,4.268359661102295,0.9091796875
-26,52,49,-10.49863338470459,-3.5218751430511475,3.94775390625,-22,10,-22,-10.25937557220459,4.852148532867432,0.34453126788139343
26,60,8,-8.24960994720459,-3.2347657680511475,4.900000095367432,4,-7,-25,-8.39316463470459,4.718163967132568,-0.30146485567092896
130,49,-52,-8.517578125,-3.8807618618011475,5.278027534484863,43,-19,-12,-7.311718940734863,4.885644435882568,-0.8421875238418579
168,7,-88,-8.75205135345459,1.6748046875,8.914746284484863,52,-21,-9,-7.086816310882568,5.359375,-1.129296898841858
14,-8,-67,-8.292675971984863,-0.05742187798023224,5.904882907867432,47,-15,-15,-7.814160346984863,5.512500286102295,-1.574316382408142
25,-19,-26,-7.948144912719727,-1.7370117902755737,4.062597751617432,43,-3,-10,-8.220898628234863,5.517285346984863,-1.607812523841858
25,-30,2,-7.96728515625,-0.8134765625,3.9621095657348633,29,7,1,-8.15869140625,5.421582221984863,-1.440332055091858
-49,-35,5,-8.359667778015137,-0.6412109732627869,3.6080079078674316,-1,22,8,-8.627636909484863,5.364160060882568,-1.105371117591858
-77,-29,1,-8.708984375,-1.9092774391174316,3.024218797683716,-17,33,14,-9.024805068969727,4.847363471984863,-0.6747070550918579
-36,-18,14,-8.627636909484863,-2.545703172683716,3.172558546066284,-11,39,21,-8.7568359375,4.837792873382568,-0.2583984434604645
-20,-7,30,-8.388379096984863,-2.1246094703674316,3.029003858566284,-25,45,20,-8.570215225219727,5.081836223602295,0.24404297769069672
-29,2,41,-8.603711128234863,-2.263378858566284,2.8998048305511475,-61,46,14,-8.30224609375,5.091406345367432,0.588574230670929
-25,14,46,-8.790331840515137,-2.6270508766174316,3.56494140625,-74,35,13,-8.0390625,4.435840129852295,0.57421875
0,17,35,-9.106152534484863,-2.6509766578674316,4.416699409484863,-37,20,7,-8.196972846984863,4.249218940734863,0.12919922173023224
17,9,12,-9.106152534484863,-1.966699242591858,5.153613567352295,-4,5,-8,-8.15390682220459,4.608105659484863,-0.34931641817092896
-8,-7,-2,-8.742480278015137,-1.33984375,5.397656440734863,-1,0,-20,-8.019922256469727,5.115332126617432,-0.8804687857627869
-43,-22,-4,-8.096484184265137,-1.60302734375,5.14404296875,-9,-2,-22,-7.866796970367432,5.163183689117432,-1.2106446027755737
-39,-26,-3,-7.771093845367432,-2.1006836891174316,4.9287109375,-4,-7,-20,-7.976855754852295,5.225390911102295,-1.4977539777755737
-13,-20,-3,-7.795019626617432,-2.1485352516174316,4.775586128234863,5,-12,-18,-7.943359375,5.258886814117432,-1.5647461414337158
4,-10,-8,-7.53662109375,-2.201171875,4.699023723602295,13,-16,-18,-8.06298828125,5.38330078125,-1.6748046875
27,-1,-17,-7.412207126617432,-2.1724610328674316,4.742089748382568,18,-19,-14,-7.972070693969727,5.282812595367432,-1.7130860090255737
35,3,-30,-7.579687595367432,-2.024121046066284,5.091406345367432,24,-21,-9,-7.957715034484863,5.16796875,-1.670019507408142
44,4,-48,-8.077343940734863,-2.215527296066284,5.349804878234863,29,-24,-8,-8.08212947845459,5.033984661102295,-1.41162109375
38,6,-60,-9.45068359375,-2.717968702316284,5.450293064117432,33,-31,-8,-9.201855659484863,4.794726848602295,-0.93310546875
35,7,-39,-11.69492244720459,-3.56494140625,5.28759765625,37,-34,-21,-12.240429878234863,4.588964939117432,-0.7177734375
-6,0,-3,-8.914746284484863,-3.9142580032348633,4.871289253234863,65,-23,-29,-11.690136909484863,3.6175782680511475,1.191503882408142
-31,-8,5,-5.986230373382568,-4.794726848602295,3.5601563453674316,34,-2,24,-7.780664443969727,3.7994141578674316,2.8663086891174316
-26,-17,10,-5.890527248382568,-5.124902248382568,2.8041017055511475,-114,2,52,-7.239941596984863,3.454882860183716,2.813671827316284
-46,-18,11,-7.574902534484863,-4.957421779632568,2.4930665493011475,-118,-11,39,-7.96728515625,0.9043945670127869,2.287304639816284
-61,-10,8,-8.479296684265137,-5.455078125,2.1006836891174316,9,-15,18,-8.503222465515137,0.93310546875,2.2681641578674316
-41,7,0,-7.6083984375,-5.555566310882568,1.7609375715255737,35,-7,-5,-8.421875,2.6988282203674316,2.12939453125
-6,28,-1,-7.038964748382568,-5.43115234375,2.0528321266174316,-15,-1,-19,-8.508008003234863,2.976367235183716,1.8853516578674316
28,43,1,-7.2734375,-5.234961032867432,2.3877930641174316,-32,-2,-19,-9.173144340515137,2.598339796066284,1.5934571027755737
43,47,0,-8.072558403015137,-5.139257907867432,3.1390626430511475,-2,-11,-11,-9.40283203125,2.282519578933716,1.31591796875
34,45,-5,-8.651562690734863,-4.588964939117432,3.6893556118011475,39,-14,-8,-9.30712890625,2.60791015625,1.382910132408142
14,39,-12,-8.718554496765137,-4.316211223602295,4.297070503234863,44,-8,-12,-8.737695693969727,3.2060546875,1.4690430164337158
14,25,-14,-8.163476943969727,-4.206152439117432,4.560254096984863,22,0,-18,-7.909863471984863,3.18212890625,1.679589867591858
12,8,-11,-7.503125190734863,-3.7802734375,4.230078220367432,14,9,-24,-7.938574314117432,3.287402391433716,2.0289063453674316
-13,-2,6,-7.751953125,-4.014746189117432,3.9381837844848633,-3,9,-34,-9.005663871765137,3.5123047828674316,2.392578125
-28,-8,21,-7.885937690734863,-4.627246379852295,3.4261720180511475,-14,-3,-24,-9.651659965515137,2.99072265625,2.808886766433716
-16,-11,22,-8.46494197845459,-4.971777439117432,3.143847703933716,11,-18,6,-9.536816596984863,2.32080078125,2.75146484375
-9,-15,20,-8.44580078125,-4.56982421875,2.9189453125,27,-27,25,-8.450586318969727,2.5887696743011475,2.4930665493011475
-19,-20,23,-8.39794921875,-4.287499904632568,2.550488233566284,26,-25,27,-7.665820598602295,2.5169923305511475,2.402148485183716
-24,-24,34,-8.431445121765137,-4.359277248382568,2.478710889816284,25,-14,20,-7.4169921875,2.6844727993011475,2.3016602993011475
-27,-26,41,-8.436230659484863,-4.340137004852295,2.296875,5,0,13,-7.589258193969727,2.8663086891174316,2.201171875
-29,-28,41,-8.383593559265137,-4.340137004852295,2.210742235183716,-14,13,14,-7.9912109375,2.8280274868011475,2.3160157203674316
-29,-30,33,-8.316601753234863,-4.110449314117432,1.9954102039337158,-29,22,21,-8.359667778015137,2.737109422683716,2.402148485183716
-36,-30,23,-8.402734756469727,-3.7228517532348633,1.8853516578674316,-28,28,35,-8.953027725219727,2.717968702316284,2.383007764816284
-40,-21,21,-9.847851753234863,-3.670214891433716,1.5168945789337158,-10,28,37,-10.52255916595459,3.407031297683716,1.918847680091858
-35,10,33,-12.025097846984863,-3.8185548782348633,1.8518555164337158,30,17,8,-11.4365234375,4.957421779632568,1.071874976158142
-24,49,27,-10.59433650970459,-3.526660203933716,3.7372071743011475,43,1,-8,-9.42197322845459,5.962304592132568,0.009570312686264515
31,58,-21,-7.412207126617432,-3.124706983566284,4.273144721984863,44,-4,0,-6.9384765625,5.756543159484863,-0.6412109732627869
126,55,-70,-7.766308784484863,-2.933300733566284,3.89990234375,58,-3,10,-6.038867473602295,5.665625095367432,-1.129296898841858
152,36,-88,-9.11093807220459,-0.3875976502895355,6.235058784484863,28,-2,-1,-6.766211032867432,6.321191310882568,-1.1580078601837158
117,10,-77,-9.728222846984863,1.358984351158142,6.814062595367432,7,-4,-13,-7.96728515625,5.818749904632568,-1.45947265625
74,-9,-27,-8.39316463470459,-0.26318359375,4.670312404632568,22,-6,-8,-8.35009765625,5.498144626617432,-1.3254883289337158
23,-26,20,-7.550976753234863,0.10048828274011612,4.115234375,29,-3,6,-8.053418159484863,5.52685546875,-1.2824219465255737
-73,-36,45,-8.0869140625,-0.4593750238418579,3.7802734375,8,4,6,-8.091699600219727,5.565136909484863,-0.947460949420929
-105,-38,45,-8.91953182220459,-1.8614258766174316,3.27783203125,-11,10,2,-8.32138729095459,5.268456935882568,-0.751269519329071
-66,-27,36,-9.077441215515137,-2.5169923305511475,3.1534180641174316,-9,14,5,-8.220898628234863,4.943066596984863,-0.6220703125
-17,-14,32,-8.9482421875,-2.5169923305511475,3.268261671066284,-15,17,2,-8.01513671875,5.077050685882568,-0.512011706829071
0,-4,29,-8.7568359375,-2.1724610328674316,2.976367235183716,-21,20,-4,-7.96728515625,5.014843940734863,-0.32539063692092896
-13,4,25,-8.598925590515137,-1.9619140625,3.000293016433716,-18,16,-3,-7.780664443969727,4.986133098602295,-0.20576171576976776
-26,16,20,-8.675488471984863,-2.17724609375,3.363964796066284,-8,8,-1,-7.828516006469727,4.9765625,-0.17226563394069672
-2,28,13,-8.713769912719727,-2.36865234375,4.014746189117432,8,-1,-4,-7.9912109375,5.249316692352295,-0.287109375
27,32,2,-8.723340034484863,-1.894921898841858,4.962207317352295,18,-8,-6,-8.053418159484863,5.498144626617432,-0.5215820670127869
32,23,-4,-8.699414253234863,-1.335058569908142,5.713476657867432,19,-12,-2,-8.2783203125,5.732617378234863,-0.7847656607627869
29,6,-1,-8.268750190734863,-1.2919921875,5.593847751617432,9,-13,-1,-8.287890434265137,5.737402439117432,-1.047949194908142
5,-8,0,-7.995996475219727,-0.9139648675918579,5.196679592132568,3,-13,-1,-8.17783260345459,5.651269435882568,-1.1962890625
-7,-20,-6,-8.06298828125,-1.3063477277755737,4.536328315734863,-1,-11,-3,-7.885937690734863,5.617773532867432,-1.272851586341858
-15,-24,-21,-8.120409965515137,-1.1867188215255737,4.220508098602295,-5,-10,-8,-7.852441787719727,5.62255859375,-1.22021484375
-20,-22,-36,-8.01035213470459,-1.2297852039337158,3.861621141433716,-4,-14,-14,-7.924219131469727,5.612988471984863,-1.17236328125
1,-15,-44,-7.890722751617432,-0.8182617425918579,4.029101848602295,1,-18,-17,-8.01513671875,5.636914253234863,-1.12451171875
4,-10,-44,-8.402734756469727,-0.9426758289337158,4.005176067352295,-5,-21,-21,-7.986425876617432,5.660840034484863,-0.8134765625
-8,4,-52,-9.92919921875,-1.9044922590255737,4.478906154632568,-18,-29,-22,-8.39794921875,5.220605373382568,-0.44501954317092896
8,18,-32,-11.470019340515137,-3.08642578125,4.981347560882568,6,-36,-21,-10.637402534484863,4.550683498382568,-0.564648449420929
-4,19,11,-9.871777534484863,-3.483593702316284,4.742089748382568,62,-26,-14,-11.7236328125,4.13916015625,0.08613281697034836
-23,7,33,-6.14892578125,-4.201367378234863,3.335253953933716,81,-15,24,-8.785547256469727,3.813769578933716,1.50732421875
-7,1,41,-5.991015911102295,-5.76611328125,3.0194337368011475,-4,-3,49,-7.579687595367432,4.129590034484863,2.51220703125
4,-3,35,-7.565332412719727,-6.29248046875,3.0672852993011475,-89,-4,36,-7.981640815734863,2.4930665493011475,3.215625047683716
3,-9,14,-8.641992568969727,-6.325976848602295,2.8041017055511475,-34,-3,11,-8.043848037719727,1.191503882408142,3.3783204555511475
-16,-11,-12,-8.44101619720459,-5.675195217132568,2.6031250953674316,1,5,-14,-7.9912109375,2.3399415016174316,3.4453125
-43,-4,-33,-7.84765625,-5.177539348602295,2.3160157203674316,-44,13,-36,-8.11083984375,2.9237306118011475,3.0337891578674316
-45,7,-39,-7.455273628234863,-5.0244140625,2.4356446266174316,-53,13,-47,-8.58935546875,2.406933546066284,2.5409181118011475
-15,17,-32,-7.565332412719727,-5.081836223602295,2.79931640625,-11,4,-41,-8.819043159484863,2.359081983566284,2.27294921875
9,20,-22,-8.053418159484863,-4.555469036102295,3.0672852993011475,11,-4,-26,-8.77597713470459,2.8041017055511475,2.263378858566284
0,21,-14,-8.527148246765137,-4.2587890625,3.430957078933716,9,-7,-16,-8.551074028015137,3.0146484375,2.162890672683716
0,20,-12,-8.316601753234863,-4.411914348602295,3.6654298305511475,10,-8,-12,-8.44101619720459,2.9380860328674316,2.043261766433716
11,17,-6,-7.795019626617432,-4.416699409484863,3.7850587368011475,16,-7,-8,-8.603711128234863,3.005078077316284,1.9714844226837158
12,11,6,-7.785449504852295,-4.2587890625,3.7994141578674316,22,-7,0,-8.8046875,2.9715821743011475,1.966699242591858
-2,1,17,-7.995996475219727,-4.387988567352295,3.694140672683716,21,-6,8,-8.766406059265137,2.966796875,2.1102540493011475
-20,-7,20,-8.163476943969727,-4.536328315734863,3.3448243141174316,10,-2,12,-8.484082221984863,2.880664110183716,2.27294921875
-29,-13,22,-8.29746150970459,-4.861718654632568,2.981152296066284,-8,1,8,-8.48886775970459,2.8423829078674316,2.545703172683716
-25,-15,23,-8.283105850219727,-4.885644435882568,2.7466797828674316,-13,2,4,-8.41709041595459,2.450000047683716,2.665332078933716
-21,-15,23,-8.120409965515137,-4.804296970367432,2.5313477516174316,0,0,6,-8.359667778015137,2.354296922683716,2.7275390625
-23,-15,24,-8.0869140625,-4.727734565734863,2.392578125,2,0,8,-8.39316463470459,2.3877930641174316,2.813671827316284
-25,-17,25,-7.986425876617432,-4.78515625,2.3447265625,1,0,10,-8.383593559265137,2.3877930641174316,2.928515672683716
-24,-17,29,-7.790234565734863,-4.909570217132568,2.186816453933716,-4,0,12,-8.268750190734863,2.3638672828674316,3.076855421066284
-19,-16,33,-7.689746379852295,-4.9765625,2.1006836891174316,-8,1,16,-8.091699600219727,2.3447265625,3.095996141433716
-17,-15,35,-7.684961318969727,-4.9287109375,2.115039110183716,-8,2,21,-7.96728515625,2.27294921875,3.0337891578674316
-17,-14,34,-7.747168064117432,-4.789941310882568,2.115039110183716,0,5,30,-8.259180068969727,2.3399415016174316,2.7706055641174316
-20,-13,26,-9.25449275970459,-4.297070503234863,2.287304639816284,12,18,39,-9.862207412719727,3.3448243141174316,2.2777345180511475
-18,-2,17,-11.60400390625,-3.75634765625,2.2298829555511475,-29,30,16,-11.618359565734863,5.019629001617432,1.526464819908142
-28,28,17,-12.809863090515137,-3.70849609375,3.215625047683716,-56,19,-19,-11.24033260345459,4.957421779632568,0.9761719107627869
-10,41,-16,-9.244921684265137,-3.311328172683716,4.478906154632568,-6,1,-25,-7.68017578125,4.364062786102295,0.24882812798023224
69,38,-82,-7.067676067352295,-2.6318359375,4.387988567352295,52,-13,-17,-5.684765815734863,4.85693359375,-0.16269531846046448
113,28,-108,-7.235156536102295,-0.6220703125,5.498144626617432,63,-14,-13,-6.560449123382568,6.05322265625,-0.6747070550918579
87,20,-66,-8.36923885345459,-0.23447266221046448,6.751855373382568,29,-13,-16,-8.622851371765137,6.115429878234863,-1.0192383527755737
89,7,-5,-8.24960994720459,-1.07666015625,5.201465129852295,38,-10,-1,-9.005663871765137,5.258886814117432,-0.95703125
61,-11,34,-8.0390625,-0.287109375,4.249218940734863,67,-6,16,-8.0390625,4.828222751617432,-0.870898425579071
-39,-24,49,-8.431445121765137,-0.37324219942092896,3.8903322219848633,44,9,14,-7.804590225219727,5.1201171875,-0.516796886920929
-100,-30,50,-8.957812309265137,-1.7561523914337158,3.2108399868011475,2,24,-2,-8.484082221984863,4.847363471984863,-0.10527344048023224
-88,-25,45,-8.99130916595459,-2.6844727993011475,2.9859375953674316,-8,29,-7,-8.68505859375,4.531543254852295,0.17705078423023224
-47,-13,43,-9.005663871765137,-2.904589891433716,2.8902344703674316,5,28,1,-8.517578125,4.646386623382568,0.27275392413139343
-15,0,40,-9.024805068969727,-2.808886766433716,2.808886766433716,-10,25,0,-8.216113090515137,5.072265625,0.5215820670127869
-2,10,31,-8.814257621765137,-2.665332078933716,2.8998048305511475,-22,19,0,-7.905078411102295,4.818652629852295,0.5933594107627869
3,18,18,-8.886034965515137,-2.545703172683716,3.27783203125,-16,8,0,-7.905078411102295,4.823437690734863,0.3636718690395355
8,23,3,-9.010449409484863,-2.3734376430511475,3.813769578933716,-3,1,1,-8.019922256469727,5.139257907867432,0.095703125
24,22,-14,-8.87646484375,-2.1533203125,4.37841796875,-13,-3,1,-8.359667778015137,5.388085842132568,-0.20097656548023224
41,14,-28,-8.842968940734863,-1.6843750476837158,5.474218845367432,-13,-9,2,-8.551074028015137,5.163183689117432,-0.3875976502895355
61,-1,-26,-8.412304878234863,-0.765625,5.703906536102295,-7,-14,4,-8.498437881469727,5.086621284484863,-0.588574230670929
22,-12,-10,-7.948144912719727,-0.583789050579071,4.966992378234863,-1,-16,4,-8.316601753234863,5.038769721984863,-0.7369140982627869
1,-20,0,-7.91943359375,-0.88525390625,4.421484470367432,2,-18,3,-8.20654296875,5.100976467132568,-0.93310546875
-12,-22,-2,-8.144335746765137,-1.02880859375,4.37841796875,6,-19,0,-8.22568416595459,5.249316692352295,-1.057519555091858
-17,-19,-16,-7.957715034484863,-1.2584961652755737,4.057812690734863,10,-21,-5,-8.043848037719727,5.416797161102295,-1.0623047351837158
-12,-12,-33,-7.771093845367432,-1.3972656726837158,3.8233399391174316,9,-25,-10,-7.972070693969727,5.412011623382568,-1.1005859375
1,1,-46,-7.943359375,-1.526464819908142,3.923828125,17,-29,-11,-8.27353572845459,5.172753810882568,-1.057519555091858
3,17,-58,-8.25439453125,-1.6365234851837158,4.0673828125,28,-36,-11,-8.53671932220459,4.880859375,-0.8182617425918579
21,33,-51,-10.675683975219727,-2.9380860328674316,4.708593845367432,44,-43,-16,-10.16845703125,4.732519626617432,-0.6890625357627869
44,32,-13,-11.31210994720459,-3.387890577316284,4.866504192352295,71,-34,-25,-11.26904296875,4.37841796875,-0.24882812798023224
7,13,33,-8.54150390625,-4.000390529632568,4.368847846984863,90,-6,-22,-10.16845703125,4.435840129852295,1.89013671875
-28,-3,55,-5.880957126617432,-5.100976467132568,3.2730469703674316,17,14,8,-7.311718940734863,4.387988567352295,3.124706983566284
-49,-14,46,-6.445605754852295,-5.876172065734863,2.569628953933716,-79,21,29,-6.570019721984863,2.9141602516174316,3.0433595180511475
-51,-17,16,-8.196972846984863,-6.708789348602295,2.406933546066284,-64,31,14,-7.517480850219727,2.019335985183716,3.052929639816284
-34,-14,-13,-8.723340034484863,-6.2685546875,2.019335985183716,-56,42,-17,-8.79990291595459,2.7706055641174316,4.263574123382568
-35,-5,-32,-8.0390625,-5.306738376617432,1.8040039539337158,-98,38,-27,-8.694628715515137,2.813671827316284,3.311328172683716
-38,9,-37,-7.694531440734863,-4.923925876617432,1.823144555091858,-98,24,-24,-8.713769912719727,1.9332032203674316,2.22509765625
-15,23,-27,-7.684961318969727,-4.756445407867432,2.186816453933716,-25,2,-18,-8.790331840515137,1.488183617591858,2.119824171066284
14,32,-10,-7.933789253234863,-4.469336032867432,2.502636671066284,41,-13,-11,-8.833398818969727,2.2442383766174316,1.5456055402755737
24,37,4,-8.527148246765137,-4.196582317352295,2.8902344703674316,45,-19,-11,-9.23056697845459,3.072070360183716,1.33984375
19,35,13,-8.84775447845459,-4.268359661102295,3.3543946743011475,22,-17,-9,-9.316699028015137,3.0912110805511475,1.287207007408142
22,25,8,-8.388379096984863,-4.134375095367432,3.5936524868011475,13,-12,-1,-8.9482421875,2.8232421875,1.2919921875
6,11,7,-7.924219131469727,-3.837695360183716,3.6319336891174316,21,-9,4,-8.60849666595459,2.65576171875,1.416406273841858
-18,-2,20,-8.196972846984863,-4.23486328125,3.550585985183716,17,-6,3,-8.809473037719727,2.8902344703674316,1.775292992591858
-27,-12,31,-8.579785346984863,-4.718163967132568,3.37353515625,-1,-4,2,-9.02001953125,2.7706055641174316,2.1820313930511475
-23,-18,27,-8.675488471984863,-5.0244140625,3.0337891578674316,-13,-7,6,-8.862109184265137,2.430859327316284,2.48828125
-14,-23,15,-8.503222465515137,-5.09619140625,2.7466797828674316,-3,-15,9,-8.689844131469727,2.0145509243011475,2.5169923305511475
-12,-27,7,-8.316601753234863,-5.1201171875,2.48828125,17,-20,9,-8.58457088470459,2.03369140625,2.5313477516174316
-16,-31,4,-8.15869140625,-5.029199123382568,2.3016602993011475,20,-19,9,-8.359667778015137,2.27294921875,2.545703172683716
-21,-34,4,-8.168261528015137,-4.9287109375,2.1006836891174316,8,-13,10,-8.091699600219727,2.36865234375,2.670117139816284
-29,-35,4,-7.995996475219727,-4.746875286102295,1.9284180402755737,1,-6,13,-7.82373046875,2.2920899391174316,2.7323243618011475
-29,-33,6,-7.72802734375,-4.6416015625,1.775292992591858,-7,2,17,-7.718457221984863,2.478710889816284,2.84716796875
-24,-28,11,-7.507910251617432,-4.407128810882568,1.7370117902755737,-20,11,23,-7.795019626617432,2.4595704078674316,2.880664110183716
-11,-18,16,-7.699316501617432,-4.454980373382568,1.7609375715255737,23,23,50,-8.957812309265137,2.952441453933716,2.832812547683716
37,2,26,-10.0966796875,-4.397558689117432,2.258593797683716,27,33,57,-10.967577934265137,6.799706935882568,1.8805664777755737
42,33,36,-11.876757621765137,-3.220410108566284,3.27783203125,-46,18,34,-11.541796684265137,7.976855754852295,0.9043945670127869
3,53,25,-10.59912109375,-2.79931640625,4.95263671875,-26,-8,39,-8.833398818969727,6.488671779632568,0.3349609375
6,47,-21,-8.579785346984863,-2.670117139816284,4.775586128234863,20,-25,46,-6.5078125,6.302051067352295,-0.20576171576976776
61,34,-70,-7.63232421875,-2.330371141433716,4.512402534484863,37,-26,52,-4.880859375,5.455078125,-0.516796886920929
78,19,-86,-7.761523723602295,-0.21054688096046448,6.278125286102295,39,-17,40,-4.670312404632568,5.440722942352295,-0.46894532442092896
79,16,-67,-8.646777153015137,-0.41630861163139343,6.727929592132568,26,-9,-1,-5.732617378234863,5.971875190734863,-0.6747070550918579
116,3,-24,-8.41709041595459,-1.201074242591858,4.555469036102295,42,-3,-35,-6.637012004852295,6.1728515625,-0.894824206829071
58,-17,19,-7.948144912719727,0.18183593451976776,4.115234375,62,6,-45,-6.780566692352295,6.526953220367432,-0.9905273914337158
-63,-34,41,-8.4697265625,-0.2392578125,3.622363328933716,39,20,-49,-7.335644721984863,7.144238471984863,-0.3875976502895355
-128,-41,40,-8.84775447845459,-1.526464819908142,3.0672852993011475,-16,28,-49,-8.029492378234863,6.904980659484863,0.13876953721046448
-113,-29,32,-8.68027400970459,-2.5361328125,2.981152296066284,-13,22,-33,-8.072558403015137,5.732617378234863,0.40673828125
-50,-9,38,-8.718554496765137,-3.0625,3.239550828933716,29,12,-19,-7.814160346984863,5.90966796875,0.2918945252895355
2,6,47,-8.618066787719727,-2.665332078933716,3.191699266433716,22,8,-17,-7.598828315734863,6.512597560882568,0.22968751192092896
9,15,46,-8.63242244720459,-2.186816453933716,3.2347657680511475,-10,8,-13,-7.651464939117432,6.407324314117432,0.22490234673023224
-4,20,38,-8.905176162719727,-2.071972608566284,3.646289110183716,-20,2,-5,-7.84765625,5.914453029632568,0.11962890625
-12,23,24,-9.053515434265137,-2.1246094703674316,4.23486328125,-7,-8,0,-8.053418159484863,5.55078125,-0.02871093899011612
-6,21,10,-8.723340034484863,-2.210742235183716,4.80908203125,10,-18,0,-8.043848037719727,5.416797161102295,-0.27753907442092896
15,8,3,-8.407519340515137,-1.7561523914337158,5.81396484375,19,-22,-1,-7.900293350219727,5.498144626617432,-0.660351574420929
-1,-5,3,-8.173047065734863,-1.488183617591858,5.608203411102295,12,-20,-5,-7.91943359375,5.675195217132568,-0.95703125
0,-13,-2,-8.06298828125,-1.6413086652755737,4.59375,6,-16,-8,-8.048632621765137,5.632129192352295,-1.143652319908142
-1,-15,-16,-8.01513671875,-1.7370117902755737,4.18701171875,7,-14,-9,-8.091699600219727,5.71826171875,-1.320703148841858
-2,-16,-30,-8.20654296875,-1.440332055091858,4.038671970367432,2,-13,-9,-7.986425876617432,5.756543159484863,-1.392480492591858
-12,-12,-45,-8.211328506469727,-1.358984351158142,3.9860353469848633,-2,-15,-13,-8.091699600219727,5.589062690734863,-1.335058569908142
-1,-4,-59,-8.091699600219727,-1.5934571027755737,3.909472703933716,0,-19,-14,-8.20654296875,5.278027534484863,-1.248925805091858
15,3,-66,-8.134765625,-1.4259766340255737,3.885546922683716,2,-26,-13,-8.072558403015137,4.938281536102295,-0.9905273914337158
0,15,-64,-9.106152534484863,-1.655664086341858,3.9764649868011475,1,-35,-12,-8.73291015625,4.588964939117432,-0.57421875
-1,25,-34,-11.063281059265137,-3.0337891578674316,4.297070503234863,21,-34,-25,-10.50341796875,4.364062786102295,-0.59814453125
1,19,25,-10.493847846984863,-4.062597751617432,4.320996284484863,65,-8,-43,-11.35996150970459,4.254004001617432,1.024023413658142
-15,-1,61,-7.101171970367432,-4.33056640625,3.13427734375,66,10,-8,-7.761523723602295,3.89990234375,2.9141602516174316
-60,-17,66,-6.809277534484863,-4.885644435882568,2.359081983566284,-44,21,21,-6.479101657867432,4.115234375,3.029003858566284
-89,-25,47,-8.24960994720459,-5.876172065734863,1.8566406965255737,-92,16,14,-7.455273628234863,2.27294921875,2.789746046066284
-58,-20,23,-8.886034965515137,-6.9384765625,1.502539038658142,-19,15,-2,-9.03916072845459,1.9619140625,3.148632764816284
-7,-6,0,-8.12998104095459,-6.273339748382568,1.248925805091858,-14,18,-4,-9.03916072845459,3.0337891578674316,2.8280274868011475
