-14,3,0,-7.747168064117432,-3.765918016433716,3.7515625953674316,1,2,-8,-6.900195598602295,1.53125,6.742285251617432
-13,3,-3,-7.795019626617432,-3.7372071743011475,3.8472657203674316,3,1,-8,-6.909765720367432,1.5886719226837158,6.656152248382568
-10,3,-3,-7.780664443969727,-3.6415040493011475,3.909472703933716,3,1,-9,-6.895410060882568,1.574316382408142,6.584374904632568
-10,1,-2,-7.72802734375,-3.5601563453674316,3.9190430641174316,3,2,-11,-6.823632717132568,1.5886719226837158,6.536523342132568
-10,0,1,-7.699316501617432,-3.502734422683716,3.9142580032348633,3,3,-12,-6.861914157867432,1.655664086341858,6.5556640625
-11,-2,8,-7.65625,-3.459667921066284,3.8568360805511475,3,4,-12,-6.881054878234863,1.6748046875,6.598730564117432
-11,-3,14,-7.613183975219727,-3.5123047828674316,3.7707033157348633,2,4,-12,-6.904980659484863,1.7322266101837158,6.660937786102295
-10,-3,20,-7.637109756469727,-3.5888671875,3.694140672683716,3,4,-11,-6.8427734375,1.6748046875,6.684863567352295
-9,-3,24,-7.68017578125,-3.66064453125,3.6415040493011475,5,4,-11,-6.852344036102295,1.69873046875,6.67529296875
-9,-2,27,-7.68017578125,-3.7372071743011475,3.6175782680511475,3,4,-11,-6.828418254852295,1.6748046875,6.684863567352295
-10,-2,28,-7.699316501617432,-3.789843797683716,3.6080079078674316,4,3,-11,-6.837988376617432,1.69873046875,6.708789348602295
-11,-1,27,-7.747168064117432,-3.8759765625,3.627148389816284,4,3,-10,-6.857129096984863,1.72265625,6.670507907867432
-12,-1,25,-7.713672161102295,-3.8951172828674316,3.5936524868011475,3,3,-10,-6.809277534484863,1.693945288658142,6.603515625
-18,-6,22,-7.68017578125,-3.5123047828674316,4.273144721984863,-2,6,-7,-6.704003810882568,1.823144555091858,6.670507907867432
-56,-20,31,-8.450586318969727,-3.6558594703674316,4.454980373382568,-7,9,-5,-7.402637004852295,1.622167944908142,7.139453411102295
-74,-38,29,-7.723242282867432,-3.430957078933716,4.842578411102295,5,11,-8,-5.842675685882568,1.6125977039337158,6.043652534484863
-94,-36,15,-7.651464939117432,-3.7276368141174316,4.416699409484863,-16,14,-9,-6.321191310882568,2.2920899391174316,5.852246284484863
-61,-25,-2,-7.311718940734863,-3.7707033157348633,5.00048828125,-44,16,-30,-7.771093845367432,2.0289063453674316,6.474316596984863
-15,-13,-9,-5.756543159484863,-3.3017578125,4.962207317352295,11,8,-56,-7.761523723602295,1.6891602277755737,6.474316596984863
3,-10,-1,-5.459863185882568,-3.0098633766174316,5.211035251617432,63,0,-57,-7.168164253234863,2.8519532680511475,5.636914253234863
-1,-12,16,-6.249413967132568,-2.7227540016174316,5.124902248382568,33,2,-30,-6.933691501617432,3.531445264816284,5.345019817352295
-30,-14,28,-6.584374904632568,-3.03857421875,4.746875286102295,-7,7,-18,-6.761425971984863,2.784960985183716,5.7900390625
-28,-8,22,-6.617871284484863,-3.6415040493011475,4.957421779632568,-7,5,-27,-6.785351753234863,2.1006836891174316,6.134570598602295
-9,0,10,-6.81884765625,-3.4883790016174316,4.943066596984863,16,-1,-37,-7.053320407867432,2.3255860805511475,6.14892578125
-14,4,12,-7.335644721984863,-3.531445264816284,4.799511909484863,20,-8,-37,-7.933789253234863,2.287304639816284,6.4599609375
-17,17,30,-9.23056697845459,-5.072265625,4.18701171875,40,-13,-37,-9.201855659484863,1.813574194908142,7.335644721984863
25,24,41,-11.020215034484863,-6.378613471984863,4.254004001617432,55,-7,-36,-10.06796932220459,1.3063477277755737,7.780664443969727
29,15,35,-8.498437881469727,-5.450293064117432,2.832812547683716,45,4,-2,-7.134667873382568,0.612500011920929,6.976758003234863
-4,3,32,-7.747168064117432,-4.990918159484863,2.335156202316284,0,3,41,-6.77099609375,-0.3349609375,7.397851943969727
-31,-1,36,-6.72314453125,-4.837792873382568,1.9140625,-18,-3,46,-5.847461223602295,-2.043261766433716,6.885839939117432
-33,-5,28,-6.38818359375,-4.770801067352295,1.741796851158142,23,0,20,-5.397656440734863,-1.263281226158142,6.632226467132568
-15,-8,25,-6.943261623382568,-4.636816501617432,1.818359375,-8,5,24,-6.105859279632568,0.2679687440395355,6.775781154632568
-5,-9,24,-6.713574409484863,-4.191796779632568,2.067187547683716,-32,7,32,-5.809179782867432,0.01435546949505806,6.660937786102295
-3,-9,19,-6.861914157867432,-4.325781345367432,2.162890672683716,-24,3,35,-6.038867473602295,0.24882812798023224,6.833203315734863
8,-2,30,-10.71875,-4.66552734375,3.0816407203674316,-32,1,17,-9.273633003234863,0.11484375596046448,8.41709041595459
-16,4,43,-8.65634822845459,-3.8233399391174316,2.832812547683716,-3,-10,-18,-7.015038967132568,-0.8804687857627869,7.29736328125
-29,12,26,-7.804590225219727,-5.019629001617432,3.311328172683716,61,-18,-43,-7.29736328125,-0.22490234673023224,6.837988376617432
42,13,1,-7.952929973602295,-4.938281536102295,3.2060546875,43,-12,-47,-6.895410060882568,0.13876953721046448,6.799706935882568
33,3,4,-7.857226848602295,-3.1151368618011475,3.340039014816284,33,0,-44,-5.991015911102295,0.3780273497104645,6.57958984375
-28,-11,21,-7.613183975219727,-3.7276368141174316,2.928515672683716,-6,6,-32,-5.823535442352295,0.27275392413139343,6.971972942352295
-20,-16,21,-7.550976753234863,-4.368847846984863,2.3973634243011475,-8,7,-35,-6.024511814117432,-0.5933594107627869,7.239941596984863
0,-15,18,-7.383496284484863,-4.096093654632568,2.311230421066284,22,4,-41,-5.703906536102295,-0.3062500059604645,7.043750286102295
-9,-19,18,-7.311718940734863,-3.837695360183716,2.024121046066284,10,5,-28,-5.565136909484863,0.20097656548023224,6.919335842132568
-23,-23,16,-7.84765625,-3.8711915016174316,1.98583984375,-4,5,-14,-6.1728515625,-0.12919922173023224,7.211230754852295
-43,-28,18,-9.460253715515137,-3.8903322219848633,2.861523389816284,6,7,-7,-7.708887100219727,0.5790039300918579,7.570117473602295
-52,-29,12,-10.28330135345459,-4.320996284484863,4.13916015625,14,12,-9,-9.25449275970459,1.870996117591858,7.665820598602295
-52,-14,6,-10.21152400970459,-4.120019435882568,5.660840034484863,-2,16,-16,-9.967480659484863,3.292187452316284,7.555761814117432
-21,4,-15,-6.622656345367432,-3.9668946266174316,6.19677734375,-13,15,-19,-7.761523723602295,3.6175782680511475,6.034081935882568
43,13,-39,-6.641797065734863,-2.9237306118011475,6.704003810882568,4,18,-23,-6.8427734375,3.5936524868011475,5.689550876617432
15,4,-24,-6.058007717132568,-0.9283203482627869,5.986230373382568,-6,19,-14,-5.833105564117432,3.8711915016174316,5.258886814117432
-57,0,0,-5.823535442352295,-2.115039110183716,5.641699314117432,-21,13,-7,-6.067578315734863,3.1294922828674316,5.359375
-29,9,1,-5.794824123382568,-3.4979493618011475,5.129687786102295,-5,9,-13,-6.512597560882568,2.617480516433716,5.627343654632568
4,15,4,-5.943164348602295,-2.8758790493011475,4.766015529632568,7,6,-13,-6.761425971984863,2.7083985805511475,5.770898342132568
-9,13,17,-6.177636623382568,-2.9380860328674316,4.794726848602295,0,3,-7,-6.72314453125,2.60791015625,5.924023628234863
-13,15,24,-7.091601848602295,-3.46923828125,4.847363471984863,-5,2,0,-7.756738662719727,2.521777391433716,6.550879001617432
3,13,37,-8.627636909484863,-3.6750001907348633,5.880957126617432,-13,3,2,-8.809473037719727,2.215527296066284,7.20166015625
-12,0,36,-6.991113185882568,-3.172558546066284,5.220605373382568,20,0,10,-7.067676067352295,1.7370117902755737,6.407324314117432
-31,-7,24,-7.598828315734863,-3.4979493618011475,5.689550876617432,8,-2,20,-7.086816310882568,2.593554735183716,6.278125286102295
-32,-12,25,-7.2255859375,-3.2491211891174316,5.359375,-32,0,18,-6.924121379852295,1.693945288658142,6.187207221984863
-42,-18,29,-6.38818359375,-3.363964796066284,5.770898342132568,1,1,-9,-6.613086223602295,1.3733398914337158,6.024511814117432
-35,-20,28,-6.158496379852295,-3.7037110328674316,5.325879096984863,5,2,-22,-6.72314453125,2.282519578933716,5.914453029632568
-24,-15,26,-6.306836128234863,-3.63671875,4.828222751617432,-11,1,-24,-6.732715129852295,2.2490234375,5.914453029632568
-23,-11,21,-6.163281440734863,-3.63671875,4.703808784484863,-2,-1,-33,-6.646582126617432,2.08154296875,5.943164348602295
-17,-5,11,-5.866601467132568,-3.507519483566284,4.847363471984863,11,-5,-40,-6.325976848602295,2.406933546066284,5.703906536102295
-12,-1,0,-5.632129192352295,-3.37353515625,5.091406345367432,13,-8,-41,-6.282910346984863,2.6605470180511475,5.565136909484863
-4,4,-6,-6.919335842132568,-3.46923828125,5.450293064117432,15,-7,-43,-7.780664443969727,2.5648438930511475,6.29248046875
5,11,11,-10.16845703125,-3.7515625953674316,5.823535442352295,16,-5,-48,-10.201952934265137,2.36865234375,7.828516006469727
-12,18,39,-11.273828506469727,-4.249218940734863,5.512500286102295,38,-2,-46,-10.058398246765137,1.574316382408142,8.134765625
-21,14,41,-8.51279354095459,-4.675097942352295,3.6989259719848633,53,-1,-25,-6.871484279632568,1.55517578125,6.919335842132568
6,11,29,-7.3212890625,-4.722949504852295,2.8041017055511475,-4,0,16,-6.641797065734863,0.703417956829071,6.799706935882568
8,0,35,-7.086816310882568,-4.431054592132568,2.3495118618011475,-13,-2,28,-6.641797065734863,-1.3063477277755737,6.991113185882568
-19,-9,40,-6.871484279632568,-4.512402534484863,1.583886742591858,27,-1,24,-5.770898342132568,-0.9761719107627869,6.512597560882568
-28,-11,34,-7.483984470367432,-4.85693359375,1.3733398914337158,-9,4,38,-5.847461223602295,-0.40673828125,6.5556640625
-18,-10,22,-7.751953125,-4.679883003234863,1.3063477277755737,-28,11,38,-5.866601467132568,-0.947460949420929,6.493457317352295
-15,-7,13,-7.565332412719727,-4.268359661102295,1.478613257408142,-18,16,29,-5.809179782867432,-0.17226563394069672,6.5556640625
-22,-4,8,-7.139453411102295,-4.009961128234863,1.775292992591858,-26,16,24,-5.76611328125,-0.16748046875,6.450390815734863
-18,2,15,-9.417187690734863,-4.440625190734863,2.402148485183716,-16,14,4,-8.39794921875,-0.22490234673023224,7.790234565734863
2,15,31,-9.627734184265137,-4.550683498382568,2.832812547683716,0,5,-21,-8.11083984375,-0.559863269329071,7.718457221984863
13,28,20,-8.49365234375,-4.679883003234863,3.263476610183716,38,-4,-36,-7.809375286102295,-0.48808595538139343,7.29736328125
53,31,-7,-7.84765625,-4.608105659484863,3.435742139816284,34,-6,-41,-7.206445217132568,-0.31103515625,6.91455078125
56,23,-17,-7.589258193969727,-3.292187452316284,3.383105516433716,34,-3,-44,-6.407324314117432,-0.22011719644069672,6.608300685882568
9,4,4,-7.771093845367432,-3.1534180641174316,3.459667921066284,21,1,-41,-6.3642578125,0.10048828274011612,6.680078029632568
-18,-14,23,-7.44091796875,-3.6080079078674316,2.665332078933716,10,7,-41,-6.168066501617432,-0.17705078423023224,6.77099609375
-22,-23,28,-7.34521484375,-3.8233399391174316,2.1341798305511475,10,8,-36,-5.756543159484863,-0.1435546875,6.727929592132568
-19,-27,30,-7.053320407867432,-3.741992235183716,1.5886719226837158,-1,5,-24,-5.43115234375,-0.512011706829071,6.72314453125
-39,-33,30,-6.780566692352295,-3.4500977993011475,0.756054699420929,9,0,-16,-4.995703220367432,-0.8182617425918579,6.24462890625
-57,-30,28,-9.857421875,-4.053027629852295,1.512109398841858,6,1,-9,-8.196972846984863,-0.19140625,7.2734375
-39,-21,29,-12.12558650970459,-4.799511909484863,3.000293016433716,15,12,-9,-10.441210746765137,0.3780273497104645,7.766308784484863
-24,-13,18,-11.058496475219727,-4.306640625,3.9668946266174316,24,24,-12,-10.18759822845459,1.7848633527755737,7.316504001617432
-32,1,5,-8.067773818969727,-4.053027629852295,4.943066596984863,-21,22,-13,-8.795117378234863,2.4452149868011475,6.5078125
1,20,-21,-6.895410060882568,-4.3544921875,6.014941692352295,-7,19,-37,-7.598828315734863,1.9092774391174316,5.708691596984863
43,18,-42,-6.541308879852295,-3.349609375,6.522168159484863,16,20,-49,-6.038867473602295,2.7945313453674316,4.933495998382568
-1,5,-44,-5.746972560882568,-1.7561523914337158,5.809179782867432,-13,15,-29,-5.799609661102295,3.292187452316284,4.579394817352295
-25,6,-39,-6.067578315734863,-2.837597608566284,6.254199504852295,-21,9,-22,-6.981543064117432,2.8184571266174316,5.04833984375
10,11,-34,-6.421679973602295,-2.7801759243011475,5.589062690734863,-4,5,-18,-7.455273628234863,2.9380860328674316,5.321094036102295
12,8,-20,-6.392968654632568,-2.335156202316284,5.139257907867432,2,0,-5,-7.10595703125,2.9189453125,5.292382717132568
0,4,-6,-6.608300685882568,-2.569628953933716,4.95263671875,10,-6,6,-7.507910251617432,2.622265577316284,5.880957126617432
-9,-2,17,-7.617969036102295,-2.574414014816284,4.986133098602295,13,-7,6,-9.216211318969727,2.5361328125,6.493457317352295
-21,-14,50,-7.809375286102295,-2.7466797828674316,5.57470703125,35,0,9,-8.65634822845459,2.258593797683716,6.201562404632568
-45,-24,66,-7.4169921875,-2.808886766433716,5.426367282867432,16,8,35,-8.22568416595459,3.220410108566284,6.072363376617432
-54,-27,75,-7.115527629852295,-3.2586915493011475,5.249316692352295,-61,6,64,-7.594043254852295,2.4212892055511475,5.794824123382568
-49,-24,77,-6.34033203125,-3.37353515625,4.837792873382568,-40,1,46,-6.67529296875,0.7943359613418579,5.689550876617432
-42,-13,78,-6.239843845367432,-3.574511766433716,4.588964939117432,1,-3,11,-6.517383098602295,1.5695313215255737,5.4072265625
-47,-7,73,-6.187207221984863,-4.249218940734863,4.852148532867432,-11,-4,-11,-6.96240234375,1.93798828125,5.412011623382568
-53,-2,54,-5.536426067352295,-4.962207317352295,5.115332126617432,-1,-2,-35,-6.4599609375,1.69873046875,5.196679592132568
-15,-2,12,-5.043554782867432,-4.59375,5.196679592132568,14,-4,-49,-5.708691596984863,2.095898389816284,5.010058879852295
0,-3,-26,-5.1201171875,-3.603222608566284,5.373730659484863,2,-6,-53,-5.880957126617432,2.3399415016174316,4.95263671875
1,3,-43,-7.842871189117432,-3.6558594703674316,5.3115234375,8,-5,-66,-8.7568359375,2.1581056118011475,6.187207221984863
21,15,-15,-11.297754287719727,-4.373632907867432,6.837988376617432,4,-6,-77,-11.020215034484863,2.4930665493011475,7.785449504852295
67,36,9,-11.871973037719727,-1.990625023841858,7.962500095367432,18,-9,-72,-11.560937881469727,1.368554711341858,7.723242282867432
-44,15,59,-10.52255916595459,-4.78515625,4.440625190734863,66,0,-64,-8.12998104095459,1.129296898841858,6.325976848602295
-8,-2,41,-7.412207126617432,-4.464550971984863,0.8182617425918579,54,14,-13,-6.014941692352295,1.7083008289337158,6.330761909484863
35,2,28,-7.283008098602295,-3.741992235183716,0.9905273914337158,-42,14,40,-6.325976848602295,0.17705078423023224,6.416894435882568
3,0,30,-6.689648628234863,-3.4500977993011475,1.4259766340255737,-1,13,36,-5.187109470367432,-1.488183617591858,6.823632717132568
7,-1,26,-7.53662109375,-4.579394817352295,1.574316382408142,1,19,46,-5.589062690734863,0.3541015684604645,6.756640911102295
45,-2,27,-8.053418159484863,-4.148730754852295,2.119824171066284,-58,20,71,-6.31640625,-0.11005859822034836,7.086816310882568
11,-10,34,-7.29736328125,-3.622363328933716,2.2681641578674316,-56,13,72,-6.158496379852295,-0.684277355670929,6.440820217132568
-27,-18,26,-7.350000381469727,-3.99560546875,1.9762696027755737,-29,-1,63,-7.15380859375,-1.0383789539337158,6.302051067352295
-49,-14,22,-9.83349609375,-4.239648342132568,2.3495118618011475,0,-7,42,-9.68515682220459,-1.320703148841858,6.589160442352295
-77,-5,26,-9.512890815734863,-3.9046876430511475,2.8758790493011475,19,-7,7,-8.929101943969727,-1.320703148841858,6.704003810882568
-83,13,8,-7.613183975219727,-4.962207317352295,2.8184571266174316,26,-9,-17,-7.885937690734863,-1.6748046875,6.431250095367432
20,31,-26,-7.68017578125,-5.196679592132568,3.622363328933716,34,-6,-46,-7.5126953125,-1.3063477277755737,6.895410060882568
71,26,-39,-7.579687595367432,-3.3304688930511475,3.5218751430511475,49,-6,-66,-6.751855373382568,-0.40673828125,7.306933879852295
8,10,-10,-7.6083984375,-2.813671827316284,3.526660203933716,13,-3,-58,-6.72314453125,0.49287110567092896,6.570019721984863
-16,-4,10,-7.254296779632568,-3.579296827316284,2.646191358566284,-1,0,-53,-6.378613471984863,-0.02871093899011612,5.828320503234863
-1,-11,16,-6.852344036102295,-3.6654298305511475,1.9714844226837158,1,0,-47,-5.33544921875,-0.32060548663139343,5.388085842132568
1,-16,20,-6.53173828125,-3.37353515625,1.335058569908142,8,0,-40,-5.177539348602295,-0.2583984434604645,5.38330078125
-21,-25,35,-7.723242282867432,-3.1390626430511475,1.0431641340255737,11,0,-29,-6.455175876617432,-0.01435546949505806,6.144140720367432
-66,-31,53,-10.556055068969727,-3.94775390625,1.5216797590255737,12,7,-14,-9.058300971984863,0.2823242247104645,7.469629287719727
-65,-25,52,-12.65195369720459,-4.823437690734863,2.75146484375,0,19,1,-10.74267578125,0.7369140982627869,8.39794921875
-47,-9,33,-11.74755859375,-4.90478515625,4.23486328125,-10,25,7,-10.5751953125,1.201074242591858,8.455370903015137
-7,9,6,-8.192187309265137,-4.828222751617432,5.201465129852295,25,7,-16,-7.976855754852295,1.79443359375,7.699316501617432
32,25,-23,-6.761425971984863,-3.9286134243011475,6.900195598602295,6,0,-33,-7.091601848602295,3.8759765625,5.158398628234863
33,17,-36,-5.354589939117432,-2.670117139816284,6.780566692352295,-15,7,-29,-5.378515720367432,3.61279296875,4.277929782867432
-4,7,-32,-5.359375,-2.2059571743011475,5.943164348602295,8,7,-27,-5.541211128234863,3.9286134243011475,4.383203029632568
-9,9,-30,-6.163281440734863,-2.9715821743011475,6.038867473602295,-8,7,-19,-7.062890529632568,3.8185548782348633,4.919140815734863
13,13,-30,-6.474316596984863,-3.1294922828674316,5.450293064117432,2,6,-14,-7.259082317352295,2.8998048305511475,5.33544921875
18,7,-28,-6.69921875,-2.694042921066284,5.278027534484863,23,0,-7,-7.005468845367432,2.7227540016174316,5.47900390625
0,-5,-15,-7.01025390625,-2.4691407680511475,5.321094036102295,16,0,3,-6.957617282867432,2.6318359375,5.76611328125
-17,-9,2,-8.029492378234863,-2.856738328933716,5.392871379852295,-7,3,2,-8.929101943969727,2.583984375,6.919335842132568
-12,-14,18,-7.651464939117432,-2.9715821743011475,5.584277629852295,-16,7,-3,-8.263964653015137,1.9762696027755737,6.727929592132568
-30,-23,27,-7.077246189117432,-2.713183641433716,5.163183689117432,17,3,0,-7.144238471984863,2.071972608566284,6.306836128234863
-43,-29,35,-6.622656345367432,-2.909374952316284,5.206250190734863,-8,1,15,-6.637012004852295,2.6126954555511475,5.62255859375
-46,-27,39,-6.235058784484863,-2.9859375953674316,5.053124904632568,-27,4,9,-6.660937786102295,2.03369140625,5.330664157867432
-33,-16,41,-5.895312786102295,-3.263476610183716,4.828222751617432,-23,4,-12,-7.015038967132568,2.234668016433716,5.177539348602295
-14,-2,46,-6.072363376617432,-3.22998046875,5.00048828125,-15,2,-24,-7.388281345367432,2.430859327316284,5.268456935882568
-12,2,48,-5.679980754852295,-3.1629884243011475,5.426367282867432,-5,-1,-28,-7.244726657867432,2.497851610183716,5.273242473602295
-10,1,38,-5.584277629852295,-3.18212890625,6.129785060882568,7,-7,-31,-7.230370998382568,2.6988282203674316,5.163183689117432
-18,-3,33,-5.804394721984863,-2.9141602516174316,6.402539253234863,8,-9,-27,-6.694433689117432,2.713183641433716,5.033984661102295
-21,-5,38,-6.541308879852295,-3.5936524868011475,6.727929592132568,19,-11,-27,-7.574902534484863,2.2777345180511475,6.086719036102295
0,9,43,-8.838183403015137,-4.794726848602295,6.713574409484863,-4,-23,-13,-9.335840225219727,2.3016602993011475,7.661035537719727
20,17,37,-11.379101753234863,-5.234961032867432,6.498242378234863,0,-26,-25,-11.1494140625,0.12441406399011612,7.82373046875
22,0,28,-9.92919921875,-4.986133098602295,4.383203029632568,79,-6,-51,-8.5654296875,-0.06220703199505806,6.756640911102295
0,-17,21,-8.742480278015137,-3.8233399391174316,2.3495118618011475,48,16,-11,-7.206445217132568,1.3015625476837158,6.957617282867432
-50,-25,44,-7.924219131469727,-3.957324266433716,1.478613257408142,-60,22,46,-6.191992282867432,-0.34453126788139343,6.756640911102295
-70,-21,43,-6.062793254852295,-3.89990234375,0.7177734375,-28,21,42,-4.349707126617432,-2.210742235183716,6.751855373382568
-31,-10,26,-6.900195598602295,-4.622460842132568,0.7847656607627869,-15,21,32,-4.5458984375,-0.9522461295127869,6.455175876617432
3,-2,21,-8.455370903015137,-4.062597751617432,1.4929687976837158,-33,19,27,-6.416894435882568,-0.7847656607627869,7.431347846984863
-17,4,28,-7.952929973602295,-3.861621141433716,2.0289063453674316,-1,17,13,-6.665722846984863,-0.708203136920929,6.890625
-19,7,22,-6.809277534484863,-4.340137004852295,2.36865234375,5,14,14,-6.373828411102295,0.27275392413139343,6.359472751617432
-11,12,11,-8.46494197845459,-4.340137004852295,2.6749024391174316,-3,8,14,-8.024706840515137,-0.12441406399011612,6.837988376617432
-15,28,17,-10.18759822845459,-4.517187595367432,3.6797852516174316,5,-1,-15,-9.555956840515137,-0.8421875238418579,8.192187309265137
-7,43,-5,-6.718359470367432,-4.679883003234863,3.7037110328674316,40,-16,-37,-7.268652439117432,-1.2058594226837158,6.751855373382568
59,43,-48,-7.1298828125,-4.66552734375,3.9860353469848633,54,-19,-38,-7.043750286102295,-0.703417956829071,6.378613471984863
84,20,-38,-8.718554496765137,-3.052929639816284,3.957324266433716,20,-9,-37,-6.9384765625,-0.478515625,6.134570598602295
-19,-12,13,-8.953027725219727,-2.22509765625,3.732421875,5,-1,-43,-6.680078029632568,-0.49287110567092896,6.225488185882568
-97,-28,33,-8.2783203125,-3.574511766433716,2.22509765625,13,1,-52,-6.5556640625,-0.50244140625,6.412109375
-57,-21,17,-6.995898723602295,-4.100879192352295,0.93310546875,22,1,-50,-5.938378810882568,-0.4498046934604645,6.369042873382568
4,-10,11,-6.3642578125,-3.4166016578674316,0.583789050579071,22,-3,-37,-5.47900390625,-1.0192383527755737,6.512597560882568
5,-13,34,-7.230370998382568,-2.952441453933716,0.6220703125,49,-10,-38,-5.86181640625,-1.813574194908142,6.852344036102295
-22,-21,49,-8.29746150970459,-3.454882860183716,0.9905273914337158,72,-8,-42,-5.6943359375,-0.870898425579071,6.570019721984863
-46,-24,48,-12.17343807220459,-3.8807618618011475,2.234668016433716,43,6,-31,-10.082324028015137,1.2345703840255737,7.407422065734863
-38,-17,40,-11.64707088470459,-4.59375,4.220508098602295,27,26,-23,-10.891016006469727,2.502636671066284,7.5126953125
-17,-2,36,-8.766406059265137,-4.383203029632568,4.651172161102295,-17,34,6,-9.460253715515137,3.7228517532348633,6.785351753234863
3,15,31,-8.043848037719727,-4.076953411102295,6.187207221984863,-42,16,-2,-9.220995903015137,2.8423829078674316,7.110742092132568
-8,16,21,-6.981543064117432,-3.646289110183716,7.192090034484863,-7,15,-29,-7.58447265625,4.024316310882568,4.636816501617432
-33,5,-10,-5.435937404632568,-3.263476610183716,5.47900390625,-37,13,5,-5.7900390625,3.8089845180511475,3.7515625953674316
-24,5,-42,-6.120214939117432,-3.4500977993011475,5.555566310882568,-53,8,22,-6.019726753234863,2.8041017055511475,3.933398485183716
-8,10,-51,-6.503027439117432,-3.220410108566284,5.297168254852295,-18,5,0,-6.823632717132568,2.17724609375,4.59375
-1,13,-47,-6.536523342132568,-2.94287109375,4.95263671875,-7,0,-7,-7.546191692352295,2.5887696743011475,5.158398628234863
2,9,-36,-6.742285251617432,-2.7801759243011475,4.938281536102295,-1,-8,0,-7.373926162719727,2.115039110183716,5.565136909484863
-9,2,-24,-7.259082317352295,-2.617480516433716,4.632031440734863,15,-15,4,-7.469629287719727,1.799218773841858,6.048437595367432
-17,-2,3,-9.30234432220459,-2.8758790493011475,5.325879096984863,14,-8,-6,-8.862109184265137,2.024121046066284,6.536523342132568
-22,-15,27,-7.852441787719727,-2.808886766433716,5.139257907867432,8,5,-5,-7.493555068969727,2.0576171875,5.823535442352295
-29,-25,34,-7.2734375,-2.87109375,5.177539348602295,-18,14,11,-7.05810546875,2.641406297683716,5.459863185882568
-32,-30,51,-6.69921875,-2.6509766578674316,5.053124904632568,-64,15,18,-6.718359470367432,1.7322266101837158,5.469433784484863
-40,-27,73,-6.416894435882568,-3.1151368618011475,4.861718654632568,-21,9,-13,-7.110742092132568,1.248925805091858,5.627343654632568
-16,-15,85,-6.3642578125,-3.651074171066284,4.842578411102295,1,3,-30,-7.4169921875,2.27294921875,5.3115234375
6,-5,79,-5.866601467132568,-3.5601563453674316,5.378515720367432,8,-2,-28,-6.976758003234863,2.5074219703674316,4.895215034484863
1,-6,61,-5.522070407867432,-3.483593702316284,5.723046779632568,15,-5,-27,-6.857129096984863,2.4117188453674316,4.732519626617432
-15,-15,42,-5.55078125,-3.89990234375,5.900097846984863,21,-5,-33,-6.852344036102295,2.4117188453674316,4.766015529632568
-13,-11,20,-6.469531536102295,-3.861621141433716,5.7421875,26,-5,-41,-7.527050971984863,2.6988282203674316,5.019629001617432
-2,3,0,-8.30224609375,-4.04345703125,5.967090129852295,2,-3,-38,-9.297558784484863,3.1055665016174316,6.211133003234863
23,25,-5,-9.63730525970459,-3.837695360183716,6.153710842132568,-12,-5,-29,-10.345507621765137,1.646093726158142,6.708789348602295
23,20,25,-13.642480850219727,-4.153515815734863,6.230273723602295,16,4,-27,-12.159082412719727,0.24882812798023224,7.885937690734863
14,-6,36,-9.694726943969727,-4.565039157867432,2.024121046066284,37,16,-1,-6.904980659484863,-0.732128918170929,7.283008098602295
-18,-11,18,-9.30234432220459,-3.3448243141174316,1.2058594226837158,-4,13,33,-6.833203315734863,-1.009667992591858,7.91943359375
-56,-11,14,-6.632226467132568,-3.718066453933716,1.047949194908142,-14,6,30,-5.187109470367432,-2.665332078933716,7.378711223602295
-49,-5,3,-6.321191310882568,-3.8568360805511475,0.6172851920127869,27,10,12,-5.04833984375,-1.191503882408142,6.761425971984863
-6,0,-2,-7.120312690734863,-3.7802734375,1.0910156965255737,-27,12,24,-5.512500286102295,-0.32539063692092896,6.637012004852295
-16,-1,6,-8.144335746765137,-3.32568359375,1.392480492591858,-40,13,25,-6.254199504852295,-0.870898425579071,6.900195598602295
-33,0,12,-7.96728515625,-3.6989259719848633,1.502539038658142,-14,8,14,-6.53173828125,-0.4976562559604645,6.790136814117432
-30,6,8,-7.91943359375,-3.8089845180511475,2.162890672683716,-22,3,14,-7.268652439117432,-0.3397460877895355,6.857129096984863
-12,14,17,-9.718652725219727,-4.392773628234863,2.933300733566284,-13,0,1,-9.0439453125,-1.000097632408142,7.402637004852295
11,22,24,-8.713769912719727,-4.244433879852295,3.3065431118011475,10,-9,-15,-7.866796970367432,-1.2106446027755737,6.5078125
29,22,9,-8.149121284484863,-4.364062786102295,3.8664064407348633,27,-14,-29,-7.479199409484863,-1.4451172351837158,6.206347942352295
28,11,-4,-7.986425876617432,-3.541015625,3.32568359375,31,-11,-42,-7.144238471984863,-1.31591796875,6.072363376617432
-4,-4,2,-7.84765625,-3.311328172683716,3.0433595180511475,25,-4,-43,-7.005468845367432,-0.7943359613418579,6.105859279632568
-17,-16,13,-7.65625,-3.63671875,2.3016602993011475,12,3,-36,-6.43603515625,-0.59814453125,6.254199504852295
-12,-22,20,-6.957617282867432,-3.63671875,1.119726538658142,-4,6,-26,-5.651269435882568,-0.7704101800918579,6.139355659484863
-12,-23,24,-6.766211032867432,-3.502734422683716,0.3301757872104645,-1,5,-20,-4.76123046875,-1.143652319908142,5.924023628234863
-24,-20,20,-6.919335842132568,-3.478808641433716,-0.0047851563431322575,1,0,-6,-4.37841796875,-0.8565430045127869,5.55078125
-34,-16,18,-10.31201171875,-3.765918016433716,1.440332055091858,2,0,-3,-8.263964653015137,-0.684277355670929,6.837988376617432
-33,-21,31,-12.517969131469727,-5.033984661102295,4.096093654632568,18,12,-5,-10.64697265625,-0.3636718690395355,8.120409965515137
2,-28,24,-11.163769721984863,-4.59375,4.9287109375,-37,10,12,-9.455469131469727,-1.3876953125,10.40293025970459
-22,-16,14,-8.58935546875,-3.622363328933716,5.531640529632568,58,3,-40,-9.249707221984863,-0.34453126788139343,8.25439453125
-21,5,-4,-7.196875095367432,-4.158300876617432,6.407324314117432,63,-2,-57,-9.249707221984863,4.33056640625,4.383203029632568
37,15,-29,-5.761328220367432,-3.6558594703674316,6.861914157867432,-23,11,-30,-7.244726657867432,4.373632907867432,3.158203125
32,6,-33,-5.244531154632568,-1.8327149152755737,6.120214939117432,1,23,-21,-6.014941692352295,3.263476610183716,3.9286134243011475
-17,2,-17,-5.105762004852295,-2.08154296875,6.110644817352295,-9,18,-6,-6.570019721984863,3.741992235183716,4.249218940734863
-7,5,-7,-5.560351848602295,-2.832812547683716,5.876172065734863,-9,11,-1,-7.617969036102295,2.378222703933716,5.5029296875
3,9,0,-5.991015911102295,-2.5887696743011475,5.708691596984863,33,2,-8,-7.637109756469727,2.392578125,5.967090129852295
-10,2,7,-6.2685546875,-2.737109422683716,5.469433784484863,25,-4,1,-6.77099609375,2.41650390625,5.804394721984863
-12,-2,3,-6.751855373382568,-3.0912110805511475,5.426367282867432,11,-7,7,-6.852344036102295,2.115039110183716,6.010156154632568
0,0,11,-8.77597713470459,-3.287402391433716,6.474316596984863,8,-4,-5,-8.58935546875,1.9475586414337158,6.670507907867432
-3,-4,24,-7.230370998382568,-2.885449171066284,6.144140720367432,9,1,-10,-7.933789253234863,2.0528321266174316,6.211133003234863
-7,-7,25,-6.220703125,-2.9620118141174316,6.091504096984863,16,-1,-4,-7.560546875,2.4691407680511475,5.589062690734863
-3,-9,30,-5.804394721984863,-2.665332078933716,5.8857421875,0,-1,4,-7.158593654632568,2.263378858566284,5.187109470367432
-13,-11,36,-5.785254001617432,-2.89501953125,5.842675685882568,10,1,-9,-7.062890529632568,2.1963868141174316,4.890429973602295
-15,-10,34,-5.522070407867432,-2.99072265625,5.541211128234863,2,1,-21,-7.172949314117432,2.48828125,4.923925876617432
-16,-6,29,-5.435937404632568,-3.095996141433716,5.751758098602295,9,0,-30,-7.235156536102295,2.450000047683716,4.986133098602295
-24,-6,20,-4.861718654632568,-2.7323243618011475,5.947949409484863,14,-7,-30,-6.799706935882568,2.6126954555511475,4.708593845367432
-33,-8,4,-4.880859375,-2.94287109375,6.613086223602295,1,-8,-34,-6.522168159484863,2.7562501430511475,4.220508098602295
-16,-6,-12,-5.938378810882568,-2.8998048305511475,6.536523342132568,3,-2,-45,-7.7998046875,2.784960985183716,4.727734565734863
-12,0,0,-9.364550590515137,-2.856738328933716,7.287793159484863,3,0,-52,-10.25937557220459,2.9955079555511475,6.43603515625
-52,15,42,-10.18759822845459,-3.56494140625,6.168066501617432,-20,-8,-32,-10.828808784484863,2.5169923305511475,7.82373046875
-23,25,52,-9.39804744720459,-5.5029296875,5.4072265625,30,-14,-28,-9.225781440734863,-0.17226563394069672,7.163379192352295
24,9,28,-9.58945369720459,-4.220508098602295,3.0672852993011475,77,2,-21,-7.876367568969727,0.24404297769069672,7.450488567352295
-24,-9,43,-8.96738338470459,-3.507519483566284,1.5168945789337158,-17,20,28,-6.455175876617432,-0.07656250149011612,7.790234565734863
-68,-11,47,-7.158593654632568,-4.072167873382568,1.07666015625,-69,18,57,-5.2158203125,-2.1724610328674316,7.6083984375
-24,-4,31,-6.904980659484863,-4.670312404632568,0.69384765625,-32,9,42,-4.708593845367432,-2.9237306118011475,7.149023532867432
-1,0,25,-7.65625,-3.9621095657348633,1.3254883289337158,-17,8,22,-5.211035251617432,-1.5647461414337158,7.091601848602295
-20,-2,26,-7.684961318969727,-4.09130859375,1.9762696027755737,-26,8,17,-5.852246284484863,-0.8421875238418579,7.292578220367432
-15,-3,17,-7.239941596984863,-4.301855564117432,2.2298829555511475,-31,3,22,-5.804394721984863,-0.6507812738418579,7.096386909484863
-1,0,13,-8.05820369720459,-4.344922065734863,2.784960985183716,-26,-4,18,-6.91455078125,-0.684277355670929,7.096386909484863
5,10,16,-9.441113471984863,-4.526757717132568,3.4931640625,3,-7,-9,-8.307031631469727,-0.540722668170929,7.450488567352295
12,19,11,-8.603711128234863,-4.493261814117432,3.9286134243011475,23,-11,-37,-8.4697265625,-0.22011719644069672,7.211230754852295
22,17,-2,-7.694531440734863,-4.143945217132568,3.9381837844848633,43,-10,-41,-7.881152629852295,-0.32539063692092896,6.948047161102295
14,9,-2,-7.120312690734863,-3.4740235805511475,3.2730469703674316,25,-9,-25,-6.622656345367432,-0.5790039300918579,6.488671779632568
-6,2,14,-6.976758003234863,-3.531445264816284,2.765820264816284,9,-8,-22,-5.971875190734863,-1.942773461341858,6.215918064117432
-2,-2,27,-7.560546875,-4.053027629852295,2.2203125953674316,23,-2,-42,-6.029296875,-1.942773461341858,6.297265529632568
6,-2,29,-7.718457221984863,-4.172656536102295,1.79443359375,8,9,-45,-5.761328220367432,-1.0383789539337158,6.598730564117432
4,-6,21,-7.029394626617432,-3.9764649868011475,1.536035180091858,-15,14,-37,-4.627246379852295,-1.9092774391174316,6.34033203125
-6,-12,6,-7.206445217132568,-3.8329102993011475,0.9139648675918579,1,18,-47,-4.2109375,-2.3447265625,6.105859279632568
-28,-17,3,-10.02011775970459,-3.7276368141174316,1.512109398841858,0,22,-43,-7.062890529632568,-1.2824219465255737,7.431347846984863
-46,-19,2,-11.8671875,-4.053027629852295,3.3065431118011475,-6,23,-9,-9.59423828125,-0.765625,8.311816215515137
-24,-17,-3,-11.93896484375,-3.9860353469848633,4.009961128234863,9,27,5,-11.489160537719727,0.5550781488418579,8.65634822845459
-3,2,4,-9.66123104095459,-3.387890577316284,5.163183689117432,-3,24,0,-10.321581840515137,1.765722632408142,8.029492378234863
5,22,-6,-6.1728515625,-2.99072265625,6.072363376617432,-7,9,0,-7.737597942352295,2.3255860805511475,5.258886814117432
36,24,-23,-5.679980754852295,-2.296875,6.584374904632568,26,3,-13,-6.392968654632568,2.502636671066284,4.651172161102295
11,13,-10,-5.904882907867432,-0.971386730670929,6.378613471984863,18,3,-7,-6.168066501617432,3.3687500953674316,4.244433879852295
-18,3,6,-6.526953220367432,-1.9810547828674316,7.244726657867432,-12,4,0,-7.1298828125,2.94287109375,4.632031440734863
-1,-2,8,-6.656152248382568,-2.4212892055511475,6.857129096984863,-8,6,0,-7.469629287719727,2.4930665493011475,5.325879096984863
-8,-9,13,-6.455175876617432,-2.3016602993011475,6.282910346984863,1,-1,3,-7.350000381469727,2.450000047683716,5.416797161102295
-20,-16,19,-6.215918064117432,-2.717968702316284,5.665625095367432,4,-11,11,-7.15380859375,2.119824171066284,5.646484375
-18,-20,20,-6.479101657867432,-3.03857421875,5.43115234375,21,-16,12,-7.015038967132568,1.942773461341858,5.5986328125
-19,-21,24,-7.866796970367432,-3.2586915493011475,5.330664157867432,18,-8,13,-8.484082221984863,2.3016602993011475,5.962304592132568
-18,-19,31,-8.077343940734863,-3.3783204555511475,5.282812595367432,-1,1,18,-8.9482421875,2.1820313930511475,6.220703125
-14,-14,23,-6.933691501617432,-3.340039014816284,5.38330078125,3,0,20,-7.795019626617432,1.72265625,5.679980754852295
-7,-11,13,-5.90966796875,-3.005078077316284,5.38330078125,6,-3,18,-6.948047161102295,1.6604492664337158,5.110547065734863
-7,-10,15,-5.7421875,-2.79931640625,5.818749904632568,13,0,-1,-6.86669921875,1.727441430091858,4.852148532867432
-5,-5,22,-5.756543159484863,-2.9955079555511475,5.914453029632568,8,6,-21,-6.976758003234863,2.17724609375,4.813867092132568
6,0,22,-5.019629001617432,-3.1151368618011475,6.081933498382568,11,8,-32,-6.86669921875,2.0576171875,4.230078220367432
10,-5,8,-3.3783204555511475,-2.6366212368011475,5.608203411102295,29,9,-44,-5.584277629852295,1.8662109375,3.6319336891174316
-7,-9,-9,-3.3208985328674316,-2.306445360183716,5.04833984375,28,11,-55,-5.785254001617432,2.263378858566284,3.3208985328674316
-2,-4,-17,-7.316504001617432,-2.5552735328674316,6.727929592132568,23,10,-81,-8.96738338470459,3.005078077316284,6.125
-13,6,-17,-8.436230659484863,-1.870996117591858,7.359570503234863,-1,14,-89,-11.206835746765137,3.9860353469848633,5.823535442352295
-1,31,-4,-11.441308975219727,-2.856738328933716,8.053418159484863,-29,9,-60,-13.455859184265137,3.4979493618011475,8.82861328125
16,42,19,-11.273828506469727,-3.51708984375,7.364355564117432,17,0,-30,-10.680468559265137,1.9044922590255737,8.240038871765137
-3,23,20,-8.235254287719727,-4.239648342132568,4.9765625,19,2,-14,-6.799706935882568,1.4833984375,6.584374904632568
-12,8,8,-5.785254001617432,-3.933398485183716,2.6749024391174316,-52,8,15,-5.828320503234863,-0.09091796725988388,6.349902629852295
-44,-4,38,-6.541308879852295,-4.689453125,2.36865234375,-29,3,28,-7.326074123382568,-2.000195264816284,7.08203125
-57,-8,56,-6.058007717132568,-5.268456935882568,1.3781250715255737,-25,-1,48,-5.799609661102295,-1.942773461341858,6.105859279632568
-51,-6,45,-6.924121379852295,-5.397656440734863,1.464257836341858,-53,-1,54,-5.488574504852295,-2.7323243618011475,5.71826171875
-47,-3,31,-7.450488567352295,-4.95263671875,1.69873046875,-37,0,35,-6.058007717132568,-2.191601514816284,6.058007717132568
-49,-2,26,-7.527050971984863,-4.608105659484863,2.0289063453674316,-6,-5,24,-6.550879001617432,-1.416406273841858,5.818749904632568
-38,0,22,-6.991113185882568,-4.565039157867432,2.27294921875,-3,-9,21,-6.622656345367432,-1.0910156965255737,5.679980754852295
-24,3,23,-8.32138729095459,-4.584179878234863,2.880664110183716,10,-7,5,-7.890722751617432,-1.2776367664337158,6.378613471984863
-4,11,28,-9.555956840515137,-4.742089748382568,3.555371046066284,17,-5,-14,-8.665918350219727,-1.4259766340255737,6.871484279632568
21,18,22,-8.933886528015137,-4.703808784484863,4.206152439117432,20,-4,-30,-8.766406059265137,-1.5456055402755737,7.05810546875
25,10,14,-7.431347846984863,-3.9429688453674316,3.6750001907348633,21,-3,-39,-7.144238471984863,-1.6652344465255737,6.565234661102295
1,-2,19,-7.077246189117432,-3.622363328933716,3.1629884243011475,21,-4,-42,-6.498242378234863,-1.272851586341858,6.431250095367432
-16,-11,32,-6.790136814117432,-4.01953125,2.3734376430511475,22,-4,-46,-5.904882907867432,-1.263281226158142,6.220703125
-6,-11,33,-6.72314453125,-4.507617473602295,1.69873046875,22,-4,-50,-5.517285346984863,-0.88525390625,6.359472751617432
7,-12,20,-6.048437595367432,-4.120019435882568,0.9522461295127869,19,-4,-47,-4.66552734375,-1.02880859375,5.971875190734863
-8,-15,7,-6.029296875,-3.7754883766174316,0.5455078482627869,23,-4,-40,-3.9381837844848633,-0.9905273914337158,5.7900390625
-39,-17,13,-9.61337947845459,-3.8568360805511475,0.669921875,14,-1,-23,-6.402539253234863,-1.105371117591858,6.766211032867432
-49,-14,28,-13.982226371765137,-4.885644435882568,2.7801759243011475,23,4,-6,-11.47959041595459,-1.5456055402755737,9.072656631469727
-32,-14,24,-13.163965225219727,-5.172753810882568,3.7946290969848633,35,14,14,-11.36474609375,-0.20097656548023224,9.646875381469727
-21,-4,9,-10.996289253234863,-4.689453125,4.172656536102295,-14,3,19,-9.240137100219727,-2.2538087368011475,10.292871475219727
-14,10,-5,-6.613086223602295,-4.014746189117432,4.813867092132568,42,1,-18,-6.857129096984863,1.89013671875,6.383398532867432
16,26,-32,-6.5556640625,-4.359277248382568,6.617871284484863,20,0,-36,-7.211230754852295,4.062597751617432,3.100781202316284
41,21,-47,-6.14892578125,-2.6844727993011475,6.718359470367432,-12,14,-36,-6.646582126617432,3.66064453125,3.000293016433716
0,10,-42,-5.603417873382568,-1.8662109375,6.881054878234863,10,22,-27,-6.900195598602295,3.574511766433716,3.7467775344848633
-6,4,-37,-5.52685546875,-2.4930665493011475,6.19677734375,-20,21,-3,-7.292578220367432,3.51708984375,4.526757717132568
5,4,-31,-6.00537109375,-2.5552735328674316,5.531640529632568,-11,15,5,-7.259082317352295,2.2920899391174316,5.38330078125
0,2,-22,-6.421679973602295,-2.574414014816284,5.043554782867432,8,7,1,-7.350000381469727,2.478710889816284,5.799609661102295
-9,-2,-8,-6.550879001617432,-2.392578125,4.531543254852295,-8,-3,12,-7.268652439117432,2.119824171066284,6.182422161102295
-13,0,21,-7.972070693969727,-2.9476563930511475,5.254101753234863,8,-12,6,-9.27841854095459,1.7561523914337158,6.957617282867432
-2,-1,51,-7.283008098602295,-3.13427734375,5.5986328125,28,-10,6,-8.144335746765137,1.6843750476837158,6.263769626617432
0,-3,60,-6.847558498382568,-3.1103515625,5.928808689117432,33,-9,20,-7.000683784484863,2.215527296066284,5.67041015625
-3,-9,64,-6.766211032867432,-3.0912110805511475,6.201562404632568,-12,-8,27,-6.704003810882568,1.9714844226837158,5.249316692352295
-17,-14,66,-6.349902629852295,-3.32568359375,5.952734470367432,7,-4,-8,-6.536523342132568,1.2919921875,5.04833984375
-15,-15,60,-6.24462890625,-3.6989259719848633,5.517285346984863,22,0,-39,-6.909765720367432,2.27294921875,5.04833984375
-15,-11,51,-5.962304592132568,-3.6845703125,5.201465129852295,16,0,-49,-6.976758003234863,2.6031250953674316,5.421582221984863
-14,-9,33,-5.053124904632568,-3.8185548782348633,5.081836223602295,34,-10,-54,-6.235058784484863,3.0672852993011475,5.545996189117432
-7,-10,-3,-3.4022462368011475,-3.531445264816284,5.115332126617432,45,-20,-41,-4.9765625,3.646289110183716,4.47412109375
17,-9,-42,-4.722949504852295,-3.541015625,5.656054973602295,50,-24,-30,-6.4599609375,3.7467775344848633,4.493261814117432
48,-1,-49,-9.8095703125,-3.287402391433716,7.881152629852295,44,-16,-41,-10.50341796875,3.8329102993011475,5.727832317352295
8,7,-25,-11.632715225219727,-2.7466797828674316,7.929004192352295,45,-9,-59,-10.895800590515137,3.148632764816284,7.015038967132568
-2,32,-19,-11.62314510345459,-4.0673828125,7.359570503234863,35,-4,-45,-10.69003963470459,3.598437547683716,7.067676067352295
34,27,-13,-9.37890625,-3.2969727516174316,5.100976467132568,3,11,-14,-8.603711128234863,2.215527296066284,6.857129096984863
-8,7,9,-6.220703125,-2.143749952316284,2.9620118141174316,-23,26,11,-6.847558498382568,2.0289063453674316,7.0341796875
-55,-7,56,-5.565136909484863,-3.2730469703674316,2.019335985183716,-68,31,41,-6.3642578125,0.22011719644069672,7.2734375
-75,-12,90,-5.512500286102295,-3.741992235183716,1.4020508527755737,-36,29,49,-5.632129192352295,-0.19140625,7.187304973602295
-63,-11,96,-7.000683784484863,-5.105762004852295,1.583886742591858,-62,30,69,-5.522070407867432,0.16269531846046448,6.632226467132568
-2,-3,68,-8.22568416595459,-5.268456935882568,1.9284180402755737,-64,28,66,-5.833105564117432,-1.1484375,7.474414348602295
8,2,49,-8.814257621765137,-4.612890720367432,2.5361328125,-31,21,37,-6.239843845367432,-0.846972644329071,7.263867378234863
-12,4,35,-7.560546875,-4.431054592132568,2.79931640625,-28,11,25,-6.488671779632568,0.08613281697034836,6.952832221984863
-17,5,15,-7.168164253234863,-4.459765911102295,3.148632764816284,-14,-1,16,-6.952832221984863,-0.34931641817092896,7.125097751617432
-8,8,13,-9.034375190734863,-4.708593845367432,4.009961128234863,19,-7,-12,-8.402734756469727,-0.25361329317092896,7.7998046875
-17,9,10,-7.6083984375,-4.076953411102295,3.7467775344848633,20,-10,-32,-7.665820598602295,0.14833985269069672,7.10595703125
-23,10,-11,-7.3212890625,-4.411914348602295,3.627148389816284,1,-5,-33,-7.4169921875,0.26318359375,7.029394626617432
0,6,-25,-8.077343940734863,-3.9286134243011475,3.3974609375,-6,-1,-38,-6.67529296875,-0.17705078423023224,6.708789348602295
-16,-2,-11,-8.44101619720459,-3.363964796066284,3.124706983566284,-3,-1,-45,-6.345117092132568,0.14833985269069672,6.780566692352295
-34,-6,4,-8.139551162719727,-3.7467775344848633,2.478710889816284,1,0,-52,-6.306836128234863,0.08134765923023224,6.756640911102295
-14,-2,6,-7.661035537719727,-3.9908204078674316,1.8805664777755737,11,0,-49,-5.95751953125,0.31103515625,6.416894435882568
7,4,10,-7.594043254852295,-3.627148389816284,1.6125977039337158,3,1,-37,-6.168066501617432,-0.03349609300494194,6.325976848602295
5,6,23,-6.8427734375,-3.541015625,1.478613257408142,5,3,-32,-5.445508003234863,-0.870898425579071,6.129785060882568
1,1,23,-5.086621284484863,-3.2251954078674316,0.9761719107627869,21,-4,-28,-3.316113233566284,-1.6652344465255737,5.426367282867432
-12,-3,27,-7.771093845367432,-3.5888671875,1.296777367591858,34,-6,-23,-5.93359375,-0.899609386920929,6.488671779632568
33,-2,39,-12.781152725219727,-5.091406345367432,2.737109422683716,17,-5,1,-10.49863338470459,-0.55029296875,10.07275390625
5,-14,52,-12.98691463470459,-3.7802734375,4.507617473602295,40,6,9,-10.804883003234863,-0.095703125,10.97714900970459
-66,-23,57,-11.331250190734863,-4.220508098602295,4.608105659484863,18,0,9,-8.953027725219727,0.583789050579071,9.225781440734863
-93,-2,35,-8.699414253234863,-4.124804973602295,5.847461223602295,29,-3,-37,-8.307031631469727,3.6845703125,5.378515720367432
0,19,-21,-5.301953315734863,-4.177441596984863,6.780566692352295,-13,6,-30,-6.421679973602295,5.062695503234863,2.7562501430511475
55,11,-56,-6.058007717132568,-0.8086914420127869,5.560351848602295,-22,23,-9,-6.144140720367432,4.033886909484863,3.387890577316284
-36,-7,-23,-6.536523342132568,0.607714831829071,5.727832317352295,-15,28,-6,-6.790136814117432,3.828125,4.096093654632568
-76,-6,4,-6.211133003234863,-2.067187547683716,5.708691596984863,-30,23,-9,-7.68017578125,3.244335889816284,5.033984661102295
-14,4,8,-6.191992282867432,-2.4930665493011475,5.115332126617432,-23,21,-10,-7.20166015625,2.2059571743011475,6.019726753234863
-22,3,16,-6.369042873382568,-2.3447265625,4.655957221984863,-6,12,-11,-6.804492473602295,2.311230421066284,6.359472751617432
-28,6,19,-6.31640625,-3.191699266433716,4.320996284484863,-25,-4,-4,-6.837988376617432,1.818359375,6.464745998382568
-1,10,24,-8.25439453125,-3.789843797683716,5.268456935882568,13,-12,-13,-8.1826171875,1.335058569908142,6.833203315734863
0,-1,37,-8.862109184265137,-3.3783204555511475,5.880957126617432,22,-7,-17,-8.39316463470459,2.2777345180511475,6.48388671875
-38,-14,28,-7.158593654632568,-3.1390626430511475,5.139257907867432,2,-2,0,-7.139453411102295,2.258593797683716,5.713476657867432
-27,-16,17,-7.474414348602295,-3.6080079078674316,5.531640529632568,-11,-1,8,-7.541406631469727,2.1724610328674316,5.5029296875
-23,-17,21,-6.871484279632568,-3.076855421066284,5.148828029632568,-5,0,-1,-7.239941596984863,1.6652344465255737,5.16796875
-31,-18,21,-6.426465034484863,-3.076855421066284,4.914355754852295,5,3,-15,-7.158593654632568,2.335156202316284,4.966992378234863
-29,-15,19,-6.024511814117432,-3.1869142055511475,4.818652629852295,-11,2,-14,-7.005468845367432,2.2203125953674316,5.04833984375
-16,-9,13,-5.62255859375,-3.340039014816284,5.354589939117432,0,-2,-21,-6.732715129852295,2.08154296875,5.139257907867432
10,-6,-4,-5.373730659484863,-3.13427734375,6.31640625,4,-7,-26,-6.306836128234863,2.32080078125,4.852148532867432
41,-10,-22,-6.325976848602295,-2.521777391433716,7.220800876617432,5,-6,-37,-7.283008098602295,2.335156202316284,5.354589939117432
26,-11,-14,-9.5703125,-1.8279297351837158,6.957617282867432,4,-7,-44,-9.11093807220459,2.311230421066284,6.871484279632568
-5,0,-9,-10.18759822845459,-4.507617473602295,5.71826171875,10,-23,-36,-10.4794921875,1.93798828125,8.72812557220459
20,14,2,-9.728222846984863,-5.330664157867432,4.105664253234863,46,-36,-21,-9.225781440734863,1.225000023841858,8.675488471984863
21,15,21,-8.747265815734863,-5.545996189117432,2.186816453933716,96,-20,-16,-7.235156536102295,0.37324219942092896,6.847558498382568
-6,11,42,-7.742383003234863,-5.134472846984863,1.4833984375,15,10,16,-6.416894435882568,1.0048828125,7.39306640625
-67,8,59,-6.455175876617432,-4.110449314117432,1.4977539777755737,-52,19,46,-5.19189453125,-1.6125977039337158,6.598730564117432
-74,8,52,-6.24462890625,-5.617773532867432,1.2824219465255737,-10,17,44,-4.990918159484863,-1.4977539777755737,6.603515625
32,17,14,-6.900195598602295,-5.7421875,2.162890672683716,-31,18,52,-5.488574504852295,-0.861328125,6.742285251617432
65,16,1,-7.53662109375,-4.555469036102295,2.79931640625,-29,22,40,-5.421582221984863,-1.225000023841858,6.785351753234863
43,2,1,-7.613183975219727,-3.9429688453674316,2.775390625,7,27,20,-5.364160060882568,-0.3875976502895355,6.904980659484863
1,-6,11,-7.881152629852295,-3.7037110328674316,2.813671827316284,-10,23,19,-6.5556640625,-0.01914062537252903,7.421777725219727
-22,-2,30,-9.986620903015137,-4.359277248382568,3.359179735183716,-7,17,-3,-8.58457088470459,-0.74169921875,8.63242244720459
-18,10,27,-8.44101619720459,-4.459765911102295,3.0816407203674316,30,3,-39,-7.838086128234863,-0.69384765625,8.05820369720459
15,23,-7,-7.239941596984863,-4.464550971984863,3.316113233566284,51,-5,-52,-7.436132907867432,-0.32539063692092896,7.613183975219727
52,22,-29,-7.0341796875,-3.646289110183716,3.0194337368011475,38,-6,-51,-6.570019721984863,-0.01435546949505806,7.34521484375
30,9,-8,-7.431347846984863,-2.717968702316284,3.220410108566284,10,-4,-44,-6.306836128234863,0.01914062537252903,7.220800876617432
-11,-7,28,-7.713672161102295,-3.220410108566284,2.966796875,4,-2,-48,-6.086719036102295,-0.45458984375,7.44091796875
-28,-18,42,-7.627539157867432,-3.7515625953674316,2.383007764816284,15,-5,-51,-5.656054973602295,-0.36845704913139343,7.192090034484863
-28,-20,34,-7.206445217132568,-3.923828125,2.067187547683716,20,-8,-45,-4.966992378234863,-0.4258789122104645,6.909765720367432
-20,-24,16,-6.072363376617432,-3.6750001907348633,1.502539038658142,18,-10,-33,-3.6319336891174316,-0.7608398795127869,6.014941692352295
-27,-29,10,-7.192090034484863,-3.32568359375,1.2584961652755737,2,-5,-20,-4.766015529632568,-0.775195300579071,6.359472751617432
-48,-33,40,-11.608789443969727,-3.933398485183716,2.03369140625,-12,13,-12,-9.20664119720459,-0.4976562559604645,8.292675971984863
-52,-36,69,-12.27392578125,-4.40234375,3.000293016433716,0,28,-1,-10.675683975219727,0.42109376192092896,8.862109184265137
-90,-28,74,-11.9150390625,-4.196582317352295,3.5697267055511475,-2,29,-1,-11.40781307220459,1.454687476158142,9.5224609375
-110,3,53,-8.2783203125,-4.981347560882568,4.172656536102295,-6,11,-8,-8.785547256469727,2.4930665493011475,7.067676067352295
0,44,-6,-6.86669921875,-6.311621189117432,6.72314453125,4,6,-18,-7.661035537719727,2.784960985183716,4.541113376617432
119,47,-76,-6.043652534484863,-4.167870998382568,7.46484375,12,10,-27,-6.373828411102295,3.3974609375,3.765918016433716
59,14,-82,-5.713476657867432,0.669921875,7.785449504852295,-3,11,-11,-6.081933498382568,3.4644532203674316,3.8329102993011475
-52,-4,-50,-5.86181640625,-0.899609386920929,7.407422065734863,-19,7,1,-7.029394626617432,2.8423829078674316,4.47412109375
-51,-4,-31,-6.105859279632568,-2.813671827316284,6.421679973602295,-2,4,-4,-7.804590225219727,2.378222703933716,5.249316692352295
-3,0,-18,-6.215918064117432,-2.545703172683716,5.301953315734863,8,0,-1,-7.445703506469727,2.526562452316284,5.455078125
-1,-6,0,-6.302051067352295,-2.22509765625,5.014843940734863,-4,-7,11,-7.029394626617432,2.234668016433716,5.7900390625
-21,-11,24,-7.211230754852295,-2.6270508766174316,4.837792873382568,0,-11,10,-7.546191692352295,1.765722632408142,6.091504096984863
-28,-11,53,-8.307031631469727,-3.1773438453674316,5.057910442352295,20,-5,-1,-8.49365234375,1.8853516578674316,6.43603515625
-24,-9,64,-7.637109756469727,-3.4931640625,4.684668064117432,17,2,2,-7.7998046875,2.115039110183716,6.067578315734863
-9,-5,57,-6.91455078125,-3.56494140625,4.828222751617432,0,1,9,-7.029394626617432,2.03369140625,5.703906536102295
-5,-5,53,-6.345117092132568,-3.2108399868011475,5.072265625,0,-2,4,-6.780566692352295,1.5408203601837158,5.354589939117432
-17,-6,52,-6.230273723602295,-3.363964796066284,5.52685546875,18,-1,-18,-6.876269817352295,1.966699242591858,5.043554782867432
-22,-9,47,-6.182422161102295,-3.25390625,6.034081935882568,6,3,-31,-7.125097751617432,2.454785108566284,5.019629001617432
-30,-14,33,-5.756543159484863,-3.5697267055511475,6.287695407867432,8,3,-38,-6.790136814117432,2.4930665493011475,5.172753810882568
-16,-17,8,-5.675195217132568,-3.363964796066284,6.263769626617432,14,0,-42,-6.4599609375,3.076855421066284,5.258886814117432
-18,-23,-15,-5.273242473602295,-2.646191358566284,6.043652534484863,4,-7,-35,-5.895312786102295,3.1869142055511475,4.636816501617432
-20,-19,-23,-7.158593654632568,-2.406933546066284,5.857031345367432,-7,-8,-28,-7.742383003234863,3.27783203125,5.775683879852295
-13,-3,-9,-10.465136528015137,-2.84716796875,6.665722846984863,-50,-13,-27,-11.2451171875,3.0337891578674316,8.20175838470459
-19,24,10,-9.694726943969727,-3.627148389816284,5.76611328125,-35,-23,-28,-10.398144721984863,0.870898425579071,7.637109756469727
22,27,31,-10.512988090515137,-5.172753810882568,6.10107421875,68,-11,-41,-9.603808403015137,0.512011706829071,7.091601848602295
40,2,43,-8.125195503234863,-4.627246379852295,3.172558546066284,44,14,-8,-6.311621189117432,1.272851586341858,6.560449123382568
-22,-14,54,-7.790234565734863,-3.70849609375,2.17724609375,-46,24,43,-5.943164348602295,-0.0478515625,7.239941596984863
-85,-19,63,-6.8427734375,-4.47412109375,1.598242163658142,-39,18,48,-5.627343654632568,-2.41650390625,7.038964748382568
-72,-15,52,-6.378613471984863,-4.679883003234863,0.9905273914337158,14,17,32,-5.268456935882568,-1.2297852039337158,7.005468845367432
-13,-6,38,-6.823632717132568,-4.78515625,1.2106446027755737,-31,22,50,-5.67041015625,-0.1435546875,6.871484279632568
12,-2,37,-7.445703506469727,-4.062597751617432,1.765722632408142,-53,23,56,-6.321191310882568,-0.732128918170929,7.149023532867432
-2,-4,43,-7.747168064117432,-4.172656536102295,2.27294921875,-25,17,46,-6.29248046875,-0.8421875238418579,7.01025390625
-13,-4,38,-8.986523628234863,-4.588964939117432,2.775390625,-10,10,30,-7.115527629852295,-0.8565430045127869,7.541406631469727
-22,5,20,-9.814355850219727,-4.732519626617432,3.3208985328674316,-1,1,2,-7.756738662719727,-1.119726538658142,8.053418159484863
-20,19,-12,-8.436230659484863,-4.651172161102295,3.6989259719848633,23,-9,-27,-7.493555068969727,-0.827832043170929,7.761523723602295
22,26,-48,-7.316504001617432,-4.454980373382568,4.201367378234863,29,-15,-39,-7.4169921875,-0.19619141519069672,7.412207126617432
41,17,-56,-7.015038967132568,-3.2491211891174316,3.7467775344848633,19,-12,-36,-6.742285251617432,0.21054688096046448,7.038964748382568
1,-1,-22,-7.316504001617432,-2.521777391433716,3.7802734375,-8,-6,-27,-6.445605754852295,0.0478515625,7.3212890625
-38,-18,20,-7.39306640625,-3.1103515625,3.167773485183716,-18,-1,-31,-5.95751953125,-0.540722668170929,7.622754096984863
-47,-26,41,-7.431347846984863,-3.66064453125,2.306445360183716,-9,-2,-34,-5.364160060882568,-0.708203136920929,7.397851943969727
-35,-24,45,-7.550976753234863,-3.9860353469848633,1.8757812976837158,-7,-4,-30,-5.115332126617432,-0.660351574420929,6.928906440734863
-28,-22,38,-6.440820217132568,-3.7228517532348633,1.31591796875,-4,-7,-22,-4.124804973602295,-0.995312511920929,6.249413967132568
-36,-24,18,-6.115429878234863,-3.3017578125,0.803906261920929,0,-8,-13,-3.4166016578674316,-0.9666016101837158,5.732617378234863
-47,-25,25,-10.728320121765137,-3.765918016433716,1.8757812976837158,-16,-4,0,-8.139551162719727,-1.1101562976837158,7.732812881469727
-32,-28,65,-12.2978515625,-4.52197265625,3.024218797683716,21,1,-3,-11.21640682220459,-1.36376953125,8.92431640625
-32,-15,92,-13.240527153015137,-5.00048828125,4.3544921875,65,20,-8,-11.9150390625,1.12451171875,8.641992568969727
-11,15,78,-8.522363662719727,-5.52685546875,5.847461223602295,-12,22,0,-8.579785346984863,2.957226514816284,7.05810546875
55,39,9,-5.632129192352295,-5.579492092132568,6.828418254852295,2,19,-15,-6.402539253234863,1.9092774391174316,5.254101753234863
106,32,-43,-7.101171970367432,-3.335253953933716,7.661035537719727,37,24,-45,-6.158496379852295,3.6175782680511475,5.067480564117432
9,3,-44,-5.828320503234863,-0.947460949420929,7.177734375,-12,26,-29,-5.435937404632568,3.7467775344848633,4.464550971984863
-56,-11,-47,-5.52685546875,-2.1006836891174316,7.230370998382568,-30,23,-25,-6.603515625,3.335253953933716,5.153613567352295
-15,-8,-53,-5.699120998382568,-2.8423829078674316,6.359472751617432,-20,19,-26,-7.172949314117432,2.593554735183716,5.823535442352295
0,-11,-45,-5.947949409484863,-1.9619140625,5.818749904632568,17,8,-22,-7.01025390625,2.598339796066284,5.924023628234863
-8,-16,-31,-6.220703125,-2.3638672828674316,5.28759765625,22,-4,-4,-6.69921875,2.856738328933716,5.919238567352295
-15,-13,-12,-6.91455078125,-2.4404296875,4.632031440734863,27,-12,11,-8.24960994720459,2.6509766578674316,6.469531536102295
-10,-5,19,-8.115625381469727,-3.1103515625,5.651269435882568,29,-8,11,-9.527246475219727,2.51220703125,6.670507907867432
-2,-6,31,-6.909765720367432,-3.0577149391174316,5.345019817352295,29,-2,18,-7.96728515625,2.10546875,6.000586032867432
-2,-4,33,-6.407324314117432,-2.8423829078674316,5.593847751617432,0,-3,33,-7.139453411102295,2.119824171066284,5.627343654632568
-8,-3,41,-5.818749904632568,-2.7801759243011475,5.713476657867432,0,-6,21,-6.665722846984863,1.0862305164337158,5.306738376617432
-8,0,41,-5.660840034484863,-3.1629884243011475,5.852246284484863,31,-3,-10,-6.924121379852295,2.048046827316284,4.938281536102295
-2,0,35,-5.699120998382568,-2.885449171066284,6.10107421875,11,1,-22,-7.096386909484863,2.87109375,4.799511909484863
-19,-6,32,-5.833105564117432,-2.861523389816284,6.302051067352295,-4,7,-30,-6.7470703125,2.6796875,4.861718654632568
-29,-14,18,-5.124902248382568,-2.7275390625,6.211133003234863,-1,8,-38,-5.699120998382568,2.6509766578674316,4.871289253234863
-36,-25,0,-3.4883790016174316,-1.79443359375,5.895312786102295,4,2,-40,-4.28271484375,2.9955079555511475,4.072167873382568
-22,-22,-15,-4.115234375,-2.071972608566284,6.354687690734863,13,1,-46,-6.024511814117432,3.311328172683716,3.9668946266174316
34,-11,-16,-7.139453411102295,-2.426074266433716,7.326074123382568,-2,5,-68,-9.776074409484863,3.8711915016174316,5.278027534484863
7,15,13,-9.37890625,-2.7562501430511475,7.46484375,5,1,-56,-12.718945503234863,3.1151368618011475,7.77587890625
-30,43,65,-10.42685604095459,-4.684668064117432,6.9384765625,15,-16,-35,-13.379297256469727,1.7322266101837158,8.067773818969727
-37,45,87,-11.809765815734863,-5.483788967132568,6.7470703125,57,-7,-33,-11.068066596984863,0.49287110567092896,7.885937690734863
-54,6,76,-8.737695693969727,-7.316504001617432,4.263574123382568,35,10,-8,-6.115429878234863,0.947460949420929,7.163379192352295
-13,2,34,-7.283008098602295,-4.962207317352295,2.263378858566284,-34,15,34,-5.14404296875,0.03349609300494194,7.909863471984863
-7,2,23,-6.034081935882568,-4.407128810882568,1.6652344465255737,-29,7,33,-4.799511909484863,-1.550390601158142,7.397851943969727
-5,-1,20,-6.058007717132568,-4.23486328125,1.4833984375,-3,8,24,-4.794726848602295,-0.45458984375,6.861914157867432
-4,-6,22,-7.546191692352295,-4.325781345367432,1.655664086341858,-58,19,40,-5.359375,-0.46894532442092896,6.584374904632568
-21,-8,16,-7.876367568969727,-4.009961128234863,1.50732421875,-73,25,43,-5.81396484375,-1.081445336341858,6.708789348602295
-35,-6,2,-7.455273628234863,-3.9286134243011475,1.4499024152755737,-40,18,35,-5.8857421875,-1.287207007408142,6.416894435882568
-30,0,-9,-7.594043254852295,-3.8711915016174316,1.53125,-14,8,22,-6.909765720367432,-0.851757824420929,6.837988376617432
-20,12,5,-9.90048885345459,-4.024316310882568,2.36865234375,-1,6,4,-9.096582412719727,-0.8661133050918579,7.603613376617432
-13,23,30,-9.35019588470459,-4.134375095367432,2.981152296066284,0,1,-15,-8.263964653015137,-1.191503882408142,7.455273628234863
1,32,18,-7.565332412719727,-4.579394817352295,3.27783203125,11,-10,-26,-7.469629287719727,-1.69873046875,6.69921875
49,31,-10,-7.364355564117432,-4.28271484375,3.3974609375,31,-15,-42,-6.737500190734863,-1.7609375715255737,6.2685546875
39,16,-9,-7.780664443969727,-3.024218797683716,3.574511766433716,32,-8,-50,-6.526953220367432,-1.129296898841858,6.043652534484863
-34,-6,19,-7.862011909484863,-3.454882860183716,2.99072265625,9,1,-48,-6.488671779632568,-0.78955078125,6.120214939117432
-21,-16,20,-7.340429782867432,-5.19189453125,1.813574194908142,0,6,-42,-6.014941692352295,-0.708203136920929,6.153710842132568
18,-13,9,-6.885839939117432,-4.507617473602295,0.861328125,-5,3,-36,-5.201465129852295,-1.8566406965255737,5.967090129852295
0,-13,9,-6.1728515625,-3.80419921875,0.516796886920929,23,0,-40,-4.392773628234863,-2.713183641433716,5.33544921875
-22,-14,11,-8.10605525970459,-3.9764649868011475,0.8421875238418579,37,-3,-35,-6.6513671875,-1.215429663658142,6.450390815734863
-31,-19,22,-12.43662166595459,-4.431054592132568,2.8041017055511475,27,-1,-6,-10.88144588470459,-0.5790039300918579,8.909960746765137
-22,-21,25,-12.72373104095459,-4.95263671875,4.0673828125,48,15,3,-11.2451171875,0.971386730670929,9.340624809265137
4,-18,16,-9.87656307220459,-4.478906154632568,4.37841796875,11,18,12,-8.68505859375,1.0383789539337158,9.240137100219727
0,1,2,-8.34531307220459,-3.9668946266174316,5.464648723602295,10,4,-14,-8.450586318969727,2.115039110183716,7.2255859375
27,15,-20,-7.263867378234863,-4.143945217132568,7.546191692352295,35,2,-45,-7.641894817352295,3.478808641433716,3.9046876430511475
51,6,-53,-5.392871379852295,-2.70361328125,7.211230754852295,6,3,-25,-5.603417873382568,3.8903322219848633,3.095996141433716
18,-8,-61,-4.799511909484863,-0.9618164300918579,6.775781154632568,-20,4,-3,-5.7421875,3.158203125,3.172558546066284
-20,-3,-42,-5.163183689117432,-1.5408203601837158,5.799609661102295,-5,5,-12,-7.278222560882568,2.6270508766174316,3.9142580032348633
-15,5,-24,-5.751758098602295,-2.3877930641174316,5.904882907867432,2,9,-23,-8.01513671875,2.9237306118011475,4.670312404632568
-3,5,-10,-5.679980754852295,-2.430859327316284,5.010058879852295,1,11,-19,-7.603613376617432,2.789746046066284,4.842578411102295
-14,-2,3,-5.660840034484863,-2.0863282680511475,4.6416015625,7,6,-6,-7.125097751617432,2.378222703933716,5.325879096984863
-27,-1,22,-6.402539253234863,-2.4834961891174316,5.029199123382568,11,4,1,-8.077343940734863,2.2920899391174316,5.943164348602295
-10,8,56,-8.651562690734863,-3.268261671066284,6.29248046875,0,10,0,-9.80478572845459,2.335156202316284,6.890625
0,8,73,-7.402637004852295,-3.03857421875,6.383398532867432,-16,10,8,-8.412304878234863,2.1820313930511475,6.498242378234863
-16,1,70,-6.230273723602295,-2.7706055641174316,5.876172065734863,-15,1,20,-7.168164253234863,1.8757812976837158,5.943164348602295
-24,-7,71,-6.096289157867432,-2.933300733566284,5.81396484375,-2,-7,15,-6.665722846984863,1.502539038658142,5.321094036102295
-41,-13,68,-6.029296875,-3.244335889816284,5.90966796875,16,-7,-9,-6.608300685882568,1.847070336341858,4.95263671875
-37,-13,48,-6.139355659484863,-3.732421875,5.818749904632568,11,-3,-27,-6.952832221984863,2.426074266433716,4.722949504852295
-29,-15,23,-5.86181640625,-3.359179735183716,6.220703125,4,-2,-32,-6.809277534484863,2.713183641433716,4.694238185882568
-23,-24,-3,-5.0244140625,-2.162890672683716,6.680078029632568,-9,-3,-29,-5.914453029632568,3.024218797683716,4.397558689117432
-32,-29,-13,-3.813769578933716,-1.095800757408142,5.76611328125,-22,-9,-21,-5.488574504852295,2.646191358566284,4.086523532867432
0,-7,-9,-7.905078411102295,-3.2108399868011475,6.029296875,-1,-12,-25,-10.6708984375,2.287304639816284,6.10107421875
4,18,23,-12.00595760345459,-3.4022462368011475,6.924121379852295,-24,-12,-39,-12.881640434265137,1.3063477277755737,7.58447265625
-48,39,43,-11.967676162719727,-4.828222751617432,5.924023628234863,2,-2,-53,-11.79062557220459,0.01435546949505806,7.302148342132568
16,34,39,-9.63730525970459,-5.904882907867432,4.727734565734863,46,12,-49,-8.077343940734863,-0.18662109971046448,6.933691501617432
25,13,26,-7.718457221984863,-3.7228517532348633,3.239550828933716,14,18,-4,-6.230273723602295,0.5263671875,7.713672161102295
-41,-6,42,-6.431250095367432,-3.4500977993011475,2.383007764816284,-30,4,31,-5.110547065734863,-1.942773461341858,6.952832221984863
-65,-15,43,-5.962304592132568,-4.148730754852295,1.5695313215255737,22,-1,22,-4.411914348602295,-2.56005859375,6.416894435882568
-24,-13,34,-7.216015815734863,-4.90478515625,1.33984375,7,4,20,-5.33544921875,-1.167578101158142,6.680078029632568
8,-12,24,-8.244824409484863,-4.100879192352295,1.31591796875,-31,12,28,-5.991015911102295,-1.033593773841858,6.689648628234863
-17,-11,22,-7.938574314117432,-3.9668946266174316,1.311132788658142,-24,10,31,-6.153710842132568,-1.3733398914337158,6.522168159484863
-30,-5,8,-7.259082317352295,-3.8903322219848633,1.1627930402755737,-4,4,21,-5.81396484375,-1.5216797590255737,6.503027439117432
-31,4,0,-9.106152534484863,-4.172656536102295,2.239453077316284,4,2,1,-8.005566596984863,-1.311132788658142,7.383496284484863
-7,15,6,-10.350293159484863,-4.52197265625,3.37353515625,10,3,-22,-9.000879287719727,-1.0383789539337158,7.962500095367432
-4,23,-3,-8.043848037719727,-4.014746189117432,3.75634765625,13,5,-27,-7.019824504852295,-0.59814453125,7.15380859375
13,20,-21,-7.407422065734863,-4.009961128234863,3.8807618618011475,-3,6,-27,-6.014941692352295,-0.669921875,7.048535346984863
20,10,-16,-7.44091796875,-3.024218797683716,3.5697267055511475,0,6,-35,-5.842675685882568,-0.870898425579071,6.957617282867432
-12,-4,18,-7.522265911102295,-3.048144578933716,3.3208985328674316,1,5,-37,-6.211133003234863,-0.588574230670929,7.110742092132568
-30,-18,53,-7.804590225219727,-3.598437547683716,2.48828125,-4,3,-27,-6.445605754852295,-1.0048828125,7.239941596984863
-36,-22,66,-7.646679878234863,-3.9764649868011475,1.6843750476837158,0,0,-22,-5.952734470367432,-1.60302734375,6.995898723602295
-32,-18,55,-7.235156536102295,-4.28271484375,1.440332055091858,0,-4,-21,-5.608203411102295,-1.9092774391174316,6.732715129852295
-15,-13,35,-6.574804782867432,-4.3544921875,1.0192383527755737,22,-9,-23,-5.196679592132568,-2.521777391433716,5.890527248382568
-14,-14,19,-7.627539157867432,-3.9190430641174316,1.598242163658142,42,-9,-21,-6.058007717132568,-1.6843750476837158,5.62255859375
-23,-22,12,-11.2451171875,-4.722949504852295,3.7515625953674316,29,3,-9,-9.910058975219727,-0.564648449420929,7.359570503234863
-16,-26,5,-12.738085746765137,-4.742089748382568,4.756445407867432,25,27,0,-12.068163871765137,1.1484375,8.096484184265137
-33,-20,-6,-9.503320693969727,-3.8472657203674316,5.053124904632568,-1,32,19,-9.029589653015137,2.454785108566284,7.436132907867432
-27,3,-30,-7.87158203125,-4.301855564117432,5.713476657867432,-34,11,19,-8.354883193969727,1.655664086341858,7.038964748382568
41,24,-52,-6.613086223602295,-3.531445264816284,7.287793159484863,3,5,-25,-7.72802734375,2.2777345180511475,5.230175971984863
44,14,-56,-5.081836223602295,-1.406835913658142,6.584374904632568,27,5,-30,-6.201562404632568,3.124706983566284,3.9286134243011475
-13,1,-33,-4.766015529632568,-1.057519555091858,6.144140720367432,-14,3,1,-6.120214939117432,3.483593702316284,3.5888671875
-21,3,-14,-4.990918159484863,-2.091113328933716,6.220703125,-33,3,5,-7.120312690734863,2.41650390625,4.167870998382568
-5,5,3,-5.703906536102295,-2.3638672828674316,6.125,-1,1,-9,-7.6083984375,2.2920899391174316,4.871289253234863
-10,0,16,-5.90966796875,-2.263378858566284,5.871387004852295,3,-3,-4,-7.340429782867432,2.287304639816284,5.4072265625
-18,-3,27,-6.957617282867432,-2.7466797828674316,5.837890625,8,-6,1,-7.732812881469727,2.0145509243011475,6.038867473602295
-17,-4,44,-7.981640815734863,-2.9620118141174316,5.895312786102295,2,-1,-1,-8.795117378234863,2.000195264816284,6.574804782867432
-22,-8,55,-7.421777725219727,-3.0816407203674316,5.3115234375,5,5,2,-8.263964653015137,1.79443359375,6.335546970367432
-22,-8,67,-6.986328125,-3.2012696266174316,5.244531154632568,-5,4,13,-7.493555068969727,2.024121046066284,6.00537109375
-30,-6,79,-6.359472751617432,-3.220410108566284,5.541211128234863,-17,2,4,-6.86669921875,1.5886719226837158,5.459863185882568
-25,-3,73,-5.555566310882568,-3.7802734375,5.947949409484863,2,4,-22,-6.550879001617432,1.7130860090255737,5.206250190734863
-10,-3,54,-5.737402439117432,-3.359179735183716,6.235058784484863,5,4,-37,-6.837988376617432,2.359081983566284,5.211035251617432
-27,-10,40,-5.617773532867432,-3.359179735183716,6.4599609375,1,1,-40,-7.125097751617432,2.51220703125,5.28759765625
-44,-19,17,-4.990918159484863,-3.5601563453674316,6.72314453125,7,-3,-38,-6.603515625,2.473925828933716,5.187109470367432
-32,-20,-13,-4.612890720367432,-3.483593702316284,6.560449123382568,14,-12,-33,-6.727929592132568,2.593554735183716,4.794726848602295
-17,-13,-30,-5.943164348602295,-3.2491211891174316,6.258984565734863,18,-18,-33,-8.531933784484863,2.3447265625,5.6943359375
-23,3,-17,-8.517578125,-3.124706983566284,5.737402439117432,10,-21,-35,-9.886133193969727,1.93798828125,7.139453411102295
-36,26,13,-11.19248104095459,-3.8329102993011475,5.388085842132568,6,-19,-37,-10.771387100219727,0.851757824420929,7.527050971984863
-4,29,42,-12.618456840515137,-5.263671875,5.488574504852295,22,0,-40,-10.37900447845459,-0.4498046934604645,7.646679878234863
20,7,22,-8.89560604095459,-3.9716796875,3.095996141433716,29,16,-13,-6.900195598602295,-0.8421875238418579,7.771093845367432
0,-6,19,-8.263964653015137,-3.598437547683716,2.617480516433716,-15,10,27,-5.799609661102295,-1.9092774391174316,7.651464939117432
-24,-15,28,-6.182422161102295,-3.383105516433716,1.622167944908142,4,4,33,-3.99560546875,-2.402148485183716,6.584374904632568
-27,-15,28,-6.19677734375,-3.89990234375,1.430761694908142,5,7,32,-3.94775390625,-0.88525390625,5.971875190734863
6,-12,27,-7.771093845367432,-4.148730754852295,1.382910132408142,-23,18,33,-5.474218845367432,-0.3541015684604645,6.713574409484863
5,-8,36,-7.72802734375,-3.6319336891174316,1.526464819908142,-18,22,25,-6.000586032867432,-0.3062500059604645,7.01025390625
-21,-5,36,-7.149023532867432,-3.9621095657348633,1.9236328601837158,-12,13,32,-6.211133003234863,-0.37324219942092896,7.172949314117432
-15,0,30,-9.455469131469727,-4.78515625,2.7562501430511475,-8,4,28,-8.421875,-0.9761719107627869,8.17783260345459
-5,13,31,-9.914843559265137,-4.627246379852295,3.3974609375,13,0,-1,-8.407519340515137,-1.2776367664337158,8.072558403015137
1,27,6,-7.177734375,-4.770801067352295,3.85205078125,29,-3,-21,-6.617871284484863,-0.9426758289337158,6.852344036102295
48,28,-34,-7.125097751617432,-4.632031440734863,3.957324266433716,13,-3,-33,-6.570019721984863,-0.9043945670127869,7.08203125
45,15,-44,-7.766308784484863,-3.0194337368011475,3.6175782680511475,18,-2,-45,-6.742285251617432,-0.8661133050918579,7.278222560882568
-13,0,-15,-8.01513671875,-3.048144578933716,3.483593702316284,14,-1,-43,-6.852344036102295,-0.3828125,7.24951171875
-24,-6,4,-7.708887100219727,-3.8664064407348633,2.7083985805511475,-6,0,-35,-6.503027439117432,-0.6747070550918579,7.043750286102295
3,-7,9,-7.3212890625,-3.8424806594848633,2.095898389816284,3,0,-36,-5.593847751617432,-1.3063477277755737,7.024609565734863
6,-9,12,-7.077246189117432,-3.5362305641174316,1.6891602277755737,16,-1,-37,-4.919140815734863,-1.3254883289337158,6.416894435882568
-3,-9,12,-5.890527248382568,-3.3304688930511475,1.2919921875,16,-2,-25,-3.6797852516174316,-1.000097632408142,5.38330078125
-3,-11,6,-7.168164253234863,-3.5218751430511475,2.215527296066284,-1,2,-7,-5.14404296875,-0.6172851920127869,5.71826171875
9,-20,17,-11.1494140625,-4.364062786102295,3.66064453125,-9,11,4,-9.87656307220459,-0.46894532442092896,8.1826171875
19,-28,34,-12.43662166595459,-4.076953411102295,4.799511909484863,16,18,11,-11.38388729095459,0.34453126788139343,9.091796875
-44,-19,55,-11.38388729095459,-3.9381837844848633,5.0244140625,4,13,13,-11.55136775970459,0.875683605670929,10.053613662719727
-45,11,34,-6.837988376617432,-4.919140815734863,5.244531154632568,41,-12,-10,-8.460156440734863,2.359081983566284,6.890625
50,40,-29,-6.024511814117432,-5.244531154632568,6.991113185882568,53,-9,-26,-7.230370998382568,4.158300876617432,3.8759765625
97,33,-76,-5.541211128234863,-2.689257860183716,6.919335842132568,2,5,-21,-5.483788967132568,4.201367378234863,3.2108399868011475
27,11,-77,-5.182324409484863,-0.6029297113418579,7.326074123382568,-16,19,-13,-5.555566310882568,3.541015625,3.6175782680511475
-30,0,-55,-5.799609661102295,-1.047949194908142,6.890625,-22,22,-16,-6.976758003234863,3.2060546875,4.766015529632568
-19,1,-39,-6.273339748382568,-2.1963868141174316,6.909765720367432,-37,23,-19,-7.24951171875,2.713183641433716,5.589062690734863
-20,-3,-26,-6.091504096984863,-1.751367211341858,5.273242473602295,-18,16,-23,-6.584374904632568,2.354296922683716,5.560351848602295
-36,-5,-14,-6.168066501617432,-2.1246094703674316,4.943066596984863,-14,8,-12,-6.689648628234863,2.545703172683716,5.799609661102295
-25,-1,3,-7.125097751617432,-2.550488233566284,5.220605373382568,-16,1,-4,-8.44580078125,2.3016602993011475,6.512597560882568
-8,0,38,-7.790234565734863,-2.5409181118011475,6.096289157867432,0,2,-6,-9.776074409484863,2.1533203125,6.790136814117432
-25,-3,68,-6.823632717132568,-2.2490234375,6.038867473602295,16,1,4,-8.383593559265137,2.162890672683716,6.383398532867432
-41,-6,78,-5.589062690734863,-2.6749024391174316,5.780468940734863,3,-7,22,-6.928906440734863,2.296875,5.469433784484863
-29,-5,83,-5.665625095367432,-3.000293016433716,5.775683879852295,-4,-11,20,-6.69921875,1.6413086652755737,5.282812595367432
-26,-5,92,-6.2685546875,-3.072070360183716,6.0771484375,6,-5,-8,-6.737500190734863,1.8614258766174316,5.187109470367432
-42,-10,94,-6.369042873382568,-3.27783203125,6.168066501617432,-6,0,-23,-6.302051067352295,2.2920899391174316,5.029199123382568
-60,-18,76,-5.6943359375,-3.459667921066284,6.019726753234863,-18,0,-21,-5.612988471984863,2.143749952316284,4.943066596984863
-52,-18,41,-5.641699314117432,-4.115234375,6.105859279632568,-15,0,-29,-6.837988376617432,2.1006836891174316,5.325879096984863
-21,-6,14,-7.239941596984863,-3.8711915016174316,6.110644817352295,-13,-6,-41,-8.814257621765137,1.89013671875,6.345117092132568
-25,8,14,-10.417284965515137,-4.014746189117432,6.302051067352295,10,-12,-59,-11.379101753234863,1.119726538658142,7.39306640625
-27,19,32,-12.56103515625,-4.85693359375,5.373730659484863,26,-4,-60,-11.345605850219727,0.44023439288139343,7.158593654632568
10,10,17,-9.776074409484863,-4.990918159484863,3.03857421875,48,11,-31,-8.23046875,0.12441406399011612,7.015038967132568
30,-2,-6,-9.220995903015137,-3.5123047828674316,1.626953125,0,15,26,-6.861914157867432,-0.3828125,7.235156536102295
-28,-9,0,-7.20166015625,-2.9715821743011475,1.1627930402755737,-25,7,52,-5.234961032867432,-2.019335985183716,6.43603515625
-56,-11,-1,-6.684863567352295,-3.430957078933716,0.9666016101837158,7,5,46,-4.59375,-1.8853516578674316,6.163281440734863
-16,-9,0,-7.574902534484863,-3.89990234375,0.899609386920929,-6,11,40,-5.292382717132568,-0.9283203482627869,6.6513671875
0,-7,15,-8.043848037719727,-3.3543946743011475,1.4833984375,-20,12,37,-6.369042873382568,-0.540722668170929,6.871484279632568
-16,-6,28,-7.58447265625,-3.6797852516174316,2.0528321266174316,-5,8,35,-6.57958984375,-0.29667970538139343,7.029394626617432
-16,-5,22,-7.550976753234863,-4.000390529632568,2.426074266433716,-6,0,33,-7.024609565734863,-0.7943359613418579,6.86669921875
