0,0,0,-8.125195503234863,-3.18212890625,3.363964796066284,-1,1,-2,-7.938574314117432,1.2919921875,5.072265625
0,0,0,-8.139551162719727,-3.1390626430511475,3.3687500953674316,0,1,-3,-7.933789253234863,1.3733398914337158,5.091406345367432
-1,0,1,-8.101269721984863,-3.1055665016174316,3.3065431118011475,-2,1,-2,-7.933789253234863,1.4020508527755737,5.105762004852295
-2,0,2,-8.12998104095459,-3.1629884243011475,3.287402391433716,-3,1,-1,-7.948144912719727,1.358984351158142,5.105762004852295
-1,0,2,-8.149121284484863,-3.1390626430511475,3.3304688930511475,-4,1,-1,-7.96728515625,1.36376953125,5.086621284484863
-3,-1,2,-8.163476943969727,-3.148632764816284,3.316113233566284,-3,1,0,-7.995996475219727,1.31591796875,5.057910442352295
-3,-1,1,-8.15869140625,-3.1055665016174316,3.3065431118011475,-2,0,0,-8.000781059265137,1.26806640625,5.057910442352295
-4,-1,2,-8.120409965515137,-3.119921922683716,3.287402391433716,-2,0,-1,-8.01035213470459,1.26806640625,5.038769721984863
-1,0,2,-8.168261528015137,-3.191699266433716,3.2491211891174316,-3,1,-1,-8.067773818969727,1.2919921875,4.981347560882568
-2,0,3,-8.2783203125,-3.1294922828674316,3.2251954078674316,-6,2,-1,-8.244824409484863,1.272851586341858,4.938281536102295
-5,1,4,-8.15869140625,-3.005078077316284,3.119921922683716,-2,2,-3,-8.196972846984863,0.846972644329071,4.871289253234863
-6,3,4,-7.862011909484863,-2.9476563930511475,2.957226514816284,19,-1,-10,-7.77587890625,0.5455078482627869,4.775586128234863
1,8,1,-6.847558498382568,-2.7275390625,2.51220703125,45,-11,-16,-7.01025390625,0.3541015684604645,5.033984661102295
1,11,4,-7.230370998382568,-2.861523389816284,2.4356446266174316,61,-23,-11,-6.948047161102295,0.669921875,5.890527248382568
10,8,22,-9.551172256469727,-3.627148389816284,3.0098633766174316,41,-24,-10,-8.78076171875,0.3780273497104645,6.646582126617432
15,1,42,-11.733202934265137,-4.301855564117432,3.4261720180511475,50,-18,-33,-9.646875381469727,0.6412109732627869,7.857226848602295
0,-8,38,-9.54160213470459,-3.981250047683716,2.694042921066284,46,-14,-36,-7.134667873382568,1.4020508527755737,6.182422161102295
-15,-10,20,-7.369140625,-3.732421875,2.2059571743011475,17,-5,-19,-5.57470703125,0.703417956829071,5.689550876617432
-8,-12,7,-6.713574409484863,-3.813769578933716,2.0384767055511475,-4,-4,-13,-5.646484375,0.06699218600988388,5.364160060882568
6,-16,7,-7.402637004852295,-3.6893556118011475,2.0289063453674316,-4,1,-13,-6.488671779632568,0.26318359375,5.373730659484863
-3,-20,10,-7.751953125,-3.6080079078674316,1.679589867591858,-29,15,-7,-6.924121379852295,0.74169921875,5.833105564117432
-9,-18,7,-7.814160346984863,-3.7707033157348633,1.3302735090255737,-36,16,4,-6.48388671875,-0.3062500059604645,6.8427734375
4,-13,-1,-9.1875,-3.7754883766174316,1.765722632408142,-36,6,6,-7.646679878234863,-0.9905273914337158,7.641894817352295
-15,-16,-9,-9.42197322845459,-1.8614258766174316,2.32080078125,-6,0,-2,-8.933886528015137,-1.0862305164337158,6.000586032867432
-70,-9,4,-9.603808403015137,-0.5550781488418579,3.3543946743011475,30,3,-1,-10.015332221984863,3.143847703933716,4.584179878234863
-52,18,13,-10.278515815734863,-1.9954102039337158,5.067480564117432,-24,2,0,-11.560937881469727,4.483691692352295,4.033886909484863
-29,23,0,-10.867090225219727,-1.765722632408142,7.737597942352295,-56,11,-8,-10.962793350219727,3.4261720180511475,3.359179735183716
-9,14,-10,-8.914746284484863,-1.392480492591858,6.656152248382568,12,17,-21,-8.96738338470459,2.9955079555511475,3.7372071743011475
-7,20,-6,-6.608300685882568,-0.8565430045127869,5.211035251617432,13,17,-10,-7.015038967132568,3.861621141433716,3.550585985183716
31,26,-8,-4.9287109375,-1.4833984375,4.435840129852295,-28,14,13,-5.5986328125,2.9955079555511475,3.1294922828674316
66,28,-17,-5.244531154632568,-1.818359375,3.6319336891174316,-2,5,12,-5.416797161102295,2.08154296875,3.1055665016174316
78,19,-22,-7.211230754852295,-1.50732421875,3.483593702316284,23,-1,9,-6.168066501617432,2.306445360183716,3.311328172683716
25,1,-10,-9.460253715515137,-1.550390601158142,3.502734422683716,4,6,20,-8.49365234375,2.856738328933716,4.172656536102295
-5,-11,-6,-11.020215034484863,-1.7800781726837158,4.268359661102295,19,6,10,-10.685254096984863,1.4833984375,6.526953220367432
3,-17,6,-12.096875190734863,1.1627930402755737,5.904882907867432,9,7,-4,-11.0537109375,3.143847703933716,6.416894435882568
-84,-33,47,-9.59423828125,0.3828125,5.100976467132568,-41,6,-5,-9.646875381469727,3.3926758766174316,5.450293064117432
-95,-28,41,-6.737500190734863,-2.617480516433716,3.239550828933716,-74,3,3,-8.531933784484863,2.7562501430511475,4.096093654632568
-20,-12,16,-5.708691596984863,-3.13427734375,2.430859327316284,-48,-5,11,-7.450488567352295,1.9284180402755737,3.531445264816284
0,-6,11,-6.215918064117432,-1.6843750476837158,3.3065431118011475,-15,-13,19,-6.96240234375,2.019335985183716,3.13427734375
-40,-11,29,-7.39306640625,-0.7225586175918579,4.966992378234863,-18,-17,17,-7.2255859375,2.08154296875,2.813671827316284
-34,-10,37,-7.507910251617432,-1.07666015625,5.258886814117432,-10,-17,-2,-7.239941596984863,2.019335985183716,2.521777391433716
20,2,22,-6.96240234375,-0.11962890625,5.43115234375,11,-13,-24,-6.995898723602295,2.258593797683716,2.311230421066284
27,4,5,-6.62744140625,0.4593750238418579,5.148828029632568,20,-7,-34,-7.168164253234863,2.5409181118011475,2.7275390625
-7,-4,4,-8.84775447845459,-0.2823242247104645,4.823437690734863,21,-13,-39,-9.575098037719727,1.8279297351837158,4.823437690734863
0,0,-11,-10.752245903015137,-3.66064453125,2.8232421875,42,-9,-37,-10.469922065734863,0.765625,6.062793254852295
30,4,-16,-13.51328182220459,-4.655957221984863,2.3638672828674316,24,0,-16,-10.92929744720459,0.4976562559604645,8.6611328125
20,-4,0,-12.02988338470459,-4.42626953125,1.4211914539337158,-21,7,12,-8.962597846984863,-0.4306640625,8.72812557220459
0,1,0,-10.249804496765137,-3.8759765625,0.8900390863418579,-14,4,24,-8.287890434265137,-0.971386730670929,7.450488567352295
-11,7,-8,-7.914648532867432,-3.4740235805511475,1.2776367664337158,-5,0,25,-6.536523342132568,-0.6412109732627869,6.38818359375
-7,5,-17,-6.43603515625,-3.349609375,0.8661133050918579,1,3,29,-5.134472846984863,-0.09091796725988388,5.172753810882568
-1,3,-21,-6.067578315734863,-2.976367235183716,1.033593773841858,-18,4,37,-5.225390911102295,0.06220703199505806,5.09619140625
-13,-2,-11,-7.086816310882568,-2.957226514816284,1.7083008289337158,-19,5,33,-6.273339748382568,-0.20576171576976776,4.919140815734863
-15,-6,0,-8.531933784484863,-3.63671875,1.84228515625,6,8,13,-7.646679878234863,0.3397460877895355,5.555566310882568
-14,0,-1,-8.689844131469727,-3.42138671875,1.8375000953674316,8,9,5,-8.32138729095459,0.9522461295127869,5.986230373382568
-22,13,-3,-9.42197322845459,-3.6415040493011475,3.100781202316284,-19,4,12,-9.25927734375,0.34931641817092896,7.01025390625
34,31,-12,-9.03916072845459,-3.7850587368011475,3.5218751430511475,-10,-12,0,-8.79990291595459,-1.0144531726837158,7.000683784484863
61,32,-14,-8.32138729095459,-2.60791015625,3.70849609375,15,-21,-28,-7.804590225219727,-1.50732421875,7.2734375
37,13,-2,-8.10605525970459,-3.1151368618011475,3.052929639816284,46,-26,-47,-6.680078029632568,-0.875683605670929,6.31640625
20,-9,13,-8.503222465515137,-3.42138671875,2.239453077316284,70,-22,-55,-6.550879001617432,0.30146485567092896,5.33544921875
-2,-23,15,-8.694628715515137,-3.6415040493011475,1.5886719226837158,52,-16,-55,-6.694433689117432,1.2345703840255737,5.732617378234863
-10,-26,2,-8.168261528015137,-3.70849609375,0.74169921875,42,-6,-50,-6.235058784484863,1.0192383527755737,5.388085842132568
-9,-21,-6,-7.220800876617432,-3.3687500953674316,0.31103515625,49,2,-35,-5.3115234375,1.3733398914337158,5.62255859375
-21,-19,-3,-6.919335842132568,-3.08642578125,-0.07177734375,-19,9,-1,-5.077050685882568,0.8661133050918579,6.464745998382568
-26,-11,6,-7.574902534484863,-3.531445264816284,0.10527344048023224,-70,9,22,-6.139355659484863,-0.25361329317092896,6.86669921875
2,-2,13,-9.675585746765137,-4.129590034484863,1.320703148841858,-58,5,23,-8.06298828125,-1.2919921875,9.144433975219727
-16,-7,13,-11.068066596984863,-3.502734422683716,3.18212890625,-1,-14,9,-9.16357421875,1.1101562976837158,7.8955078125
-61,-5,0,-11.74277400970459,-4.2587890625,4.90478515625,-59,5,22,-12.288281440734863,4.866504192352295,6.000586032867432
-50,3,-22,-11.929394721984863,-4.206152439117432,8.914746284484863,-111,16,20,-12.876855850219727,4.344922065734863,4.498046875
-6,-10,-37,-8.929101943969727,-2.1820313930511475,10.12060546875,-37,25,-5,-9.771288871765137,2.617480516433716,3.507519483566284
50,7,-39,-6.426465034484863,-0.46416017413139343,7.05810546875,60,23,-20,-7.24951171875,2.79931640625,4.167870998382568
23,7,-22,-5.507714748382568,-0.4976562559604645,4.579394817352295,33,17,-4,-6.086719036102295,3.8089845180511475,3.7707033157348633
32,10,-17,-4.876074314117432,-2.296875,2.4452149868011475,-17,5,20,-5.665625095367432,2.737109422683716,3.4166016578674316
51,18,-19,-5.522070407867432,-2.1533203125,2.2298829555511475,14,-7,15,-5.775683879852295,1.6748046875,3.5601563453674316
35,12,-14,-6.991113185882568,-2.067187547683716,3.119921922683716,34,-12,6,-6.373828411102295,2.115039110183716,3.94775390625
0,8,-9,-8.173047065734863,-2.3255860805511475,3.555371046066284,22,-6,2,-7.503125190734863,2.4404296875,4.517187595367432
0,9,-3,-11.249902725219727,-3.076855421066284,4.895215034484863,20,11,-9,-10.603906631469727,2.856738328933716,6.163281440734863
8,-1,4,-9.699511528015137,-2.2059571743011475,4.746875286102295,-10,22,-6,-8.61328125,3.072070360183716,5.077050685882568
-3,-18,10,-8.68027400970459,0.9905273914337158,5.924023628234863,-32,28,9,-7.756738662719727,2.6605470180511475,4.981347560882568
-99,-46,43,-7.814160346984863,0.01435546949505806,5.23974609375,-58,20,13,-8.32138729095459,2.7562501430511475,4.794726848602295
-121,-45,57,-7.44091796875,-2.406933546066284,3.9381837844848633,-87,11,14,-9.082226753234863,2.48828125,4.431054592132568
-57,-24,53,-6.708789348602295,-3.8903322219848633,3.359179735183716,-36,-2,13,-8.503222465515137,2.335156202316284,3.8329102993011475
6,-2,38,-6.53173828125,-3.7467775344848633,3.6797852516174316,-9,-11,20,-7.933789253234863,2.5648438930511475,3.459667921066284
9,2,22,-6.704003810882568,-3.3687500953674316,4.588964939117432,-14,-14,20,-7.383496284484863,2.3877930641174316,3.0816407203674316
32,4,0,-6.273339748382568,-2.737109422683716,4.33056640625,12,-16,0,-6.761425971984863,2.0145509243011475,2.6749024391174316
64,13,-17,-6.378613471984863,-1.191503882408142,4.61767578125,44,-16,-23,-6.952832221984863,2.383007764816284,2.87109375
53,10,-23,-6.335546970367432,-0.009570312686264515,5.187109470367432,35,-16,-31,-7.239941596984863,2.856738328933716,3.2012696266174316
6,0,-8,-8.570215225219727,-0.21054688096046448,5.273242473602295,27,-16,-27,-9.51767635345459,2.330371141433716,4.632031440734863
-40,-7,17,-11.28818416595459,-1.31591796875,5.4072265625,27,-18,-26,-10.656542778015137,1.0862305164337158,6.024511814117432
-93,-18,36,-10.972363471984863,-4.249218940734863,3.191699266433716,21,-6,-25,-9.25449275970459,0.5550781488418579,6.718359470367432
-12,-10,29,-10.90537166595459,-5.2158203125,1.74658203125,-6,14,-12,-8.75205135345459,0.971386730670929,8.244824409484863
40,0,35,-11.07763671875,-4.66552734375,1.416406273841858,-57,23,13,-9.45068359375,0.02871093899011612,8.70419979095459
12,8,43,-9.096582412719727,-3.8903322219848633,1.435546875,-1,4,23,-7.53662109375,-0.708203136920929,8.48886775970459
-7,12,29,-7.187304973602295,-4.033886909484863,1.143652319908142,23,-8,26,-5.4072265625,-0.21054688096046448,6.517383098602295
8,15,2,-6.215918064117432,-3.885546922683716,1.009667992591858,-12,-5,32,-4.722949504852295,0.20576171576976776,5.234961032867432
12,12,-10,-6.919335842132568,-3.574511766433716,1.622167944908142,-9,-5,20,-5.699120998382568,0.08613281697034836,4.440625190734863
0,2,-9,-8.067773818969727,-3.7372071743011475,2.4595704078674316,3,0,1,-6.971972942352295,0.57421875,4.861718654632568
-14,-6,-12,-8.646777153015137,-3.7228517532348633,2.3495118618011475,-2,15,-2,-7.330859661102295,1.320703148841858,5.455078125
-30,2,-26,-9.21142578125,-3.7754883766174316,2.5552735328674316,-21,17,4,-8.08212947845459,1.167578101158142,6.431250095367432
-18,27,-50,-9.7138671875,-4.076953411102295,3.2491211891174316,-30,1,-2,-9.54160213470459,-0.3875976502895355,6.72314453125
59,51,-65,-9.130078315734863,-3.8807618618011475,4.670312404632568,-12,-9,-31,-10.398144721984863,-0.6412109732627869,6.785351753234863
117,38,-37,-7.96728515625,-1.6748046875,4.459765911102295,53,-18,-41,-7.177734375,-0.7177734375,6.761425971984863
51,2,4,-7.426562786102295,-1.8327149152755737,2.8423829078674316,74,-21,-33,-5.033984661102295,0.14833985269069672,6.306836128234863
-19,-23,29,-7.852441787719727,-2.837597608566284,1.813574194908142,40,-22,-34,-5.421582221984863,1.239355444908142,5.86181640625
-36,-36,27,-8.522363662719727,-3.6080079078674316,1.3972656726837158,32,-16,-47,-6.565234661102295,0.894824206829071,5.560351848602295
-27,-38,13,-7.914648532867432,-3.6319336891174316,0.5933594107627869,75,-4,-47,-5.852246284484863,0.9857422113418579,5.450293064117432
-28,-35,3,-7.053320407867432,-3.100781202316284,0.32060548663139343,6,11,-16,-4.938281536102295,1.6413086652755737,6.000586032867432
-45,-32,5,-7.790234565734863,-3.2347657680511475,0.5455078482627869,-51,16,10,-6.383398532867432,1.488183617591858,6.952832221984863
-38,-23,14,-9.66123104095459,-3.8664064407348633,1.4738281965255737,-61,17,19,-8.402734756469727,1.129296898841858,7.574902534484863
-23,-2,18,-10.14453125,-3.7754883766174316,2.87109375,-69,8,22,-10.23544979095459,2.0528321266174316,7.91943359375
-2,30,14,-11.584863662719727,-3.46923828125,5.976660251617432,-115,12,26,-12.65195369720459,2.306445360183716,5.713476657867432
-66,19,11,-10.445996284484863,-3.311328172683716,9.85263729095459,-100,16,6,-11.919824600219727,2.646191358566284,4.632031440734863
-16,8,-16,-8.412304878234863,-3.0194337368011475,8.29746150970459,-18,17,-16,-9.32627010345459,2.3447265625,3.789843797683716
23,8,-22,-6.794921875,-1.8853516578674316,6.163281440734863,21,18,-12,-7.091601848602295,2.99072265625,3.7802734375
37,1,-17,-5.871387004852295,-1.60302734375,4.421484470367432,-7,16,11,-6.163281440734863,2.9380860328674316,3.4453125
36,0,-15,-5.5029296875,-1.5695313215255737,3.22998046875,-6,7,24,-5.565136909484863,1.9762696027755737,2.9620118141174316
9,2,-12,-6.115429878234863,-1.8662109375,3.0098633766174316,22,-3,20,-6.311621189117432,1.741796851158142,3.435742139816284
7,11,-9,-7.134667873382568,-2.7227540016174316,3.076855421066284,24,-11,10,-7.29736328125,1.789648413658142,4.23486328125
34,20,-12,-8.87168025970459,-3.3065431118011475,3.6080079078674316,53,-14,1,-7.900293350219727,1.53125,4.239648342132568
49,15,-13,-10.54648494720459,-2.574414014816284,4.172656536102295,61,-1,4,-9.311914443969727,2.6126954555511475,5.268456935882568
13,-2,-10,-9.407617568969727,-1.024023413658142,4.588964939117432,-6,16,20,-9.39804744720459,2.7323243618011475,5.263671875
-14,-16,-5,-8.551074028015137,0.4976562559604645,4.85693359375,-34,24,14,-9.283203125,2.2538087368011475,5.254101753234863
-97,-39,31,-7.838086128234863,-0.08613281697034836,5.187109470367432,-29,15,4,-9.082226753234863,2.0863282680511475,4.885644435882568
-107,-35,51,-6.493457317352295,-2.521777391433716,4.096093654632568,-38,7,3,-8.508008003234863,1.631738305091858,4.464550971984863
-31,-16,44,-6.19677734375,-3.8329102993011475,3.694140672683716,-21,-1,-2,-7.46484375,1.990625023841858,3.981250047683716
25,0,29,-6.550879001617432,-3.4022462368011475,3.9716796875,-17,-11,-4,-6.732715129852295,2.478710889816284,3.7707033157348633
26,6,16,-6.81884765625,-3.000293016433716,4.536328315734863,-31,-16,-7,-6.445605754852295,2.10546875,3.7946290969848633
55,14,-2,-7.043750286102295,-2.162890672683716,4.85693359375,-6,-26,-26,-6.943261623382568,2.287304639816284,4.0673828125
63,16,-20,-7.527050971984863,-0.9283203482627869,5.421582221984863,15,-37,-42,-7.900293350219727,2.2777345180511475,4.368847846984863
31,5,-25,-8.364453315734863,-1.0623047351837158,5.498144626617432,52,-42,-45,-8.570215225219727,1.79443359375,4.158300876617432
-3,-7,-18,-8.287890434265137,-2.138964891433716,4.167870998382568,90,-38,-34,-7.737597942352295,1.799218773841858,5.038769721984863
-14,-14,-15,-8.78076171875,-3.66064453125,2.598339796066284,74,-23,-6,-8.196972846984863,1.9523438215255737,6.378613471984863
1,-10,-2,-11.398241996765137,-4.742089748382568,2.41650390625,0,1,14,-9.938769340515137,0.8565430045127869,7.809375286102295
0,-9,28,-11.76669979095459,-5.148828029632568,2.0145509243011475,-18,22,16,-10.943652153015137,0.2918945252895355,9.168359756469727
-23,0,50,-11.225976943969727,-5.0244140625,1.655664086341858,-55,36,23,-9.78085994720459,0.11005859822034836,8.962597846984863
-22,9,42,-9.02001953125,-4.95263671875,1.2919921875,-17,32,19,-7.431347846984863,-0.39238283038139343,7.3212890625
-12,13,13,-5.895312786102295,-3.9046876430511475,1.3254883289337158,-8,29,10,-4.158300876617432,-0.07177734375,5.488574504852295
-18,4,-15,-3.7611329555511475,-2.9715821743011475,1.392480492591858,-21,27,7,-2.2442383766174316,0.6890625357627869,4.780371189117432
-27,-5,-30,-4.09130859375,-2.813671827316284,1.430761694908142,-40,22,16,-3.196484327316284,1.167578101158142,4.699023723602295
-26,-6,-13,-9.1396484375,-3.9716796875,3.052929639816284,-48,12,14,-9.154004096984863,0.9091796875,6.957617282867432
-8,-2,7,-10.015332221984863,-4.387988567352295,3.8664064407348633,-10,-9,3,-9.316699028015137,-0.732128918170929,6.924121379852295
8,22,-7,-9.68515682220459,-3.411816358566284,4.311425685882568,52,-16,1,-8.163476943969727,-0.06699218600988388,6.282910346984863
31,36,-16,-11.068066596984863,-4.364062786102295,4.751660346984863,-4,-20,-12,-11.225976943969727,-0.12919922173023224,8.211328506469727
41,21,-4,-9.192285537719727,-4.2109375,3.813769578933716,9,-24,-28,-8.407519340515137,-1.430761694908142,6.646582126617432
34,5,4,-7.08203125,-3.3926758766174316,2.330371141433716,98,-19,-45,-5.23974609375,-0.11962890625,5.493359565734863
20,-7,4,-6.660937786102295,-3.541015625,2.3160157203674316,61,-26,-27,-4.660742282867432,1.583886742591858,5.660840034484863
15,-19,0,-7.723242282867432,-3.6175782680511475,2.0624024868011475,-25,-17,-5,-5.967090129852295,0.2918945252895355,5.254101753234863
-2,-30,3,-8.364453315734863,-3.598437547683716,1.9619140625,35,-11,-32,-6.943261623382568,-0.12441406399011612,5.852246284484863
-19,-37,1,-7.421777725219727,-3.359179735183716,1.4211914539337158,30,3,-29,-6.421679973602295,1.4020508527755737,6.330761909484863
-19,-33,0,-7.024609565734863,-3.363964796066284,0.9378906488418579,-27,16,0,-6.1728515625,1.368554711341858,6.134570598602295
-15,-28,8,-8.0390625,-3.459667921066284,1.36376953125,-16,20,9,-6.775781154632568,1.047949194908142,5.7421875
-19,-24,16,-9.66123104095459,-3.2826173305511475,2.4452149868011475,-37,24,12,-8.51279354095459,1.4259766340255737,7.283008098602295
-24,-5,18,-9.532031059265137,-2.717968702316284,4.507617473602295,-27,10,5,-9.78564453125,1.5456055402755737,7.125097751617432
14,35,12,-10.465136528015137,-2.5648438930511475,7.015038967132568,-41,8,5,-11.403027534484863,3.531445264816284,5.435937404632568
70,49,-10,-10.747461318969727,-1.3494141101837158,8.87168025970459,-67,15,-4,-11.369531631469727,3.311328172683716,4.483691692352295
12,16,-11,-8.795117378234863,-0.5072265863418579,8.005566596984863,-26,17,-21,-8.97216796875,2.6605470180511475,3.8664064407348633
-11,6,-6,-6.2685546875,-1.1627930402755737,5.732617378234863,21,13,-24,-7.340429782867432,3.1390626430511475,3.813769578933716
25,13,-14,-4.488476753234863,-1.8614258766174316,4.105664253234863,3,1,0,-5.938378810882568,3.3208985328674316,3.550585985183716
48,15,-28,-4.000390529632568,-1.50732421875,3.3065431118011475,-4,-15,15,-5.364160060882568,2.4117188453674316,3.359179735183716
29,1,-37,-5.029199123382568,-0.9426758289337158,3.46923828125,31,-32,9,-5.589062690734863,1.9619140625,3.646289110183716
-4,-17,-35,-7.134667873382568,-1.4211914539337158,3.5936524868011475,74,-37,3,-6.751855373382568,1.990625023841858,3.6797852516174316
-20,-33,-24,-10.69003963470459,-1.74658203125,4.3544921875,76,-12,8,-8.87646484375,3.1294922828674316,4.66552734375
-50,-42,0,-12.728515625,-1.918847680091858,5.0244140625,34,18,13,-10.847949028015137,3.813769578933716,6.230273723602295
-78,-38,22,-11.139843940734863,-1.6365234851837158,5.349804878234863,-16,39,15,-10.7666015625,3.622363328933716,6.354687690734863
-55,-11,34,-8.364453315734863,-1.9954102039337158,4.947851657867432,-93,45,20,-9.64208984375,2.8663086891174316,6.235058784484863
-52,-6,49,-6.144140720367432,-1.693945288658142,5.689550876617432,-132,31,28,-7.359570503234863,1.5456055402755737,5.1201171875
-48,-13,48,-4.770801067352295,-2.741894483566284,4.397558689117432,-72,14,10,-6.14892578125,1.5168945789337158,4.383203029632568
-7,5,36,-5.139257907867432,-3.0433595180511475,3.7515625953674316,-34,0,-2,-6.330761909484863,2.3734376430511475,4.316211223602295
30,23,24,-6.105859279632568,-3.0625,4.440625190734863,-57,-6,-6,-6.852344036102295,2.4212892055511475,4.124804973602295
36,23,14,-6.8427734375,-2.904589891433716,5.373730659484863,-16,-14,-22,-7.086816310882568,1.9140625,3.622363328933716
41,16,-3,-6.680078029632568,-2.306445360183716,5.555566310882568,45,-19,-46,-7.421777725219727,2.22509765625,3.694140672683716
57,14,-17,-7.723242282867432,-0.679492175579071,5.28759765625,58,-26,-53,-8.957812309265137,2.234668016433716,4.7373046875
8,3,-4,-9.76171875,-0.08613281697034836,5.148828029632568,59,-23,-50,-9.83349609375,1.583886742591858,5.16796875
-82,-8,12,-10.206738471984863,-2.789746046066284,2.789746046066284,99,-17,-40,-9.474609375,1.0431641340255737,6.608300685882568
-19,-1,14,-11.537012100219727,-5.445508003234863,1.8375000953674316,17,2,-8,-9.240137100219727,0.18183593451976776,7.670605659484863
24,2,27,-11.67099666595459,-4.9287109375,0.8804687857627869,-15,11,22,-8.866894721984863,-0.24882812798023224,8.22568416595459
-19,14,33,-9.393261909484863,-3.7228517532348633,1.033593773841858,-30,13,34,-7.235156536102295,-0.9857422113418579,7.096386909484863
-37,22,24,-7.311718940734863,-4.182226657867432,1.693945288658142,-11,18,18,-5.579492092132568,-0.5311523675918579,6.302051067352295
7,20,0,-5.833105564117432,-4.254004001617432,0.9857422113418579,-24,20,9,-4.560254096984863,-0.10527344048023224,5.746972560882568
21,7,-17,-5.986230373382568,-3.158203125,1.244140625,-42,22,8,-4.957421779632568,-0.29667970538139343,5.435937404632568
-20,-14,-9,-8.06298828125,-3.124706983566284,1.9044922590255737,-16,18,-4,-6.928906440734863,-0.50244140625,5.866601467132568
-55,-20,-5,-8.8046875,-3.579296827316284,2.0289063453674316,-8,14,-8,-7.747168064117432,0.12919922173023224,6.230273723602295
-51,-4,-11,-9.16357421875,-4.153515815734863,2.215527296066284,-32,6,12,-7.747168064117432,-0.24882812798023224,5.976660251617432
0,22,-23,-9.747363090515137,-4.6416015625,2.41650390625,-22,-10,11,-9.599023818969727,-1.7322266101837158,6.541308879852295
73,40,-35,-9.97226619720459,-4.143945217132568,3.1390626430511475,20,-24,-23,-10.33115291595459,-2.330371141433716,6.57958984375
78,29,-24,-9.551172256469727,-3.148632764816284,2.837597608566284,59,-19,-39,-8.32138729095459,-0.8900390863418579,6.546093940734863
40,8,-4,-8.120409965515137,-2.7562501430511475,1.79443359375,32,-11,-37,-5.646484375,-0.6747070550918579,5.947949409484863
12,-4,5,-7.426562786102295,-3.22998046875,1.6891602277755737,7,-6,-39,-5.053124904632568,-0.5790039300918579,5.555566310882568
8,-12,9,-7.527050971984863,-3.8759765625,1.4690430164337158,38,-8,-53,-6.062793254852295,-0.50244140625,5.512500286102295
13,-18,9,-7.699316501617432,-3.765918016433716,1.3972656726837158,74,-4,-53,-6.392968654632568,0.22490234673023224,5.809179782867432
-3,-28,14,-8.091699600219727,-3.7228517532348633,1.33984375,19,13,-24,-5.746972560882568,0.9187500476837158,6.086719036102295
-14,-31,18,-8.785547256469727,-3.9764649868011475,1.1101562976837158,-21,23,4,-6.5078125,0.9283203482627869,6.498242378234863
-12,-22,15,-9.699511528015137,-3.85205078125,1.50732421875,-47,22,27,-8.56064510345459,0.660351574420929,6.53173828125
-11,-6,8,-8.029492378234863,-2.2298829555511475,2.7083985805511475,-25,6,33,-8.6611328125,0.93310546875,5.914453029632568
24,15,-2,-7.862011909484863,-2.0767579078674316,4.469336032867432,-15,-8,40,-9.532031059265137,1.3015625476837158,4.885644435882568
56,13,-11,-11.98681640625,-0.612500011920929,6.837988376617432,-25,-2,32,-12.259570121765137,2.392578125,5.244531154632568
-64,-16,5,-10.74267578125,-0.10048828274011612,6.766211032867432,-20,10,8,-10.465136528015137,2.263378858566284,4.277929782867432
-47,-2,5,-8.522363662719727,-1.823144555091858,5.364160060882568,2,18,-11,-9.20664119720459,2.3973634243011475,4.191796779632568
21,17,0,-6.273339748382568,-1.6748046875,4.407128810882568,-4,13,-13,-7.254296779632568,2.5887696743011475,3.9716796875
40,24,-2,-5.177539348602295,-1.33984375,3.9525392055511475,-6,0,-4,-6.230273723602295,1.65087890625,3.6080079078674316
36,14,-7,-5.345019817352295,-1.36376953125,4.134375095367432,29,-12,-4,-5.7900390625,1.7561523914337158,3.383105516433716
20,-5,-13,-6.885839939117432,-1.3494141101837158,3.6654298305511475,35,-12,5,-6.05322265625,2.067187547683716,3.454882860183716
-18,-29,-11,-9.886133193969727,-1.1580078601837158,3.541015625,8,4,22,-7.9912109375,2.502636671066284,4.100879192352295
-68,-43,0,-10.962793350219727,-0.9426758289337158,3.75634765625,-26,17,30,-9.106152534484863,2.201171875,4.584179878234863
-71,-35,10,-11.154199600219727,-1.382910132408142,4.244433879852295,-47,27,25,-10.613476753234863,2.0289063453674316,5.397656440734863
-35,-10,14,-9.244921684265137,-1.071874976158142,4.057812690734863,-63,21,11,-10.584765434265137,2.0863282680511475,5.455078125
-77,-8,33,-6.718359470367432,-0.08613281697034836,5.541211128234863,-46,12,6,-8.981738090515137,1.3972656726837158,4.560254096984863
-48,-11,40,-5.010058879852295,-2.9955079555511475,4.062597751617432,-6,5,2,-7.450488567352295,1.5216797590255737,4.574609279632568
-19,0,45,-5.230175971984863,-2.622265577316284,3.923828125,-8,-2,-1,-6.53173828125,2.1246094703674316,4.383203029632568
-21,6,41,-5.71826171875,-3.741992235183716,4.263574123382568,-34,-11,-5,-6.469531536102295,1.9140625,4.301855564117432
26,21,21,-6.536523342132568,-4.459765911102295,4.947851657867432,-8,-24,-24,-7.455273628234863,1.5456055402755737,4.335351467132568
103,38,-10,-7.943359375,-2.3495118618011475,6.2685546875,37,-32,-47,-8.431445121765137,1.9092774391174316,4.18701171875
94,28,-31,-9.465039253234863,-0.22490234673023224,6.177636623382568,51,-34,-59,-9.78085994720459,2.2681641578674316,4.59375
39,5,-39,-9.474609375,-0.8421875238418579,4.383203029632568,55,-20,-55,-9.283203125,1.7083008289337158,4.191796779632568
-40,-26,-28,-9.838281631469727,-2.234668016433716,2.191601514816284,17,-1,-21,-8.32138729095459,1.287207007408142,6.187207221984863
-46,-38,-7,-11.230761528015137,-4.225293159484863,0.4115234315395355,-29,6,19,-9.25927734375,-0.679492175579071,7.383496284484863
-39,-33,19,-11.95810604095459,-4.42626953125,0.44501954317092896,-21,8,27,-9.78564453125,-1.9332032203674316,7.670605659484863
-50,-10,31,-9.603808403015137,-3.61279296875,0.34931641817092896,27,12,13,-7.168164253234863,-1.622167944908142,7.163379192352295
-40,10,29,-7.436132907867432,-3.7850587368011475,0.5455078482627869,6,16,10,-4.651172161102295,0.11484375596046448,7.196875095367432
10,22,14,-5.857031345367432,-3.9381837844848633,0.612500011920929,-49,16,23,-3.813769578933716,-0.3349609375,6.220703125
37,21,1,-6.086719036102295,-3.335253953933716,1.4259766340255737,-45,7,20,-5.23974609375,-0.756054699420929,5.593847751617432
12,6,3,-7.641894817352295,-3.3017578125,2.3877930641174316,-20,0,19,-7.230370998382568,-0.516796886920929,5.507714748382568
-20,-3,2,-8.579785346984863,-3.6654298305511475,2.717968702316284,-22,-3,25,-8.17783260345459,-1.1867188215255737,5.775683879852295
-28,4,-9,-8.7568359375,-4.053027629852295,2.4930665493011475,-19,-9,13,-7.598828315734863,-2.6844727993011475,5.512500286102295
5,28,-25,-10.64697265625,-4.579394817352295,2.933300733566284,11,-18,-26,-10.52734375,-2.670117139816284,5.871387004852295
63,42,-30,-10.747461318969727,-4.584179878234863,3.4022462368011475,39,-12,-59,-10.5751953125,-1.5168945789337158,6.31640625
85,26,-24,-9.85263729095459,-3.4883790016174316,2.60791015625,49,0,-63,-8.0869140625,-0.7129883170127869,6.48388671875
49,0,-8,-8.34531307220459,-2.713183641433716,1.244140625,38,3,-55,-5.880957126617432,-0.05742187798023224,5.799609661102295
4,-15,-2,-7.158593654632568,-2.6988282203674316,1.3781250715255737,33,0,-46,-5.225390911102295,-0.287109375,5.177539348602295
-9,-21,-2,-6.890625,-3.3017578125,0.7847656607627869,63,-1,-38,-5.895312786102295,0.13876953721046448,5.545996189117432
5,-22,3,-7.48876953125,-3.4883790016174316,0.9905273914337158,32,8,-18,-6.048437595367432,0.095703125,6.273339748382568
-5,-25,18,-8.311816215515137,-3.4166016578674316,0.7847656607627869,15,17,-6,-5.737402439117432,0.01914062537252903,6.498242378234863
-6,-21,23,-8.713769912719727,-3.789843797683716,1.2537109851837158,-3,24,9,-6.05322265625,-0.01435546949505806,6.565234661102295
7,-18,19,-9.6181640625,-3.25390625,2.191601514816284,-23,31,17,-8.407519340515137,0.799121081829071,6.426465034484863
3,-13,24,-8.914746284484863,-1.717871069908142,3.1629884243011475,-25,18,15,-9.890917778015137,1.105371117591858,6.445605754852295
-13,1,22,-9.68515682220459,-1.5791015625,5.091406345367432,-26,4,22,-10.83359432220459,1.894921898841858,5.397656440734863
6,16,0,-11.733202934265137,-2.0528321266174316,6.751855373382568,-46,8,30,-12.790722846984863,2.909374952316284,4.76123046875
-30,2,-18,-9.575098037719727,-0.5933594107627869,7.283008098602295,-41,10,24,-10.45556640625,2.0863282680511475,3.8711915016174316
-13,2,-26,-7.10595703125,-1.0910156965255737,5.029199123382568,-12,12,12,-8.096484184265137,2.2298829555511475,3.3974609375
3,9,-21,-5.129687786102295,-0.823046863079071,3.981250047683716,-25,7,10,-6.230273723602295,2.2777345180511475,3.1151368618011475
6,10,-15,-4.397558689117432,-1.1867188215255737,3.4644532203674316,-19,-7,8,-5.517285346984863,1.5695313215255737,3.1055665016174316
20,11,-14,-5.249316692352295,-1.799218773841858,3.18212890625,23,-23,3,-6.144140720367432,1.430761694908142,3.407031297683716
26,7,-10,-9.20664119720459,-2.4834961891174316,4.459765911102295,50,-25,1,-8.670702934265137,2.115039110183716,4.421484470367432
5,-7,-8,-10.422070503234863,-1.9810547828674316,4.78515625,31,-7,8,-8.407519340515137,2.622265577316284,4.780371189117432
-16,-19,-15,-9.264062881469727,-0.8182617425918579,4.478906154632568,11,12,15,-7.149023532867432,2.2777345180511475,4.182226657867432
-47,-33,4,-9.747363090515137,-0.2918945252895355,4.325781345367432,-18,29,23,-8.378808975219727,2.813671827316284,4.914355754852295
-67,-34,39,-10.369433403015137,-1.1005859375,4.880859375,-72,21,11,-11.537012100219727,2.3638672828674316,5.632129192352295
-41,-17,44,-7.962500095367432,-1.7130860090255737,4.675097942352295,-82,10,0,-10.130175590515137,1.6652344465255737,3.99560546875
-9,-2,34,-6.158496379852295,-1.5791015625,4.598535060882568,-35,7,-1,-8.120409965515137,1.765722632408142,3.4883790016174316
-7,-6,31,-5.86181640625,-2.296875,4.498046875,-8,0,4,-7.244726657867432,2.2059571743011475,3.603222608566284
0,-3,29,-6.029296875,-2.3638672828674316,4.024316310882568,-46,-1,2,-6.737500190734863,1.990625023841858,3.5697267055511475
7,5,18,-6.230273723602295,-2.41650390625,4.387988567352295,-34,-10,-14,-6.852344036102295,1.358984351158142,3.63671875
26,10,1,-6.890625,-2.46435546875,5.010058879852295,26,-22,-36,-7.359570503234863,1.4020508527755737,3.5601563453674316
46,12,-21,-7.675390720367432,-1.5647461414337158,5.560351848602295,57,-33,-48,-8.51279354095459,1.8805664777755737,4.096093654632568
36,6,-35,-9.053515434265137,-0.564648449420929,5.388085842132568,56,-36,-48,-9.78085994720459,1.382910132408142,4.33056640625
-24,-6,-29,-10.09189510345459,-1.8087891340255737,3.8664064407348633,51,-23,-32,-9.08701229095459,1.153222680091858,5.995800971984863
-15,-6,-22,-9.76171875,-3.63671875,1.9762696027755737,1,-5,-1,-8.12998104095459,-0.04306640848517418,7.1298828125
18,5,5,-12.302637100219727,-4.320996284484863,1.717871069908142,-41,12,14,-10.52255916595459,-0.3062500059604645,8.522363662719727
9,11,39,-11.278613090515137,-4.000390529632568,1.7609375715255737,-28,12,18,-9.42197322845459,-1.9140625,7.924219131469727
-23,16,48,-8.41709041595459,-3.3543946743011475,1.4259766340255737,28,15,6,-6.7470703125,-1.22021484375,6.321191310882568
-24,14,34,-6.1728515625,-3.7132813930511475,1.41162109375,13,19,9,-4.689453125,0.27753907442092896,5.345019817352295
-3,4,12,-5.368945598602295,-3.215625047683716,1.248925805091858,-35,23,21,-4.005176067352295,-0.14833985269069672,4.85693359375
-23,-12,7,-6.919335842132568,-3.076855421066284,1.8805664777755737,-40,21,19,-5.689550876617432,-0.535937488079071,5.57470703125
-53,-21,9,-9.49853515625,-3.909472703933716,2.569628953933716,-22,11,12,-8.9482421875,-0.22490234673023224,7.560546875
-57,-14,0,-9.59423828125,-4.191796779632568,2.5552735328674316,-28,-3,19,-9.551172256469727,-0.870898425579071,7.369140625
-32,11,-19,-8.938672065734863,-4.364062786102295,2.426074266433716,-11,-19,13,-8.01035213470459,-2.071972608566284,6.31640625
17,34,-52,-5.876172065734863,-3.4740235805511475,1.894921898841858,47,-32,-20,-4.919140815734863,-2.8758790493011475,4.081738471984863
32,43,-69,-7.096386909484863,-3.072070360183716,1.765722632408142,60,-31,-41,-5.943164348602295,-1.201074242591858,4.66552734375
53,41,-38,-11.52744197845459,-3.9046876430511475,2.7323243618011475,13,-11,-46,-10.757031440734863,0.02871093899011612,6.637012004852295
46,17,21,-13.05869197845459,-3.8951172828674316,2.808886766433716,5,11,-58,-11.493945121765137,-0.21533203125,7.48876953125
3,2,47,-9.73779296875,-3.158203125,2.1341798305511475,88,12,-69,-7.364355564117432,0.2823242247104645,6.632226467132568
2,-5,30,-6.2685546875,-3.478808641433716,1.239355444908142,27,12,-31,-3.292187452316284,0.2583984434604645,5.325879096984863
25,-8,7,-5.297168254852295,-3.1390626430511475,0.540722668170929,10,9,-11,-3.029003858566284,0.17226563394069672,4.995703220367432
9,-24,8,-8.120409965515137,-3.239550828933716,1.4020508527755737,-7,11,2,-6.833203315734863,0.636425793170929,6.273339748382568
-14,-32,14,-11.895898818969727,-3.9908204078674316,2.2920899391174316,-34,15,17,-10.565625190734863,0.923535168170929,8.479296684265137
-24,-28,5,-10.225878715515137,-3.18212890625,3.124706983566284,-32,5,31,-8.89560604095459,0.703417956829071,6.861914157867432
-20,-14,-1,-7.503125190734863,-2.2442383766174316,3.435742139816284,-21,-6,34,-7.957715034484863,0.88525390625,5.603417873382568
14,1,-6,-7.053320407867432,-1.12451171875,4.100879192352295,-14,-16,25,-8.000781059265137,0.9618164300918579,4.325781345367432
13,5,-7,-8.24960994720459,-0.24404297769069672,5.182324409484863,10,-13,7,-8.92431640625,1.344628930091858,3.603222608566284
-3,1,-2,-10.106249809265137,-1.646093726158142,5.646484375,26,0,-9,-10.608691215515137,2.526562452316284,4.440625190734863
16,6,-8,-9.866991996765137,-1.536035180091858,5.148828029632568,-21,8,-12,-9.910058975219727,3.0337891578674316,4.368847846984863
8,12,-14,-6.632226467132568,-1.263281226158142,3.9381837844848633,-29,5,-10,-7.713672161102295,1.8662109375,3.407031297683716
38,18,-21,-5.100976467132568,-1.7561523914337158,3.5697267055511475,9,0,-7,-6.311621189117432,1.7322266101837158,3.627148389816284
50,10,-13,-7.067676067352295,-1.703515648841858,4.191796779632568,6,-1,9,-6.402539253234863,2.6988282203674316,4.579394817352295
12,-8,2,-10.326367378234863,-1.98583984375,5.292382717132568,-32,4,21,-7.938574314117432,2.569628953933716,6.105859279632568
-30,-30,-5,-10.613476753234863,-2.0863282680511475,5.330664157867432,-43,10,15,-7.842871189117432,1.9475586414337158,5.6943359375
-49,-43,-28,-7.651464939117432,-0.39716798067092896,3.6175782680511475,-15,13,19,-5.1201171875,1.4499024152755737,4.0673828125
-57,-47,-30,-6.694433689117432,0.11962890625,3.000293016433716,6,12,31,-6.273339748382568,1.818359375,3.9860353469848633
-51,-41,-4,-8.36923885345459,-0.2918945252895355,3.4022462368011475,-49,9,34,-10.565625190734863,2.497851610183716,4.373632907867432
-38,-15,45,-10.230664253234863,-1.6365234851837158,4.292285442352295,-62,5,11,-13.862597465515137,1.9619140625,4.507617473602295
-36,10,76,-7.747168064117432,-3.0433595180511475,4.971777439117432,23,0,-21,-10.69003963470459,0.9857422113418579,4.254004001617432
-2,29,59,-4.76123046875,-3.2730469703674316,4.61767578125,71,-1,-23,-6.598730564117432,2.473925828933716,3.8424806594848633
32,27,24,-3.9621095657348633,-2.550488233566284,5.062695503234863,0,-6,0,-4.813867092132568,2.6605470180511475,3.6989259719848633
6,7,10,-5.732617378234863,-2.4117188453674316,5.206250190734863,-35,-14,0,-6.34033203125,1.167578101158142,4.024316310882568
13,14,7,-9.895703315734863,-4.148730754852295,5.641699314117432,29,-29,-34,-10.30722713470459,0.01435546949505806,5.95751953125
74,24,-22,-11.809765815734863,-3.732421875,5.220605373382568,89,-34,-63,-11.426953315734863,0.9378906488418579,6.445605754852295
56,11,-33,-10.14453125,-2.46435546875,3.8329102993011475,48,-18,-45,-9.46982479095459,1.536035180091858,6.31640625
-8,-18,-20,-7.350000381469727,-2.10546875,2.0576171875,19,-2,-13,-4.957421779632568,0.669921875,5.04833984375
-62,-32,-16,-5.967090129852295,-2.46435546875,0.20097656548023224,-27,10,20,-3.6797852516174316,0.7225586175918579,4.866504192352295
-74,-24,-15,-8.890820503234863,-3.383105516433716,0.17705078423023224,-80,21,40,-7.364355564117432,0.636425793170929,6.072363376617432
-46,-5,14,-12.6328125,-4.6416015625,1.1340820789337158,-61,27,21,-10.7666015625,-0.4833008050918579,8.115625381469727
-2,9,53,-11.924609184265137,-4.526757717132568,1.5408203601837158,-24,38,3,-9.75693416595459,0.4306640625,8.072558403015137
13,16,58,-7.579687595367432,-3.579296827316284,1.07666015625,-52,38,28,-5.340234279632568,0.846972644329071,6.139355659484863
8,19,29,-4.962207317352295,-2.775390625,1.167578101158142,-61,19,47,-3.9381837844848633,-1.5647461414337158,5.904882907867432
3,17,7,-6.560449123382568,-3.670214891433716,2.306445360183716,-13,-2,20,-5.531640529632568,-1.894921898841858,6.230273723602295
14,13,8,-10.52734375,-4.823437690734863,3.909472703933716,22,-18,-8,-10.579980850219727,-0.30146485567092896,7.651464939117432
7,8,10,-9.608593940734863,-4.292285442352295,3.99560546875,-25,-29,-4,-9.512890815734863,-1.1819336414337158,6.201562404632568
-9,12,-23,-4.627246379852295,-3.158203125,2.473925828933716,15,-34,-10,-4.6416015625,-2.8902344703674316,3.383105516433716
25,14,-66,-4.469336032867432,-3.4740235805511475,1.8757812976837158,65,-36,-22,-4.23486328125,-1.679589867591858,3.4644532203674316
56,9,-57,-11.297754287719727,-3.9525392055511475,1.0623047351837158,13,-22,-20,-10.254590034484863,-0.01914062537252903,5.474218845367432
42,-3,6,-16.063770294189453,-4.206152439117432,2.8998048305511475,-44,11,-37,-13.857812881469727,0.1435546875,7.885937690734863
-16,-15,38,-12.096875190734863,-3.555371046066284,2.4117188453674316,83,15,-67,-9.555956840515137,-0.3301757872104645,7.235156536102295
-7,-14,14,-6.287695407867432,-3.813769578933716,0.78955078125,70,25,-39,-4.340137004852295,0.13876953721046448,4.85693359375
37,-15,-19,-3.6558594703674316,-2.6126954555511475,-0.02392578125,15,23,-11,-2.383007764816284,0.37324219942092896,4.220508098602295
4,-29,-10,-5.201465129852295,-2.1581056118011475,1.167578101158142,-4,22,-1,-4.541113376617432,0.8661133050918579,5.072265625
-36,-44,19,-11.106348037719727,-3.75634765625,3.0816407203674316,-31,33,13,-9.953125,1.296777367591858,7.938574314117432
-45,-43,38,-14.06357479095459,-4.359277248382568,4.718163967132568,-57,20,26,-12.288281440734863,1.8614258766174316,9.88134765625
-51,-20,14,-8.713769912719727,-2.856738328933716,4.086523532867432,-77,-6,35,-9.120508193969727,0.74169921875,6.637012004852295
24,18,-38,-5.57470703125,-2.2203125953674316,4.062597751617432,-20,-23,19,-6.943261623382568,0.48808595538139343,4.105664253234863
81,27,-53,-6.354687690734863,0.29667970538139343,4.660742282867432,41,-28,4,-6.665722846984863,1.9571290016174316,2.7706055641174316
-27,0,-18,-7.742383003234863,0.64599609375,5.833105564117432,40,-20,2,-8.005566596984863,2.6988282203674316,2.904589891433716
-42,6,-4,-8.402734756469727,-2.4595704078674316,4.61767578125,10,-2,-8,-9.718652725219727,3.072070360183716,2.976367235183716
44,40,-4,-9.441113471984863,-3.5840821266174316,4.718163967132568,-13,13,-18,-11.273828506469727,3.191699266433716,3.7228517532348633
90,47,-9,-7.881152629852295,-2.430859327316284,4.306640625,-5,5,-14,-9.488965034484863,2.36865234375,3.9860353469848633
31,28,-6,-6.062793254852295,-1.5695313215255737,4.01953125,17,2,-3,-6.8427734375,1.17236328125,3.143847703933716
-5,5,-3,-6.416894435882568,-1.8853516578674316,4.584179878234863,44,5,1,-5.713476657867432,2.521777391433716,3.7946290969848633
1,-15,-3,-9.862207412719727,-2.378222703933716,5.23974609375,-28,22,16,-7.15380859375,3.598437547683716,5.450293064117432
-18,-36,-1,-10.254590034484863,-0.947460949420929,4.861718654632568,-92,30,23,-7.158593654632568,2.167675733566284,5.368945598602295
-68,-46,-3,-6.761425971984863,0.3397460877895355,2.966796875,-39,25,22,-5.517285346984863,0.9618164300918579,4.038671970367432
-49,-45,0,-7.675390720367432,-0.765625,3.27783203125,-3,16,25,-8.5654296875,1.93798828125,4.842578411102295
-38,-38,42,-11.565722465515137,-1.765722632408142,3.8759765625,-44,10,14,-13.786035537719727,3.005078077316284,6.378613471984863
-63,-15,82,-9.082226753234863,-2.426074266433716,4.249218940734863,-55,-1,-8,-11.809765815734863,1.4451172351837158,5.282812595367432
-39,21,64,-5.23974609375,-3.3304688930511475,2.9189453125,45,-14,-26,-7.192090034484863,1.167578101158142,3.8568360805511475
36,39,23,-4.42626953125,-3.1294922828674316,4.033886909484863,36,-23,-8,-4.502831935882568,2.5409181118011475,3.541015625
10,15,16,-4.694238185882568,-1.8518555164337158,4.852148532867432,-29,-28,5,-4.512402534484863,1.55517578125,3.292187452316284
0,19,17,-7.809375286102295,-2.8998048305511475,5.402441501617432,-4,-35,-25,-9.297558784484863,0.727343738079071,4.8330078125
48,20,4,-13.32666015625,-2.9189453125,8.44580078125,75,-45,-70,-14.32675838470459,0.751269519329071,5.823535442352295
48,3,-39,-10.685254096984863,-2.392578125,5.005273342132568,117,-32,-69,-11.115918159484863,1.368554711341858,4.95263671875
-1,-13,-44,-7.7998046875,-2.03369140625,2.0145509243011475,64,-15,-34,-6.57958984375,1.239355444908142,4.689453125
-43,-21,-28,-6.349902629852295,-2.7466797828674316,0.3828125,-39,6,1,-4.086523532867432,0.03349609300494194,3.6654298305511475
-61,-18,-15,-9.053515434265137,-3.2060546875,0.34931641817092896,-63,23,6,-6.694433689117432,-0.2392578125,5.565136909484863
-53,-7,12,-12.32177734375,-4.421484470367432,0.971386730670929,-72,41,-2,-10.69003963470459,0.34931641817092896,7.986425876617432
-13,1,25,-9.345410346984863,-3.8903322219848633,0.607714831829071,-62,41,13,-7.574902534484863,0.16748046875,7.723242282867432
-27,8,24,-6.206347942352295,-2.8041017055511475,0.37324219942092896,-55,36,41,-4.823437690734863,-0.25361329317092896,5.9814453125
-26,10,16,-5.890527248382568,-3.4883790016174316,1.2297852039337158,-60,22,44,-4.742089748382568,-0.512011706829071,6.670507907867432
-9,4,4,-7.450488567352295,-4.201367378234863,1.5791015625,-69,3,34,-6.34033203125,-1.98583984375,6.182422161102295
-9,7,13,-11.60400390625,-5.038769721984863,2.952441453933716,-28,-4,15,-11.04892635345459,-2.263378858566284,6.10107421875
5,20,23,-9.32627010345459,-5.206250190734863,3.3687500953674316,-1,-17,3,-9.508105278015137,-3.5123047828674316,5.04833984375
32,30,-6,-4.799511909484863,-3.6989259719848633,2.27294921875,41,-20,-16,-4.177441596984863,-3.923828125,2.41650390625
53,33,-29,-6.19677734375,-3.9286134243011475,1.191503882408142,65,-23,-44,-7.522265911102295,-1.823144555091858,4.01953125
66,23,-9,-11.2451171875,-4.053027629852295,1.550390601158142,7,-9,-55,-11.656641006469727,-0.803906261920929,5.665625095367432
33,0,28,-13.786035537719727,-4.306640625,2.138964891433716,19,11,-56,-11.426953315734863,-1.646093726158142,6.469531536102295
1,-12,15,-9.800000190734863,-3.8424806594848633,0.631640613079071,156,2,-76,-7.555761814117432,-0.6986328363418579,5.876172065734863
6,-16,-21,-6.072363376617432,-2.545703172683716,0.32060548663139343,73,6,-48,-4.52197265625,-0.06699218600988388,4.986133098602295
-15,-29,-28,-4.6416015625,-1.966699242591858,0.55029296875,32,9,-32,-3.8089845180511475,0.02392578125,4.096093654632568
-44,-49,-5,-6.799706935882568,-2.473925828933716,0.899609386920929,21,20,-9,-4.966992378234863,0.803906261920929,5.23974609375
-42,-58,25,-12.89599609375,-4.273144721984863,2.4595704078674316,-40,38,23,-10.0966796875,1.8997070789337158,8.900390625
-35,-44,45,-15.2646484375,-4.048242092132568,3.7276368141174316,-128,24,64,-12.46054744720459,1.6125977039337158,9.465039253234863
-19,-19,26,-7.3212890625,-2.1006836891174316,3.172558546066284,-138,2,77,-7.785449504852295,-1.717871069908142,4.01953125
45,19,-16,-5.086621284484863,-1.1962890625,2.957226514816284,-13,0,35,-6.464745998382568,-1.2537109851837158,2.9237306118011475
79,26,-8,-8.139551162719727,0.3780273497104645,5.292382717132568,46,-5,2,-9.603808403015137,3.000293016433716,3.63671875
-29,-4,29,-10.029687881469727,-1.12451171875,6.067578315734863,-30,-1,1,-11.331250190734863,3.7372071743011475,3.5362305641174316
-29,5,21,-9.0439453125,-2.6126954555511475,5.703906536102295,-27,-4,-2,-10.9580078125,1.8805664777755737,2.765820264816284
44,20,-11,-5.402441501617432,-2.46435546875,4.584179878234863,52,-8,-7,-7.91943359375,1.4738281965255737,2.0576171875
61,18,-26,-4.560254096984863,-1.263281226158142,3.9286134243011475,87,-11,0,-5.675195217132568,1.53125,2.4595704078674316
33,3,-11,-6.857129096984863,-1.392480492591858,4.708593845367432,55,-10,10,-6.86669921875,2.03369140625,3.531445264816284
0,-10,0,-10.95322322845459,-2.263378858566284,5.206250190734863,16,-4,4,-9.646875381469727,2.258593797683716,5.158398628234863
-4,-16,-15,-11.446093559265137,-1.8040039539337158,6.058007717132568,5,5,-7,-9.25449275970459,2.048046827316284,5.182324409484863
-17,-31,-30,-7.6083984375,0.4306640625,4.670312404632568,-11,18,-2,-5.943164348602295,2.1341798305511475,3.861621141433716
-54,-43,-20,-5.459863185882568,0.9666016101837158,3.0816407203674316,-42,27,16,-6.086719036102295,2.2059571743011475,3.46923828125
-49,-43,6,-7.455273628234863,-0.3875976502895355,3.789843797683716,-73,22,15,-10.42685604095459,2.067187547683716,4.0673828125
-36,-28,42,-10.417284965515137,-2.1006836891174316,4.670312404632568,-85,15,-2,-13.642480850219727,2.311230421066284,5.010058879852295
-22,0,50,-7.598828315734863,-2.27294921875,4.531543254852295,-39,3,-10,-10.039258003234863,1.17236328125,3.6654298305511475
10,24,27,-5.00048828125,-2.287304639816284,4.033886909484863,15,-8,-3,-6.526953220367432,1.6604492664337158,3.143847703933716
34,24,13,-5.04833984375,-1.3876953125,4.364062786102295,1,-15,0,-5.206250190734863,1.4929687976837158,2.8902344703674316
-2,10,17,-5.93359375,-1.047949194908142,5.354589939117432,15,-23,-16,-5.90966796875,0.8900390863418579,2.861523389816284
-27,10,9,-8.436230659484863,-2.3016602993011475,6.24462890625,66,-33,-43,-9.58945369720459,1.8853516578674316,3.7946290969848633
1,21,-19,-11.02500057220459,-3.076855421066284,6.81884765625,56,-32,-51,-14.03964900970459,2.526562452316284,5.297168254852295
40,27,-47,-10.536913871765137,-2.717968702316284,5.837890625,31,-17,-40,-12.19736385345459,1.789648413658142,5.708691596984863
24,1,-46,-7.957715034484863,-1.693945288658142,4.134375095367432,32,-10,-17,-6.211133003234863,0.4976562559604645,5.1201171875
-32,-27,-29,-6.062793254852295,-2.0767579078674316,0.6651367545127869,4,0,20,-1.33984375,-0.45458984375,3.9190430641174316
-46,-22,-12,-7.110742092132568,-3.052929639816284,-0.894824206829071,15,-15,34,-7.235156536102295,1.6843750476837158,8.517578125
-22,-8,33,-13.953516006469727,-5.148828029632568,1.081445336341858,-82,0,31,-12.929491996765137,0.10048828274011612,8.450586318969727
-42,-7,62,-11.115918159484863,-4.565039157867432,-0.13876953721046448,-44,19,18,-7.646679878234863,-1.311132788658142,6.134570598602295
-70,19,55,-6.885839939117432,-3.13427734375,0.18183593451976776,-35,30,35,-4.962207317352295,0.04306640848517418,5.52685546875
-48,26,31,-5.345019817352295,-4.18701171875,1.693945288658142,-94,30,40,-4.990918159484863,-2.5169923305511475,4.268359661102295
14,28,9,-7.397851943969727,-4.71337890625,1.799218773841858,-36,21,-3,-6.493457317352295,-2.119824171066284,5.33544921875
55,27,12,-10.54648494720459,-4.42626953125,3.502734422683716,-14,15,-9,-9.283203125,-0.861328125,6.215918064117432
12,16,28,-10.517773628234863,-3.8329102993011475,4.115234375,-68,5,4,-9.78085994720459,-2.095898389816284,5.732617378234863
-10,18,6,-6.120214939117432,-3.7037110328674316,2.689257860183716,14,-11,-29,-5.995800971984863,-3.4644532203674316,2.7227540016174316
53,24,-34,-6.995898723602295,-4.531543254852295,2.201171875,99,-15,-59,-6.498242378234863,-1.512109398841858,4.297070503234863
97,12,-37,-11.737988471984863,-4.316211223602295,1.69873046875,39,-2,-61,-10.13974666595459,0.55029296875,6.751855373382568
46,-15,-2,-11.977246284484863,-3.072070360183716,1.9810547828674316,-20,14,-44,-10.0966796875,-0.7464843988418579,7.292578220367432
-33,-31,3,-7.885937690734863,-2.880664110183716,1.392480492591858,150,-8,-60,-5.392871379852295,-2.043261766433716,5.857031345367432
-14,-26,-25,-5.852246284484863,-3.6797852516174316,0.34453126788139343,139,-15,-50,-4.13916015625,0.02871093899011612,5.876172065734863
30,-26,-44,-5.924023628234863,-2.87109375,0.08134765923023224,33,-7,-12,-4.852148532867432,0.25361329317092896,5.498144626617432
3,-43,-17,-8.938672065734863,-2.354296922683716,0.851757824420929,23,10,4,-6.550879001617432,0.37324219942092896,6.168066501617432
-28,-56,28,-12.910351753234863,-3.359179735183716,2.6031250953674316,-39,27,29,-10.61826229095459,1.6843750476837158,8.5654296875
-55,-49,55,-11.62314510345459,-2.4595704078674316,3.13427734375,-108,22,57,-10.938867568969727,0.7704101800918579,7.149023532867432
-40,-7,39,-6.833203315734863,-3.005078077316284,4.512402534484863,-92,0,60,-8.641992568969727,0.732128918170929,5.153613567352295
74,24,-11,-6.34033203125,-2.119824171066284,4.789941310882568,-66,-18,54,-8.043848037719727,1.081445336341858,3.363964796066284
63,19,-18,-8.819043159484863,0.6412109732627869,5.699120998382568,-28,-20,31,-9.345410346984863,0.9426758289337158,2.9189453125
-31,3,9,-8.23046875,0.08134765923023224,5.71826171875,23,-12,-1,-10.35507869720459,1.559960961341858,2.617480516433716
-31,6,10,-7.038964748382568,-1.9092774391174316,4.708593845367432,40,4,-19,-9.273633003234863,2.167675733566284,2.5361328125
24,13,-2,-7.1298828125,-2.3016602993011475,4.469336032867432,28,10,-15,-7.885937690734863,2.048046827316284,3.052929639816284
25,11,-5,-6.742285251617432,-1.693945288658142,4.445410251617432,37,9,-15,-6.952832221984863,1.6604492664337158,3.191699266433716
2,6,-6,-7.005468845367432,-1.79443359375,4.9765625,57,7,-25,-6.885839939117432,2.1246094703674316,4.459765911102295
-3,-1,-11,-8.857324600219727,-2.2490234375,5.646484375,3,9,-19,-8.096484184265137,2.89501953125,5.656054973602295
4,-9,-14,-10.173242568969727,-2.138964891433716,6.325976848602295,-37,17,-4,-8.78076171875,2.808886766433716,6.335546970367432
5,-29,-17,-8.933886528015137,-1.0192383527755737,5.895312786102295,-34,19,16,-6.335546970367432,2.27294921875,5.19189453125
-41,-51,-16,-6.5556640625,0.6220703125,3.8568360805511475,-30,19,35,-4.85693359375,2.043261766433716,3.828125
-63,-50,-8,-6.861914157867432,-0.095703125,3.789843797683716,-51,17,33,-9.73300838470459,2.201171875,3.383105516433716
-25,-30,16,-9.220995903015137,-1.550390601158142,4.531543254852295,-82,9,16,-13.570703506469727,2.5074219703674316,3.5123047828674316
0,-3,46,-8.594141006469727,-1.813574194908142,4.526757717132568,-32,2,0,-12.14951229095459,0.588574230670929,3.3208985328674316
-3,19,51,-5.770898342132568,-2.0384767055511475,4.297070503234863,52,-3,-13,-8.029492378234863,1.0670899152755737,3.6319336891174316
32,29,33,-4.608105659484863,-2.234668016433716,4.416699409484863,13,-4,-10,-5.211035251617432,1.8375000953674316,2.87109375
30,22,22,-4.703808784484863,-1.430761694908142,4.397558689117432,-12,-6,-16,-4.990918159484863,0.899609386920929,3.052929639816284
-6,18,23,-6.971972942352295,-1.6125977039337158,5.416797161102295,59,-19,-48,-8.15390682220459,0.8804687857627869,4.201367378234863
-15,25,10,-9.790430068969727,-2.9141602516174316,7.402637004852295,68,-37,-59,-12.187792778015137,2.1724610328674316,5.493359565734863
13,28,-34,-9.273633003234863,-2.837597608566284,6.646582126617432,24,-38,-38,-10.867090225219727,0.751269519329071,4.306640625
28,14,-56,-9.857421875,-1.9523438215255737,5.47900390625,40,-21,-36,-10.149316787719727,0.669921875,5.062695503234863
-15,-18,-37,-8.211328506469727,-2.091113328933716,2.966796875,7,-7,-24,-5.751758098602295,1.1580078601837158,5.57470703125
-18,-25,-28,-8.34531307220459,-3.387890577316284,0.803906261920929,-68,0,20,-4.708593845367432,0.6890625357627869,6.062793254852295
-15,-16,-16,-11.426953315734863,-3.646289110183716,0.9666016101837158,-81,2,46,-10.16845703125,-1.287207007408142,7.235156536102295
-53,-4,15,-10.50341796875,-3.3687500953674316,1.12451171875,-8,3,18,-9.675585746765137,-2.3255860805511475,7.354785442352295
-60,8,33,-7.263867378234863,-3.4883790016174316,0.5311523675918579,40,11,5,-5.23974609375,-0.22490234673023224,5.708691596984863
-24,19,33,-5.541211128234863,-3.541015625,0.732128918170929,-38,17,31,-4.086523532867432,0.2392578125,5.00048828125
-1,15,31,-6.871484279632568,-3.430957078933716,2.0049805641174316,-76,14,31,-6.345117092132568,-1.8087891340255737,4.727734565734863
-12,2,39,-9.666015625,-4.115234375,3.8329102993011475,-2,12,0,-9.6181640625,-2.4356446266174316,5.244531154632568
-20,-3,41,-10.374218940734863,-4.885644435882568,3.7802734375,15,16,-3,-9.76171875,-1.26806640625,6.412109375
0,10,24,-8.139551162719727,-4.914355754852295,3.670214891433716,-38,8,4,-7.885937690734863,-1.74658203125,5.053124904632568
43,33,-19,-5.412011623382568,-4.158300876617432,2.6844727993011475,2,-12,-21,-7.096386909484863,-2.1485352516174316,3.923828125
81,45,-55,-6.450390815734863,-3.6797852516174316,2.167675733566284,51,-33,-45,-7.335644721984863,-2.335156202316284,4.502831935882568
85,34,-53,-10.938867568969727,-3.6319336891174316,2.234668016433716,82,-27,-60,-9.21142578125,-1.5168945789337158,5.737402439117432
57,5,-17,-13.29794979095459,-3.7850587368011475,2.5074219703674316,70,-4,-68,-9.555956840515137,0.009570312686264515,7.192090034484863
19,-20,-7,-9.61337947845459,-2.952441453933716,1.1388672590255737,107,0,-74,-5.976660251617432,0.799121081829071,6.464745998382568
-8,-26,-21,-6.369042873382568,-2.091113328933716,0.7943359613418579,132,0,-57,-4.344922065734863,1.478613257408142,6.034081935882568
-16,-29,-18,-5.459863185882568,-1.2584961652755737,-0.01435546949505806,-4,4,-19,-5.077050685882568,1.5216797590255737,6.1728515625
-44,-34,15,-7.292578220367432,-1.69873046875,0.10527344048023224,-68,17,19,-5.392871379852295,1.1867188215255737,6.584374904632568
-46,-40,54,-12.144726753234863,-3.9046876430511475,1.6173828840255737,-82,33,46,-7.962500095367432,0.95703125,8.091699600219727
-10,-30,68,-13.48935604095459,-4.325781345367432,2.7227540016174316,-88,26,63,-10.800097465515137,0.6220703125,8.192187309265137
-4,-7,46,-9.08701229095459,-2.775390625,3.3543946743011475,-77,9,65,-8.531933784484863,-0.08613281697034836,5.713476657867432
10,10,8,-5.397656440734863,-1.9140625,4.143945217132568,-37,-9,54,-8.196972846984863,0.7847656607627869,3.9860353469848633
34,14,-7,-7.72802734375,-0.535937488079071,5.938378810882568,-31,-17,37,-10.40771484375,1.1149414777755737,2.5409181118011475
-8,-3,7,-10.50341796875,-0.6220703125,6.7470703125,-5,-6,11,-11.283398628234863,0.899609386920929,1.693945288658142
-50,-8,18,-8.144335746765137,-1.50732421875,5.699120998382568,39,10,-10,-9.75693416595459,1.3015625476837158,2.402148485183716
-23,6,3,-4.943066596984863,-2.502636671066284,4.498046875,20,19,-12,-6.986328125,2.186816453933716,2.5648438930511475
47,20,-20,-4.105664253234863,-2.5313477516174316,4.129590034484863,-25,13,-4,-5.402441501617432,1.765722632408142,3.095996141433716
68,18,-28,-6.885839939117432,-1.9332032203674316,5.110547065734863,10,0,-14,-7.637109756469727,1.4833984375,4.277929782867432
38,-1,-26,-10.91015625,-1.4738281965255737,6.512597560882568,22,-3,-17,-9.646875381469727,2.0049805641174316,5.737402439117432
-8,-31,-30,-11.321680068969727,-0.37324219942092896,6.00537109375,-6,5,-3,-9.417187690734863,2.94287109375,6.263769626617432
-50,-55,-23,-8.20654296875,0.827832043170929,4.42626953125,-24,14,18,-5.435937404632568,2.4930665493011475,4.565039157867432
-66,-63,-11,-6.67529296875,0.7943359613418579,3.4931640625,-36,13,32,-5.871387004852295,1.847070336341858,3.6175782680511475
-53,-50,4,-8.44580078125,-0.22011719644069672,4.024316310882568,-45,11,11,-11.55136775970459,2.6749024391174316,3.311328172683716
-22,-21,25,-8.809473037719727,-1.344628930091858,4.632031440734863,-84,6,0,-12.757226943969727,2.952441453933716,3.072070360183716
-6,7,38,-5.895312786102295,-1.5934571027755737,3.957324266433716,-45,7,13,-9.3310546875,0.631640613079071,2.65576171875
23,32,33,-4.464550971984863,-2.2442383766174316,3.550585985183716,28,-1,13,-6.828418254852295,1.1819336414337158,3.13427734375
49,42,28,-4.756445407867432,-2.0145509243011475,3.9142580032348633,2,-12,10,-5.799609661102295,1.4833984375,3.1103515625
27,42,33,-6.3642578125,-1.8327149152755737,4.9765625,-8,-24,-7,-6.794921875,0.7129883170127869,3.6845703125
-2,36,24,-8.785547256469727,-2.550488233566284,6.981543064117432,56,-39,-43,-9.886133193969727,0.4498046934604645,4.325781345367432
4,24,-8,-12.116015434265137,-3.000293016433716,7.948144912719727,101,-39,-64,-13.08740234375,0.803906261920929,5.158398628234863
46,8,-38,-11.876757621765137,-1.8853516578674316,6.239843845367432,110,-21,-68,-11.666211128234863,1.344628930091858,5.71826171875
-4,-27,-30,-7.72802734375,-2.162890672683716,2.765820264816284,87,-8,-39,-4.5458984375,1.622167944908142,5.924023628234863
-33,-33,-28,-6.881054878234863,-3.13427734375,0.07177734375,-59,7,31,-3.6750001907348633,0.8421875238418579,6.05322265625
-39,-21,-29,-9.321484565734863,-3.363964796066284,0.02871093899011612,-66,-3,44,-8.326171875,-0.703417956829071,7.852441787719727
-51,-2,-4,-11.594433784484863,-3.89990234375,0.9618164300918579,-58,8,19,-10.991503715515137,-0.7129883170127869,7.397851943969727
-42,10,22,-8.508008003234863,-3.741992235183716,0.779980480670929,-2,23,-1,-6.081933498382568,0.24404297769069672,5.809179782867432
-19,21,26,-5.904882907867432,-3.215625047683716,0.851757824420929,-46,27,22,-3.9860353469848633,1.033593773841858,5.225390911102295
10,25,20,-6.53173828125,-3.6989259719848633,2.4356446266174316,-87,21,28,-6.503027439117432,-1.36376953125,4.80908203125
30,14,24,-9.54638671875,-4.215722560882568,4.316211223602295,-10,12,-4,-9.316699028015137,-2.2920899391174316,5.761328220367432
16,5,35,-10.752245903015137,-4.469336032867432,4.689453125,68,-7,-20,-10.04404354095459,-1.502539038658142,6.2685546875
1,12,12,-7.2734375,-4.053027629852295,4.239648342132568,42,-20,-15,-7.890722751617432,-1.0623047351837158,5.134472846984863
47,27,-43,-5.129687786102295,-3.9668946266174316,3.1534180641174316,34,-36,-25,-6.311621189117432,-1.024023413658142,4.813867092132568
100,25,-71,-7.747168064117432,-3.765918016433716,2.741894483566284,59,-42,-31,-7.39306640625,-0.9187500476837158,5.512500286102295
75,-6,-38,-12.65195369720459,-3.411816358566284,2.354296922683716,63,-25,-43,-9.957910537719727,0.07177734375,6.924121379852295
-5,-31,-6,-10.5751953125,-2.9859375953674316,1.512109398841858,90,-14,-76,-7.230370998382568,0.29667970538139343,7.05810546875
-49,-32,-14,-6.885839939117432,-2.761035203933716,0.971386730670929,121,-6,-79,-3.5936524868011475,1.55517578125,5.732617378234863
-18,-23,-28,-6.48388671875,-3.363964796066284,0.588574230670929,-8,4,-38,-3.885546922683716,2.450000047683716,6.081933498382568
5,-28,-16,-7.885937690734863,-2.583984375,0.44023439288139343,-91,14,-4,-6.249413967132568,1.7705078125,7.096386909484863
-43,-44,31,-10.0966796875,-2.7227540016174316,1.2345703840255737,-77,31,4,-7.412207126617432,1.02880859375,7.885937690734863
-64,-50,66,-11.068066596984863,-3.7037110328674316,1.717871069908142,-45,33,32,-8.077343940734863,2.2920899391174316,8.378808975219727
-51,-23,67,-10.125391006469727,-3.603222608566284,2.6270508766174316,-109,28,77,-9.508105278015137,1.727441430091858,6.680078029632568
16,15,46,-5.986230373382568,-3.158203125,4.9765625,-95,-2,87,-8.220898628234863,-0.4019531309604645,4.517187595367432
78,34,17,-5.292382717132568,-1.5647461414337158,6.306836128234863,7,-24,56,-8.479296684265137,-0.823046863079071,1.8614258766174316
31,14,19,-10.52734375,-0.69384765625,7.613183975219727,45,-14,16,-12.60888671875,1.7800781726837158,1.9523438215255737
-51,-3,25,-11.063281059265137,-1.8327149152755737,7.350000381469727,-7,12,-11,-12.541894912719727,2.2442383766174316,2.94287109375
-34,5,5,-6.617871284484863,-2.717968702316284,5.16796875,-28,32,-15,-8.87646484375,1.7848633527755737,2.6366212368011475
40,20,-23,-3.9381837844848633,-2.215527296066284,4.206152439117432,7,25,-16,-5.589062690734863,1.6843750476837158,2.9476563930511475
43,13,-24,-3.7946290969848633,-0.995312511920929,3.99560546875,11,11,-11,-4.770801067352295,1.8040039539337158,3.4644532203674316
3,1,-7,-7.555761814117432,-1.7083008289337158,5.115332126617432,0,6,-12,-8.115625381469727,2.167675733566284,5.005273342132568
2,-1,-9,-11.833691596984863,-2.7275390625,6.57958984375,10,2,-19,-10.374218940734863,2.6270508766174316,7.086816310882568
17,-15,-34,-10.321581840515137,-1.105371117591858,5.93359375,-18,3,0,-8.268750190734863,2.909374952316284,6.306836128234863
-22,-40,-38,-6.713574409484863,1.22021484375,3.923828125,-24,3,32,-4.335351467132568,2.22509765625,3.9429688453674316
-68,-58,-18,-6.139355659484863,0.9043945670127869,3.5888671875,-15,5,44,-7.115527629852295,1.26806640625,2.9620118141174316
-55,-55,10,-9.694726943969727,-0.6651367545127869,4.445410251617432,-39,2,12,-13.341015815734863,2.3877930641174316,3.670214891433716
-42,-27,40,-10.06796932220459,-1.8375000953674316,5.067480564117432,-55,3,-14,-13.053906440734863,2.4452149868011475,3.263476610183716
-27,0,43,-6.072363376617432,-1.9140625,4.37841796875,-19,8,-3,-8.32138729095459,0.6651367545127869,3.3448243141174316
20,22,28,-3.7228517532348633,-2.1820313930511475,3.622363328933716,0,0,3,-4.971777439117432,1.9044922590255737,3.1534180641174316
43,26,23,-3.9621095657348633,-1.79443359375,3.9716796875,-26,-7,4,-4.579394817352295,1.287207007408142,2.832812547683716
16,35,40,-6.809277534484863,-1.9810547828674316,4.871289253234863,-1,-20,-21,-8.163476943969727,0.679492175579071,3.765918016433716
19,52,35,-9.986620903015137,-3.4500977993011475,8.048632621765137,48,-37,-54,-13.116113662719727,1.3876953125,5.5986328125
42,45,-19,-10.039258003234863,-2.9955079555511475,7.469629287719727,60,-44,-56,-12.05859375,0.516796886920929,5.010058879852295
19,17,-55,-10.14453125,-1.8805664777755737,5.71826171875,67,-28,-46,-9.92441463470459,0.64599609375,5.536426067352295
-41,-28,-44,-8.101269721984863,-2.201171875,3.51708984375,19,-12,-25,-5.364160060882568,1.1484375,5.522070407867432
-60,-42,-35,-8.819043159484863,-3.579296827316284,0.5455078482627869,-57,3,16,-4.47412109375,0.22490234673023224,5.703906536102295
-48,-35,-34,-9.728222846984863,-3.3926758766174316,0.0478515625,-65,5,25,-7.149023532867432,-1.5934571027755737,6.613086223602295
-77,-16,-6,-10.59912109375,-3.25390625,0.22968751192092896,-49,10,10,-10.14453125,-1.583886742591858,7.431347846984863
-54,12,32,-8.096484184265137,-4.081738471984863,0.40673828125,1,11,2,-7.024609565734863,-0.846972644329071,6.258984565734863
18,30,38,-5.919238567352295,-3.80419921875,0.660351574420929,-25,14,20,-4.483691692352295,-0.2583984434604645,5.675195217132568
40,29,33,-6.354687690734863,-3.6175782680511475,2.186816453933716,-61,11,23,-5.617773532867432,-1.7705078125,4.789941310882568
16,14,34,-9.168359756469727,-4.1630859375,3.4261720180511475,-30,15,7,-8.503222465515137,-1.89013671875,5.699120998382568
1,4,39,-10.4794921875,-5.306738376617432,3.507519483566284,-3,7,7,-9.130078315734863,-1.751367211341858,6.761425971984863
4,14,18,-7.646679878234863,-4.876074314117432,2.789746046066284,13,-7,5,-7.263867378234863,-3.8185548782348633,4.421484470367432
40,34,-26,-5.608203411102295,-4.364062786102295,1.9236328601837158,73,-21,-28,-6.081933498382568,-3.7515625953674316,3.8185548782348633
88,35,-55,-9.154004096984863,-4.344922065734863,1.89013671875,85,-19,-56,-8.5654296875,-1.368554711341858,5.880957126617432
70,12,-31,-12.762011528015137,-3.789843797683716,2.019335985183716,10,3,-55,-10.59433650970459,0.17705078423023224,7.7998046875
-1,-16,-2,-9.9052734375,-2.87109375,1.9762696027755737,12,11,-52,-6.522168159484863,-0.57421875,6.967187404632568
-31,-26,-6,-6.861914157867432,-3.005078077316284,1.033593773841858,96,1,-51,-4.13916015625,-0.08134765923023224,6.278125286102295
5,-21,-20,-6.354687690734863,-2.775390625,0.3301757872104645,26,0,-25,-4.483691692352295,0.01914062537252903,5.9814453125
-6,-26,-1,-7.483984470367432,-1.7609375715255737,0.765625,2,2,-13,-5.646484375,0.50244140625,6.622656345367432
-29,-38,41,-10.88144588470459,-2.8902344703674316,0.88525390625,-25,16,15,-7.316504001617432,1.1484375,7.77587890625
-24,-40,64,-11.704492568969727,-3.158203125,1.4690430164337158,-72,20,54,-8.024706840515137,0.39716798067092896,7.546191692352295
-26,-18,66,-10.895800590515137,-2.51220703125,2.856738328933716,-44,8,66,-9.771288871765137,-0.10527344048023224,5.943164348602295
18,20,50,-5.555566310882568,-2.4356446266174316,4.364062786102295,4,-12,62,-8.54150390625,-0.823046863079071,3.507519483566284
85,39,13,-6.397754192352295,-2.043261766433716,5.995800971984863,21,-11,37,-11.613574028015137,0.3301757872104645,2.071972608566284
45,8,1,-12.470117568969727,-0.50244140625,6.72314453125,-12,13,3,-13.87216854095459,1.3015625476837158,2.378222703933716
-87,-22,8,-10.30722713470459,-0.11484375596046448,5.450293064117432,-36,38,-12,-10.058398246765137,0.74169921875,3.191699266433716
-70,-9,-10,-5.273242473602295,-2.2777345180511475,4.3544921875,-28,37,-14,-6.732715129852295,1.454687476158142,2.741894483566284
61,15,-40,-3.718066453933716,-1.847070336341858,3.7611329555511475,-23,26,-10,-4.981347560882568,1.2297852039337158,2.7945313453674316
76,10,-37,-5.378515720367432,-0.15312500298023224,4.062597751617432,0,6,-14,-5.8857421875,1.311132788658142,4.364062786102295
4,-6,-15,-10.201952934265137,-0.823046863079071,5.04833984375,14,-5,-17,-9.8095703125,2.0863282680511475,5.93359375
-17,-11,-18,-12.25,-1.631738305091858,5.904882907867432,0,-6,-13,-11.31689453125,2.689257860183716,6.957617282867432
-11,-22,-23,-9.283203125,0.16269531846046448,4.655957221984863,4,0,3,-6.852344036102295,2.3973634243011475,5.196679592132568
-47,-47,-2,-7.283008098602295,1.4020508527755737,3.37353515625,-6,6,34,-3.8568360805511475,2.3638672828674316,3.813769578933716
-79,-59,24,-7.976855754852295,0.8661133050918579,3.8089845180511475,-49,8,47,-7.976855754852295,1.4833984375,3.1773438453674316
-52,-36,48,-9.407617568969727,-1.095800757408142,4.746875286102295,-53,0,15,-14.274121284484863,2.0863282680511475,2.808886766433716
5,1,58,-7.283008098602295,-1.9810547828674316,4.842578411102295,-43,4,11,-12.08251953125,1.167578101158142,2.3016602993011475
47,25,50,-5.967090129852295,-2.239453077316284,4.478906154632568,0,10,30,-8.6611328125,0.17226563394069672,3.191699266433716
58,29,42,-5.991015911102295,-2.019335985183716,4.722949504852295,3,0,20,-7.072461128234863,1.368554711341858,3.0912110805511475
25,16,34,-5.493359565734863,-1.36376953125,5.421582221984863,-14,-10,-4,-5.7900390625,0.9091796875,2.89501953125
-14,3,15,-4.66552734375,-1.382910132408142,5.9814453125,25,-23,-37,-6.029296875,0.83740234375,3.2060546875
-9,0,-13,-6.96240234375,-2.0624024868011475,6.421679973602295,83,-34,-59,-9.431543350219727,1.8518555164337158,4.47412109375
-7,-2,-46,-11.29296875,-2.2490234375,6.833203315734863,58,-40,-47,-12.56103515625,1.4259766340255737,5.373730659484863
-25,-9,-75,-11.22119140625,-1.8279297351837158,4.76123046875,76,-41,-46,-11.98681640625,0.12919922173023224,5.258886814117432
-20,1,-82,-9.30234432220459,-2.0767579078674316,2.296875,31,-22,-28,-7.665820598602295,0.540722668170929,5.330664157867432
-16,-2,-70,-9.23056697845459,-2.0384767055511475,1.167578101158142,-43,-9,5,-4.52197265625,0.1435546875,5.761328220367432
-46,0,-48,-9.579882621765137,-2.1102540493011475,0.2392578125,-67,-5,19,-6.881054878234863,-0.923535168170929,6.727929592132568
-52,11,-5,-10.18759822845459,-3.316113233566284,0.870898425579071,-33,0,5,-10.034472465515137,-1.335058569908142,7.579687595367432
-12,23,29,-7.957715034484863,-3.909472703933716,1.1819336414337158,26,7,0,-6.081933498382568,-0.55029296875,6.158496379852295
2,22,40,-6.191992282867432,-3.2586915493011475,1.344628930091858,-24,17,19,-4.2109375,0.74169921875,5.4072265625
0,13,35,-7.2255859375,-4.2109375,2.7562501430511475,-76,22,27,-5.995800971984863,-1.296777367591858,4.909570217132568
9,-4,26,-9.216211318969727,-4.943066596984863,3.7707033157348633,-7,22,-7,-8.22568416595459,-2.1581056118011475,5.967090129852295
6,-12,29,-10.45078182220459,-5.33544921875,3.718066453933716,0,21,-6,-9.02001953125,-0.2918945252895355,7.881152629852295
-7,-2,21,-7.952929973602295,-4.7373046875,3.100781202316284,-58,0,15,-7.890722751617432,-1.4977539777755737,6.297265529632568
0,19,-16,-4.78515625,-3.8951172828674316,2.2538087368011475,14,-25,-6,-5.971875190734863,-3.3448243141174316,4.014746189117432
49,37,-51,-7.101171970367432,-4.373632907867432,1.4833984375,89,-33,-29,-6.517383098602295,-1.6748046875,5.306738376617432
92,29,-43,-10.627832412719727,-3.8951172828674316,1.344628930091858,30,-21,-25,-8.94345760345459,-0.799121081829071,6.479101657867432
44,5,5,-12.56103515625,-3.550585985183716,1.7130860090255737,5,0,-32,-10.508203506469727,-1.1819336414337158,6.794921875
-12,-9,22,-9.268847465515137,-3.3017578125,1.741796851158142,104,0,-58,-6.761425971984863,-0.861328125,5.71826171875
-3,-10,4,-6.302051067352295,-3.574511766433716,1.1340820789337158,116,2,-46,-3.981250047683716,0.5694336295127869,5.493359565734863
17,-15,-15,-5.569921970367432,-2.880664110183716,1.07666015625,11,9,-14,-3.813769578933716,0.559863269329071,5.349804878234863
-17,-36,-11,-7.292578220367432,-2.3447265625,1.435546875,-24,19,4,-5.833105564117432,0.10048828274011612,6.273339748382568
-50,-49,17,-12.206933975219727,-3.6893556118011475,2.473925828933716,-37,34,15,-10.292871475219727,0.9283203482627869,8.51279354095459
-39,-45,49,-12.455761909484863,-4.072167873382568,3.7276368141174316,-75,35,31,-10.847949028015137,0.875683605670929,8.259180068969727
-19,-21,49,-7.48876953125,-2.5361328125,3.4022462368011475,-62,21,48,-7.460058689117432,0.971386730670929,5.703906536102295
26,12,14,-6.10107421875,-2.454785108566284,4.359277248382568,-51,0,50,-8.39316463470459,1.17236328125,4.416699409484863
58,22,-6,-8.82861328125,-0.9857422113418579,6.096289157867432,-46,-8,29,-10.11582088470459,0.9522461295127869,3.292187452316284
-5,5,1,-8.70419979095459,-0.08613281697034836,6.191992282867432,3,-3,-6,-9.87656307220459,1.4738281965255737,2.689257860183716
-35,0,3,-6.6513671875,-1.311132788658142,4.866504192352295,27,9,-16,-8.44101619720459,2.1533203125,2.5887696743011475
11,10,-2,-5.703906536102295,-2.17724609375,4.148730754852295,-20,17,3,-7.617969036102295,2.258593797683716,2.6796875
32,18,2,-6.349902629852295,-2.08154296875,4.445410251617432,-28,8,7,-8.17783260345459,1.655664086341858,3.5840821266174316
20,18,10,-7.187304973602295,-2.3016602993011475,5.129687786102295,7,-4,-6,-8.30224609375,1.60302734375,4.598535060882568
14,13,1,-8.307031631469727,-2.4404296875,5.81396484375,20,-8,-9,-8.149121284484863,2.311230421066284,6.2685546875
12,-5,-18,-9.512890815734863,-2.239453077316284,6.345117092132568,-1,-8,3,-7.675390720367432,3.2108399868011475,6.952832221984863
-10,-41,-34,-10.015332221984863,-1.1627930402755737,5.93359375,-24,-5,18,-6.67529296875,3.000293016433716,6.029296875
-72,-79,-36,-8.211328506469727,0.17226563394069672,4.387988567352295,-27,-1,34,-5.072265625,2.1581056118011475,4.536328315734863
-107,-80,-40,-7.637109756469727,-0.588574230670929,3.2826173305511475,-23,0,31,-9.311914443969727,1.177148461341858,3.2012696266174316
-69,-38,-20,-7.866796970367432,-2.2777345180511475,3.550585985183716,-82,-1,14,-13.876953125,2.3973634243011475,2.966796875
-10,14,17,-6.48388671875,-2.545703172683716,3.8807618618011475,-73,0,5,-12.063379287719727,0.29667970538139343,1.583886742591858
17,41,39,-4.880859375,-2.191601514816284,3.694140672683716,25,11,-1,-7.771093845367432,-0.07177734375,2.282519578933716
32,45,44,-4.469336032867432,-1.8279297351837158,4.18701171875,-4,11,-1,-5.077050685882568,1.8757812976837158,3.072070360183716
-7,21,42,-4.90478515625,-1.9619140625,5.325879096984863,-69,6,6,-4.373632907867432,1.311132788658142,2.789746046066284
