-58,-16,30,-8.54150390625,-3.124706983566284,3.215625047683716,-43,16,15,-8.421875,2.3447265625,3.9716796875
-61,-21,17,-8.450586318969727,-3.1055665016174316,3.148632764816284,-42,14,23,-8.383593559265137,2.2681641578674316,3.9621095657348633
-63,-24,5,-8.508008003234863,-3.03857421875,3.08642578125,-40,13,30,-8.35009765625,2.186816453933716,3.9381837844848633
-64,-27,-4,-8.58935546875,-2.976367235183716,3.08642578125,-38,11,34,-8.46494197845459,2.115039110183716,3.9429688453674316
-62,-30,-12,-8.622851371765137,-2.775390625,3.1869142055511475,-39,9,37,-8.388379096984863,1.9954102039337158,3.9381837844848633
-60,-30,-18,-8.53671932220459,-2.9476563930511475,2.9620118141174316,-36,8,36,-8.3740234375,1.8614258766174316,3.8664064407348633
-63,-30,-17,-8.503222465515137,-2.784960985183716,2.8902344703674316,-30,8,35,-8.36923885345459,1.8662109375,3.8568360805511475
-64,-27,-12,-8.354883193969727,-2.8041017055511475,2.79931640625,-29,9,32,-8.3740234375,1.9619140625,3.8089845180511475
-61,-23,-2,-8.216113090515137,-2.6509766578674316,2.87109375,-31,10,28,-8.311816215515137,1.9523438215255737,3.789843797683716
-60,-20,11,-8.134765625,-2.6605470180511475,2.928515672683716,-31,13,22,-8.316601753234863,2.0576171875,3.7754883766174316
-58,-18,24,-8.163476943969727,-2.7562501430511475,2.9380860328674316,-36,16,17,-8.292675971984863,2.1246094703674316,3.75634765625
-62,-16,34,-8.115625381469727,-3.052929639816284,3.076855421066284,-37,17,11,-8.307031631469727,2.1341798305511475,3.828125
-74,-15,35,-7.909863471984863,-4.014746189117432,3.6415040493011475,-38,17,6,-8.646777153015137,2.201171875,4.076953411102295
-58,-15,27,-7.96728515625,-4.775586128234863,3.550585985183716,-44,13,2,-8.790331840515137,2.1581056118011475,4.359277248382568
-46,-11,18,-7.742383003234863,-4.694238185882568,3.22998046875,-42,5,-1,-8.48886775970459,1.45947265625,4.033886909484863
-32,-5,13,-7.244726657867432,-4.679883003234863,2.9189453125,-8,2,-4,-8.077343940734863,1.0048828125,3.8089845180511475
0,4,16,-7.58447265625,-4.66552734375,2.4404296875,15,2,-1,-8.149121284484863,0.7943359613418579,3.7707033157348633
31,8,31,-8.340527534484863,-4.478906154632568,2.6366212368011475,32,3,-8,-8.431445121765137,0.46894532442092896,3.670214891433716
42,4,37,-8.000781059265137,-3.89990234375,2.4930665493011475,50,4,-22,-7.84765625,0.7369140982627869,3.4405274391174316
35,0,32,-7.914648532867432,-3.5218751430511475,2.4452149868011475,53,7,-32,-7.857226848602295,1.0910156965255737,3.2969727516174316
32,-3,29,-9.149218559265137,-3.789843797683716,2.4930665493011475,59,6,-40,-9.560742378234863,1.3781250715255737,3.66064453125
49,-1,24,-9.297558784484863,-3.9381837844848633,2.808886766433716,74,1,-41,-9.666015625,1.5168945789337158,3.4405274391174316
69,-5,4,-7.938574314117432,-3.5362305641174316,2.7227540016174316,82,-4,-33,-8.053418159484863,1.813574194908142,2.880664110183716
61,-15,-26,-8.5654296875,-3.0098633766174316,2.46435546875,78,-10,-26,-9.49853515625,1.8087891340255737,2.8280274868011475
51,-22,-45,-9.010449409484863,-3.2347657680511475,2.287304639816284,100,-17,-18,-9.5703125,1.8997070789337158,2.5409181118011475
55,-18,-49,-9.579882621765137,-3.4453125,2.191601514816284,112,-24,-5,-10.06796932220459,2.0384767055511475,2.574414014816284
73,-9,-49,-9.283203125,-3.732421875,1.98583984375,108,-30,1,-9.465039253234863,1.8087891340255737,2.2298829555511475
101,-2,-50,-9.321484565734863,-3.6893556118011475,1.79443359375,125,-38,-5,-9.45068359375,1.622167944908142,2.12939453125
114,-2,-48,-9.106152534484863,-3.6845703125,1.646093726158142,148,-47,-20,-9.144433975219727,1.751367211341858,1.717871069908142
120,-6,-44,-9.201855659484863,-3.603222608566284,1.5408203601837158,154,-51,-39,-8.8525390625,2.1485352516174316,1.382910132408142
109,-15,-40,-9.220995903015137,-3.603222608566284,1.26806640625,144,-49,-56,-8.699414253234863,2.5361328125,1.1484375
96,-20,-41,-9.335840225219727,-3.6797852516174316,0.98095703125,136,-50,-71,-9.0439453125,2.717968702316284,1.024023413658142
86,-17,-43,-9.1875,-3.75634765625,0.6890625357627869,149,-55,-79,-9.42197322845459,2.952441453933716,0.803906261920929
98,-9,-45,-9.249707221984863,-4.048242092132568,0.727343738079071,162,-52,-79,-9.44589900970459,3.100781202316284,0.5263671875
126,0,-46,-9.474609375,-4.13916015625,0.69384765625,159,-51,-73,-9.297558784484863,3.196484327316284,0.18183593451976776
140,1,-50,-9.173144340515137,-3.765918016433716,0.8326172232627869,154,-51,-67,-8.570215225219727,2.9237306118011475,-0.17226563394069672
136,-1,-61,-10.039258003234863,-3.89990234375,0.8086914420127869,153,-52,-66,-10.13974666595459,2.5648438930511475,-0.25361329317092896
148,-12,-75,-10.417284965515137,-4.254004001617432,0.8900390863418579,177,-48,-78,-10.943652153015137,2.234668016433716,-0.44501954317092896
146,-28,-77,-11.36474609375,-4.364062786102295,-0.49287110567092896,192,-40,-81,-10.221094131469727,2.51220703125,0.01914062537252903
123,-28,-78,-10.59433650970459,-4.574609279632568,-1.0048828125,155,-33,-74,-9.264062881469727,2.4691407680511475,0.02392578125
143,-22,-90,-10.221094131469727,-5.16796875,-2.119824171066284,152,-32,-70,-9.225781440734863,2.03369140625,0.12919922173023224
161,-18,-93,-11.020215034484863,-4.818652629852295,-2.7706055641174316,195,-40,-71,-10.249804496765137,2.4834961891174316,0.095703125
143,-21,-91,-11.895898818969727,-4.636816501617432,-2.976367235183716,206,-41,-75,-10.61826229095459,3.459667921066284,0.009570312686264515
116,-21,-98,-12.135156631469727,-4.316211223602295,-3.263476610183716,177,-37,-74,-10.197168350219727,3.8568360805511475,0.727343738079071
83,-17,-117,-11.67099666595459,-3.94775390625,-2.813671827316284,166,-40,-63,-9.2353515625,3.9142580032348633,1.41162109375
55,-7,-139,-11.417383193969727,-4.335351467132568,-2.6749024391174316,175,-54,-46,-7.9912109375,4.392773628234863,2.12939453125
37,11,-167,-12.00595760345459,-5.014843940734863,-2.009765625,166,-77,-14,-8.53671932220459,5.4072265625,2.813671827316284
-17,34,-214,-12.977343559265137,-7.809375286102295,-1.024023413658142,174,-106,57,-10.302441596984863,8.364453315734863,4.565039157867432
-93,54,-283,-14.484667778015137,-12.498827934265137,0.894824206829071,172,-143,169,-11.26425838470459,12.55625057220459,6.608300685882568
-118,76,-345,-13.32187557220459,-16.728906631469727,1.6173828840255737,90,-183,255,-9.30234432220459,14.01572322845459,7.7998046875
-114,81,-374,-9.608593940734863,-14.154492378234863,2.3638672828674316,31,-204,288,-3.8759765625,11.47959041595459,6.53173828125
-101,79,-365,-7.72802734375,-10.603906631469727,0.93310546875,-10,-208,295,-0.8565430045127869,8.508008003234863,3.909472703933716
-76,74,-326,-5.689550876617432,-8.287890434265137,-0.34453126788139343,-10,-186,273,0.24882812798023224,6.526953220367432,1.7370117902755737
-85,45,-266,-3.8233399391174316,-6.656152248382568,-0.8421875238418579,8,-137,241,0.7704101800918579,5.579492092132568,-0.3062500059604645
-133,24,-195,-1.081445336341858,-5.852246284484863,-2.024121046066284,-3,-77,190,1.8327149152755737,5.675195217132568,-0.9857422113418579
-156,29,-121,1.239355444908142,-4.971777439117432,-3.598437547683716,10,-18,139,3.148632764816284,5.488574504852295,-2.741894483566284
-201,63,-56,3.411816358566284,-4.608105659484863,-3.957324266433716,59,42,106,4.445410251617432,4.722949504852295,-3.8329102993011475
-204,124,-6,4.062597751617432,-5.110547065734863,-2.32080078125,106,111,82,5.928808689117432,4.029101848602295,-3.4644532203674316
-205,190,26,4.053027629852295,-6.445605754852295,1.55517578125,147,178,52,6.72314453125,3.6415040493011475,0.88525390625
-199,-1,34,2.5791993141174316,-14.168848037719727,19.963672637939453,88,-5,-2,8.378808975219727,8.474512100219727,13.94873046875
-80,-24,42,7.359570503234863,-3.46923828125,5.746972560882568,-118,21,-2,7.751953125,3.0194337368011475,3.8903322219848633
-63,-27,83,6.163281440734863,-2.430859327316284,3.63671875,-94,13,-44,6.608300685882568,2.7083985805511475,4.009961128234863
-102,-31,136,5.177539348602295,-1.4738281965255737,1.3541992902755737,-45,10,-109,4.622460842132568,2.966796875,3.2491211891174316
-139,-41,191,3.646289110183716,-3.335253953933716,1.6748046875,-13,-10,-180,2.306445360183716,3.335253953933716,2.6605470180511475
-117,-49,240,2.574414014816284,-5.014843940734863,0.7129883170127869,-47,-36,-241,0.45458984375,5.19189453125,0.98095703125
-45,-25,284,0.88525390625,-6.00537109375,0.16748046875,-92,-44,-289,-2.1581056118011475,7.84765625,-0.3780273497104645
-13,-3,306,-1.7705078125,-9.957910537719727,1.789648413658142,-120,-47,-299,-4.411914348602295,11.158984184265137,1.047949194908142
21,33,299,-4.727734565734863,-10.656542778015137,2.071972608566284,-42,-59,-298,-6.431250095367432,10.55126953125,0.732128918170929
81,71,252,-5.895312786102295,-14.154492378234863,3.7372071743011475,-58,-70,-285,-9.005663871765137,10.91015625,2.095898389816284
136,93,197,-6.359472751617432,-11.804980278015137,4.459765911102295,-1,-77,-284,-11.895898818969727,7.761523723602295,1.6365234851837158
162,85,161,-9.670801162719727,-10.445996284484863,4.096093654632568,117,-84,-286,-15.33642578125,6.120214939117432,0.3158203065395355
181,63,113,-10.800097465515137,-8.7568359375,3.8807618618011475,239,-78,-257,-15.14501953125,4.694238185882568,-1.368554711341858
186,34,35,-10.07275390625,-6.24462890625,2.210742235183716,244,-78,-183,-12.379199028015137,4.340137004852295,-0.7608398795127869
133,9,-23,-9.168359756469727,-4.454980373382568,1.129296898841858,122,-49,-103,-10.88623046875,3.7611329555511475,-1.416406273841858
85,-6,-60,-8.79990291595459,-4.076953411102295,1.095800757408142,57,-17,-54,-9.99619197845459,2.909374952316284,-0.3301757872104645
73,-15,-72,-8.723340034484863,-4.37841796875,0.9857422113418579,74,-6,-35,-9.125292778015137,2.4595704078674316,0.21533203125
65,-25,-67,-9.220995903015137,-4.316211223602295,0.6651367545127869,99,0,-35,-8.976953506469727,2.526562452316284,0.46894532442092896
70,-28,-61,-9.417187690734863,-4.359277248382568,0.29667970538139343,107,5,-39,-8.814257621765137,2.741894483566284,0.799121081829071
89,-22,-62,-10.225878715515137,-4.483691692352295,-0.095703125,96,8,-40,-9.56552791595459,2.928515672683716,1.4738281965255737
88,-14,-64,-10.340723037719727,-4.1630859375,0.06220703199505806,94,9,-36,-9.220995903015137,2.7945313453674316,1.5647461414337158
67,-3,-79,-9.943554878234863,-4.086523532867432,-0.5263671875,98,7,-23,-8.785547256469727,2.761035203933716,1.464257836341858
69,23,-92,-10.565625190734863,-4.215722560882568,-0.9091796875,115,-3,-20,-10.14453125,2.5074219703674316,1.2584961652755737
109,56,-90,-9.843066215515137,-4.6416015625,-1.0192383527755737,160,-14,-16,-9.94834041595459,2.1724610328674316,0.6747070550918579
161,82,-73,-8.89560604095459,-5.072265625,-1.55517578125,188,-24,-7,-10.082324028015137,2.12939453125,0.93310546875
226,93,-68,-9.666015625,-5.569921970367432,-1.33984375,176,-35,-3,-10.029687881469727,1.9571290016174316,0.8804687857627869
270,73,-82,-10.943652153015137,-5.268456935882568,-1.526464819908142,168,-54,-14,-9.201855659484863,1.598242163658142,0.7847656607627869
225,34,-96,-10.948437690734863,-3.885546922683716,-2.6031250953674316,187,-67,-44,-8.517578125,1.9284180402755737,-0.03828125074505806
163,8,-118,-10.871874809265137,-3.507519483566284,-2.617480516433716,211,-66,-76,-8.316601753234863,2.4404296875,-1.45947265625
128,5,-131,-10.98193359375,-3.42138671875,-2.550488233566284,250,-63,-103,-8.44580078125,3.143847703933716,-2.2490234375
88,16,-128,-10.484277725219727,-3.244335889816284,-2.5074219703674316,280,-72,-112,-9.20664119720459,2.928515672683716,-2.545703172683716
58,34,-108,-10.225878715515137,-3.363964796066284,-2.306445360183716,280,-64,-111,-11.182909965515137,2.4834961891174316,-2.784960985183716
62,58,-86,-9.39804744720459,-3.718066453933716,-1.79443359375,225,-34,-92,-11.35996150970459,2.6988282203674316,-1.84228515625
90,81,-70,-8.866894721984863,-3.9286134243011475,-1.574316382408142,164,-19,-62,-10.04404354095459,2.813671827316284,-0.19619141519069672
98,94,-60,-9.32627010345459,-4.555469036102295,-1.02880859375,119,-15,-37,-10.106249809265137,3.4979493618011475,0.727343738079071
85,95,-73,-9.264062881469727,-5.627343654632568,-0.3875976502895355,101,-21,-5,-9.80478572845459,3.9190430641174316,1.9475586414337158
25,77,-112,-9.431543350219727,-7.828516006469727,1.3733398914337158,159,-55,53,-10.2880859375,6.321191310882568,4.239648342132568
-51,22,-179,-9.3310546875,-12.068163871765137,4.919140815734863,212,-133,142,-10.627832412719727,9.27841854095459,7.120312690734863
-112,-37,-237,-8.36923885345459,-14.71435546875,6.048437595367432,224,-192,207,-8.3740234375,11.93418025970459,7.187304973602295
-178,-83,-287,-7.029394626617432,-15.207226753234863,4.254004001617432,188,-198,263,-5.536426067352295,12.977343559265137,5.282812595367432
-186,-79,-320,-7.737597942352295,-13.628125190734863,0.727343738079071,110,-166,305,-4.105664253234863,11.26904296875,1.6604492664337158
-125,-46,-296,-6.4599609375,-10.422070503234863,-2.94287109375,68,-124,294,-3.158203125,9.512890815734863,-0.995312511920929
-96,-14,-242,-3.670214891433716,-7.44091796875,-3.6654298305511475,76,-59,259,-1.4977539777755737,7.876367568969727,-3.2826173305511475
-97,12,-187,-1.4977539777755737,-5.426367282867432,-3.8759765625,22,21,220,-0.11005859822034836,6.550879001617432,-3.316113233566284
-108,47,-132,0.923535168170929,-3.7802734375,-4.225293159484863,14,68,178,1.45947265625,6.019726753234863,-3.5123047828674316
-111,76,-82,2.861523389816284,-2.981152296066284,-4.182226657867432,45,88,139,2.641406297683716,5.847461223602295,-3.454882860183716
-136,106,-33,4.263574123382568,-2.7562501430511475,-3.6319336891174316,81,117,106,3.478808641433716,5.804394721984863,-2.99072265625
-155,148,8,4.746875286102295,-3.1294922828674316,-2.7275390625,106,158,79,4.742089748382568,5.976660251617432,-3.100781202316284
-162,198,40,4.861718654632568,-4.842578411102295,-0.660351574420929,136,213,46,4.962207317352295,6.273339748382568,-1.3494141101837158
-338,176,100,-4.775586128234863,-2.761035203933716,36.11357498168945,179,171,-27,-3.837695360183716,1.02880859375,35.82646560668945
-95,-35,42,7.531836032867432,-6.804492473602295,5.402441501617432,-41,24,-6,6.766211032867432,3.7276368141174316,7.909863471984863
-43,-5,87,6.067578315734863,-1.8614258766174316,3.158203125,-120,15,-66,5.297168254852295,2.296875,6.69921875
-44,3,148,4.464550971984863,-0.9283203482627869,1.6365234851837158,-121,-12,-149,3.63671875,2.502636671066284,4.943066596984863
-136,-10,218,1.727441430091858,-3.052929639816284,1.358984351158142,-60,-46,-235,0.19619141519069672,3.6558594703674316,5.2158203125
-96,-18,258,-0.42109376192092896,-7.555761814117432,1.5695313215255737,-62,-85,-282,-4.416699409484863,6.986328125,2.4452149868011475
-1,2,269,-1.7800781726837158,-9.35019588470459,1.65087890625,-130,-95,-289,-7.239941596984863,9.608593940734863,2.048046827316284
44,21,255,-2.9859375953674316,-10.699609756469727,3.5601563453674316,-86,-81,-304,-9.675585746765137,9.699511528015137,1.74658203125
23,33,235,-4.703808784484863,-12.25,4.493261814117432,-75,-60,-288,-11.93418025970459,11.642285346984863,1.8614258766174316
47,49,199,-6.000586032867432,-10.709179878234863,5.38330078125,-8,-49,-267,-13.173535346984863,10.804883003234863,1.646093726158142
22,63,187,-6.708789348602295,-9.488965034484863,6.416894435882568,-10,-46,-224,-12.623242378234863,10.436426162719727,1.22021484375
33,61,138,-6.536523342132568,-10.12060546875,6.373828411102295,-2,-30,-179,-10.680468559265137,7.833301067352295,1.119726538658142
66,57,74,-6.191992282867432,-10.0009765625,5.919238567352295,43,-21,-142,-10.07275390625,6.378613471984863,1.2919921875
89,47,17,-6.48388671875,-8.82861328125,4.933495998382568,72,-20,-108,-10.225878715515137,5.249316692352295,1.0862305164337158
112,36,-16,-7.05810546875,-7.742383003234863,4.143945217132568,106,-22,-80,-9.80478572845459,4.134375095367432,0.846972644329071
124,20,-45,-7.909863471984863,-6.469531536102295,2.7801759243011475,131,-19,-60,-9.35498046875,3.6654298305511475,0.756054699420929
121,10,-67,-8.68027400970459,-5.608203411102295,1.502539038658142,130,-22,-43,-9.02001953125,3.1534180641174316,0.8086914420127869
126,13,-82,-8.890820503234863,-5.345019817352295,0.512011706829071,138,-30,-29,-8.579785346984863,2.258593797683716,0.9666016101837158
134,19,-91,-10.97714900970459,-5.129687786102295,0.0,142,-34,-28,-10.828808784484863,2.1581056118011475,1.167578101158142
130,16,-94,-10.948437690734863,-4.794726848602295,-0.25361329317092896,157,-35,-45,-9.991406440734863,2.1246094703674316,0.8421875238418579
112,7,-86,-10.173242568969727,-4.33056640625,-1.225000023841858,162,-34,-63,-8.134765625,2.4930665493011475,1.2584961652755737
99,15,-70,-9.680371284484863,-4.359277248382568,-1.2824219465255737,135,-33,-70,-8.6611328125,2.6988282203674316,1.6125977039337158
120,28,-58,-9.201855659484863,-4.847363471984863,-1.071874976158142,131,-38,-74,-9.723437309265137,2.201171875,1.813574194908142
149,33,-53,-9.431543350219727,-4.718163967132568,-1.071874976158142,175,-48,-82,-9.723437309265137,2.1724610328674316,1.6125977039337158
143,27,-53,-9.675585746765137,-4.636816501617432,-0.93310546875,193,-56,-87,-8.986523628234863,2.186816453933716,0.8661133050918579
133,18,-57,-10.04404354095459,-4.766015529632568,-0.74169921875,185,-52,-91,-9.512890815734863,2.119824171066284,0.588574230670929
125,9,-66,-10.106249809265137,-4.938281536102295,-0.765625,194,-47,-94,-9.986620903015137,1.9092774391174316,-0.2823242247104645
121,2,-79,-10.268945693969727,-4.947851657867432,-0.9857422113418579,202,-43,-90,-9.83349609375,2.258593797683716,-0.4306640625
108,2,-95,-10.18759822845459,-4.947851657867432,-0.947460949420929,187,-36,-78,-9.766504287719727,2.6031250953674316,-0.612500011920929
111,13,-116,-10.73789119720459,-5.081836223602295,-0.8134765625,171,-30,-63,-10.431640625,2.7801759243011475,-0.7464843988418579
131,25,-134,-11.709277153015137,-5.1201171875,-0.95703125,168,-29,-42,-10.66611385345459,2.569628953933716,-0.564648449420929
118,38,-142,-12.25,-5.273242473602295,-0.7943359613418579,185,-33,-36,-11.21640682220459,2.497851610183716,-0.775195300579071
118,50,-159,-10.685254096984863,-5.593847751617432,-0.6747070550918579,193,-39,-34,-9.766504287719727,2.5074219703674316,-0.7943359613418579
115,54,-168,-10.015332221984863,-5.617773532867432,-0.9905273914337158,194,-49,-29,-9.101366996765137,2.5552735328674316,-0.4498046934604645
82,53,-166,-10.034472465515137,-6.206347942352295,-1.191503882408142,198,-62,-22,-9.599023818969727,3.196484327316284,0.10048828274011612
37,55,-168,-10.508203506469727,-7.450488567352295,-1.225000023841858,209,-82,2,-10.469922065734863,5.153613567352295,1.5886719226837158
-39,57,-189,-10.972363471984863,-8.646777153015137,0.009570312686264515,246,-119,65,-11.087206840515137,8.39794921875,2.9380860328674316
-100,43,-232,-9.981836318969727,-11.29296875,3.63671875,227,-169,161,-10.16367244720459,11.130273818969727,4.392773628234863
-176,2,-251,-7.603613376617432,-11.785840034484863,4.364062786102295,208,-209,229,-8.05820369720459,12.044238090515137,4.062597751617432
-180,-3,-258,-6.29248046875,-13.27880859375,3.2108399868011475,177,-198,260,-5.608203411102295,11.379101753234863,2.60791015625
-133,-1,-266,-4.852148532867432,-11.111132621765137,0.7225586175918579,119,-164,280,-2.861523389816284,9.005663871765137,0.07656250149011612
-72,-17,-251,-3.541015625,-8.139551162719727,-0.8086914420127869,38,-107,265,-1.244140625,6.445605754852295,-2.043261766433716
-104,-45,-201,-1.2824219465255737,-6.230273723602295,-1.8566406965255737,3,-56,210,-0.02392578125,5.976660251617432,-3.3687500953674316
-139,-50,-140,1.1867188215255737,-4.813867092132568,-3.2060546875,10,-22,157,1.2776367664337158,5.732617378234863,-4.478906154632568
-146,-23,-91,3.244335889816284,-4.230078220367432,-4.287499904632568,-1,11,127,2.775390625,5.177539348602295,-5.660840034484863
-150,15,-42,4.632031440734863,-4.311425685882568,-4.679883003234863,17,53,91,4.009961128234863,5.426367282867432,-5.5986328125
-146,65,2,5.368945598602295,-4.37841796875,-4.981347560882568,28,87,68,5.211035251617432,5.81396484375,-5.072265625
-153,114,36,5.541211128234863,-4.914355754852295,-4.675097942352295,36,133,49,5.077050685882568,6.976758003234863,-5.100976467132568
-150,161,55,5.675195217132568,-5.412011623382568,-3.9860353469848633,55,187,44,4.962207317352295,7.522265911102295,-5.268456935882568
-147,215,63,4.622460842132568,-7.000683784484863,-1.201074242591858,92,249,37,4.541113376617432,7.311718940734863,-3.311328172683716
-145,249,52,2.933300733566284,-7.555761814117432,2.2920899391174316,92,291,16,2.94287109375,6.976758003234863,2.87109375
-284,-28,107,2.880664110183716,-15.087597846984863,10.71396541595459,-23,48,-14,3.5601563453674316,0.74169921875,11.972460746765137
95,2,102,3.9142580032348633,-4.04345703125,1.607812523841858,-19,-10,-146,0.861328125,1.287207007408142,6.613086223602295
-28,35,211,2.08154296875,-0.669921875,0.727343738079071,-91,-49,-225,-1.435546875,4.287499904632568,4.005176067352295
-122,30,275,0.17705078423023224,-3.8472657203674316,1.1867188215255737,-118,-60,-309,-4.66552734375,5.292382717132568,2.7275390625
-87,37,330,-4.029101848602295,-8.65634822845459,0.8326172232627869,-114,-92,-349,-8.27353572845459,8.479296684265137,2.024121046066284
-7,47,347,-8.29746150970459,-12.431836128234863,2.4595704078674316,-93,-109,-365,-12.618456840515137,10.948437690734863,2.234668016433716
74,52,323,-9.88134765625,-12.31699275970459,4.627246379852295,-74,-106,-355,-14.676074028015137,11.450879096984863,2.5409181118011475
90,57,296,-11.709277153015137,-10.273730278015137,5.297168254852295,38,-97,-314,-15.470410346984863,9.819140434265137,0.846972644329071
92,39,245,-11.833691596984863,-8.72812557220459,4.837792873382568,165,-78,-253,-13.532422065734863,8.05820369720459,-0.17705078423023224
90,23,171,-10.14453125,-6.924121379852295,5.148828029632568,184,-72,-185,-11.355175971984863,6.249413967132568,-1.1340820789337158
51,-3,91,-8.718554496765137,-5.900097846984863,5.244531154632568,136,-49,-127,-10.25937557220459,4.9287109375,-1.4259766340255737
33,-34,21,-8.23046875,-5.679980754852295,4.301855564117432,76,-17,-82,-9.742578506469727,4.01953125,-0.559863269329071
49,-53,-34,-8.92431640625,-5.636914253234863,3.1534180641174316,48,2,-57,-10.101465225219727,2.8758790493011475,0.6172851920127869
86,-56,-76,-9.101366996765137,-4.919140815734863,2.5552735328674316,48,9,-52,-9.6181640625,1.9762696027755737,0.4498046934604645
94,-61,-103,-10.45078182220459,-4.612890720367432,1.36376953125,70,17,-42,-9.622949600219727,1.12451171875,0.8134765625
105,-50,-117,-12.05859375,-4.584179878234863,-0.09091796725988388,104,19,-33,-11.034570693969727,0.636425793170929,1.000097632408142
126,-31,-119,-11.513086318969727,-4.80908203125,-0.69384765625,143,11,-29,-10.723535537719727,0.1435546875,0.9666016101837158
152,-12,-119,-10.867090225219727,-5.584277629852295,-1.8375000953674316,180,-3,-35,-10.804883003234863,0.01435546949505806,0.27275392413139343
175,0,-114,-10.876660346984863,-5.81396484375,-3.22998046875,199,-13,-49,-10.579980850219727,0.3780273497104645,-0.21533203125
174,5,-105,-11.17333984375,-6.306836128234863,-3.7037110328674316,218,-25,-61,-10.350293159484863,1.239355444908142,-0.756054699420929
183,11,-108,-11.283398628234863,-6.4599609375,-4.182226657867432,214,-34,-72,-10.21152400970459,2.1246094703674316,-1.248925805091858
163,10,-116,-12.02988338470459,-5.842675685882568,-5.086621284484863,223,-36,-89,-9.80478572845459,3.0337891578674316,-1.9571290016174316
132,18,-132,-11.771484375,-5.206250190734863,-5.182324409484863,243,-39,-97,-9.584668159484863,3.459667921066284,-2.335156202316284
121,36,-156,-11.331250190734863,-4.823437690734863,-4.861718654632568,244,-40,-90,-8.498437881469727,3.5458009243011475,-1.775292992591858
101,52,-172,-11.16855525970459,-4.517187595367432,-4.804296970367432,198,-38,-80,-8.53671932220459,2.646191358566284,-1.430761694908142
95,86,-167,-12.728515625,-5.038769721984863,-4.966992378234863,182,-20,-85,-12.17822265625,1.894921898841858,-0.655566394329071
137,125,-145,-11.98203182220459,-5.684765815734863,-4.158300876617432,182,0,-62,-10.40771484375,1.607812523841858,1.287207007408142
167,147,-132,-10.95322322845459,-5.081836223602295,-4.416699409484863,153,-3,-44,-9.83349609375,0.756054699420929,1.167578101158142
160,148,-128,-10.249804496765137,-5.105762004852295,-4.239648342132568,163,-15,-53,-9.699511528015137,0.7847656607627869,1.1627930402755737
141,145,-121,-9.51767635345459,-5.340234279632568,-4.61767578125,203,-30,-53,-9.910058975219727,1.655664086341858,1.2824219465255737
117,140,-110,-9.704297065734863,-6.378613471984863,-3.9429688453674316,221,-50,-29,-10.13974666595459,2.27294921875,1.655664086341858
107,131,-96,-10.039258003234863,-7.072461128234863,-3.124706983566284,258,-69,-8,-9.532031059265137,3.598437547683716,1.311132788658142
85,106,-96,-10.661328315734863,-7.350000381469727,-1.0670899152755737,250,-80,21,-8.63242244720459,5.4072265625,2.0576171875
6,61,-105,-10.010546684265137,-6.302051067352295,0.6268554925918579,213,-93,57,-8.196972846984863,6.526953220367432,2.761035203933716
-99,1,-107,-9.101366996765137,-6.498242378234863,3.100781202316284,200,-116,86,-7.149023532867432,7.2734375,2.8232421875
-152,-45,-114,-7.555761814117432,-7.469629287719727,4.574609279632568,190,-137,112,-5.206250190734863,8.05820369720459,2.832812547683716
-155,-80,-124,-7.46484375,-9.292773246765137,3.837695360183716,177,-129,121,-5.55078125,9.388476371765137,1.6604492664337158
-153,-77,-118,-3.220410108566284,-9.771288871765137,2.263378858566284,114,-78,134,-6.201562404632568,10.7666015625,1.4929687976837158
-101,-74,-140,-1.765722632408142,-11.570508003234863,0.5790039300918579,59,-60,162,-5.182324409484863,11.398241996765137,-0.04306640848517418
-86,-66,-161,-1.2584961652755737,-10.95322322845459,-2.0384767055511475,44,-58,176,-1.9044922590255737,10.010546684265137,-2.545703172683716
-109,-54,-161,-0.22490234673023224,-9.297558784484863,-3.7515625953674316,22,-27,177,-0.6220703125,9.37412166595459,-5.316308498382568
-114,-19,-144,1.167578101158142,-6.986328125,-5.699120998382568,17,22,168,-0.5455078482627869,8.359667778015137,-7.651464939117432
-115,36,-111,1.990625023841858,-4.947851657867432,-7.565332412719727,-1,91,153,-0.57421875,7.63232421875,-8.641992568969727
-121,107,-66,2.1581056118011475,-4.550683498382568,-7.469629287719727,6,155,131,-0.12441406399011612,6.756640911102295,-7.48876953125
-124,163,-26,2.258593797683716,-4.852148532867432,-5.675195217132568,21,203,101,0.540722668170929,6.287695407867432,-5.962304592132568
-141,201,15,2.7227540016174316,-5.469433784484863,-2.885449171066284,50,250,63,0.478515625,7.6083984375,-3.4979493618011475
-109,231,44,2.10546875,-7.177734375,1.550390601158142,68,293,31,0.4306640625,7.890722751617432,0.3158203065395355
-124,211,62,1.9571290016174316,-7.01025390625,4.766015529632568,-13,272,35,1.98583984375,8.665918350219727,9.7138671875
-162,-9,82,1.512109398841858,-11.900683403015137,15.61875057220459,56,-5,-54,2.2538087368011475,9.766504287719727,19.796192169189453
-49,-36,80,5.612988471984863,-6.837988376617432,2.6031250953674316,-168,-78,-84,-0.36845704913139343,4.531543254852295,9.886133193969727
-86,-38,107,5.517285346984863,-8.000781059265137,-0.16748046875,-204,-108,-170,-4.04345703125,3.61279296875,7.972070693969727
-40,-2,86,5.28759765625,-9.273633003234863,-4.560254096984863,-164,-105,-287,-9.943554878234863,3.407031297683716,5.43115234375
-12,78,71,4.469336032867432,-10.326367378234863,-4.828222751617432,-115,-113,-373,-17.068653106689453,4.909570217132568,4.053027629852295
-17,129,44,3.4931640625,-10.345507621765137,-4.120019435882568,-150,-105,-392,-21.566699981689453,5.660840034484863,2.009765625
-4,181,15,1.8040039539337158,-11.206835746765137,-2.0289063453674316,-69,-58,-408,-25.126855850219727,5.225390911102295,0.06220703199505806
-3,203,-7,1.0383789539337158,-10.422070503234863,1.1867188215255737,85,-24,-389,-23.75830078125,5.809179782867432,-3.3543946743011475
-8,202,-32,0.2583984434604645,-9.010449409484863,2.641406297683716,150,-13,-317,-19.34638786315918,5.306738376617432,-5.397656440734863
-11,207,-19,-1.047949194908142,-8.244824409484863,3.5840821266174316,229,7,-262,-18.264942169189453,3.718066453933716,-6.278125286102295
-27,206,6,-2.2490234375,-8.460156440734863,3.9908204078674316,279,33,-225,-15.216796875,3.387890577316284,-6.105859279632568
8,205,25,-4.053027629852295,-6.622656345367432,3.387890577316284,276,47,-179,-13.958300590515137,3.574511766433716,-4.431054592132568
24,180,69,-6.019726753234863,-4.244433879852295,4.153515815734863,276,51,-151,-12.288281440734863,4.670312404632568,-3.1055665016174316
69,152,103,-7.110742092132568,-3.8711915016174316,3.9286134243011475,235,45,-130,-9.68994140625,5.995800971984863,-2.3255860805511475
86,135,121,-6.742285251617432,-3.42138671875,4.498046875,194,39,-94,-7.670605659484863,6.110644817352295,-0.9905273914337158
93,118,128,-7.771093845367432,-4.660742282867432,5.364160060882568,180,44,-35,-7.766308784484863,5.316308498382568,0.8326172232627869
99,99,118,-8.311816215515137,-5.8857421875,5.321094036102295,189,43,44,-9.728222846984863,4.172656536102295,2.3877930641174316
139,83,77,-8.986523628234863,-7.8955078125,5.723046779632568,144,36,107,-12.29306697845459,3.6989259719848633,3.6989259719848633
189,66,34,-9.412402153015137,-7.522265911102295,5.1201171875,80,14,113,-11.685351371765137,2.933300733566284,3.13427734375
217,33,1,-9.933984756469727,-7.613183975219727,4.096093654632568,55,-19,71,-9.742578506469727,3.1534180641174316,3.1869142055511475
280,0,-19,-10.493847846984863,-7.426562786102295,3.627148389816284,110,-48,6,-9.2353515625,3.335253953933716,2.306445360183716
249,-71,-32,-10.996289253234863,-6.096289157867432,-0.23447266221046448,129,-75,-30,-8.120409965515137,4.000390529632568,1.6125977039337158
154,-110,-51,-11.83847713470459,-5.455078125,-2.569628953933716,128,-86,-40,-6.814062595367432,3.8664064407348633,1.3494141101837158
107,-108,-75,-11.57529354095459,-6.330761909484863,-3.9046876430511475,121,-102,-43,-7.1298828125,3.8759765625,0.4306640625
90,-88,-104,-11.757128715515137,-6.168066501617432,-4.76123046875,142,-114,-47,-8.484082221984863,4.105664253234863,-0.1435546875
74,-61,-135,-11.40781307220459,-5.866601467132568,-4.387988567352295,176,-115,-39,-8.58935546875,4.947851657867432,-0.516796886920929
36,-27,-151,-13.570703506469727,-5.153613567352295,-3.4979493618011475,168,-117,-29,-9.8095703125,5.689550876617432,-0.17226563394069672
27,1,-172,-11.55615234375,-5.16796875,-1.7370117902755737,157,-118,-18,-8.89560604095459,6.086719036102295,0.22968751192092896
9,11,-188,-12.092089653015137,-4.660742282867432,-1.0192383527755737,158,-121,-1,-8.139551162719727,6.168066501617432,0.7369140982627869
-51,10,-191,-11.0537109375,-4.818652629852295,0.16269531846046448,129,-118,18,-6.7470703125,6.708789348602295,1.07666015625
-106,14,-204,-9.967480659484863,-6.7470703125,2.095898389816284,119,-117,47,-6.670507907867432,8.51279354095459,2.048046827316284
-105,14,-220,-9.4267578125,-10.560839653015137,3.263476610183716,134,-120,101,-8.39316463470459,12.05859375,2.737109422683716
-128,12,-234,-8.10605525970459,-12.336133003234863,3.6893556118011475,108,-114,179,-7.82373046875,13.857812881469727,1.9044922590255737
-133,7,-245,-5.579492092132568,-12.27392578125,2.784960985183716,60,-94,230,-5.866601467132568,12.58017635345459,-0.30146485567092896
-125,11,-238,-2.8998048305511475,-10.201952934265137,1.1340820789337158,31,-76,251,-3.7946290969848633,10.30722713470459,-1.225000023841858
-101,12,-218,-0.9857422113418579,-7.804590225219727,0.26318359375,0,-54,252,-2.0049805641174316,8.196972846984863,-1.6413086652755737
-104,1,-185,0.34931641817092896,-6.134570598602295,-0.4306640625,-24,-46,231,-0.3875976502895355,6.34033203125,-1.60302734375
-122,-4,-131,1.9954102039337158,-5.684765815734863,-0.559863269329071,-34,-42,178,1.1580078601837158,5.804394721984863,-1.225000023841858
-130,2,-70,3.387890577316284,-5.412011623382568,-2.0145509243011475,6,-35,112,2.48828125,5.914453029632568,-2.2777345180511475
-135,39,-25,4.249218940734863,-5.019629001617432,-3.9668946266174316,31,13,77,3.526660203933716,6.53173828125,-4.804296970367432
-125,97,6,4.541113376617432,-5.139257907867432,-4.85693359375,17,95,60,3.9764649868011475,6.349902629852295,-5.091406345367432
-133,152,31,4.37841796875,-5.7900390625,-3.9046876430511475,29,170,40,4.230078220367432,6.637012004852295,-4.23486328125
-144,199,50,3.5840821266174316,-6.751855373382568,-2.3399415016174316,48,225,21,4.292285442352295,7.2255859375,-2.3447265625
-141,239,58,2.287304639816284,-7.239941596984863,1.2297852039337158,85,259,0,3.349609375,6.86669921875,0.827832043170929
-214,-33,83,3.0625,-11.852831840515137,11.426953315734863,16,4,-31,4.397558689117432,9.005663871765137,12.230859756469727
3,-34,97,3.885546922683716,-6.086719036102295,3.7802734375,-143,-5,-60,3.387890577316284,4.90478515625,1.89013671875
19,-24,150,1.990625023841858,-5.201465129852295,3.4166016578674316,-122,12,-122,1.8614258766174316,5.517285346984863,1.9571290016174316
-9,-42,194,-0.4019531309604645,-5.675195217132568,3.8951172828674316,-87,17,-179,0.4498046934604645,5.129687786102295,2.8902344703674316
0,-48,254,-3.1869142055511475,-6.72314453125,3.61279296875,-55,-3,-236,-2.450000047683716,7.4169921875,3.191699266433716
42,-51,297,-6.62744140625,-6.967187404632568,4.239648342132568,-43,-26,-272,-4.789941310882568,7.134667873382568,2.287304639816284
58,-40,344,-10.541699409484863,-5.775683879852295,4.478906154632568,-54,-37,-285,-7.445703506469727,10.484277725219727,2.94287109375
5,-25,389,-15.896289825439453,-5.153613567352295,4.344922065734863,-98,-35,-258,-9.39804744720459,12.671093940734863,3.167773485183716
-69,-33,375,-17.666797637939453,-5.397656440734863,4.789941310882568,-98,-20,-173,-9.220995903015137,15.69052791595459,2.761035203933716
-95,-42,303,-14.704785346984863,-4.603320598602295,3.340039014816284,-103,1,-58,-6.727929592132568,15.972851753234863,0.287109375
-119,-27,222,-12.62802791595459,-3.22998046875,1.095800757408142,-107,31,29,-5.445508003234863,14.250195503234863,-1.4211914539337158
-118,-5,168,-11.22119140625,-2.8232421875,0.50244140625,-140,62,86,-6.794921875,12.096875190734863,-2.478710889816284
-156,5,149,-10.16845703125,-1.071874976158142,-0.751269519329071,-179,94,121,-8.211328506469727,9.64208984375,-3.2108399868011475
-208,21,145,-10.005762100219727,-0.009570312686264515,-1.8566406965255737,-218,124,141,-9.575098037719727,7.431347846984863,-4.182226657867432
-245,36,137,-10.6708984375,-0.09091796725988388,-2.354296922683716,-241,152,149,-10.412500381469727,5.924023628234863,-4.454980373382568
-286,37,144,-12.302637100219727,-0.15791015326976776,-2.383007764816284,-258,171,152,-10.943652153015137,4.947851657867432,-4.416699409484863
-321,32,167,-14.537304878234863,-0.7943359613418579,-2.880664110183716,-274,182,150,-11.943750381469727,4.555469036102295,-4.033886909484863
-334,31,188,-16.877246856689453,-2.024121046066284,-4.340137004852295,-277,185,141,-13.556347846984863,5.244531154632568,-3.6654298305511475
-331,34,201,-15.250293731689453,-2.8902344703674316,-5.995800971984863,-270,187,159,-12.254785537719727,5.536426067352295,-4.244433879852295
-348,43,196,-17.303125381469727,-4.301855564117432,-7.771093845367432,-276,193,187,-14.054003715515137,5.153613567352295,-4.909570217132568
-388,46,185,-17.91084098815918,-6.043652534484863,-5.43115234375,-262,212,183,-14.388964653015137,4.852148532867432,-4.383203029632568
-413,29,174,-14.824414253234863,-7.541406631469727,-2.378222703933716,-254,219,173,-13.25009822845459,4.292285442352295,-4.502831935882568
-396,-5,153,-10.71396541595459,-8.402734756469727,-0.55029296875,-246,216,169,-11.680566787719727,3.363964796066284,-4.129590034484863
-349,-34,110,-7.53662109375,-8.311816215515137,1.1149414777755737,-229,206,160,-10.07275390625,2.426074266433716,-3.46923828125
-307,-57,52,-7.646679878234863,-7.96728515625,2.354296922683716,-207,195,122,-9.536816596984863,2.330371141433716,-2.6844727993011475
-270,-76,-9,-9.63730525970459,-7.335644721984863,2.526562452316284,-207,194,71,-9.957910537719727,2.976367235183716,-1.272851586341858
-251,-83,-41,-9.527246475219727,-6.498242378234863,1.789648413658142,-231,196,45,-10.106249809265137,3.7228517532348633,-0.12919922173023224
-234,-79,-41,-8.292675971984863,-5.785254001617432,1.8087891340255737,-245,179,41,-10.201952934265137,4.28271484375,1.033593773841858
-208,-80,-12,-6.976758003234863,-4.598535060882568,0.7608398795127869,-221,153,40,-8.900390625,4.311425685882568,1.6413086652755737
-219,-80,31,-5.995800971984863,-3.6750001907348633,0.04306640848517418,-184,126,43,-7.627539157867432,4.201367378234863,2.0049805641174316
-218,-80,73,-5.105762004852295,-3.8664064407348633,-0.1435546875,-171,108,45,-6.737500190734863,3.8424806594848633,1.69873046875
-195,-80,100,-4.464550971984863,-4.397558689117432,0.22968751192092896,-167,95,48,-6.105859279632568,3.603222608566284,1.8040039539337158
-179,-88,120,-6.761425971984863,-5.617773532867432,0.803906261920929,-162,83,48,-7.63232421875,4.115234375,1.7561523914337158
-210,-115,130,-10.02011775970459,-6.924121379852295,1.69873046875,-169,77,40,-10.536913871765137,5.105762004852295,2.36865234375
-273,-149,126,-12.312207221984863,-8.149121284484863,1.9332032203674316,-176,70,44,-11.81455135345459,5.474218845367432,2.4212892055511475
-302,-168,91,-9.23056697845459,-9.283203125,3.3926758766174316,-154,49,75,-10.45078182220459,5.2158203125,2.856738328933716
-269,-186,4,-6.766211032867432,-10.85752010345459,4.598535060882568,-59,5,108,-8.814257621765137,6.201562404632568,5.713476657867432
-233,-209,-91,-7.0341796875,-12.36484432220459,4.699023723602295,96,-55,159,-8.005566596984863,9.407617568969727,5.971875190734863
-266,-225,-161,-7.957715034484863,-13.594629287719727,2.5409181118011475,120,-58,218,-8.68505859375,11.67578125,4.71337890625
-238,-197,-214,-6.608300685882568,-13.01084041595459,0.44501954317092896,80,-29,247,-8.053418159484863,10.651758193969727,2.210742235183716
-162,-147,-239,-4.914355754852295,-9.890917778015137,-2.6988282203674316,66,0,250,-6.694433689117432,8.862109184265137,0.46894532442092896
-117,-88,-228,-3.7994141578674316,-7.742383003234863,-4.718163967132568,49,27,228,-5.38330078125,7.742383003234863,-0.899609386920929
-101,-26,-192,-1.607812523841858,-5.833105564117432,-6.211133003234863,50,62,182,-4.177441596984863,7.2734375,-2.9715821743011475
-88,34,-145,0.5072265863418579,-4.454980373382568,-6.19677734375,26,107,141,-2.6988282203674316,7.44091796875,-4.053027629852295
-93,88,-92,1.9044922590255737,-3.7515625953674316,-6.1728515625,32,139,111,-1.358984351158142,7.34521484375,-4.191796779632568
-112,142,-35,2.6796875,-3.7611329555511475,-5.062695503234863,42,173,79,-0.3062500059604645,7.115527629852295,-3.9046876430511475
-131,192,15,2.689257860183716,-4.445410251617432,-3.0625,60,208,44,0.612500011920929,7.646679878234863,-2.717968702316284
-112,235,44,1.8566406965255737,-6.641797065734863,0.45458984375,81,248,-1,1.2824219465255737,7.661035537719727,-1.0910156965255737
-208,174,75,-9.154004096984863,-8.953027725219727,38.88896560668945,206,109,-98,-3.7611329555511475,-0.8421875238418579,37.802734375
-98,-39,81,3.0577149391174316,-4.986133098602295,12.427050590515137,-99,-20,-22,2.3160157203674316,9.680371284484863,2.957226514816284
35,-53,153,1.5934571027755737,-3.0625,7.684961318969727,-183,-1,-67,1.1580078601837158,5.2158203125,4.220508098602295
52,-65,230,-1.8327149152755737,-3.56494140625,4.464550971984863,-110,-15,-131,1.741796851158142,6.785351753234863,1.870996117591858
43,-51,316,-7.2255859375,-4.344922065734863,3.66064453125,-90,-14,-156,1.0048828125,10.149316787719727,-1.052734375
30,-28,382,-13.44150447845459,-4.6416015625,3.981250047683716,-121,14,-140,1.225000023841858,11.685351371765137,-3.555371046066284
5,-23,414,-18.25537109375,-5.900097846984863,3.7994141578674316,-97,55,-122,1.502539038658142,12.450976371765137,-4.28271484375
5,2,398,-19.83447265625,-5.684765815734863,1.93798828125,-106,99,-88,-0.27275392413139343,13.168749809265137,-4.660742282867432
-76,22,331,-18.432422637939453,-4.512402534484863,-0.30146485567092896,-170,162,-55,-2.5887696743011475,11.321680068969727,-3.828125
-176,28,273,-16.384374618530273,-4.560254096984863,-2.0049805641174316,-214,214,-32,-5.699120998382568,10.0009765625,-2.4212892055511475
-236,34,217,-14.034863471984863,-5.28759765625,-3.7372071743011475,-257,248,0,-7.96728515625,8.842968940734863,-1.9475586414337158
-285,26,185,-13.551562309265137,-5.402441501617432,-5.589062690734863,-309,271,41,-9.8095703125,7.65625,-1.3541992902755737
-315,38,165,-13.460644721984863,-6.201562404632568,-7.316504001617432,-335,267,86,-10.460351943969727,6.995898723602295,-0.4258789122104645
-354,52,160,-13.049120903015137,-7.110742092132568,-8.842968940734863,-321,232,124,-10.039258003234863,6.38818359375,-0.69384765625
-388,58,152,-16.800683975219727,-8.8525390625,-8.531933784484863,-302,209,137,-11.81455135345459,6.392968654632568,-0.894824206829071
-412,58,136,-17.93476676940918,-8.460156440734863,-6.273339748382568,-314,205,144,-12.187792778015137,6.560449123382568,-1.2297852039337158
-474,27,136,-16.312597274780273,-8.24960994720459,-4.340137004852295,-313,199,141,-10.919726371765137,5.756543159484863,-2.392578125
-470,-12,151,-13.65683650970459,-9.5224609375,-3.072070360183716,-301,190,115,-10.04404354095459,5.986230373382568,-2.3877930641174316
-456,-45,147,-10.757031440734863,-9.297558784484863,-2.7323243618011475,-300,176,103,-9.173144340515137,5.23974609375,-2.234668016433716
-433,-67,119,-8.287890434265137,-8.144335746765137,-2.450000047683716,-278,155,96,-8.196972846984863,4.804296970367432,-1.9714844226837158
-382,-73,76,-8.08212947845459,-7.287793159484863,-2.1006836891174316,-248,142,91,-8.120409965515137,4.478906154632568,-1.8614258766174316
-333,-71,39,-8.3740234375,-7.048535346984863,-1.201074242591858,-243,140,87,-8.651562690734863,4.225293159484863,-0.875683605670929
-283,-68,8,-9.532031059265137,-6.431250095367432,-0.4737304747104645,-249,136,81,-9.27841854095459,3.957324266433716,-0.16748046875
-249,-62,-1,-9.30712890625,-5.971875190734863,0.34931641817092896,-246,123,67,-9.70908260345459,3.5362305641174316,0.636425793170929
-234,-61,4,-7.737597942352295,-5.689550876617432,1.0910156965255737,-214,101,52,-9.30234432220459,3.1534180641174316,1.052734375
-199,-57,10,-6.402539253234863,-5.7421875,1.239355444908142,-186,77,42,-8.79990291595459,3.0577149391174316,1.5216797590255737
-192,-67,21,-6.278125286102295,-4.80908203125,1.215429663658142,-175,59,40,-8.460156440734863,3.1103515625,1.6843750476837158
-199,-76,43,-6.790136814117432,-5.263671875,1.02880859375,-168,50,42,-8.29746150970459,3.0146484375,1.8853516578674316
-183,-87,57,-6.6513671875,-4.880859375,1.8614258766174316,-158,45,52,-8.120409965515137,2.8519532680511475,1.727441430091858
-195,-105,67,-7.82373046875,-5.081836223602295,1.5647461414337158,-110,36,54,-8.814257621765137,2.4404296875,2.717968702316284
-236,-126,67,-9.02001953125,-5.029199123382568,1.550390601158142,-44,16,43,-9.63730525970459,2.717968702316284,4.292285442352295
-301,-150,45,-9.5703125,-5.440722942352295,3.66064453125,-4,-27,51,-9.048730850219727,3.627148389816284,6.814062595367432
-344,-185,-5,-8.890820503234863,-8.144335746765137,4.986133098602295,117,-72,82,-9.37412166595459,5.689550876617432,6.426465034484863
-291,-215,-76,-9.465039253234863,-10.972363471984863,4.880859375,173,-67,149,-10.101465225219727,8.8525390625,6.330761909484863
-266,-228,-149,-9.287988662719727,-12.331347465515137,2.0767579078674316,150,-40,210,-7.909863471984863,9.220995903015137,4.493261814117432
-236,-205,-214,-8.579785346984863,-12.183008193969727,-0.36845704913139343,101,-11,234,-7.493555068969727,8.354883193969727,2.89501953125
-183,-154,-241,-7.6083984375,-10.771387100219727,-4.100879192352295,79,18,212,-6.91455078125,8.024706840515137,0.8661133050918579
-132,-82,-233,-5.6943359375,-8.49365234375,-6.732715129852295,68,32,188,-4.842578411102295,7.426562786102295,-1.4451172351837158
-110,-14,-204,-3.18212890625,-6.589160442352295,-7.397851943969727,13,74,167,-3.3687500953674316,7.086816310882568,-2.6988282203674316
-87,48,-165,-0.7847656607627869,-5.019629001617432,-6.957617282867432,4,109,137,-2.043261766433716,7.24951171875,-4.033886909484863
-73,92,-122,0.779980480670929,-4.411914348602295,-6.53173828125,17,136,106,-1.36376953125,7.761523723602295,-4.871289253234863
-87,123,-65,1.9810547828674316,-4.086523532867432,-5.880957126617432,33,170,72,-0.9857422113418579,8.785547256469727,-4.990918159484863
-124,162,-11,2.354296922683716,-4.029101848602295,-4.603320598602295,31,209,56,-0.875683605670929,9.383691787719727,-4.268359661102295
-135,209,30,2.2920899391174316,-4.794726848602295,-3.2491211891174316,43,247,41,-1.119726538658142,9.249707221984863,-3.5362305641174316
-116,251,52,0.899609386920929,-7.354785442352295,0.16269531846046448,69,292,5,-0.8134765625,8.574999809265137,-1.3541992902755737
-210,137,62,-14.068359375,-13.570703506469727,35.094337463378906,154,139,-104,-7.34521484375,5.919238567352295,26.203516006469727
-137,-29,88,3.5458009243011475,-5.038769721984863,7.594043254852295,-43,11,-20,1.8853516578674316,9.886133193969727,0.17226563394069672
11,-21,114,2.478710889816284,-6.5556640625,5.493359565734863,-134,16,-46,2.9715821743011475,7.65625,1.6652344465255737
11,-38,150,-0.009570312686264515,-5.148828029632568,3.18212890625,-110,16,-90,3.3543946743011475,5.354589939117432,-0.2679687440395355
-81,-66,214,-2.7562501430511475,-6.369042873382568,4.053027629852295,-56,26,-135,1.9475586414337158,8.03427791595459,-0.535937488079071
-49,-98,240,-6.019726753234863,-7.87158203125,3.349609375,-83,31,-134,1.550390601158142,9.742578506469727,-1.392480492591858
-40,-122,264,-8.68027400970459,-7.718457221984863,2.6844727993011475,-92,46,-126,1.311132788658142,11.202051162719727,-2.966796875
-30,-125,293,-10.943652153015137,-7.48876953125,1.823144555091858,-102,78,-107,-0.1435546875,11.972460746765137,-3.61279296875
-52,-117,321,-13.484570503234863,-6.297265529632568,0.564648449420929,-138,118,-76,-2.32080078125,11.59921932220459,-3.5936524868011475
-118,-100,339,-15.843652725219727,-6.125,-0.27753907442092896,-179,157,-48,-4.440625190734863,10.7666015625,-2.765820264816284
-166,-88,319,-16.728906631469727,-6.00537109375,-1.416406273841858,-203,184,-20,-6.287695407867432,9.943554878234863,-2.119824171066284
-209,-81,284,-15.64267635345459,-5.014843940734863,-3.411816358566284,-211,209,9,-7.804590225219727,9.340624809265137,-1.8375000953674316
-233,-65,242,-14.293261528015137,-4.770801067352295,-4.612890720367432,-251,226,44,-8.517578125,8.077343940734863,-1.368554711341858
-258,-54,212,-13.34580135345459,-4.971777439117432,-6.464745998382568,-254,217,81,-8.766406059265137,7.522265911102295,-0.779980480670929
-260,-26,196,-14.37939453125,-5.029199123382568,-7.995996475219727,-231,197,106,-10.02011775970459,7.594043254852295,-0.25361329317092896
-283,-3,196,-14.460741996765137,-4.923925876617432,-8.694628715515137,-218,185,124,-10.489062309265137,7.373926162719727,-0.6172851920127869
-309,27,191,-15.776660919189453,-6.062793254852295,-7.952929973602295,-218,188,123,-11.063281059265137,7.000683784484863,-0.95703125
-359,42,171,-15.35556697845459,-6.665722846984863,-7.330859661102295,-237,196,116,-9.49853515625,6.019726753234863,-1.1867188215255737
-429,28,161,-14.13535213470459,-8.455370903015137,-6.278125286102295,-241,199,95,-8.594141006469727,5.043554782867432,-2.2298829555511475
-455,4,159,-12.36484432220459,-10.158886909484863,-4.4501953125,-299,208,71,-9.16357421875,5.16796875,-1.502539038658142
-435,-16,138,-10.28330135345459,-10.469922065734863,-2.7706055641174316,-347,192,71,-9.847851753234863,4.23486328125,-0.851757824420929
-394,-31,105,-8.622851371765137,-9.220995903015137,-1.3254883289337158,-330,160,73,-9.771288871765137,3.18212890625,-0.20097656548023224
-360,-44,68,-7.68017578125,-8.125195503234863,-0.17226563394069672,-272,122,72,-9.144433975219727,2.5169923305511475,0.478515625
-330,-56,30,-7.8955078125,-6.608300685882568,0.732128918170929,-229,96,67,-8.316601753234863,2.497851610183716,0.7943359613418579
-309,-70,-2,-8.579785346984863,-5.847461223602295,1.3541992902755737,-196,84,69,-8.15390682220459,3.005078077316284,1.358984351158142
-289,-79,-16,-9.03916072845459,-6.263769626617432,0.8900390863418579,-227,86,70,-9.66123104095459,3.741992235183716,1.74658203125
-263,-73,-9,-9.68994140625,-7.254296779632568,-0.01435546949505806,-257,80,62,-13.096972465515137,3.5218751430511475,2.837597608566284
-232,-60,13,-6.72314453125,-7.364355564117432,-0.669921875,-218,64,67,-10.034472465515137,2.296875,3.718066453933716
-198,-46,26,-5.560351848602295,-6.670507907867432,0.03349609300494194,-121,32,104,-6.560449123382568,1.799218773841858,3.789843797683716
-174,-42,24,-7.900293350219727,-5.991015911102295,0.9666016101837158,-63,20,115,-6.895410060882568,2.335156202316284,3.603222608566284
-151,-50,18,-8.838183403015137,-5.397656440734863,1.4211914539337158,-60,37,93,-7.230370998382568,3.311328172683716,3.541015625
-144,-74,23,-7.574902534484863,-4.320996284484863,1.9762696027755737,-93,40,76,-7.067676067352295,3.885546922683716,3.6654298305511475
-160,-112,43,-7.766308784484863,-4.373632907867432,2.3973634243011475,-58,35,73,-7.7041015625,3.220410108566284,3.651074171066284
-181,-155,71,-10.757031440734863,-4.837792873382568,2.94287109375,-27,34,63,-9.728222846984863,3.9142580032348633,4.909570217132568
-257,-189,75,-10.278515815734863,-5.483788967132568,2.4834961891174316,-34,15,68,-9.8095703125,4.0673828125,5.555566310882568
-296,-210,29,-8.723340034484863,-7.474414348602295,2.784960985183716,12,-12,81,-9.819140434265137,4.244433879852295,6.273339748382568
-277,-212,-42,-8.938672065734863,-9.800000190734863,2.186816453933716,102,-30,94,-9.16357421875,6.488671779632568,6.14892578125
-242,-190,-132,-8.551074028015137,-12.69980525970459,0.6412109732627869,119,-25,146,-7.550976753234863,9.97226619720459,4.871289253234863
-218,-147,-215,-8.3740234375,-13.15439510345459,-1.2345703840255737,46,1,209,-6.191992282867432,11.355175971984863,2.3255860805511475
-181,-86,-262,-6.957617282867432,-11.474804878234863,-3.4931640625,27,20,238,-5.488574504852295,10.656542778015137,-0.17226563394069672
-117,-18,-268,-5.665625095367432,-9.249707221984863,-4.574609279632568,52,39,241,-4.923925876617432,9.675585746765137,-2.569628953933716
-82,36,-236,-3.75634765625,-6.799706935882568,-5.713476657867432,2,95,231,-4.483691692352295,9.120508193969727,-3.5218751430511475
-78,91,-190,-1.583886742591858,-5.153613567352295,-5.6943359375,-4,140,213,-3.94775390625,8.484082221984863,-3.7754883766174316
-94,136,-135,-0.15312500298023224,-4.718163967132568,-5.067480564117432,35,170,181,-3.03857421875,8.359667778015137,-3.6558594703674316
-134,175,-78,0.631640613079071,-4.694238185882568,-3.670214891433716,81,194,139,-2.119824171066284,8.61328125,-2.545703172683716
-160,212,-23,0.98095703125,-5.751758098602295,-1.8614258766174316,124,221,89,-1.5408203601837158,9.70908260345459,-1.693945288658142
-156,246,12,0.25361329317092896,-7.211230754852295,1.392480492591858,172,253,32,-1.07666015625,9.335840225219727,0.23447266221046448
-89,69,14,-7.862011909484863,-12.958203315734863,17.28877067565918,184,26,-35,0.3158203065395355,14.259765625,9.149218559265137
-142,-33,68,3.2969727516174316,-3.215625047683716,6.96240234375,-89,25,-3,1.583886742591858,7.589258193969727,0.4258789122104645
-57,-30,109,3.4261720180511475,-5.388085842132568,4.038671970367432,-138,30,-24,2.22509765625,5.459863185882568,2.8423829078674316
11,-27,158,1.057519555091858,-4.23486328125,3.7850587368011475,-104,28,-99,2.70361328125,4.47412109375,0.8804687857627869
-39,-46,259,-3.4261720180511475,-5.340234279632568,4.512402534484863,-69,6,-178,2.4356446266174316,7.335644721984863,0.7943359613418579
-25,-72,321,-7.283008098602295,-6.464745998382568,2.9620118141174316,-79,-11,-195,3.454882860183716,9.632519721984863,-1.53125
35,-57,321,-11.17333984375,-7.718457221984863,1.727441430091858,-127,36,-185,2.8041017055511475,11.64707088470459,-3.718066453933716
-6,-29,339,-13.58505916595459,-7.086816310882568,1.430761694908142,-143,92,-157,-0.16269531846046448,11.924609184265137,-2.7801759243011475
-107,-26,349,-15.86279296875,-7.383496284484863,1.1101562976837158,-191,157,-131,-3.9286134243011475,13.17832088470459,-1.9332032203674316
-189,-20,326,-15.752735137939453,-7.560546875,0.6747070550918579,-242,183,-73,-5.962304592132568,11.058496475219727,0.15312500298023224
-255,-47,286,-14.695215225219727,-6.550879001617432,-0.6747070550918579,-249,190,-34,-7.87158203125,9.407617568969727,0.655566394329071
-289,-62,231,-12.728515625,-5.823535442352295,-1.9762696027755737,-277,197,0,-8.92431640625,7.397851943969727,0.6412109732627869
-297,-70,177,-11.225976943969727,-5.76611328125,-2.550488233566284,-273,180,28,-9.6181640625,6.00537109375,1.201074242591858
-293,-63,131,-10.158886909484863,-5.067480564117432,-3.052929639816284,-269,156,48,-9.910058975219727,5.555566310882568,1.430761694908142
-299,-53,107,-9.40283203125,-4.397558689117432,-3.196484327316284,-268,128,68,-9.335840225219727,5.282812595367432,1.60302734375
-300,-45,98,-10.50341796875,-5.043554782867432,-3.603222608566284,-249,102,90,-9.393261909484863,5.90966796875,1.153222680091858
-317,-41,83,-12.958203315734863,-4.072167873382568,-4.005176067352295,-239,90,119,-8.97216796875,7.383496284484863,0.55029296875
-411,-73,71,-13.23095703125,-2.761035203933716,-6.72314453125,-248,97,161,-8.431445121765137,8.25439453125,-1.813574194908142
-436,-102,100,-13.044336318969727,-3.923828125,-6.919335842132568,-264,122,173,-9.23056697845459,8.20654296875,-3.411816358566284
-425,-146,151,-11.852831840515137,-4.895215034484863,-6.450390815734863,-303,149,171,-9.776074409484863,8.89560604095459,-4.646386623382568
-444,-191,169,-12.206933975219727,-5.823535442352295,-6.062793254852295,-333,169,173,-10.780957221984863,8.522363662719727,-6.3642578125
-469,-225,138,-12.092089653015137,-7.809375286102295,-5.488574504852295,-333,181,171,-12.19736385345459,7.230370998382568,-6.565234661102295
-403,-224,89,-10.350293159484863,-9.21142578125,-4.383203029632568,-306,175,169,-12.55625057220459,5.67041015625,-4.584179878234863
-337,-202,31,-7.828516006469727,-8.311816215515137,-3.2108399868011475,-250,139,171,-11.16855525970459,4.8330078125,-2.761035203933716
-304,-181,-25,-6.416894435882568,-7.780664443969727,-2.4117188453674316,-190,106,173,-9.35019588470459,4.900000095367432,-1.263281226158142
-251,-156,-72,-7.196875095367432,-8.574999809265137,-0.899609386920929,-128,94,182,-8.905176162719727,6.258984565734863,0.3780273497104645
-214,-145,-106,-8.048632621765137,-8.929101943969727,0.7369140982627869,-109,100,192,-8.39794921875,6.780566692352295,1.095800757408142
-177,-153,-119,-7.565332412719727,-8.58935546875,1.574316382408142,-90,100,183,-8.06298828125,7.469629287719727,2.3877930641174316
-154,-165,-98,-4.655957221984863,-6.641797065734863,1.047949194908142,-51,84,171,-7.101171970367432,7.383496284484863,3.2108399868011475
-145,-176,-62,-2.4452149868011475,-5.809179782867432,-0.23447266221046448,-15,64,158,-5.876172065734863,7.08203125,3.167773485183716
-97,-185,-16,-2.024121046066284,-7.05810546875,-1.31591796875,9,54,115,-5.330664157867432,7.187304973602295,3.2251954078674316
-99,-199,27,-1.1580078601837158,-7.326074123382568,-2.024121046066284,34,36,79,-3.541015625,7.287793159484863,3.18212890625
-103,-210,39,-0.03828125074505806,-8.139551162719727,-2.8280274868011475,-23,74,59,-2.9715821743011475,7.450488567352295,3.8233399391174316
-98,-201,29,0.13876953721046448,-9.723437309265137,-3.555371046066284,-48,70,62,-2.593554735183716,7.7041015625,4.292285442352295
-93,-185,9,0.009570312686264515,-11.95810604095459,-4.220508098602295,-38,38,62,-2.717968702316284,9.13486385345459,5.488574504852295
-88,-166,-25,1.1101562976837158,-13.857812881469727,-4.09130859375,-10,6,61,-2.478710889816284,10.79052734375,5.388085842132568
-78,-138,-66,1.9475586414337158,-13.0634765625,-4.177441596984863,30,-19,65,-0.708203136920929,11.881543159484863,4.177441596984863
-69,-105,-111,1.550390601158142,-12.072949409484863,-3.70849609375,44,-26,91,0.751269519329071,11.02500057220459,1.6748046875
-61,-80,-145,1.191503882408142,-11.178125381469727,-3.124706983566284,19,-11,114,0.6890625357627869,10.173242568969727,0.5263671875
-45,-66,-146,1.3302735090255737,-9.005663871765137,-2.952441453933716,1,-3,118,0.564648449420929,9.30712890625,0.4833008050918579
-40,-55,-122,2.430859327316284,-6.91455078125,-3.359179735183716,7,0,111,1.2106446027755737,8.06298828125,0.0047851563431322575
-45,-40,-85,3.6845703125,-5.440722942352295,-3.25390625,-6,8,91,1.8327149152755737,7.20166015625,-0.8804687857627869
-70,-15,-47,4.464550971984863,-5.100976467132568,-4.029101848602295,5,29,61,2.0767579078674316,7.20166015625,-2.426074266433716
-89,19,-11,4.502831935882568,-5.43115234375,-5.1201171875,-1,68,36,1.8279297351837158,7.713672161102295,-4.478906154632568
-95,76,23,3.9668946266174316,-5.809179782867432,-6.804492473602295,20,116,14,1.74658203125,8.36923885345459,-5.646484375
-120,138,58,3.5840821266174316,-6.302051067352295,-6.373828411102295,37,169,0,1.4211914539337158,9.37412166595459,-5.823535442352295
-130,192,80,3.292187452316284,-7.4169921875,-4.560254096984863,54,223,-11,0.9139648675918579,10.06796932220459,-5.038769721984863
-118,237,80,2.617480516433716,-7.9912109375,-2.79931640625,58,278,-23,-0.095703125,10.240234375,-3.6750001907348633
-62,273,62,1.3733398914337158,-8.91953182220459,0.765625,59,329,-23,-1.69873046875,11.206835746765137,-0.8182617425918579
-137,-5,54,0.1435546875,-11.379101753234863,12.738085746765137,82,59,-25,0.26318359375,17.580663681030273,3.6893556118011475
-4,-23,50,4.598535060882568,-9.249707221984863,3.0433595180511475,-115,30,2,2.6605470180511475,8.39316463470459,1.1388672590255737
47,-22,72,3.268261671066284,-7.311718940734863,3.268261671066284,-132,0,-16,3.0337891578674316,9.101366996765137,1.2919921875
29,-27,114,1.153222680091858,-4.04345703125,3.196484327316284,-140,0,-53,2.3734376430511475,6.727929592132568,2.167675733566284
-29,-40,193,-1.894921898841858,-3.407031297683716,3.6750001907348633,-77,-22,-93,1.1101562976837158,6.158496379852295,2.48828125
-71,-64,273,-5.785254001617432,-3.32568359375,2.48828125,-76,-24,-134,-0.02871093899011612,7.546191692352295,0.25361329317092896
-59,-64,342,-10.082324028015137,-4.574609279632568,1.2058594226837158,-101,-11,-156,-0.0478515625,9.51767635345459,-0.6029297113418579
-61,-48,391,-15.054101943969727,-4.727734565734863,1.765722632408142,-110,12,-154,-0.34931641817092896,10.847949028015137,-0.9091796875
-102,-52,402,-19.652637481689453,-6.038867473602295,1.72265625,-117,52,-133,-2.32080078125,12.929491996765137,-2.36865234375
-145,-55,354,-18.331933975219727,-5.28759765625,-0.34453126788139343,-175,99,-87,-3.9429688453674316,12.474902153015137,-2.789746046066284
-191,-42,270,-15.28378963470459,-4.411914348602295,-1.72265625,-201,140,-45,-6.019726753234863,11.091992378234863,-2.306445360183716
-264,-36,200,-13.10654354095459,-4.320996284484863,-3.148632764816284,-241,175,-14,-7.900293350219727,9.244921684265137,-1.8375000953674316
-307,-39,153,-11.326464653015137,-4.18701171875,-3.8185548782348633,-307,202,21,-9.45068359375,7.661035537719727,-1.215429663658142
-304,-30,117,-11.111132621765137,-3.957324266433716,-4.297070503234863,-349,205,68,-10.393359184265137,5.794824123382568,-0.5215820670127869
-303,-19,92,-11.776269912719727,-3.627148389816284,-3.923828125,-340,183,104,-10.938867568969727,5.053124904632568,-0.42109376192092896
-302,-10,86,-12.34091854095459,-3.483593702316284,-4.435840129852295,-322,154,126,-10.948437690734863,5.354589939117432,-0.31103515625
-313,-6,106,-12.10166072845459,-2.8184571266174316,-6.144140720367432,-297,124,148,-10.565625190734863,6.14892578125,-0.7464843988418579
-296,0,138,-12.455761909484863,-3.37353515625,-7.239941596984863,-282,109,175,-11.00107479095459,6.665722846984863,-1.655664086341858
-354,-11,174,-14.465527534484863,-4.1630859375,-7.617969036102295,-274,123,180,-11.580078125,6.991113185882568,-2.4691407680511475
-408,-28,177,-14.451171875,-5.938378810882568,-6.258984565734863,-259,144,181,-10.632616996765137,6.670507907867432,-3.363964796066284
-455,-60,161,-12.958203315734863,-6.6513671875,-5.110547065734863,-262,159,169,-10.637402534484863,6.359472751617432,-4.373632907867432
-440,-83,139,-10.623046875,-8.527148246765137,-3.7037110328674316,-268,166,162,-10.991503715515137,5.206250190734863,-3.244335889816284
-357,-85,113,-8.986523628234863,-7.84765625,-2.296875,-238,153,153,-10.589550971984863,3.9764649868011475,-1.9236328601837158
-282,-70,80,-6.86669921875,-6.77099609375,-1.574316382408142,-195,134,136,-8.508008003234863,3.18212890625,-1.129296898841858
-217,-52,42,-7.192090034484863,-6.321191310882568,-0.478515625,-162,124,117,-7.594043254852295,3.4883790016174316,-0.04306640848517418
-173,-43,12,-9.264062881469727,-4.9765625,0.7129883170127869,-162,134,104,-7.661035537719727,4.297070503234863,0.7177734375
-191,-49,-2,-10.292871475219727,-3.741992235183716,1.1580078601837158,-183,148,91,-7.737597942352295,4.885644435882568,1.1627930402755737
-239,-61,-1,-10.45556640625,-3.3687500953674316,1.1819336414337158,-210,158,70,-7.952929973602295,5.488574504852295,1.7609375715255737
-262,-75,18,-8.574999809265137,-3.263476610183716,0.6412109732627869,-204,146,70,-7.34521484375,5.450293064117432,2.3016602993011475
-252,-83,60,-9.560742378234863,-3.837695360183716,0.83740234375,-184,126,66,-8.39316463470459,5.679980754852295,2.3638672828674316
-213,-93,122,-9.393261909484863,-4.344922065734863,0.9091796875,-177,111,61,-8.8525390625,5.325879096984863,3.172558546066284
-254,-102,166,-9.13486385345459,-4.971777439117432,0.11962890625,-164,90,70,-9.474609375,4.694238185882568,3.541015625
-259,-107,174,-8.263964653015137,-8.0390625,1.41162109375,-128,64,83,-9.61337947845459,3.4883790016174316,3.9286134243011475
-200,-99,145,-6.852344036102295,-10.125391006469727,0.49287110567092896,-67,38,90,-8.627636909484863,2.808886766433716,4.3544921875
-156,-84,101,-6.560449123382568,-9.16357421875,0.4976562559604645,-24,18,85,-7.622754096984863,3.000293016433716,4.655957221984863
-162,-68,42,-6.7470703125,-7.58447265625,0.6651367545127869,10,8,65,-6.321191310882568,3.6989259719848633,4.52197265625
-161,-56,-26,-8.20175838470459,-6.201562404632568,2.024121046066284,44,11,48,-5.081836223602295,5.483788967132568,4.306640625
-165,-56,-76,-9.92441463470459,-5.938378810882568,3.2251954078674316,17,11,51,-5.09619140625,7.101171970367432,4.04345703125
-193,-77,-99,-9.632519721984863,-6.345117092132568,4.971777439117432,-4,-5,66,-6.321191310882568,8.311816215515137,4.727734565734863
-217,-100,-114,-7.814160346984863,-8.747265815734863,5.924023628234863,20,-39,94,-7.670605659484863,9.5703125,5.746972560882568
-215,-119,-143,-6.311621189117432,-11.40781307220459,4.85693359375,69,-63,119,-7.230370998382568,10.919726371765137,4.813867092132568
-193,-116,-180,-4.900000095367432,-12.10166072845459,3.7037110328674316,44,-45,142,-4.454980373382568,10.972363471984863,3.349609375
-146,-99,-205,-3.4261720180511475,-10.158886909484863,0.69384765625,1,-30,160,-2.7227540016174316,9.80478572845459,0.19140625
-117,-69,-200,-2.17724609375,-8.675488471984863,-1.79443359375,1,-9,164,-2.138964891433716,9.39804744720459,-2.8758790493011475
-105,-26,-177,-1.009667992591858,-6.986328125,-4.158300876617432,23,30,159,-2.330371141433716,8.938672065734863,-5.388085842132568
-72,25,-134,-0.2679687440395355,-5.995800971984863,-5.584277629852295,29,88,142,-2.5409181118011475,8.77597713470459,-5.914453029632568
-75,89,-82,0.27275392413139343,-6.120214939117432,-6.354687690734863,50,149,113,-2.8519532680511475,8.986523628234863,-5.90966796875
-85,155,-33,0.732128918170929,-5.847461223602295,-5.632129192352295,58,209,83,-3.3974609375,9.675585746765137,-5.306738376617432
-98,222,0,0.6220703125,-6.694433689117432,-2.909374952316284,85,269,47,-3.2251954078674316,9.503320693969727,-3.7754883766174316
-71,280,11,-0.07656250149011612,-7.924219131469727,3.1534180641174316,98,307,-1,-2.473925828933716,7.641894817352295,-1.143652319908142
-111,5,39,-1.7705078125,-8.44580078125,14.676074028015137,132,21,-38,-0.756054699420929,15.1689453125,7.412207126617432
-89,-9,92,2.7801759243011475,-5.866601467132568,5.732617378234863,-152,9,-1,1.942773461341858,8.546289443969727,1.0910156965255737
36,-11,123,1.583886742591858,-5.402441501617432,5.062695503234863,-135,-8,-31,2.2681641578674316,8.307031631469727,2.354296922683716
39,-14,181,-1.1962890625,-3.2108399868011475,3.56494140625,-86,-13,-80,1.0862305164337158,7.364355564117432,0.98095703125
-43,-35,279,-5.263671875,-3.7132813930511475,4.689453125,-88,-17,-113,-0.07177734375,7.737597942352295,0.583789050579071
-38,-59,341,-10.292871475219727,-4.053027629852295,2.7466797828674316,-113,-19,-135,-0.05263672024011612,8.574999809265137,-1.201074242591858
-18,-44,391,-15.49912166595459,-5.378515720367432,2.1724610328674316,-107,1,-150,0.37324219942092896,10.69003963470459,-3.100781202316284
-6,-9,380,-18.226659774780273,-5.474218845367432,1.5695313215255737,-131,44,-133,-0.24882812798023224,11.65185546875,-3.5888671875
-50,14,330,-17.19306755065918,-4.292285442352295,-0.27275392413139343,-154,89,-102,-1.918847680091858,12.072949409484863,-3.502734422683716
-152,23,266,-15.09716796875,-4.488476753234863,-1.7609375715255737,-177,131,-67,-3.9142580032348633,10.83837890625,-2.3877930641174316
-225,25,206,-13.077832221984863,-4.900000095367432,-2.1006836891174316,-207,168,-41,-6.589160442352295,10.40293025970459,-1.36376953125
-291,21,153,-11.733202934265137,-4.057812690734863,-2.41650390625,-238,193,-8,-8.99130916595459,8.65634822845459,-0.5455078482627869
-368,3,116,-11.302538871765137,-4.124804973602295,-2.335156202316284,-275,207,28,-10.30722713470459,7.2255859375,0.11484375596046448
-385,-3,83,-11.326464653015137,-4.301855564117432,-1.9140625,-314,209,64,-10.9580078125,5.852246284484863,0.684277355670929
-359,-7,58,-10.871874809265137,-4.105664253234863,-1.0144531726837158,-314,188,82,-10.297656059265137,4.981347560882568,0.57421875
-340,-24,50,-10.0009765625,-3.541015625,-0.727343738079071,-297,160,83,-8.785547256469727,4.579394817352295,-0.03349609300494194
-337,-52,54,-9.551172256469727,-3.411816358566284,-0.36845704913139343,-295,144,74,-7.828516006469727,4.919140815734863,-1.12451171875
-359,-89,62,-9.862207412719727,-3.2108399868011475,-0.669921875,-304,142,68,-8.019922256469727,5.76611328125,-1.7800781726837158
-383,-125,69,-10.699609756469727,-3.459667921066284,-1.153222680091858,-331,145,70,-8.627636909484863,6.2685546875,-1.9475586414337158
-382,-150,76,-11.21640682220459,-3.8472657203674316,-1.344628930091858,-345,136,75,-9.1396484375,5.976660251617432,-2.0624024868011475
-360,-172,89,-10.048828125,-3.454882860183716,-2.56005859375,-314,113,83,-9.144433975219727,5.081836223602295,-2.091113328933716
-333,-176,105,-9.23056697845459,-3.46923828125,-3.765918016433716,-257,87,90,-9.120508193969727,4.239648342132568,-2.641406297683716
-309,-157,119,-10.37900447845459,-3.8424806594848633,-4.316211223602295,-217,79,89,-10.101465225219727,3.89990234375,-3.124706983566284
-265,-130,124,-10.460351943969727,-4.3544921875,-3.1103515625,-197,79,94,-10.996289253234863,3.6989259719848633,-2.521777391433716
-200,-94,119,-9.273633003234863,-4.249218940734863,-2.430859327316284,-179,77,108,-10.178027153015137,3.6845703125,-1.60302734375
-193,-73,106,-7.976855754852295,-3.6750001907348633,-0.5072265863418579,-161,79,111,-9.268847465515137,5.177539348602295,-0.583789050579071
-232,-73,87,-9.287988662719727,-3.9286134243011475,0.5072265863418579,-183,89,112,-9.7138671875,7.63232421875,0.679492175579071
-280,-86,52,-10.69003963470459,-3.8711915016174316,0.5072265863418579,-221,93,124,-8.99130916595459,8.51279354095459,0.22490234673023224
-334,-106,15,-11.063281059265137,-4.885644435882568,-0.861328125,-225,98,126,-8.283105850219727,8.58457088470459,0.607714831829071
-298,-119,0,-9.096582412719727,-5.995800971984863,-1.84228515625,-235,92,122,-9.460253715515137,7.747168064117432,0.4498046934604645
-269,-127,21,-6.991113185882568,-6.168066501617432,-2.2538087368011475,-168,68,135,-9.11093807220459,5.608203411102295,1.1580078601837158
-258,-131,18,-4.95263671875,-6.4599609375,-1.239355444908142,-133,61,157,-7.177734375,3.8951172828674316,2.10546875
-238,-126,-17,-7.84765625,-7.972070693969727,-0.37324219942092896,-52,11,170,-7.015038967132568,3.483593702316284,2.4930665493011475
-234,-124,-55,-9.82871150970459,-10.565625190734863,1.789648413658142,20,-16,149,-7.694531440734863,5.751758098602295,3.2826173305511475
-205,-132,-124,-8.20175838470459,-13.360156059265137,1.287207007408142,50,-13,138,-7.182519435882568,9.16357421875,2.7275390625
-144,-141,-177,-6.311621189117432,-13.006054878234863,-0.27753907442092896,59,-7,139,-5.077050685882568,11.259472846984863,2.043261766433716
-116,-130,-202,-4.459765911102295,-12.312207221984863,-3.6415040493011475,68,11,149,-2.6605470180511475,11.771484375,0.7177734375
-77,-94,-217,-3.03857421875,-10.125391006469727,-6.622656345367432,39,52,160,-2.0576171875,11.517870903015137,-1.1149414777755737
-65,-35,-198,-1.813574194908142,-7.498340129852295,-8.144335746765137,49,96,155,-2.119824171066284,9.63730525970459,-2.6605470180511475
-61,43,-150,-1.0192383527755737,-4.464550971984863,-8.10605525970459,25,162,143,-2.4212892055511475,8.196972846984863,-2.99072265625
-72,114,-94,-0.9905273914337158,-3.2969727516174316,-7.694531440734863,45,210,125,-2.9237306118011475,7.072461128234863,-3.56494140625
-82,177,-43,-0.803906261920929,-3.100781202316284,-4.85693359375,89,256,93,-3.2060546875,6.646582126617432,-2.8519532680511475
-66,216,-10,-0.25361329317092896,-4.13916015625,-1.009667992591858,151,292,30,-2.9380860328674316,6.684863567352295,-1.45947265625
-162,3,56,-9.02001953125,-8.79990291595459,18.523340225219727,153,113,-49,-2.3638672828674316,14.575586318969727,19.80097770690918
-92,-48,99,3.9142580032348633,-9.11093807220459,4.61767578125,-21,11,-51,0.15791015326976776,9.23056697845459,0.05263672024011612
57,2,96,3.550585985183716,-8.283105850219727,5.09619140625,-96,15,-63,2.569628953933716,10.484277725219727,0.93310546875
25,-16,129,0.40673828125,-4.584179878234863,5.62255859375,-165,23,-55,2.87109375,9.053515434265137,-0.25361329317092896
-55,-42,203,-3.6750001907348633,-4.000390529632568,5.541211128234863,-82,19,-68,2.0624024868011475,9.20664119720459,0.04306640848517418
-86,-89,277,-8.58935546875,-3.8472657203674316,3.1629884243011475,-48,20,-62,2.737109422683716,9.943554878234863,-3.196484327316284
-78,-126,339,-14.336328506469727,-4.66552734375,-0.02392578125,-69,48,-52,3.407031297683716,10.37900447845459,-5.52685546875
-102,-129,353,-18.46113395690918,-6.220703125,-1.626953125,-59,99,-39,3.148632764816284,10.230664253234863,-6.632226467132568
-164,-121,318,-18.62861442565918,-6.608300685882568,-3.4979493618011475,-49,168,-32,1.0192383527755737,9.94834041595459,-7.244726657867432
-231,-120,270,-16.42744255065918,-7.096386909484863,-4.766015529632568,-74,241,-40,-2.5169923305511475,10.053613662719727,-6.713574409484863
-295,-125,230,-13.987011909484863,-7.172949314117432,-6.120214939117432,-106,285,-30,-5.244531154632568,10.321581840515137,-5.52685546875
-341,-133,199,-12.27392578125,-6.646582126617432,-6.828418254852295,-132,314,-12,-7.20166015625,9.83349609375,-4.718163967132568
-360,-124,169,-11.398241996765137,-5.651269435882568,-6.69921875,-170,332,4,-7.742383003234863,8.905176162719727,-3.718066453933716
-358,-112,147,-11.130273818969727,-4.488476753234863,-5.871387004852295,-184,322,17,-7.469629287719727,7.948144912719727,-3.024218797683716
-387,-112,133,-11.484375,-3.7994141578674316,-5.837890625,-161,297,16,-6.689648628234863,7.460058689117432,-2.952441453933716
-394,-118,121,-11.546582221984863,-3.3065431118011475,-4.431054592132568,-160,285,12,-5.794824123382568,7.751953125,-3.4022462368011475
-395,-143,111,-11.154199600219727,-2.981152296066284,-4.053027629852295,-175,293,17,-4.699023723602295,8.125195503234863,-4.651172161102295
-416,-180,97,-11.441308975219727,-2.808886766433716,-4.277929782867432,-202,313,28,-4.081738471984863,8.747265815734863,-6.321191310882568
-433,-220,74,-12.75244140625,-2.7801759243011475,-3.89990234375,-237,329,39,-5.091406345367432,9.8095703125,-7.82373046875
-414,-248,42,-14.432031631469727,-3.483593702316284,-5.043554782867432,-290,339,70,-9.503320693969727,9.608593940734863,-7.546191692352295
-352,-243,31,-14.546875,-4.541113376617432,-6.168066501617432,-313,305,103,-14.95361328125,7.522265911102295,-5.57470703125
-309,-212,44,-8.29746150970459,-5.483788967132568,-7.732812881469727,-232,230,87,-14.752636909484863,5.584277629852295,-2.583984375
-230,-171,58,-6.416894435882568,-6.120214939117432,-6.9384765625,-125,171,58,-11.900683403015137,5.033984661102295,0.37324219942092896
-178,-124,81,-6.560449123382568,-6.493457317352295,-5.354589939117432,-101,155,37,-9.15878963470459,5.852246284484863,2.378222703933716
-175,-90,79,-6.617871284484863,-6.2685546875,-2.928515672683716,-134,150,41,-7.192090034484863,5.522070407867432,3.7515625953674316
-159,-74,68,-6.493457317352295,-5.928808689117432,-1.057519555091858,-146,142,49,-5.158398628234863,5.627343654632568,3.957324266433716
-190,-88,49,-6.402539253234863,-5.201465129852295,0.08613281697034836,-128,118,54,-3.4644532203674316,6.402539253234863,3.61279296875
-245,-113,20,-7.72802734375,-6.589160442352295,0.8086914420127869,-102,81,61,-2.4930665493011475,8.096484184265137,5.1201171875
-273,-141,-2,-8.761621475219727,-8.3740234375,1.5216797590255737,-90,34,42,-3.158203125,9.7138671875,5.71826171875
-244,-187,-17,-7.254296779632568,-9.603808403015137,1.5695313215255737,-22,-27,31,-4.005176067352295,11.115918159484863,5.809179782867432
-235,-243,-29,-6.617871284484863,-9.76171875,0.4833008050918579,12,-33,37,-3.6319336891174316,11.871973037719727,4.359277248382568
-234,-262,-78,-8.359667778015137,-11.98203182220459,-1.8040039539337158,-1,-31,83,-3.6989259719848633,12.278711318969727,2.6844727993011475
-177,-238,-149,-6.570019721984863,-12.977343559265137,-4.005176067352295,21,-33,136,-5.148828029632568,12.044238090515137,1.9140625
-98,-164,-182,-3.8472657203674316,-12.063379287719727,-9.010449409484863,50,-3,171,-5.737402439117432,12.718945503234863,0.9522461295127869
-79,-85,-208,-3.828125,-12.087305068969727,-10.230664253234863,43,25,195,-4.866504192352295,11.398241996765137,-0.32060548663139343
-70,-8,-215,-2.9955079555511475,-10.972363471984863,-9.091796875,41,58,193,-3.454882860183716,9.441113471984863,-0.775195300579071
-81,44,-213,-1.9475586414337158,-9.843066215515137,-6.168066501617432,42,85,185,-3.2012696266174316,9.02001953125,-1.55517578125
-116,66,-181,-0.6412109732627869,-8.651562690734863,-2.9620118141174316,67,105,165,-2.789746046066284,8.503222465515137,-1.5168945789337158
-143,79,-136,0.4498046934604645,-7.617969036102295,-0.7177734375,73,131,142,-1.1627930402755737,8.220898628234863,-0.7129883170127869
-135,95,-88,1.5791015625,-6.177636623382568,0.27753907442092896,84,137,111,0.44023439288139343,7.972070693969727,0.11005859822034836
-101,106,-44,2.5074219703674316,-5.38330078125,0.49287110567092896,102,168,65,0.7225586175918579,8.933886528015137,-0.9091796875
-102,114,7,3.2012696266174316,-4.325781345367432,-0.6890625357627869,100,229,33,0.40673828125,8.618066787719727,-1.69873046875
-127,152,42,3.3304688930511475,-4.239648342132568,-0.7129883170127869,143,305,-10,-0.0478515625,8.139551162719727,-1.1388672590255737
-186,-50,54,3.9190430641174316,-9.90048885345459,9.000879287719727,85,108,-8,3.5936524868011475,7.574902534484863,8.292675971984863
-43,-5,34,7.63232421875,-6.163281440734863,0.69384765625,13,70,-2,5.105762004852295,7.383496284484863,5.57470703125
5,8,39,7.84765625,-6.737500190734863,0.5550781488418579,-37,37,1,6.29248046875,7.598828315734863,0.3780273497104645
-53,-26,77,6.517383098602295,-7.397851943969727,2.65576171875,-22,2,-49,6.239843845367432,9.962695121765137,0.13398437201976776
-57,-26,94,6.24462890625,-6.799706935882568,4.789941310882568,-83,-11,-46,5.675195217132568,8.287890434265137,1.0383789539337158
-18,-41,97,4.182226657867432,-5.81396484375,5.809179782867432,-119,-10,-36,5.014843940734863,7.828516006469727,1.6891602277755737
11,-83,135,1.129296898841858,-4.59375,5.684765815734863,-141,-15,-54,3.478808641433716,6.684863567352295,2.27294921875
44,-85,210,-2.406933546066284,-3.89990234375,3.9908204078674316,-145,-15,-95,1.5647461414337158,7.641894817352295,1.799218773841858
16,-67,306,-7.531836032867432,-3.239550828933716,2.3877930641174316,-117,1,-124,0.7177734375,8.670702934265137,-0.9139648675918579
-55,-59,386,-13.876953125,-4.134375095367432,1.3015625476837158,-83,37,-124,1.5168945789337158,9.747363090515137,-4.029101848602295
-31,-66,419,-20.23164176940918,-5.900097846984863,1.84228515625,-65,99,-104,1.53125,11.6279296875,-5.699120998382568
-36,-67,399,-21.671972274780273,-5.177539348602295,-0.11484375596046448,-80,174,-64,0.22490234673023224,12.86728572845459,-6.306836128234863
-149,-49,338,-20.293848037719727,-5.0244140625,-1.8662109375,-115,243,-27,-2.4930665493011475,12.32177734375,-4.76123046875
-295,-60,278,-17.16914176940918,-6.593945503234863,-3.167773485183716,-132,282,-7,-6.48388671875,11.331250190734863,-2.2490234375
-346,-69,222,-13.876953125,-6.392968654632568,-4.966992378234863,-175,306,16,-8.962597846984863,9.579882621765137,-0.44023439288139343
-342,-78,164,-12.168652534484863,-5.660840034484863,-4.957421779632568,-233,312,52,-10.608691215515137,8.546289443969727,0.894824206829071
-336,-77,116,-11.608789443969727,-3.9525392055511475,-4.493261814117432,-247,285,84,-10.948437690734863,7.460058689117432,1.1005859375
-370,-85,95,-11.015429496765137,-3.411816358566284,-4.143945217132568,-232,250,93,-9.244921684265137,6.67529296875,0.64599609375
-392,-101,86,-11.020215034484863,-3.215625047683716,-4.086523532867432,-211,223,90,-7.565332412719727,6.593945503234863,0.06699218600988388
-372,-114,79,-11.034570693969727,-3.311328172683716,-3.316113233566284,-202,206,78,-6.191992282867432,7.077246189117432,-1.0623047351837158
-352,-138,78,-11.809765815734863,-3.0098633766174316,-2.7945313453674316,-206,203,68,-6.058007717132568,7.665820598602295,-2.2777345180511475
-357,-170,88,-12.44140625,-3.119921922683716,-2.832812547683716,-240,214,66,-6.622656345367432,8.627636909484863,-3.411816358566284
-363,-206,91,-12.517969131469727,-2.966796875,-3.1773438453674316,-285,229,74,-7.646679878234863,9.130078315734863,-4.440625190734863
-367,-238,79,-12.647168159484863,-3.4022462368011475,-4.368847846984863,-325,244,91,-9.49375057220459,8.460156440734863,-4.813867092132568
-354,-260,59,-12.46533203125,-3.268261671066284,-5.177539348602295,-363,249,113,-11.082422256469727,7.163379192352295,-3.531445264816284
-346,-266,59,-10.66611385345459,-2.2490234375,-7.7041015625,-373,221,131,-11.087206840515137,5.368945598602295,-3.0194337368011475
-330,-257,68,-10.16367244720459,-2.4595704078674316,-8.03427791595459,-320,169,119,-11.733202934265137,3.9190430641174316,-2.8280274868011475
-279,-226,100,-10.45078182220459,-3.4500977993011475,-7.938574314117432,-224,117,105,-12.690234184265137,3.2012696266174316,-1.8518555164337158
-244,-184,146,-10.364648818969727,-5.971875190734863,-6.488671779632568,-154,79,95,-12.84814453125,3.158203125,-0.660351574420929
-179,-131,169,-8.101269721984863,-7.742383003234863,-7.206445217132568,-107,62,91,-11.326464653015137,2.574414014816284,0.899609386920929
-128,-85,161,-6.254199504852295,-9.46982479095459,-4.9287109375,-79,49,89,-9.024805068969727,1.8853516578674316,2.622265577316284
-102,-49,112,-6.038867473602295,-9.579882621765137,-2.1246094703674316,-38,48,79,-6.354687690734863,2.210742235183716,3.316113233566284
-105,-21,29,-5.565136909484863,-7.708887100219727,-0.08134765923023224,-61,61,80,-3.61279296875,4.416699409484863,5.072265625
-176,-16,-51,-9.608593940734863,-6.158496379852295,2.27294921875,-89,65,76,-3.072070360183716,6.986328125,5.100976467132568
-205,-38,-92,-11.50351619720459,-5.8857421875,2.65576171875,-81,57,72,-4.28271484375,8.05820369720459,6.62744140625
-184,-70,-88,-11.84326171875,-5.541211128234863,3.3783204555511475,-77,34,45,-7.546191692352295,10.685254096984863,6.646582126617432
-158,-115,-59,-9.096582412719727,-5.6943359375,2.502636671066284,-57,8,55,-8.99609375,9.321484565734863,6.182422161102295
-138,-145,-44,-8.78076171875,-8.287890434265137,1.4977539777755737,-26,-1,62,-8.790331840515137,8.364453315734863,5.684765815734863
-158,-155,-68,-9.120508193969727,-11.388671875,-0.31103515625,35,-17,95,-6.546093940734863,8.125195503234863,4.689453125
-171,-143,-121,-6.278125286102295,-12.049023628234863,-1.727441430091858,34,-29,145,-4.947851657867432,8.986523628234863,2.65576171875
-147,-111,-172,-4.033886909484863,-12.087305068969727,-3.80419921875,3,-18,175,-3.8424806594848633,10.154101371765137,2.22509765625
-112,-77,-210,-3.459667921066284,-11.714062690734863,-5.679980754852295,47,-32,196,-3.072070360183716,11.182909965515137,1.870996117591858
