-20,9,11,-7.574902534484863,-4.464550971984863,3.1390626430511475,0,-7,20,-7.101171970367432,5.971875190734863,1.7130860090255737
-21,9,11,-7.589258193969727,-4.464550971984863,3.1773438453674316,0,-7,20,-7.120312690734863,5.971875190734863,1.693945288658142
-21,8,11,-7.565332412719727,-4.469336032867432,3.143847703933716,0,-7,20,-7.120312690734863,5.967090129852295,1.7130860090255737
-20,9,11,-7.570117473602295,-4.498046875,3.124706983566284,0,-6,20,-7.120312690734863,5.947949409484863,1.741796851158142
-20,9,11,-7.565332412719727,-4.517187595367432,3.1055665016174316,1,-7,19,-7.110742092132568,5.952734470367432,1.7561523914337158
-19,10,10,-7.565332412719727,-4.512402534484863,3.1294922828674316,1,-7,19,-7.115527629852295,5.986230373382568,1.727441430091858
-20,10,10,-7.550976753234863,-4.512402534484863,3.158203125,1,-7,19,-7.091601848602295,5.995800971984863,1.69873046875
-19,10,10,-7.541406631469727,-4.502831935882568,3.158203125,1,-7,19,-7.062890529632568,5.995800971984863,1.703515648841858
-19,10,10,-7.550976753234863,-4.498046875,3.1869142055511475,2,-8,18,-7.101171970367432,6.00537109375,1.703515648841858
-19,10,10,-7.550976753234863,-4.47412109375,3.191699266433716,1,-8,18,-7.08203125,6.010156154632568,1.7083008289337158
-19,10,10,-7.58447265625,-4.502831935882568,3.167773485183716,2,-8,19,-7.096386909484863,6.034081935882568,1.7609375715255737
-18,10,10,-7.574902534484863,-4.517187595367432,3.1629884243011475,2,-8,19,-7.048535346984863,6.010156154632568,1.7083008289337158
-19,10,10,-7.58447265625,-4.478906154632568,3.167773485183716,1,-8,18,-7.01025390625,6.014941692352295,1.6748046875
-21,9,10,-7.574902534484863,-4.416699409484863,3.172558546066284,0,-8,18,-7.015038967132568,6.05322265625,1.6604492664337158
-21,9,11,-7.594043254852295,-4.411914348602295,3.1869142055511475,0,-7,18,-7.043750286102295,6.115429878234863,1.655664086341858
-21,10,12,-7.517480850219727,-4.445410251617432,3.2012696266174316,0,-6,19,-7.0341796875,6.0771484375,1.6843750476837158
-20,10,12,-7.5126953125,-4.478906154632568,3.2491211891174316,0,-7,20,-7.048535346984863,6.062793254852295,1.693945288658142
-20,10,12,-7.517480850219727,-4.555469036102295,3.263476610183716,1,-7,19,-7.086816310882568,6.019726753234863,1.74658203125
-18,10,11,-7.517480850219727,-4.56982421875,3.239550828933716,1,-7,19,-7.053320407867432,6.00537109375,1.751367211341858
-20,9,11,-7.53662109375,-4.56982421875,3.2012696266174316,1,-7,18,-7.024609565734863,6.05322265625,1.7083008289337158
-19,10,10,-7.507910251617432,-4.52197265625,3.2251954078674316,1,-8,18,-7.0341796875,6.086719036102295,1.6891602277755737
-19,10,10,-7.53662109375,-4.502831935882568,3.244335889816284,1,-7,18,-7.024609565734863,6.139355659484863,1.6843750476837158
-20,10,11,-7.527050971984863,-4.47412109375,3.27783203125,1,-7,19,-6.995898723602295,6.110644817352295,1.679589867591858
-19,10,11,-7.53662109375,-4.478906154632568,3.27783203125,1,-7,18,-7.01025390625,6.081933498382568,1.6748046875
-19,10,11,-7.527050971984863,-4.454980373382568,3.2730469703674316,0,-7,18,-7.0341796875,6.086719036102295,1.693945288658142
-19,10,12,-7.531836032867432,-4.464550971984863,3.263476610183716,0,-6,19,-7.029394626617432,6.220703125,1.607812523841858
-19,9,11,-7.795019626617432,-4.555469036102295,3.3208985328674316,-22,8,25,-6.742285251617432,7.65625,1.765722632408142
-27,3,9,-8.44580078125,-4.23486328125,3.5218751430511475,-63,17,43,-6.182422161102295,8.718554496765137,3.1151368618011475
-70,-22,6,-9.11093807220459,-3.048144578933716,3.4261720180511475,-52,23,66,-4.459765911102295,10.173242568969727,2.569628953933716
-136,-58,7,-9.316699028015137,-2.3495118618011475,2.622265577316284,-72,46,94,-3.3974609375,10.852734565734863,1.07666015625
-180,-95,17,-9.90048885345459,-2.335156202316284,1.765722632408142,-112,96,116,-4.072167873382568,9.97705078125,-0.05263672024011612
-202,-123,32,-10.16845703125,-2.9476563930511475,1.478613257408142,-127,135,141,-4.684668064117432,9.766504287719727,-1.818359375
-191,-150,60,-10.273730278015137,-3.885546922683716,1.5408203601837158,-114,170,155,-3.574511766433716,9.747363090515137,-2.8998048305511475
-202,-193,82,-10.92929744720459,-3.9860353469848633,1.311132788658142,-100,197,153,-2.2920899391174316,10.010546684265137,-3.7132813930511475
-213,-230,82,-10.484277725219727,-5.28759765625,0.05263672024011612,-116,226,148,-2.775390625,10.273730278015137,-4.148730754852295
-175,-246,89,-9.957910537719727,-5.866601467132568,-0.95703125,-147,241,145,-3.670214891433716,11.106348037719727,-4.493261814117432
-182,-246,112,-9.21142578125,-5.995800971984863,-1.626953125,-136,218,137,-3.6989259719848633,11.068066596984863,-4.397558689117432
-192,-226,111,-8.08212947845459,-6.263769626617432,-1.8757812976837158,-109,183,125,-3.0816407203674316,10.3359375,-4.000390529632568
-161,-191,104,-7.646679878234863,-6.10107421875,-1.464257836341858,-58,156,112,-3.0816407203674316,9.70908260345459,-3.3974609375
-133,-160,116,-8.019922256469727,-5.809179782867432,-1.052734375,-18,146,93,-3.407031297683716,9.474609375,-2.70361328125
-121,-145,140,-8.27353572845459,-5.531640529632568,-0.57421875,-25,150,76,-3.61279296875,9.393261909484863,-2.1581056118011475
-131,-142,163,-8.029492378234863,-5.493359565734863,-0.5311523675918579,-14,163,70,-3.6797852516174316,8.517578125,-1.6413086652755737
-137,-143,175,-7.995996475219727,-5.809179782867432,-0.7129883170127869,-30,180,70,-3.167773485183716,7.65625,-1.488183617591858
-131,-146,180,-10.847949028015137,-7.015038967132568,-0.5694336295127869,-16,195,46,-4.191796779632568,8.23046875,-1.4690430164337158
-157,-156,167,-12.70458984375,-6.742285251617432,-0.7369140982627869,-18,228,12,-5.258886814117432,10.0966796875,-1.741796851158142
-217,-168,139,-12.84814453125,-6.790136814117432,-1.1149414777755737,-64,263,2,-6.641797065734863,11.139843940734863,-2.2490234375
-227,-174,112,-10.962793350219727,-6.814062595367432,-2.000195264816284,-112,304,25,-7.565332412719727,10.938867568969727,-2.5074219703674316
-222,-169,97,-9.46982479095459,-7.08203125,-2.56005859375,-145,304,62,-7.283008098602295,9.383691787719727,-2.521777391433716
-221,-163,69,-7.5126953125,-7.689746379852295,-1.646093726158142,-131,275,96,-6.321191310882568,9.000879287719727,-2.5791993141174316
-212,-159,14,-7.354785442352295,-9.76171875,-1.8853516578674316,-116,244,137,-5.67041015625,10.393359184265137,-2.5074219703674316
-160,-143,-57,-6.96240234375,-13.288378715515137,-0.8326172232627869,-100,215,176,-4.464550971984863,13.235742568969727,-2.713183641433716
-94,-122,-115,-3.9142580032348633,-14.37460994720459,0.08613281697034836,-70,189,231,-3.0337891578674316,14.963184356689453,-1.6413086652755737
-47,-119,-152,-0.3062500059604645,-12.398340225219727,1.31591796875,-47,146,280,-1.74658203125,14.412890434265137,-1.047949194908142
-9,-132,-178,1.358984351158142,-10.88623046875,1.65087890625,31,105,306,0.3062500059604645,11.64707088470459,-0.24882812798023224
2,-144,-184,2.3255860805511475,-8.58935546875,1.248925805091858,4,104,298,1.818359375,9.201855659484863,-0.17226563394069672
26,-137,-177,3.4644532203674316,-6.718359470367432,0.07656250149011612,6,94,276,2.909374952316284,6.440820217132568,0.03349609300494194
44,-110,-154,4.799511909484863,-4.407128810882568,-0.8182617425918579,39,76,235,3.837695360183716,5.014843940734863,0.6651367545127869
53,-70,-117,5.804394721984863,-3.4500977993011475,-1.1005859375,84,43,182,4.90478515625,4.177441596984863,1.024023413658142
44,-39,-69,6.7470703125,-2.56005859375,-1.153222680091858,117,23,130,5.679980754852295,4.09130859375,1.4690430164337158
-1,-13,-27,8.29746150970459,-2.2681641578674316,-1.717871069908142,124,30,81,6.909765720367432,4.01953125,1.1101562976837158
-40,40,1,9.359766006469727,-2.5074219703674316,-4.220508098602295,132,74,47,9.177929878234863,4.512402534484863,-1.41162109375
-54,141,17,9.168359756469727,-1.813574194908142,-4.947851657867432,143,174,13,6.900195598602295,6.00537109375,0.631640613079071
58,50,-7,7.196875095367432,-4.239648342132568,8.63242244720459,85,90,46,0.98095703125,13.675976753234863,16.633203506469727
-43,19,19,8.618066787719727,-0.9761719107627869,3.885546922683716,32,-3,53,5.938378810882568,5.545996189117432,8.7568359375
-34,-7,39,9.914843559265137,-2.885449171066284,1.311132788658142,10,-17,10,6.220703125,3.741992235183716,5.593847751617432
-36,-3,45,9.216211318969727,-3.4883790016174316,1.435546875,3,-17,-13,5.67041015625,5.866601467132568,6.273339748382568
-31,3,54,8.043848037719727,-3.7372071743011475,2.0528321266174316,-15,-27,-32,5.196679592132568,5.412011623382568,6.330761909484863
0,1,89,6.412109375,-2.5791993141174316,2.3734376430511475,-1,-57,-61,4.033886909484863,4.100879192352295,5.053124904632568
13,-9,158,4.124804973602295,-2.119824171066284,2.430859327316284,8,-59,-113,3.311328172683716,3.483593702316284,3.5697267055511475
12,-18,249,1.1867188215255737,-2.694042921066284,2.4356446266174316,43,-42,-188,2.8998048305511475,2.904589891433716,3.56494140625
35,-25,341,-2.071972608566284,-3.052929639816284,1.9762696027755737,95,-18,-268,2.32080078125,3.0337891578674316,1.9236328601837158
54,-9,439,-7.866796970367432,-4.062597751617432,1.0383789539337158,86,-3,-341,0.4019531309604645,8.32138729095459,0.13876953721046448
42,20,-493,-18.9970703125,-5.373730659484863,3.51708984375,-39,36,-387,-4.636816501617432,9.273633003234863,0.22968751192092896
-122,-17,472,-24.255956649780273,-8.39794921875,5.866601467132568,-148,84,-340,-13.29794979095459,17.34619140625,1.081445336341858
-225,-61,288,-18.01611328125,-7.144238471984863,3.0098633766174316,-298,156,-164,-11.14462947845459,11.824121475219727,0.40673828125
-190,-80,149,-13.532422065734863,-6.952832221984863,2.2442383766174316,-153,137,-35,-9.938769340515137,6.598730564117432,5.115332126617432
-129,-92,91,-10.16367244720459,-7.751953125,0.24882812798023224,29,75,8,-7.2734375,8.527148246765137,4.498046875
-129,-108,80,-9.077441215515137,-4.732519626617432,0.6220703125,10,17,15,-5.440722942352295,9.73300838470459,2.048046827316284
-249,-150,97,-8.87646484375,-3.837695360183716,-0.11484375596046448,-165,35,8,-6.215918064117432,9.800000190734863,0.17705078423023224
-314,-152,89,-8.905176162719727,-4.555469036102295,-1.17236328125,-249,44,31,-8.388379096984863,8.25439453125,-1.435546875
-264,-119,79,-8.173047065734863,-5.091406345367432,-1.344628930091858,-242,27,58,-8.048632621765137,6.53173828125,-2.3638672828674316
-191,-79,90,-8.20654296875,-5.110547065734863,-1.105371117591858,-159,10,83,-8.307031631469727,6.493457317352295,-2.8663086891174316
-157,-46,119,-7.062890529632568,-5.593847751617432,-0.46416017413139343,-158,31,86,-7.139453411102295,7.024609565734863,-3.22998046875
-116,-41,136,-7.905078411102295,-6.72314453125,-0.1435546875,-185,59,85,-8.407519340515137,7.359570503234863,-3.837695360183716
-128,-58,162,-9.46982479095459,-7.622754096984863,0.09091796725988388,-188,93,93,-9.560742378234863,7.316504001617432,-3.6319336891174316
-186,-82,159,-9.273633003234863,-7.555761814117432,0.0,-186,121,121,-8.72812557220459,6.225488185882568,-3.4166016578674316
-210,-98,121,-9.59423828125,-7.48876953125,-0.799121081829071,-184,140,132,-8.479296684265137,5.876172065734863,-3.292187452316284
-217,-105,82,-9.029589653015137,-6.2685546875,-0.5933594107627869,-209,157,117,-7.72802734375,5.943164348602295,-3.8807618618011475
-223,-116,69,-9.058300971984863,-5.660840034484863,-0.16269531846046448,-250,167,92,-8.053418159484863,6.225488185882568,-4.866504192352295
-230,-126,73,-8.737695693969727,-5.124902248382568,-0.13876953721046448,-258,156,74,-8.785547256469727,6.617871284484863,-5.172753810882568
-235,-120,85,-7.431347846984863,-4.789941310882568,0.13398437201976776,-240,131,74,-8.708984375,6.397754192352295,-5.603417873382568
-199,-108,99,-7.306933879852295,-5.636914253234863,0.4833008050918579,-212,117,72,-8.833398818969727,7.455273628234863,-4.813867092132568
-163,-100,102,-7.732812881469727,-5.397656440734863,0.9091796875,-193,118,85,-8.03427791595459,7.072461128234863,-4.464550971984863
-181,-108,96,-8.58935546875,-5.230175971984863,0.4258789122104645,-150,127,106,-7.460058689117432,7.01025390625,-3.6845703125
-209,-117,86,-8.326171875,-5.8857421875,-0.3301757872104645,-149,145,115,-6.7470703125,7.818945407867432,-3.7037110328674316
-208,-111,76,-7.862011909484863,-6.708789348602295,-0.26318359375,-150,157,127,-6.790136814117432,8.139551162719727,-3.4022462368011475
-198,-110,43,-7.9912109375,-7.517480850219727,1.1340820789337158,-129,164,153,-6.67529296875,9.991406440734863,-2.7275390625
-243,-137,-22,-8.48886775970459,-10.18759822845459,1.50732421875,-129,165,205,-7.675390720367432,11.991601943969727,-0.8900390863418579
-168,-150,-112,-8.03427791595459,-15.326855659484863,1.679589867591858,-92,141,278,-8.622851371765137,14.642578125,-0.34931641817092896
-115,-161,-167,-4.7373046875,-15.326855659484863,2.27294921875,-75,107,330,-7.48876953125,15.389062881469727,1.0383789539337158
-100,-163,-217,-1.69873046875,-13.594629287719727,-0.12919922173023224,-57,71,364,-5.043554782867432,13.125683784484863,1.4020508527755737
-58,-139,-257,-0.6268554925918579,-10.699609756469727,-2.067187547683716,-43,40,366,-2.6509766578674316,9.5703125,1.1340820789337158
-24,-98,-258,-0.05263672024011612,-8.27353572845459,-3.4405274391174316,-16,28,327,-0.15312500298023224,6.383398532867432,0.612500011920929
-4,-60,-220,1.741796851158142,-5.900097846984863,-3.37353515625,14,19,260,2.2203125953674316,4.775586128234863,0.45458984375
0,-17,-169,3.718066453933716,-3.2969727516174316,-3.0146484375,47,11,180,4.349707126617432,4.024316310882568,0.8661133050918579
-15,45,-122,5.378515720367432,-2.215527296066284,-4.110449314117432,70,21,119,6.311621189117432,3.459667921066284,-0.26318359375
-39,134,-78,6.297265529632568,-2.138964891433716,-5.9814453125,127,108,80,8.388379096984863,3.550585985183716,-4.3544921875
-17,105,-76,-4.397558689117432,-11.07763671875,23.480762481689453,138,152,72,-3.6175782680511475,12.623242378234863,16.384374618530273
-38,5,-11,7.330859661102295,-0.775195300579071,6.311621189117432,59,3,81,5.254101753234863,6.096289157867432,11.517870903015137
-1,-13,18,7.311718940734863,-4.320996284484863,4.47412109375,51,-18,41,8.340527534484863,2.2538087368011475,3.646289110183716
29,-8,19,8.84775447845459,-3.191699266433716,2.048046827316284,-13,13,19,7.192090034484863,2.048046827316284,3.5218751430511475
38,6,33,7.053320407867432,-3.5840821266174316,3.502734422683716,13,8,-3,5.153613567352295,2.258593797683716,3.6415040493011475
46,-1,83,5.4072265625,-2.1341798305511475,4.244433879852295,39,5,-51,3.9381837844848633,1.45947265625,3.7037110328674316
8,-7,172,4.244433879852295,-0.799121081829071,3.598437547683716,45,-14,-152,3.0146484375,1.0383789539337158,3.85205078125
20,0,276,2.383007764816284,-1.225000023841858,2.808886766433716,76,-21,-273,1.5216797590255737,2.7706055641174316,3.2060546875
50,30,380,-0.32539063692092896,-1.0670899152755737,0.5455078482627869,67,9,-379,-1.02880859375,4.900000095367432,4.344922065734863
22,76,488,-6.981543064117432,-1.60302734375,1.2297852039337158,126,-19,-448,-6.814062595367432,9.058300971984863,3.4261720180511475
-5,58,-489,-20.059375762939453,-11.666211128234863,5.799609661102295,38,-43,-451,-16.72412109375,15.06845760345459,1.8662109375
177,63,371,-20.131153106689453,-12.092089653015137,4.584179878234863,-66,-24,-277,-12.77158260345459,16.518360137939453,1.201074242591858
-102,50,184,-15.685742378234863,-1.6652344465255737,4.397558689117432,-20,35,-62,-7.713672161102295,12.766797065734863,6.153710842132568
-327,-33,161,-14.455957412719727,-9.06308650970459,0.0047851563431322575,-22,31,4,-5.014843940734863,13.498926162719727,4.01953125
-290,-88,146,-9.25927734375,-10.0966796875,-1.8375000953674316,-62,49,17,-3.3448243141174316,10.42685604095459,1.502539038658142
-221,-100,125,-8.914746284484863,-6.258984565734863,-1.50732421875,-152,92,28,-5.09619140625,9.364550590515137,0.2918945252895355
-273,-111,98,-10.88144588470459,-4.01953125,-0.8900390863418579,-230,114,50,-8.067773818969727,9.412402153015137,-1.1388672590255737
-335,-126,95,-10.613476753234863,-4.225293159484863,-1.693945288658142,-285,131,81,-9.64208984375,6.952832221984863,-3.9716796875
-264,-97,80,-8.474512100219727,-4.813867092132568,-2.36865234375,-276,124,88,-9.25449275970459,5.033984661102295,-5.19189453125
-179,-57,96,-6.919335842132568,-4.756445407867432,-1.406835913658142,-225,96,73,-9.264062881469727,5.182324409484863,-5.952734470367432
-149,-32,132,-6.670507907867432,-4.909570217132568,0.4115234315395355,-219,81,62,-7.91943359375,5.488574504852295,-5.555566310882568
-136,-25,138,-8.077343940734863,-4.71337890625,0.83740234375,-210,82,65,-7.885937690734863,5.3115234375,-4.95263671875
-149,-27,136,-10.029687881469727,-5.416797161102295,1.1005859375,-200,86,66,-8.187402725219727,5.761328220367432,-3.7946290969848633
-185,-40,131,-10.64697265625,-5.746972560882568,1.3876953125,-175,84,67,-7.546191692352295,5.890527248382568,-2.7466797828674316
-217,-50,99,-9.56552791595459,-5.7421875,1.6748046875,-145,75,70,-6.852344036102295,6.139355659484863,-2.1246094703674316
-216,-64,63,-8.70419979095459,-5.617773532867432,1.4929687976837158,-156,80,72,-7.326074123382568,7.077246189117432,-2.12939453125
-208,-85,49,-9.010449409484863,-5.14404296875,1.095800757408142,-200,98,74,-9.11093807220459,7.24951171875,-2.4356446266174316
-220,-108,66,-10.508203506469727,-5.5986328125,0.727343738079071,-179,104,92,-11.202051162719727,7.278222560882568,-2.598339796066284
-246,-126,71,-9.474609375,-5.187109470367432,0.535937488079071,-189,131,109,-9.383691787719727,6.144140720367432,-2.7706055641174316
-224,-128,44,-8.976953506469727,-4.804296970367432,0.20576171576976776,-154,153,135,-7.637109756469727,4.7373046875,-2.933300733566284
-197,-129,25,-9.11572265625,-4.316211223602295,-0.08613281697034836,-152,168,107,-6.617871284484863,4.61767578125,-3.3017578125
-188,-136,40,-8.909960746765137,-4.029101848602295,-0.01435546949505806,-187,172,54,-6.69921875,4.966992378234863,-4.612890720367432
-189,-142,78,-8.043848037719727,-4.239648342132568,-0.12919922173023224,-222,177,20,-7.68017578125,5.354589939117432,-4.876074314117432
-219,-143,121,-8.163476943969727,-4.459765911102295,-0.3301757872104645,-211,155,20,-9.1396484375,6.617871284484863,-4.727734565734863
-225,-128,152,-6.43603515625,-5.689550876617432,-0.7464843988418579,-178,134,50,-8.7568359375,6.29248046875,-3.828125
-162,-107,151,-7.05810546875,-8.029492378234863,0.2823242247104645,-138,121,73,-8.89560604095459,8.4697265625,-2.861523389816284
-180,-110,101,-8.460156440734863,-8.627636909484863,1.8279297351837158,-122,119,108,-7.522265911102295,8.766406059265137,-2.4356446266174316
-216,-118,1,-7.48876953125,-12.43662166595459,2.3447265625,-103,117,168,-6.550879001617432,11.881543159484863,-1.8757812976837158
-184,-123,-121,-5.81396484375,-15.484766006469727,3.359179735183716,-111,117,242,-6.311621189117432,14.27890682220459,-1.823144555091858
-109,-115,-200,-2.8998048305511475,-15.45127010345459,3.1103515625,-77,99,318,-5.689550876617432,15.609180450439453,-1.033593773841858
-72,-117,-248,-0.669921875,-12.910351753234863,2.450000047683716,-92,85,374,-4.148730754852295,13.77646541595459,-0.3780273497104645
-36,-93,-269,0.07656250149011612,-10.230664253234863,0.03828125074505806,-77,45,386,-3.196484327316284,9.957910537719727,-0.5263671875
3,-60,-249,0.64599609375,-7.65625,-1.45947265625,-28,17,346,-1.7322266101837158,7.235156536102295,-0.32539063692092896
-14,-32,-204,1.9092774391174316,-6.062793254852295,-1.8997070789337158,20,-2,276,0.540722668170929,5.880957126617432,0.971386730670929
-10,-1,-150,3.7946290969848633,-4.124804973602295,-2.354296922683716,74,-3,193,2.952441453933716,5.081836223602295,1.89013671875
-27,26,-96,5.589062690734863,-2.8758790493011475,-2.071972608566284,74,6,121,4.852148532867432,4.301855564117432,3.56494140625
-34,74,-68,7.460058689117432,-2.717968702316284,-4.598535060882568,78,40,76,7.838086128234863,3.191699266433716,0.57421875
-28,168,-57,6.656152248382568,-3.119921922683716,-3.196484327316284,121,161,39,6.885839939117432,3.61279296875,2.330371141433716
-4,-3,-43,7.589258193969727,-2.08154296875,5.28759765625,69,55,72,4.454980373382568,9.292773246765137,14.27890682220459
-21,-13,4,7.976855754852295,-3.3304688930511475,3.861621141433716,37,16,38,7.684961318969727,1.502539038658142,6.134570598602295
19,-16,23,8.862109184265137,-1.5647461414337158,2.6318359375,2,20,9,6.780566692352295,2.119824171066284,4.40234375
20,-19,61,6.871484279632568,-2.12939453125,3.029003858566284,28,22,-10,5.9814453125,2.359081983566284,4.038671970367432
47,-35,131,3.923828125,-1.244140625,4.230078220367432,63,23,-44,4.766015529632568,1.129296898841858,3.6750001907348633
62,-50,232,1.813574194908142,-0.971386730670929,3.8329102993011475,92,7,-114,2.8041017055511475,0.751269519329071,3.4644532203674316
78,-36,354,-0.6651367545127869,-1.89013671875,2.784960985183716,115,-12,-221,1.6125977039337158,1.918847680091858,2.5887696743011475
42,0,468,-4.986133098602295,-3.66064453125,1.7322266101837158,125,-22,-325,-0.512011706829071,6.536523342132568,1.311132788658142
25,44,494,-12.2978515625,-8.938672065734863,3.363964796066284,54,-5,-378,-3.430957078933716,10.45556640625,-1.177148461341858
34,59,454,-19.949316024780273,-8.986523628234863,5.632129192352295,83,22,-374,-8.675488471984863,12.637598037719727,0.93310546875
-9,42,292,-16.910741806030273,-10.54648494720459,4.517187595367432,33,-4,-251,-8.747265815734863,20.021093368530273,-1.2584961652755737
-122,5,160,-13.025195121765137,-6.546093940734863,3.5888671875,-124,40,-116,-5.148828029632568,15.71445369720459,-0.2583984434604645
-235,-56,142,-10.16845703125,-7.804590225219727,1.98583984375,-155,75,-28,-4.292285442352295,12.407910346984863,1.8614258766174316
-272,-96,142,-9.823925971984863,-7.91943359375,0.42109376192092896,-148,87,19,-6.876269817352295,11.9150390625,1.12451171875
-228,-99,111,-8.17783260345459,-7.182519435882568,0.07177734375,-167,88,58,-6.550879001617432,9.130078315734863,0.756054699420929
-231,-112,88,-9.45068359375,-5.809179782867432,0.19619141519069672,-137,89,83,-7.483984470367432,7.407422065734863,-0.03828125074505806
-218,-95,59,-9.479394912719727,-5.761328220367432,-0.5933594107627869,-141,100,75,-7.340429782867432,8.05820369720459,-0.49287110567092896
-185,-74,33,-8.2783203125,-4.986133098602295,-0.0478515625,-175,107,75,-6.34033203125,6.335546970367432,-1.703515648841858
-150,-71,32,-8.484082221984863,-4.689453125,-0.12441406399011612,-194,119,62,-6.330761909484863,5.603417873382568,-2.574414014816284
-139,-73,61,-9.512890815734863,-4.5458984375,0.44501954317092896,-191,121,40,-6.593945503234863,6.072363376617432,-3.0194337368011475
-168,-90,99,-9.747363090515137,-3.8759765625,0.6890625357627869,-207,124,22,-7.08203125,6.948047161102295,-3.502734422683716
-207,-117,121,-9.35019588470459,-3.9046876430511475,0.09091796725988388,-213,134,42,-7.168164253234863,6.560449123382568,-3.6845703125
-198,-149,137,-9.97226619720459,-4.167870998382568,-0.5072265863418579,-199,144,74,-7.431347846984863,6.273339748382568,-3.63671875
-208,-180,166,-11.680566787719727,-4.421484470367432,-1.081445336341858,-191,147,88,-8.99130916595459,7.278222560882568,-3.732421875
-264,-188,195,-10.733105659484863,-4.445410251617432,-2.4356446266174316,-192,138,96,-8.91953182220459,6.48388671875,-4.612890720367432
-274,-156,211,-10.398144721984863,-6.000586032867432,-2.617480516433716,-194,128,79,-9.742578506469727,7.311718940734863,-4.421484470367432
-214,-102,200,-9.23056697845459,-6.426465034484863,-1.6891602277755737,-173,115,73,-8.508008003234863,7.024609565734863,-4.3544921875
-150,-57,153,-8.1826171875,-5.689550876617432,-0.612500011920929,-146,112,82,-7.431347846984863,6.373828411102295,-3.4931640625
-127,-41,112,-8.091699600219727,-5.392871379852295,-0.8182617425918579,-127,113,85,-7.101171970367432,6.297265529632568,-2.885449171066284
-165,-42,116,-8.771191596984863,-6.134570598602295,-0.9666016101837158,-119,121,74,-7.302148342132568,6.383398532867432,-2.7466797828674316
-201,-47,128,-8.283105850219727,-6.775781154632568,-0.39238283038139343,-112,128,62,-6.29248046875,6.072363376617432,-2.2298829555511475
-213,-40,105,-7.254296779632568,-6.904980659484863,0.01914062537252903,-101,129,64,-5.402441501617432,5.842675685882568,-1.8662109375
-192,-34,66,-8.53671932220459,-8.23046875,1.454687476158142,-110,138,52,-6.632226467132568,6.986328125,-1.799218773841858
-207,-52,32,-10.173242568969727,-9.08701229095459,2.27294921875,-150,162,45,-8.72812557220459,9.393261909484863,-2.162890672683716
-204,-73,-31,-9.981836318969727,-11.804980278015137,3.5362305641174316,-181,169,79,-10.532129287719727,11.33603572845459,-1.296777367591858
-158,-79,-119,-6.804492473602295,-13.317090034484863,4.225293159484863,-173,136,160,-9.56552791595459,11.063281059265137,0.08134765923023224
-78,-82,-209,-4.794726848602295,-13.312304496765137,3.94775390625,-126,102,247,-8.20654296875,11.996386528015137,0.4258789122104645
-53,-99,-254,-3.8185548782348633,-11.307324409484863,3.18212890625,-118,89,304,-6.584374904632568,11.55615234375,0.20097656548023224
-50,-102,-266,-3.029003858566284,-10.350293159484863,1.9140625,-114,71,323,-3.9046876430511475,11.809765815734863,-0.22011719644069672
-35,-94,-256,-1.095800757408142,-8.60849666595459,1.2824219465255737,-58,50,335,-1.9092774391174316,9.45068359375,-0.03828125074505806
-5,-81,-219,1.488183617591858,-6.876269817352295,0.31103515625,-42,46,307,-0.18183593451976776,7.507910251617432,0.851757824420929
14,-65,-178,3.2586915493011475,-5.220605373382568,0.756054699420929,-13,30,271,1.2537109851837158,4.866504192352295,2.2490234375
19,-41,-134,4.895215034484863,-3.6797852516174316,0.11484375596046448,28,5,222,3.2251954078674316,3.526660203933716,3.1151368618011475
3,-21,-88,6.43603515625,-2.5552735328674316,0.4498046934604645,80,-12,160,4.699023723602295,3.42138671875,4.158300876617432
11,-5,-46,7.795019626617432,-2.0049805641174316,1.071874976158142,93,-21,107,5.818749904632568,3.32568359375,4.407128810882568
-20,-1,-16,8.58457088470459,-1.9236328601837158,0.08613281697034836,83,-16,61,7.378711223602295,3.1151368618011475,3.268261671066284
-7,73,-6,9.508105278015137,-2.330371141433716,-6.378613471984863,119,71,35,10.31201171875,3.18212890625,-2.694042921066284
24,96,-40,2.5887696743011475,-9.359766006469727,14.728711128234863,75,129,50,-0.703417956829071,12.4892578125,16.422657012939453
0,19,5,8.383593559265137,1.000097632408142,6.450390815734863,39,0,63,6.43603515625,5.967090129852295,9.37412166595459
-25,-22,56,7.751953125,-2.2920899391174316,4.392773628234863,35,-14,27,7.46484375,1.5934571027755737,4.009961128234863
21,-29,88,6.981543064117432,-2.0528321266174316,2.952441453933716,38,-13,-16,6.024511814117432,1.7561523914337158,3.99560546875
77,-31,147,4.048242092132568,-1.9140625,4.560254096984863,63,-13,-63,4.340137004852295,2.17724609375,3.459667921066284
-13,-55,235,1.311132788658142,-2.1724610328674316,4.947851657867432,69,-18,-135,2.808886766433716,2.497851610183716,3.263476610183716
8,-85,328,-1.2058594226837158,-4.292285442352295,3.933398485183716,81,-41,-220,1.406835913658142,4.292285442352295,1.335058569908142
56,-67,404,-5.258886814117432,-6.134570598602295,2.32080078125,97,-37,-307,0.05742187798023224,7.58447265625,-0.16269531846046448
89,-12,463,-10.728320121765137,-7.254296779632568,2.162890672683716,-28,-2,-362,-0.6507812738418579,9.938769340515137,-0.6029297113418579
83,21,450,-16.791112899780273,-8.790331840515137,4.172656536102295,-25,70,-369,-6.981543064117432,12.259570121765137,1.990625023841858
-5,2,370,-18.54248046875,-8.99130916595459,5.359375,-100,97,-258,-7.862011909484863,17.374902725219727,0.540722668170929
-162,-37,249,-15.441699981689453,-7.220800876617432,3.478808641433716,-158,103,-141,-7.05810546875,13.642480850219727,2.837597608566284
-251,-85,181,-11.924609184265137,-7.699316501617432,1.358984351158142,-72,80,-29,-5.608203411102295,10.154101371765137,3.8903322219848633
-247,-106,143,-10.388574600219727,-7.675390720367432,-0.009570312686264515,-61,68,18,-6.211133003234863,10.91015625,2.08154296875
-206,-103,118,-8.933886528015137,-6.680078029632568,0.12441406399011612,-126,52,42,-7.043750286102295,10.07275390625,0.516796886920929
-205,-111,113,-8.216113090515137,-5.938378810882568,-0.32539063692092896,-132,55,84,-7.503125190734863,7.890722751617432,-0.4306640625
-177,-91,100,-10.178027153015137,-6.31640625,-0.9426758289337158,-116,62,101,-9.479394912719727,9.101366996765137,-1.3494141101837158
-165,-56,82,-9.06308650970459,-5.612988471984863,-0.3349609375,-149,74,110,-8.58457088470459,8.60849666595459,-2.330371141433716
-149,-41,57,-8.187402725219727,-5.091406345367432,0.15791015326976776,-185,105,130,-7.421777725219727,6.311621189117432,-3.215625047683716
-136,-39,46,-8.378808975219727,-4.679883003234863,0.588574230670929,-207,144,113,-6.335546970367432,6.000586032867432,-3.5218751430511475
-159,-56,70,-9.106152534484863,-4.014746189117432,0.9187500476837158,-235,167,78,-6.249413967132568,6.718359470367432,-3.7754883766174316
-224,-88,106,-9.264062881469727,-3.9142580032348633,1.0048828125,-240,176,62,-6.392968654632568,6.593945503234863,-4.153515815734863
-251,-128,139,-10.111035346984863,-4.632031440734863,0.3828125,-256,178,59,-7.541406631469727,7.062890529632568,-4.048242092132568
-230,-156,159,-10.9580078125,-5.67041015625,-0.15791015326976776,-257,177,69,-8.53671932220459,6.986328125,-3.909472703933716
-250,-180,181,-11.57529354095459,-5.904882907867432,-1.0383789539337158,-229,153,91,-9.37890625,6.943261623382568,-3.6989259719848633
-277,-182,179,-9.584668159484863,-6.072363376617432,-2.0289063453674316,-186,124,113,-9.010449409484863,6.0771484375,-4.024316310882568
-243,-148,158,-8.17783260345459,-6.464745998382568,-2.4452149868011475,-133,104,106,-9.436327934265137,7.177734375,-3.923828125
-174,-94,134,-7.239941596984863,-6.474316596984863,-1.4499024152755737,-130,106,100,-8.12998104095459,7.259082317352295,-3.89990234375
-139,-59,98,-7.541406631469727,-5.52685546875,-0.803906261920929,-103,109,108,-7.665820598602295,6.732715129852295,-3.100781202316284
-145,-44,81,-7.87158203125,-5.880957126617432,-0.827832043170929,-86,115,108,-7.493555068969727,7.641894817352295,-2.359081983566284
-158,-39,79,-7.44091796875,-6.297265529632568,-0.10527344048023224,-93,123,110,-6.62744140625,7.134667873382568,-1.89013671875
-170,-40,69,-6.928906440734863,-6.694433689117432,0.59814453125,-84,140,124,-6.029296875,6.9384765625,-1.536035180091858
-191,-53,58,-9.125292778015137,-8.771191596984863,1.239355444908142,-115,173,103,-7.866796970367432,8.603711128234863,-2.0049805641174316
-159,-71,34,-9.68515682220459,-9.838281631469727,1.8662109375,-141,197,87,-8.44101619720459,9.70908260345459,-1.550390601158142
-191,-95,-7,-8.173047065734863,-9.177929878234863,1.89013671875,-144,204,100,-8.08212947845459,8.622851371765137,-1.344628930091858
-168,-109,-57,-6.115429878234863,-9.747363090515137,1.2584961652755737,-124,194,123,-6.67529296875,7.876367568969727,-0.851757824420929
-133,-114,-102,-4.320996284484863,-11.45566463470459,1.009667992591858,-118,193,153,-5.7900390625,8.3740234375,0.05742187798023224
-74,-111,-146,-3.9142580032348633,-12.900781631469727,1.4211914539337158,-91,176,185,-5.177539348602295,11.374316215515137,0.851757824420929
-83,-112,-194,-1.7561523914337158,-13.149609565734863,2.138964891433716,-93,135,236,-4.6416015625,13.235742568969727,3.3304688930511475
-46,-99,-224,-0.2392578125,-12.144726753234863,0.9857422113418579,-90,41,283,-2.94287109375,13.61376953125,4.344922065734863
-16,-88,-234,0.9857422113418579,-10.09189510345459,1.3876953125,-37,-11,300,-0.827832043170929,11.613574028015137,3.3783204555511475
7,-74,-225,2.258593797683716,-7.149023532867432,1.057519555091858,-52,-27,281,0.9666016101837158,8.82382869720459,1.8040039539337158
5,-55,-197,3.603222608566284,-4.632031440734863,0.4354492127895355,-47,-35,243,2.5074219703674316,5.483788967132568,1.201074242591858
-24,-32,-148,4.655957221984863,-3.5123047828674316,-0.07177734375,-40,-35,181,4.057812690734863,3.287402391433716,0.21533203125
-37,0,-97,5.612988471984863,-2.7083985805511475,-0.4498046934604645,3,-37,121,5.995800971984863,2.048046827316284,-0.36845704913139343
-54,48,-60,6.991113185882568,-2.9237306118011475,-2.79931640625,39,-5,75,8.60849666595459,0.851757824420929,-2.880664110183716
-39,153,-32,7.043750286102295,-2.966796875,-4.981347560882568,103,117,36,9.30712890625,2.1724610328674316,-3.8568360805511475
24,95,-51,4.766015529632568,-10.18759822845459,16.88203239440918,98,117,61,0.69384765625,10.201952934265137,17.652441024780273
10,10,6,7.244726657867432,0.4498046934604645,7.790234565734863,50,-5,76,7.981640815734863,4.172656536102295,9.06787109375
14,-27,48,8.05820369720459,-2.9380860328674316,4.100879192352295,52,-3,40,8.220898628234863,1.3063477277755737,4.627246379852295
20,-28,65,8.517578125,-1.6652344465255737,2.0049805641174316,52,10,17,7.230370998382568,2.2538087368011475,4.818652629852295
26,-33,90,6.306836128234863,-3.2347657680511475,3.63671875,54,11,0,6.081933498382568,3.3926758766174316,4.086523532867432
57,-48,141,3.7515625953674316,-1.9475586414337158,3.75634765625,49,17,-41,4.445410251617432,2.186816453933716,3.411816358566284
80,-45,230,1.6652344465255737,-1.3494141101837158,3.550585985183716,66,-9,-115,3.5888671875,1.2537109851837158,2.5409181118011475
88,-11,348,-1.0048828125,-1.6843750476837158,2.928515672683716,117,-11,-221,2.3495118618011475,2.8423829078674316,1.8805664777755737
-55,9,459,-5.928808689117432,-4.416699409484863,2.201171875,173,-15,-297,-0.23447266221046448,5.837890625,1.047949194908142
43,22,-489,-12.25,-6.995898723602295,2.08154296875,44,-16,-377,-2.191601514816284,8.354883193969727,-0.29667970538139343
205,91,473,-21.54755973815918,-11.12548828125,6.2685546875,-93,11,-444,-10.07275390625,10.85752010345459,1.6843750476837158
82,87,285,-17.963476181030273,-5.632129192352295,7.182519435882568,-188,48,-347,-13.97265625,17.135644912719727,0.4354492127895355
-179,18,152,-14.537304878234863,-1.93798828125,5.321094036102295,-148,116,-145,-11.584863662719727,7.780664443969727,4.177441596984863
-306,-73,138,-14.345898628234863,-7.278222560882568,1.990625023841858,47,84,-48,-10.14453125,11.16855525970459,5.349804878234863
-308,-138,158,-9.3310546875,-8.163476943969727,0.2392578125,44,35,0,-4.699023723602295,12.48447322845459,3.5458009243011475
-259,-156,148,-8.68027400970459,-6.235058784484863,-0.3062500059604645,-149,44,23,-6.0771484375,12.001172065734863,1.33984375
-326,-193,153,-9.92919921875,-5.713476657867432,-2.2538087368011475,-253,81,68,-8.886034965515137,10.35507869720459,0.3828125
-336,-151,106,-9.584668159484863,-4.880859375,-2.215527296066284,-298,84,110,-8.627636909484863,8.670702934265137,-2.330371141433716
-210,-75,55,-9.096582412719727,-4.756445407867432,-2.1581056118011475,-334,56,140,-8.263964653015137,8.244824409484863,-5.316308498382568
-111,-32,59,-8.5654296875,-4.555469036102295,-1.870996117591858,-330,95,104,-7.503125190734863,7.7998046875,-6.522168159484863
-143,-21,107,-8.019922256469727,-4.153515815734863,-0.4115234315395355,-314,118,102,-7.278222560882568,8.51279354095459,-6.125
-182,-51,159,-8.546289443969727,-5.684765815734863,0.8661133050918579,-297,124,110,-8.05820369720459,8.311816215515137,-5.196679592132568
-196,-89,178,-9.6181640625,-6.67529296875,0.44501954317092896,-274,114,124,-8.73291015625,8.03427791595459,-4.679883003234863
-224,-126,184,-11.005859375,-7.053320407867432,0.30146485567092896,-268,109,136,-9.6181640625,8.053418159484863,-4.751660346984863
-258,-143,165,-10.445996284484863,-7.287793159484863,-0.5455078482627869,-210,94,153,-9.23056697845459,7.283008098602295,-4.9287109375
-254,-133,132,-8.450586318969727,-6.96240234375,-1.119726538658142,-155,84,151,-8.364453315734863,7.24951171875,-4.670312404632568
-198,-103,96,-7.306933879852295,-6.680078029632568,-0.6507812738418579,-97,82,137,-7.4169921875,7.555761814117432,-3.8951172828674316
-169,-79,63,-7.292578220367432,-5.445508003234863,-0.2823242247104645,-77,92,133,-6.775781154632568,7.589258193969727,-3.363964796066284
-193,-71,44,-7.53662109375,-5.565136909484863,-0.1435546875,-83,103,129,-7.048535346984863,7.4169921875,-2.617480516433716
-190,-65,36,-7.05810546875,-6.412109375,-0.26318359375,-88,110,126,-6.464745998382568,8.39316463470459,-1.8853516578674316
-181,-66,28,-7.694531440734863,-7.550976753234863,0.7129883170127869,-70,136,137,-7.182519435882568,8.292675971984863,-1.6173828840255737
-165,-86,23,-8.785547256469727,-9.479394912719727,1.5647461414337158,-120,189,106,-7.306933879852295,10.173242568969727,-1.1149414777755737
-198,-111,0,-7.192090034484863,-10.656542778015137,1.717871069908142,-127,211,121,-7.498340129852295,10.273730278015137,-1.000097632408142
-149,-123,-55,-4.28271484375,-12.522753715515137,1.655664086341858,-137,213,143,-6.57958984375,10.134961128234863,0.20097656548023224
-97,-132,-121,-3.37353515625,-12.738085746765137,2.354296922683716,-109,191,192,-5.636914253234863,10.69482421875,0.9618164300918579
-52,-142,-176,-3.143847703933716,-13.58984375,2.48828125,-97,164,237,-4.799511909484863,12.541894912719727,1.9571290016174316
-33,-165,-203,-1.6173828840255737,-12.326562881469727,2.3255860805511475,-82,114,285,-3.46923828125,13.56113338470459,3.4453125
-6,-164,-211,0.11005859822034836,-10.795312881469727,1.2106446027755737,-68,37,318,-2.10546875,12.5849609375,3.4405274391174316
14,-145,-205,2.071972608566284,-8.68027400970459,0.27753907442092896,-28,-10,335,-0.19140625,9.919629096984863,2.191601514816284
51,-118,-187,3.387890577316284,-6.737500190734863,-0.98095703125,-23,-13,310,1.813574194908142,6.96240234375,1.119726538658142
41,-82,-151,4.59375,-4.498046875,-0.8661133050918579,0,-15,255,3.502734422683716,4.273144721984863,0.684277355670929
27,-43,-119,5.5986328125,-2.4212892055511475,-1.5934571027755737,17,-23,188,4.670312404632568,3.2586915493011475,0.684277355670929
-8,-1,-75,6.656152248382568,-1.583886742591858,-2.1485352516174316,62,-30,113,6.302051067352295,2.3495118618011475,-0.5311523675918579
-38,71,-49,7.574902534484863,-2.311230421066284,-5.474218845367432,115,36,58,9.51767635345459,1.813574194908142,-4.37841796875
-52,182,-35,4.167870998382568,-2.6366212368011475,9.656445503234863,146,167,9,7.7041015625,0.8182617425918579,-2.737109422683716
8,28,-31,7.412207126617432,0.899609386920929,8.35009765625,42,5,65,5.091406345367432,8.517578125,13.479784965515137
-29,16,11,7.426562786102295,-1.751367211341858,5.95751953125,19,-18,39,9.08701229095459,0.9378906488418579,5.6943359375
-25,1,37,9.656445503234863,-1.0048828125,3.029003858566284,0,-9,10,8.005566596984863,1.272851586341858,4.42626953125
-25,2,50,7.684961318969727,-2.5313477516174316,4.048242092132568,17,7,-5,7.268652439117432,2.1533203125,4.608105659484863
5,-21,84,4.947851657867432,-1.7370117902755737,4.01953125,27,5,-26,5.689550876617432,1.1340820789337158,4.301855564117432
42,-49,155,3.4166016578674316,-0.8661133050918579,3.718066453933716,46,0,-81,5.254101753234863,0.19619141519069672,2.258593797683716
-1,-71,256,0.55029296875,-1.454687476158142,3.095996141433716,82,3,-147,5.967090129852295,2.36865234375,1.2106446027755737
-25,-92,346,-2.430859327316284,-6.349902629852295,0.22968751192092896,59,69,-184,5.847461223602295,6.656152248382568,2.2777345180511475
-11,-87,399,-6.493457317352295,-9.197070121765137,-0.9666016101837158,62,105,-184,4.818652629852295,7.311718940734863,2.426074266433716
79,-64,441,-9.704297065734863,-9.460253715515137,0.7369140982627869,37,153,-189,1.8327149152755737,10.814453125,1.55517578125
45,-44,462,-15.398633003234863,-10.613476753234863,2.775390625,19,179,-178,-1.22021484375,11.068066596984863,2.981152296066284
-37,-47,391,-18.202733993530273,-12.072949409484863,3.005078077316284,-32,174,-139,-3.32568359375,12.919921875,2.545703172683716
-94,-41,250,-14.42724609375,-8.402734756469727,1.583886742591858,-47,162,-91,-3.46923828125,9.957910537719727,3.383105516433716
-196,-68,162,-12.14951229095459,-7.909863471984863,-0.6412109732627869,-30,137,-60,-3.25390625,10.436426162719727,2.521777391433716
-266,-106,122,-10.1923828125,-8.048632621765137,-2.952441453933716,-67,133,-40,-4.0673828125,11.565722465515137,2.1820313930511475
-286,-122,98,-10.26416015625,-7.589258193969727,-3.5123047828674316,-136,139,-11,-6.354687690734863,12.25,1.1627930402755737
-326,-134,93,-10.57041072845459,-6.273339748382568,-3.9046876430511475,-157,151,31,-7.84765625,9.938769340515137,-0.16748046875
-314,-129,94,-9.441113471984863,-6.115429878234863,-3.5458009243011475,-158,150,52,-6.775781154632568,8.766406059265137,-1.3876953125
-278,-124,101,-8.699414253234863,-5.254101753234863,-2.6031250953674316,-187,156,62,-6.115429878234863,7.771093845367432,-3.2347657680511475
-272,-139,124,-9.608593940734863,-5.842675685882568,-2.41650390625,-250,181,51,-6.7470703125,7.598828315734863,-4.837792873382568
-263,-159,142,-9.584668159484863,-6.072363376617432,-2.550488233566284,-281,193,46,-7.067676067352295,8.36923885345459,-4.866504192352295
-275,-173,144,-9.823925971984863,-6.412109375,-2.84716796875,-261,177,76,-7.517480850219727,8.407519340515137,-4.6416015625
-293,-186,121,-10.173242568969727,-6.967187404632568,-2.2777345180511475,-239,155,113,-8.096484184265137,9.488965034484863,-4.3544921875
-299,-208,61,-10.422070503234863,-7.230370998382568,-1.153222680091858,-226,152,146,-9.20664119720459,9.37412166595459,-5.115332126617432
-246,-208,21,-9.512890815734863,-9.3310546875,-2.0145509243011475,-211,145,175,-9.340624809265137,9.800000190734863,-5.967090129852295
-214,-181,-14,-6.168066501617432,-10.07275390625,-1.153222680091858,-193,134,210,-8.1826171875,10.154101371765137,-6.526953220367432
-188,-147,-85,-4.277929782867432,-11.015429496765137,0.08134765923023224,-128,132,247,-5.727832317352295,11.93418025970459,-5.751758098602295
-134,-117,-162,-2.837597608566284,-11.704492568969727,1.12451171875,-65,142,301,-4.699023723602295,12.55625057220459,-4.40234375
-89,-135,-194,-1.8375000953674316,-10.589550971984863,2.234668016433716,-21,152,336,-3.13427734375,12.446191787719727,-0.78955078125
-76,-154,-216,-0.01435546949505806,-10.417284965515137,1.512109398841858,-6,151,351,-2.287304639816284,12.144726753234863,0.775195300579071
21,-145,-205,1.626953125,-11.063281059265137,0.06220703199505806,18,162,316,-0.540722668170929,12.65195369720459,1.9284180402755737
52,-135,-169,3.6989259719848633,-8.7568359375,-0.4976562559604645,12,131,294,0.9187500476837158,11.19248104095459,3.1055665016174316
112,-111,-135,5.684765815734863,-6.637012004852295,-2.41650390625,52,73,269,2.27294921875,8.976953506469727,2.789746046066284
96,-93,-117,6.287695407867432,-4.78515625,-2.966796875,75,40,247,2.885449171066284,6.943261623382568,3.0912110805511475
87,-73,-95,6.024511814117432,-3.5697267055511475,-3.8568360805511475,87,16,217,4.053027629852295,4.512402534484863,1.7848633527755737
86,-51,-59,6.287695407867432,-3.239550828933716,-3.3208985328674316,100,13,173,5.00048828125,4.598535060882568,1.775292992591858
64,-27,-26,7.780664443969727,-2.502636671066284,-2.186816453933716,106,12,116,5.871387004852295,4.507617473602295,2.641406297683716
58,-8,-13,9.508105278015137,-1.631738305091858,-1.8279297351837158,109,2,68,7.000683784484863,3.99560546875,2.7083985805511475
34,57,-10,10.326367378234863,-1.6843750476837158,-7.771093845367432,153,60,32,9.866991996765137,2.167675733566284,-3.732421875
-45,201,-3,6.369042873382568,-2.0767579078674316,3.6750001907348633,168,220,-13,6.86669921875,1.9044922590255737,-3.8903322219848633
2,24,3,7.91943359375,2.1341798305511475,7.747168064117432,54,32,65,3.191699266433716,10.345507621765137,14.274121284484863
-69,1,44,9.144433975219727,-0.612500011920929,3.3448243141174316,7,8,12,6.416894435882568,2.593554735183716,6.1728515625
-46,12,52,10.37900447845459,-1.536035180091858,0.88525390625,-12,-22,-16,4.900000095367432,4.215722560882568,6.794921875
-53,37,63,8.25439453125,-2.0384767055511475,1.55517578125,-35,-31,-48,3.387890577316284,5.603417873382568,6.139355659484863
-64,56,89,7.029394626617432,-1.33984375,1.8279297351837158,-37,-62,-98,1.9523438215255737,4.799511909484863,5.019629001617432
-115,65,130,7.65625,-1.526464819908142,0.32539063692092896,-44,-116,-175,0.4833008050918579,6.235058784484863,3.670214891433716
-116,94,157,7.134667873382568,-4.80908203125,-0.875683605670929,-54,-128,-270,-0.6220703125,8.809473037719727,1.8375000953674316
-104,129,148,6.641797065734863,-8.240038871765137,-2.5887696743011475,-58,-137,-331,-2.2059571743011475,12.857714653015137,1.1819336414337158
-105,174,120,5.010058879852295,-11.5322265625,-3.56494140625,-33,-171,-328,-3.3017578125,14.728711128234863,0.02871093899011612
-71,213,83,3.387890577316284,-12.183008193969727,-3.579296827316284,45,-211,-279,-3.7515625953674316,15.3603515625,-0.98095703125
-47,251,48,1.0048828125,-12.852930068969727,-3.3208985328674316,72,-241,-227,-3.9621095657348633,15.542187690734863,-1.799218773841858
-24,274,13,-1.0383789539337158,-12.541894912719727,-1.9954102039337158,77,-233,-161,-2.9237306118011475,13.293164253234863,-2.22509765625
-12,278,-19,-1.918847680091858,-12.135156631469727,-1.2584961652755737,85,-220,-122,-2.7945313453674316,12.111230850219727,-1.74658203125
-1,266,-44,-2.6749024391174316,-12.235644340515137,-1.1819336414337158,88,-205,-107,-3.61279296875,11.139843940734863,-1.1819336414337158
5,264,-67,-3.005078077316284,-11.704492568969727,-0.74169921875,97,-204,-82,-3.7276368141174316,10.623046875,-0.827832043170929
18,250,-81,-3.5123047828674316,-10.771387100219727,-0.45458984375,100,-206,-73,-3.407031297683716,9.97226619720459,-0.6412109732627869
-6,243,-63,-4.37841796875,-10.800097465515137,-0.22968751192092896,117,-212,-91,-4.368847846984863,10.273730278015137,-1.153222680091858
11,250,-55,-4.263574123382568,-9.20664119720459,-0.39238283038139343,137,-222,-80,-4.919140815734863,10.154101371765137,-1.153222680091858
20,257,-45,-2.9715821743011475,-7.852441787719727,-0.803906261920929,145,-228,-66,-4.684668064117432,9.03916072845459,-1.5408203601837158
23,259,-38,-2.4930665493011475,-8.39316463470459,-1.4020508527755737,148,-240,-41,-4.2109375,8.546289443969727,-1.646093726158142
34,262,-34,-3.4883790016174316,-10.015332221984863,-2.1485352516174316,130,-248,-44,-4.813867092132568,8.814257621765137,-1.5934571027755737
19,257,-19,-5.450293064117432,-11.761914253234863,-2.1820313930511475,146,-261,-66,-7.206445217132568,10.37900447845459,-1.918847680091858
44,258,-27,-5.5986328125,-11.7236328125,-2.51220703125,200,-278,-58,-6.53173828125,10.154101371765137,-2.024121046066284
52,245,-47,-4.177441596984863,-10.206738471984863,-3.029003858566284,207,-291,-25,-4.59375,9.555956840515137,-1.45947265625
16,232,-58,-2.9476563930511475,-10.49863338470459,-3.13427734375,147,-277,-8,-3.3687500953674316,9.64208984375,-1.17236328125
25,241,-81,-3.1390626430511475,-11.690136909484863,-3.61279296875,93,-247,12,-3.196484327316284,10.13974666595459,-0.669921875
26,247,-117,-4.153515815734863,-13.125683784484863,-2.4452149868011475,88,-253,62,-2.406933546066284,12.479687690734863,-0.8421875238418579
2,224,-178,-4.096093654632568,-13.20703125,-0.2823242247104645,45,-246,123,0.08613281697034836,13.70468807220459,-0.07177734375
-36,185,-215,-3.8807618618011475,-13.876953125,-0.669921875,-22,-245,174,0.4593750238418579,16.154687881469727,-0.64599609375
-55,162,-221,-2.6988282203674316,-14.010937690734863,-0.4833008050918579,-55,-208,201,1.464257836341858,14.393750190734863,-0.9139648675918579
-64,138,-205,-1.6125977039337158,-13.01084041595459,-0.24404297769069672,-99,-170,201,3.052929639816284,10.398144721984863,-1.9284180402755737
-77,122,-183,-0.34453126788139343,-10.340723037719727,0.5550781488418579,-114,-110,177,4.842578411102295,6.48388671875,-2.51220703125
-83,104,-162,0.98095703125,-7.503125190734863,0.478515625,-94,-76,158,5.809179782867432,3.7707033157348633,-2.12939453125
-111,97,-137,2.4595704078674316,-5.8857421875,-1.6125977039337158,-64,-52,140,6.890625,1.8327149152755737,-1.7130860090255737
-101,148,-110,4.062597751617432,-6.359472751617432,-6.593945503234863,-29,7,113,9.316699028015137,1.84228515625,-5.301953315734863
-97,167,-60,-7.20166015625,-8.005566596984863,22.55244255065918,44,122,63,2.115039110183716,4.799511909484863,8.82861328125
-17,22,-36,5.565136909484863,-2.6605470180511475,7.139453411102295,55,-31,62,5.373730659484863,6.909765720367432,12.599316596984863
21,5,2,7.522265911102295,-2.46435546875,2.741894483566284,1,-15,31,6.991113185882568,1.2824219465255737,4.880859375
-3,5,20,8.78076171875,-1.574316382408142,0.1435546875,-21,26,-1,5.76611328125,3.1869142055511475,4.608105659484863
-34,-2,48,7.546191692352295,-2.48828125,1.4690430164337158,-3,27,-38,4.498046875,4.933495998382568,5.110547065734863
-57,-4,75,7.771093845367432,-3.13427734375,1.8853516578674316,5,-17,-76,2.162890672683716,4.18701171875,5.86181640625
-76,10,102,7.795019626617432,-3.502734422683716,0.8900390863418579,-35,-73,-139,1.5216797590255737,4.938281536102295,4.842578411102295
-109,46,103,8.531933784484863,-5.3115234375,-1.057519555091858,-59,-119,-210,0.8086914420127869,8.785547256469727,3.478808641433716
-119,82,89,9.54638671875,-7.182519435882568,-3.6893556118011475,-66,-145,-260,-0.851757824420929,11.800195693969727,3.9286134243011475
-127,122,65,8.6611328125,-8.63720703125,-4.493261814117432,-52,-188,-264,-1.717871069908142,12.948633193969727,3.507519483566284
-128,163,51,6.498242378234863,-9.30234432220459,-4.340137004852295,-9,-221,-240,-2.0624024868011475,13.18310546875,2.2490234375
-112,200,41,4.555469036102295,-9.06787109375,-3.694140672683716,0,-235,-200,-2.717968702316284,13.08261775970459,0.8900390863418579
-92,230,52,2.646191358566284,-7.986425876617432,-2.6031250953674316,4,-213,-170,-2.861523389816284,11.43173885345459,0.0
-61,243,72,1.2297852039337158,-8.072558403015137,-1.5695313215255737,9,-208,-150,-4.153515815734863,11.2451171875,-0.583789050579071
-47,244,75,0.779980480670929,-8.65634822845459,-1.5934571027755737,48,-201,-148,-4.794726848602295,10.35507869720459,-1.0431641340255737
-37,253,80,1.119726538658142,-9.914843559265137,-1.4977539777755737,67,-201,-135,-5.450293064117432,9.938769340515137,-2.450000047683716
6,263,85,-0.9666016101837158,-11.757128715515137,-1.0670899152755737,72,-205,-152,-6.258984565734863,9.890917778015137,-3.172558546066284
29,274,87,-3.51708984375,-11.809765815734863,0.727343738079071,111,-217,-179,-7.756738662719727,10.88623046875,-3.263476610183716
9,265,71,-5.5029296875,-11.776269912719727,-0.16269531846046448,164,-241,-167,-8.163476943969727,11.16855525970459,-2.3638672828674316
80,267,19,-5.890527248382568,-10.972363471984863,-1.3541992902755737,180,-257,-137,-8.134765625,10.130175590515137,-2.5648438930511475
118,253,-12,-5.14404296875,-8.460156440734863,-1.3254883289337158,171,-263,-108,-7.665820598602295,9.910058975219727,-2.454785108566284
100,222,-22,-4.47412109375,-8.953027725219727,-2.3734376430511475,174,-265,-78,-6.632226467132568,9.359766006469727,-2.5313477516174316
93,200,-42,-4.789941310882568,-9.64208984375,-3.143847703933716,157,-266,-48,-7.0341796875,9.388476371765137,-2.617480516433716
40,189,-41,-5.612988471984863,-11.350390434265137,-3.9190430641174316,171,-256,-37,-8.326171875,9.56552791595459,-2.7275390625
43,205,-46,-6.249413967132568,-11.74277400970459,-4.746875286102295,173,-244,-19,-6.24462890625,9.37890625,-1.598242163658142
80,230,-70,-5.708691596984863,-10.5751953125,-5.148828029632568,149,-240,9,-4.220508098602295,9.20664119720459,-1.215429663658142
90,235,-87,-5.345019817352295,-9.943554878234863,-5.373730659484863,75,-192,14,-3.923828125,10.23544979095459,-0.3301757872104645
69,227,-108,-5.412011623382568,-11.010644912719727,-5.890527248382568,55,-191,37,-2.7275390625,11.063281059265137,-0.01435546949505806
19,217,-144,-4.962207317352295,-11.781054496765137,-5.16796875,38,-205,70,-0.20576171576976776,12.517969131469727,0.2679687440395355
-35,209,-198,-4.383203029632568,-12.46054744720459,-3.8472657203674316,15,-219,126,2.550488233566284,12.809863090515137,0.32539063692092896
-61,194,-230,-2.856738328933716,-12.876855850219727,-3.8472657203674316,-20,-206,154,3.349609375,13.259668350219727,-0.3062500059604645
-71,175,-239,-1.6173828840255737,-12.7763671875,-2.071972608566284,-55,-175,176,4.5458984375,11.369531631469727,-0.971386730670929
-94,151,-225,-0.564648449420929,-11.714062690734863,-1.225000023841858,-93,-133,174,5.991015911102295,8.426660537719727,-1.4499024152755737
-98,139,-190,0.894824206829071,-8.77597713470459,0.20097656548023224,-100,-93,166,6.378613471984863,6.05322265625,-0.655566394329071
-108,123,-149,2.3877930641174316,-6.503027439117432,0.775195300579071,-100,-79,151,6.440820217132568,3.9190430641174316,-0.4737304747104645
-125,103,-99,3.454882860183716,-6.2685546875,0.3875976502895355,-88,-67,125,7.005468845367432,2.789746046066284,-0.5933594107627869
-140,85,-61,4.23486328125,-7.7041015625,-0.669921875,-52,-36,75,8.27353572845459,1.3063477277755737,-1.239355444908142
-130,113,-40,5.7900390625,-6.86669921875,-5.053124904632568,5,26,26,11.211621284484863,0.50244140625,-4.584179878234863
-95,243,-15,4.818652629852295,-6.330761909484863,-5.589062690734863,73,166,-7,8.479296684265137,2.952441453933716,-0.995312511920929
-5,67,-45,5.469433784484863,-5.14404296875,7.5126953125,28,14,51,3.75634765625,8.211328506469727,14.082715034484863
-15,35,-8,6.641797065734863,-3.1773438453674316,4.813867092132568,-6,-1,25,7.527050971984863,2.024121046066284,4.23486328125
-42,-3,21,8.39794921875,-2.1246094703674316,1.6413086652755737,-6,3,-1,6.2685546875,3.2251954078674316,5.402441501617432
-56,-16,40,8.029492378234863,-3.7037110328674316,1.22021484375,-3,4,-16,5.091406345367432,5.081836223602295,5.325879096984863
-59,-16,52,7.976855754852295,-3.167773485183716,1.12451171875,8,-10,-39,3.8807618618011475,5.019629001617432,5.388085842132568
-86,-16,64,9.024805068969727,-3.0337891578674316,0.21533203125,2,-73,-81,3.2491211891174316,5.297168254852295,5.871387004852295
-95,9,80,9.101366996765137,-3.8807618618011475,-1.3254883289337158,-29,-107,-147,3.18212890625,6.861914157867432,5.498144626617432
-110,48,94,8.886034965515137,-5.569921970367432,-2.9189453125,-27,-102,-193,2.1724610328674316,8.29746150970459,3.7467775344848633
-121,98,114,8.307031631469727,-5.7421875,-4.239648342132568,-2,-121,-215,0.9043945670127869,9.718652725219727,2.6988282203674316
-92,152,118,6.847558498382568,-7.038964748382568,-3.2347657680511475,-8,-144,-216,0.02871093899011612,10.26416015625,1.8757812976837158
-75,186,118,5.746972560882568,-7.172949314117432,-2.41650390625,4,-174,-206,-1.574316382408142,11.29296875,0.535937488079071
-52,206,113,4.373632907867432,-9.264062881469727,-2.08154296875,-14,-180,-206,-2.1820313930511475,10.938867568969727,0.16269531846046448
-37,224,102,3.316113233566284,-8.41709041595459,-1.9810547828674316,8,-182,-213,-4.603320598602295,10.867090225219727,-0.559863269329071
-25,238,111,0.899609386920929,-9.16357421875,-1.4977539777755737,26,-196,-222,-6.335546970367432,11.115918159484863,-0.947460949420929
60,253,118,-1.215429663658142,-7.713672161102295,-0.01914062537252903,113,-217,-207,-6.632226467132568,9.895703315734863,-1.8757812976837158
92,250,157,-5.09619140625,-6.402539253234863,1.3876953125,168,-211,-188,-8.378808975219727,10.18759822845459,-3.478808641433716
79,221,182,-9.034375190734863,-10.59433650970459,3.0672852993011475,191,-206,-154,-8.311816215515137,10.556055068969727,-4.033886909484863
224,211,130,-9.512890815734863,-8.283105850219727,1.7083008289337158,212,-200,-113,-8.77597713470459,8.22568416595459,-4.603320598602295
249,193,67,-9.843066215515137,-5.928808689117432,3.27783203125,259,-207,-82,-8.909960746765137,7.426562786102295,-5.746972560882568
140,147,35,-8.455370903015137,-5.5029296875,3.9381837844848633,278,-210,-55,-7.91943359375,6.311621189117432,-5.421582221984863
131,124,-3,-7.216015815734863,-6.766211032867432,1.9332032203674316,258,-216,-44,-8.0390625,6.392968654632568,-5.19189453125
225,118,-38,-10.431640625,-7.742383003234863,1.6891602277755737,231,-212,-58,-10.50341796875,6.904980659484863,-5.416797161102295
264,84,-54,-10.852734565734863,-6.488671779632568,1.703515648841858,272,-206,-65,-8.909960746765137,6.493457317352295,-5.268456935882568
184,34,-68,-9.460253715515137,-4.454980373382568,0.3828125,295,-212,-47,-6.4599609375,6.321191310882568,-4.488476753234863
105,2,-51,-8.914746284484863,-5.450293064117432,-0.24404297769069672,197,-171,-61,-5.775683879852295,7.771093845367432,-4.373632907867432
75,-4,-39,-8.354883193969727,-5.8857421875,-0.7943359613418579,93,-95,-50,-6.895410060882568,7.316504001617432,-2.8041017055511475
82,12,-51,-8.761621475219727,-6.359472751617432,-1.3781250715255737,99,-57,-22,-7.326074123382568,6.5556640625,-2.210742235183716
95,42,-77,-9.455469131469727,-7.3212890625,-2.138964891433716,139,-60,2,-8.15869140625,7.378711223602295,-1.2824219465255737
88,84,-138,-8.718554496765137,-7.527050971984863,-2.32080078125,202,-97,55,-7.9912109375,7.995996475219727,0.17226563394069672
67,125,-214,-10.221094131469727,-9.311914443969727,-2.837597608566284,190,-126,124,-8.641992568969727,11.41259765625,0.10527344048023224
69,156,-266,-11.953320503234863,-12.154296875,-2.4691407680511475,102,-148,189,-8.326171875,13.288378715515137,-0.009570312686264515
37,176,-310,-12.91513729095459,-14.03964900970459,-1.9236328601837158,55,-179,243,-5.603417873382568,14.90097713470459,0.27753907442092896
-8,191,-356,-11.95810604095459,-13.527636528015137,-1.3972656726837158,1,-258,294,-2.6844727993011475,12.886425971984863,0.20576171576976776
-58,202,-369,-9.5224609375,-12.283495903015137,-0.827832043170929,-10,-204,322,-0.4115234315395355,11.7236328125,-1.2537109851837158
-72,201,-353,-6.91455078125,-10.7666015625,-0.765625,-109,-118,306,0.7943359613418579,8.833398818969727,-1.6365234851837158
-93,180,-313,-4.411914348602295,-9.54638671875,0.009570312686264515,-155,-88,260,3.029003858566284,5.818749904632568,-1.98583984375
-132,142,-247,-1.5695313215255737,-8.2783203125,-0.2918945252895355,-135,-66,186,4.598535060882568,3.196484327316284,-1.502539038658142
-157,118,-173,1.5408203601837158,-7.617969036102295,-1.440332055091858,-53,-35,122,7.637109756469727,0.8421875238418579,-3.5840821266174316
-142,175,-126,2.641406297683716,-6.392968654632568,-3.9716796875,20,83,84,8.359667778015137,0.7847656607627869,-3.2730469703674316
-85,80,-120,1.60302734375,-8.44101619720459,14.5947265625,32,74,85,-0.9139648675918579,7.254296779632568,19.183691024780273
-70,26,-61,6.550879001617432,0.588574230670929,5.14404296875,-17,-20,67,6.058007717132568,3.430957078933716,8.809473037719727
-49,14,-10,9.651659965515137,-0.57421875,2.138964891433716,-27,-17,9,7.378711223602295,0.5455078482627869,5.072265625
-45,16,17,9.479394912719727,-0.41630861163139343,2.311230421066284,-21,10,-22,6.34033203125,2.2442383766174316,7.110742092132568
-48,3,50,8.125195503234863,-0.708203136920929,3.3926758766174316,-34,7,-46,5.4072265625,2.99072265625,7.981640815734863
3,-22,98,6.158496379852295,-0.7225586175918579,3.718066453933716,-40,-22,-91,3.85205078125,1.526464819908142,7.622754096984863
72,-31,171,4.153515815734863,-0.12441406399011612,1.9332032203674316,-66,-42,-159,2.4452149868011475,1.990625023841858,5.818749904632568
45,-13,288,1.6843750476837158,-0.29667970538139343,0.8326172232627869,-15,-32,-243,0.2918945252895355,2.8184571266174316,5.675195217132568
-33,0,420,-2.3734376430511475,-1.3063477277755737,0.8326172232627869,68,-65,-307,-2.689257860183716,4.61767578125,3.4261720180511475
-52,8,-489,-10.364648818969727,-3.158203125,1.7083008289337158,129,-100,-362,-4.794726848602295,7.4169921875,-0.923535168170929
103,20,-489,-24.964160919189453,-12.450976371765137,5.876172065734863,118,-112,-385,-9.072656631469727,9.699511528015137,-1.4738281965255737
183,82,334,-18.489843368530273,-10.76181697845459,1.512109398841858,142,-122,-365,-13.546777725219727,14.274121284484863,-1.7322266101837158
92,112,137,-13.671191215515137,-5.04833984375,8.125195503234863,-1,-39,-275,-11.709277153015137,13.096972465515137,-3.7754883766174316
-77,56,118,-7.952929973602295,-12.98691463470459,9.704297065734863,-25,10,-185,-10.71875,10.91015625,-1.1580078601837158
-27,34,92,-5.019629001617432,-12.67587947845459,6.3642578125,78,-4,-90,-8.421875,9.68994140625,-0.01914062537252903
105,38,8,-6.804492473602295,-10.967577934265137,4.445410251617432,112,-16,-19,-7.694531440734863,8.747265815734863,-0.08613281697034836
132,10,-81,-9.173144340515137,-10.393359184265137,2.8184571266174316,76,-32,11,-8.886034965515137,6.7470703125,0.32060548663139343
253,24,-129,-9.857421875,-10.45556640625,0.6651367545127869,135,-53,52,-7.900293350219727,4.13916015625,1.009667992591858
363,35,-162,-10.422070503234863,-8.527148246765137,-2.3638672828674316,156,-62,79,-7.737597942352295,4.42626953125,1.526464819908142
262,-5,-132,-10.441210746765137,-6.31640625,-3.3017578125,144,-81,62,-8.06298828125,3.124706983566284,1.272851586341858
191,-4,-119,-10.09189510345459,-6.790136814117432,-3.37353515625,166,-96,45,-8.75205135345459,3.383105516433716,1.1388672590255737
161,10,-111,-11.19248104095459,-7.402637004852295,-3.048144578933716,170,-119,26,-9.73779296875,4.52197265625,0.31103515625
147,35,-119,-9.364550590515137,-6.440820217132568,-2.87109375,192,-164,24,-8.29746150970459,4.526757717132568,-0.9905273914337158
129,60,-134,-11.07285213470459,-6.249413967132568,-2.880664110183716,263,-190,28,-9.154004096984863,4.842578411102295,-2.6318359375
121,90,-140,-10.52255916595459,-6.235058784484863,-1.990625023841858,253,-201,21,-8.49365234375,6.708789348602295,-4.320996284484863
159,128,-150,-10.201952934265137,-5.962304592132568,-1.9619140625,209,-190,23,-7.670605659484863,5.991015911102295,-3.6654298305511475
197,150,-154,-10.201952934265137,-5.593847751617432,-1.33984375,217,-179,21,-6.847558498382568,5.971875190734863,-4.215722560882568
217,151,-143,-9.666015625,-5.019629001617432,-1.1867188215255737,203,-172,18,-6.321191310882568,5.900097846984863,-4.297070503234863
214,144,-130,-8.531933784484863,-5.057910442352295,-1.53125,184,-167,20,-6.397754192352295,6.019726753234863,-3.8951172828674316
213,146,-126,-9.536816596984863,-6.694433689117432,-2.5361328125,188,-175,29,-7.885937690734863,5.9814453125,-3.3304688930511475
228,145,-126,-11.618359565734863,-9.340624809265137,-2.162890672683716,213,-197,20,-10.197168350219727,7.340429782867432,-3.5888671875
194,115,-173,-10.02011775970459,-10.6708984375,-1.717871069908142,271,-230,74,-8.622851371765137,7.995996475219727,-1.8997070789337158
124,69,-224,-9.78085994720459,-12.307421684265137,-1.1580078601837158,240,-258,151,-6.876269817352295,11.589648246765137,-1.153222680091858
26,33,-268,-8.814257621765137,-13.58984375,-1.8327149152755737,118,-265,214,-6.665722846984863,12.12558650970459,-0.5263671875
-37,36,-301,-8.986523628234863,-14.546875,-3.076855421066284,0,-266,241,-4.651172161102295,12.537109375,-1.071874976158142
-88,58,-331,-8.407519340515137,-13.719042778015137,-2.9859375953674316,-20,-261,254,-1.775292992591858,11.398241996765137,-2.330371141433716
-143,101,-334,-6.852344036102295,-11.737988471984863,-2.89501953125,-121,-187,236,0.9091796875,10.40293025970459,-2.406933546066284
-169,141,-303,-4.306640625,-10.101465225219727,-2.1246094703674316,-143,-141,218,3.0098633766174316,8.005566596984863,-2.296875
-182,165,-250,-1.84228515625,-8.91953182220459,-0.9618164300918579,-131,-105,191,5.33544921875,5.71826171875,-2.138964891433716
-190,160,-198,0.9091796875,-8.326171875,0.588574230670929,-105,-90,160,6.737500190734863,3.66064453125,-2.119824171066284
-182,142,-127,3.6319336891174316,-7.177734375,1.670019507408142,-61,-38,106,7.694531440734863,2.569628953933716,-1.813574194908142
-202,149,-66,4.143945217132568,-7.598828315734863,1.3541992902755737,-39,15,62,8.761621475219727,1.4451172351837158,-1.5647461414337158
-163,203,-50,3.9046876430511475,-8.8525390625,-2.019335985183716,33,107,47,10.0009765625,1.358984351158142,-3.0625
-126,144,-84,-2.5648438930511475,-13.049120903015137,19.351171493530273,-14,105,61,-1.07666015625,10.130175590515137,17.260059356689453
-50,60,-74,5.182324409484863,-2.4691407680511475,7.340429782867432,-28,-11,56,7.043750286102295,5.172753810882568,7.550976753234863
-53,32,-32,7.7998046875,-3.3208985328674316,4.09130859375,-29,-16,22,8.22568416595459,1.89013671875,4.263574123382568
-19,27,-6,8.307031631469727,-2.665332078933716,5.033984661102295,-20,-8,-1,7.981640815734863,1.966699242591858,5.421582221984863
-42,10,29,6.804492473602295,-1.646093726158142,4.7373046875,-10,-1,-22,6.81884765625,2.1102540493011475,6.010156154632568
-34,-14,75,6.110644817352295,-2.0576171875,3.7467775344848633,0,-14,-51,4.818652629852295,2.7466797828674316,6.737500190734863
-24,-26,126,5.5986328125,-1.9810547828674316,2.928515672683716,-14,-39,-101,3.646289110183716,3.478808641433716,5.8857421875
-17,-19,187,4.588964939117432,-1.9523438215255737,2.3877930641174316,-7,-45,-161,1.9092774391174316,3.5218751430511475,5.053124904632568
10,1,258,3.531445264816284,-1.8087891340255737,1.1819336414337158,-41,-20,-244,-1.081445336341858,5.019629001617432,5.541211128234863
-8,37,328,0.894824206829071,-3.316113233566284,0.4498046934604645,47,-47,-315,-4.292285442352295,5.469433784484863,3.63671875
-43,74,389,-3.7850587368011475,-7.560546875,-0.23447266221046448,112,-101,-365,-7.479199409484863,8.20654296875,1.071874976158142
64,118,420,-9.97705078125,-8.436230659484863,2.263378858566284,173,-143,-391,-11.537012100219727,9.474609375,-0.923535168170929
176,143,340,-14.958398818969727,-13.929590225219727,4.603320598602295,217,-177,-369,-15.85800838470459,11.608789443969727,-1.8087891340255737
214,160,165,-12.240429878234863,-11.3408203125,5.947949409484863,169,-177,-260,-14.4990234375,11.71884822845459,-2.1581056118011475
114,115,63,-9.03916072845459,-8.795117378234863,7.952929973602295,153,-134,-132,-11.345605850219727,7.852441787719727,-1.478613257408142
45,61,18,-7.120312690734863,-10.97714900970459,6.024511814117432,177,-121,-68,-9.646875381469727,7.3212890625,-2.430859327316284
137,44,-37,-7.350000381469727,-10.063183784484863,3.4500977993011475,180,-134,-55,-8.168261528015137,7.134667873382568,-3.167773485183716
190,26,-84,-9.173144340515137,-8.019922256469727,0.9666016101837158,209,-129,-33,-7.550976753234863,6.613086223602295,-2.976367235183716
197,16,-103,-9.718652725219727,-7.455273628234863,-0.851757824420929,216,-102,9,-7.7041015625,6.904980659484863,-2.354296922683716
195,27,-106,-8.809473037719727,-7.795019626617432,-1.5695313215255737,156,-74,38,-7.306933879852295,6.603515625,-1.478613257408142
204,39,-112,-9.431543350219727,-8.235254287719727,-2.3877930641174316,109,-68,53,-6.742285251617432,5.507714748382568,-0.45458984375
204,51,-130,-10.991503715515137,-7.603613376617432,-1.8327149152755737,129,-96,30,-8.01513671875,5.234961032867432,-1.129296898841858
204,61,-159,-11.81455135345459,-6.91455078125,-2.330371141433716,181,-134,-8,-9.177929878234863,5.914453029632568,-2.143749952316284
192,73,-168,-10.93408203125,-5.799609661102295,-2.789746046066284,233,-163,-17,-8.517578125,6.321191310882568,-3.1390626430511475
195,98,-149,-9.407617568969727,-5.636914253234863,-5.057910442352295,204,-156,-42,-7.713672161102295,7.708887100219727,-4.105664253234863
209,131,-124,-8.51279354095459,-5.16796875,-4.95263671875,163,-143,-59,-6.833203315734863,6.321191310882568,-4.201367378234863
234,153,-122,-8.962597846984863,-6.091504096984863,-4.2587890625,186,-143,-32,-6.804492473602295,5.93359375,-3.56494140625
268,161,-147,-11.09677791595459,-6.665722846984863,-4.71337890625,224,-177,-1,-8.622851371765137,6.014941692352295,-2.8041017055511475
236,144,-154,-14.63779354095459,-8.08212947845459,-3.828125,281,-216,16,-11.95810604095459,6.593945503234863,-3.5697267055511475
186,108,-162,-14.082715034484863,-10.828808784484863,-3.6893556118011475,327,-245,58,-9.933984756469727,7.723242282867432,-1.7609375715255737
115,89,-223,-12.03466796875,-10.972363471984863,-3.9046876430511475,269,-266,132,-6.904980659484863,10.393359184265137,-1.047949194908142
47,95,-281,-11.65185546875,-12.427050590515137,-4.196582317352295,145,-278,209,-6.995898723602295,11.967676162719727,0.287109375
-8,108,-325,-11.62314510345459,-12.833788871765137,-4.440625190734863,33,-302,253,-5.129687786102295,12.537109375,0.17226563394069672
-58,128,-342,-10.685254096984863,-13.03476619720459,-3.89990234375,13,-315,268,-1.9954102039337158,11.757128715515137,-2.0145509243011475
-89,140,-344,-7.828516006469727,-10.828808784484863,-2.1724610328674316,-90,-217,261,1.009667992591858,10.55126953125,-2.9620118141174316
-124,147,-307,-4.579394817352295,-8.900390625,-0.93310546875,-111,-148,238,3.459667921066284,7.938574314117432,-2.6318359375
-134,145,-256,-1.942773461341858,-7.881152629852295,-0.2918945252895355,-118,-100,206,5.378515720367432,5.139257907867432,-2.5074219703674316
-158,131,-181,0.7608398795127869,-7.862011909484863,0.669921875,-73,-95,160,6.69921875,3.239550828933716,-2.550488233566284
-150,124,-132,2.56005859375,-7.493555068969727,0.8661133050918579,-53,-43,106,7.622754096984863,1.8662109375,-2.5169923305511475
-142,147,-96,3.9908204078674316,-7.053320407867432,-2.426074266433716,-3,41,61,10.465136528015137,0.2918945252895355,-7.579687595367432
-132,256,-82,2.9955079555511475,-7.914648532867432,-4.40234375,53,177,35,9.03916072845459,2.354296922683716,-2.670117139816284
-83,91,-102,3.507519483566284,-11.379101753234863,6.134570598602295,14,27,55,0.04306640848517418,7.574902534484863,20.705371856689453
-60,43,-44,5.952734470367432,-3.430957078933716,4.531543254852295,-1,-23,39,8.79990291595459,2.3495118618011475,4.316211223602295
-26,27,3,9.101366996765137,-2.5552735328674316,3.4405274391174316,-14,3,7,7.943359375,1.440332055091858,5.483788967132568
-33,22,11,8.641992568969727,-1.9284180402755737,3.646289110183716,-22,11,-15,7.29736328125,2.9859375953674316,5.732617378234863
-44,12,27,7.220800876617432,-2.4117188453674316,2.497851610183716,-30,-3,-29,5.962304592132568,2.6031250953674316,5.2158203125
-61,0,69,6.67529296875,-0.2583984434604645,1.607812523841858,-11,-20,-61,4.177441596984863,3.148632764816284,5.124902248382568
-108,-4,153,5.799609661102295,0.11962890625,1.311132788658142,-7,-27,-136,2.239453077316284,2.981152296066284,5.703906536102295
-95,0,243,4.335351467132568,-0.0047851563431322575,-0.31103515625,25,-72,-220,-0.8134765625,4.655957221984863,6.713574409484863
-26,22,323,2.091113328933716,-3.220410108566284,-1.1867188215255737,-3,-84,-290,-3.63671875,9.220995903015137,4.679883003234863
-10,75,373,-1.272851586341858,-7.708887100219727,-1.6413086652755737,-30,-70,-317,-5.689550876617432,10.077539443969727,2.2059571743011475
48,134,341,-4.373632907867432,-14.202343940734863,-1.1867188215255737,11,-75,-327,-8.000781059265137,10.98193359375,1.9571290016174316
192,199,260,-7.091601848602295,-14.891407012939453,0.31103515625,62,-122,-336,-10.048828125,10.9580078125,0.8661133050918579
239,212,141,-8.06298828125,-12.857714653015137,3.1869142055511475,150,-164,-344,-13.66162109375,9.866991996765137,-1.7848633527755737
208,178,44,-7.641894817352295,-10.85752010345459,3.89990234375,223,-193,-293,-14.604296684265137,11.259472846984863,-4.541113376617432
217,143,-13,-10.225878715515137,-8.929101943969727,3.7132813930511475,272,-190,-225,-14.369824409484863,11.513086318969727,-6.029296875
136,105,-42,-9.800000190734863,-6.321191310882568,2.5552735328674316,251,-193,-164,-11.283398628234863,9.97705078125,-7.905078411102295
106,95,-68,-9.886133193969727,-7.723242282867432,1.239355444908142,262,-191,-127,-10.07275390625,10.49863338470459,-8.713769912719727
191,111,-90,-8.479296684265137,-7.369140625,-0.34931641817092896,302,-175,-70,-8.364453315734863,8.48886775970459,-7.4169921875
251,120,-89,-8.101269721984863,-6.48388671875,-1.4977539777755737,341,-171,-32,-8.139551162719727,7.397851943969727,-6.641797065734863
295,122,-77,-8.144335746765137,-6.5556640625,-2.569628953933716,329,-183,-9,-7.995996475219727,7.192090034484863,-5.660840034484863
320,107,-78,-7.694531440734863,-7.163379192352295,-2.5313477516174316,286,-206,4,-6.799706935882568,6.718359470367432,-4.636816501617432
306,87,-90,-9.51767635345459,-9.46982479095459,-3.0912110805511475,256,-226,5,-7.737597942352295,8.742480278015137,-4.340137004852295
278,59,-115,-12.22607421875,-11.64707088470459,-3.0672852993011475,271,-242,12,-8.58935546875,9.010449409484863,-4.751660346984863
207,28,-172,-12.288281440734863,-12.015527725219727,-3.651074171066284,270,-264,56,-6.125,11.034570693969727,-3.2251954078674316
107,5,-245,-13.317090034484863,-13.355371475219727,-4.024316310882568,183,-241,118,-3.765918016433716,13.08740234375,-2.6749024391174316
11,24,-312,-12.69980525970459,-14.197558403015137,-4.861718654632568,76,-200,189,-2.9476563930511475,14.120996475219727,-1.5695313215255737
-38,68,-370,-13.675976753234863,-14.336328506469727,-4.636816501617432,-16,-198,238,-2.378222703933716,13.6376953125,-0.9283203482627869
-109,122,-394,-12.948633193969727,-13.475000381469727,-4.2587890625,-67,-224,248,-0.516796886920929,12.05380916595459,-0.756054699420929
-156,160,-393,-10.034472465515137,-11.450879096984863,-2.08154296875,-82,-238,247,1.201074242591858,9.919629096984863,-0.8565430045127869
-169,190,-351,-7.617969036102295,-11.19248104095459,-0.6986328363418579,-114,-213,224,2.79931640625,8.929101943969727,-1.50732421875
-182,188,-280,-4.081738471984863,-10.28330135345459,0.803906261920929,-135,-140,181,4.493261814117432,7.397851943969727,-1.7705078125
-168,157,-204,-1.119726538658142,-8.77597713470459,2.7275390625,-166,-95,131,5.976660251617432,5.077050685882568,-2.2059571743011475
-196,125,-131,2.2681641578674316,-7.469629287719727,3.2060546875,-161,-51,78,7.373926162719727,3.66064453125,-2.837597608566284
-173,98,-86,4.373632907867432,-6.641797065734863,2.928515672683716,-122,-39,50,8.048632621765137,2.7323243618011475,-2.6126954555511475
-185,83,-56,5.3115234375,-6.177636623382568,1.8327149152755737,-66,-39,40,8.622851371765137,2.3638672828674316,-1.9044922590255737
-158,85,-36,5.804394721984863,-6.043652534484863,0.07656250149011612,-18,-26,28,9.292773246765137,2.263378858566284,-1.8375000953674316
-163,124,-22,6.191992282867432,-7.359570503234863,-4.555469036102295,52,46,23,11.278613090515137,2.12939453125,-5.809179782867432
-125,240,-19,2.713183641433716,-9.125292778015137,7.397851943969727,67,209,0,9.359766006469727,1.5647461414337158,-3.3783204555511475
-24,55,-51,6.704003810882568,-3.8903322219848633,7.4169921875,15,25,31,5.675195217132568,7.15380859375,13.99179744720459
-50,43,-3,8.795117378234863,-2.8519532680511475,5.684765815734863,-10,0,11,9.06308650970459,1.536035180091858,4.608105659484863
-36,23,14,8.699414253234863,-2.837597608566284,3.4979493618011475,-6,-20,-7,7.885937690734863,2.741894483566284,5.249316692352295
-52,4,32,7.216015815734863,-3.6415040493011475,2.574414014816284,-6,-14,-17,6.991113185882568,3.4500977993011475,5.053124904632568
-37,-2,50,7.421777725219727,-3.32568359375,1.574316382408142,0,-7,-30,6.421679973602295,3.8807618618011475,5.182324409484863
-46,3,66,8.077343940734863,-4.167870998382568,1.6365234851837158,7,-21,-43,6.034081935882568,4.971777439117432,4.823437690734863
-45,12,66,8.287890434265137,-4.244433879852295,1.8040039539337158,-8,-25,-55,6.168066501617432,5.689550876617432,5.699120998382568
-46,15,67,7.507910251617432,-4.9287109375,1.8279297351837158,-27,-31,-65,5.617773532867432,6.383398532867432,6.369042873382568
-26,16,81,7.077246189117432,-4.71337890625,1.177148461341858,-55,-52,-77,4.828222751617432,6.058007717132568,5.842675685882568
-47,24,114,5.842675685882568,-4.062597751617432,1.6125977039337158,-34,-74,-101,3.507519483566284,6.359472751617432,5.761328220367432
-48,22,160,4.703808784484863,-5.077050685882568,1.4259766340255737,-32,-80,-143,2.191601514816284,6.144140720367432,5.019629001617432
-51,36,195,3.239550828933716,-6.503027439117432,-0.31103515625,-43,-101,-182,0.6029297113418579,6.948047161102295,5.211035251617432
-17,61,232,1.2537109851837158,-7.125097751617432,0.095703125,-22,-111,-228,-1.033593773841858,7.661035537719727,2.9715821743011475
37,92,255,-0.803906261920929,-8.79990291595459,-0.25361329317092896,21,-106,-256,-2.8519532680511475,7.814160346984863,2.0576171875
38,116,256,-4.033886909484863,-12.068163871765137,0.88525390625,69,-109,-270,-5.402441501617432,8.641992568969727,1.2297852039337158
76,130,202,-5.656054973602295,-12.953417778015137,1.799218773841858,106,-112,-276,-8.115625381469727,9.87656307220459,0.478515625
116,144,116,-5.890527248382568,-13.63291072845459,1.9714844226837158,92,-127,-257,-9.814355850219727,11.446093559265137,-0.04306640848517418
135,144,37,-5.469433784484863,-10.83837890625,2.009765625,93,-118,-212,-9.838281631469727,10.005762100219727,-0.07177734375
119,131,-4,-6.14892578125,-9.479394912719727,2.22509765625,132,-107,-141,-9.359766006469727,9.03916072845459,0.11962890625
123,120,-40,-6.593945503234863,-8.287890434265137,1.89013671875,153,-104,-65,-8.005566596984863,7.507910251617432,-0.5933594107627869
128,116,-62,-8.125195503234863,-7.493555068969727,1.6652344465255737,178,-118,-18,-7.828516006469727,7.062890529632568,-1.167578101158142
118,113,-67,-8.450586318969727,-6.574804782867432,1.550390601158142,182,-135,4,-8.125195503234863,7.096386909484863,-1.53125
124,117,-69,-8.39316463470459,-6.34033203125,1.081445336341858,177,-146,22,-8.819043159484863,6.440820217132568,-1.4211914539337158
155,118,-56,-8.05820369720459,-6.297265529632568,0.827832043170929,186,-154,31,-8.68505859375,6.062793254852295,-1.646093726158142
166,110,-41,-7.493555068969727,-5.9814453125,0.31103515625,194,-161,28,-8.072558403015137,5.665625095367432,-1.622167944908142
165,100,-31,-7.316504001617432,-5.804394721984863,-0.05263672024011612,198,-175,11,-7.08203125,5.325879096984863,-1.598242163658142
169,96,-31,-7.158593654632568,-6.034081935882568,-0.34931641817092896,189,-189,-8,-6.785351753234863,5.33544921875,-1.5934571027755737
172,96,-44,-7.015038967132568,-5.971875190734863,-0.7177734375,171,-199,-28,-7.2255859375,5.330664157867432,-1.9236328601837158
161,102,-61,-7.804590225219727,-6.565234661102295,-0.9905273914337158,185,-216,-37,-8.87168025970459,5.775683879852295,-2.56005859375
206,118,-78,-10.21630859375,-8.30224609375,-1.36376953125,204,-213,-30,-10.814453125,7.0341796875,-3.8903322219848633
284,124,-118,-11.158984184265137,-9.474609375,-1.2345703840255737,236,-217,-3,-10.125391006469727,7.5126953125,-4.014746189117432
282,101,-172,-10.039258003234863,-8.598925590515137,-2.067187547683716,253,-230,37,-7.216015815734863,7.383496284484863,-3.3974609375
194,60,-200,-10.230664253234863,-10.771387100219727,-1.6413086652755737,180,-218,69,-5.904882907867432,9.45068359375,-3.124706983566284
110,44,-236,-9.94834041595459,-12.494043350219727,-2.583984375,95,-183,101,-5.541211128234863,10.59433650970459,-2.354296922683716
49,48,-286,-10.699609756469727,-13.75732421875,-2.32080078125,84,-193,152,-3.9908204078674316,11.83847713470459,-1.2106446027755737
-31,51,-328,-11.388671875,-13.70468807220459,-1.45947265625,4,-178,180,-1.320703148841858,12.728515625,-1.0383789539337158
-100,74,-343,-10.675683975219727,-13.144824028015137,-0.870898425579071,-18,-149,205,0.20097656548023224,12.527539253234863,-0.3397460877895355
-150,105,-327,-7.326074123382568,-11.31689453125,-0.0478515625,-55,-148,217,1.9284180402755737,11.369531631469727,-0.05742187798023224
-164,131,-295,-4.459765911102295,-9.991406440734863,0.0,-60,-150,226,3.292187452316284,9.000879287719727,0.29667970538139343
-166,141,-252,-1.36376953125,-8.20654296875,0.803906261920929,-88,-115,215,4.56982421875,6.761425971984863,0.13398437201976776
-163,141,-194,0.6651367545127869,-7.565332412719727,0.803906261920929,-108,-80,173,5.636914253234863,4.95263671875,-0.64599609375
-170,126,-134,3.268261671066284,-6.53173828125,2.0384767055511475,-100,-47,116,6.713574409484863,3.694140672683716,-0.6507812738418579
-168,120,-97,4.632031440734863,-6.220703125,1.33984375,-82,-35,79,7.795019626617432,2.41650390625,-1.081445336341858
-152,156,-79,5.517285346984863,-6.0771484375,-2.641406297683716,-25,27,58,9.63730525970459,1.89013671875,-4.5458984375
-129,255,-62,3.100781202316284,-5.617773532867432,-4.096093654632568,34,134,48,8.742480278015137,2.713183641433716,-3.828125
-56,84,-88,4.23486328125,-7.182519435882568,7.517480850219727,-12,-19,52,5.545996189117432,8.20654296875,12.13037109375
-102,33,-30,6.885839939117432,-3.8472657203674316,6.799706935882568,-25,-35,16,9.220995903015137,2.3016602993011475,4.59375
-59,15,-3,9.35498046875,-3.387890577316284,3.646289110183716,-44,-12,-9,9.000879287719727,1.119726538658142,4.971777439117432
-32,22,4,8.15869140625,-3.191699266433716,3.5218751430511475,-41,3,-5,7.766308784484863,3.3448243141174316,4.584179878234863
-47,12,11,7.809375286102295,-3.7228517532348633,2.32080078125,-20,0,-1,7.134667873382568,3.7515625953674316,4.679883003234863
-66,0,23,8.220898628234863,-3.4166016578674316,1.631738305091858,9,-16,-11,6.503027439117432,4.172656536102295,4.876074314117432
-66,4,27,8.742480278015137,-3.981250047683716,1.5216797590255737,15,-41,-19,6.96240234375,4.52197265625,5.761328220367432
-53,8,28,9.072656631469727,-3.9621095657348633,1.6843750476837158,0,-26,-25,7.4169921875,4.909570217132568,5.67041015625
-58,9,25,9.412402153015137,-4.368847846984863,1.6652344465255737,-1,-16,-23,7.302148342132568,5.699120998382568,5.5986328125
-55,15,22,8.909960746765137,-4.550683498382568,2.186816453933716,-28,-24,-23,7.163379192352295,6.086719036102295,5.95751953125
-37,6,26,7.570117473602295,-5.057910442352295,3.1103515625,-40,-39,-23,6.971972942352295,5.943164348602295,6.306836128234863
-8,-12,51,6.335546970367432,-4.23486328125,2.9189453125,-35,-46,-27,5.6943359375,4.813867092132568,4.670312404632568
-11,-29,96,5.28759765625,-3.574511766433716,2.27294921875,16,-61,-49,4.105664253234863,4.038671970367432,4.531543254852295
-29,-50,162,3.861621141433716,-2.75146484375,2.08154296875,24,-73,-89,3.63671875,4.71337890625,4.167870998382568
-8,-60,239,2.1006836891174316,-3.2491211891174316,0.37324219942092896,-3,-64,-141,3.13427734375,5.345019817352295,3.27783203125
36,-34,318,0.13398437201976776,-5.225390911102295,-1.646093726158142,-20,-56,-186,2.311230421066284,7.641894817352295,3.239550828933716
75,6,370,-4.105664253234863,-9.30712890625,-0.5311523675918579,-49,-38,-218,1.430761694908142,8.503222465515137,3.3448243141174316
109,50,388,-8.0390625,-9.292773246765137,1.382910132408142,-59,-10,-235,-0.08134765923023224,9.866991996765137,4.009961128234863
