0,0,-1,-7.9912109375,-4.981347560882568,2.430859327316284,-2,0,1,-8.63720703125,4.172656536102295,0.30146485567092896
0,0,-1,-7.972070693969727,-5.0244140625,2.478710889816284,-3,0,1,-8.641992568969727,4.09130859375,0.27753907442092896
1,0,-1,-7.972070693969727,-4.981347560882568,2.48828125,-1,0,0,-8.622851371765137,4.072167873382568,0.3301757872104645
0,0,-1,-7.9912109375,-4.990918159484863,2.402148485183716,-2,0,0,-8.65634822845459,4.076953411102295,0.3541015684604645
1,0,-1,-7.952929973602295,-5.043554782867432,2.392578125,-2,0,0,-8.65634822845459,4.076953411102295,0.31103515625
2,2,-1,-7.981640815734863,-5.014843940734863,2.4691407680511475,0,0,0,-8.641992568969727,4.04345703125,0.32539063692092896
3,2,-1,-7.962500095367432,-5.033984661102295,2.5169923305511475,0,0,0,-8.646777153015137,4.134375095367432,0.31103515625
3,2,-1,-7.948144912719727,-5.00048828125,2.46435546875,0,0,1,-8.627636909484863,4.225293159484863,0.3828125
-4,-2,-6,-8.101269721984863,-5.201465129852295,2.84716796875,8,0,13,-8.785547256469727,4.579394817352295,1.41162109375
-29,-25,-19,-9.010449409484863,-5.249316692352295,4.488476753234863,79,-23,64,-10.445996284484863,6.402539253234863,2.454785108566284
-130,-93,-72,-10.13974666595459,-8.053418159484863,5.665625095367432,151,-52,153,-11.589648246765137,11.50830078125,2.7706055641174316
-167,-131,-173,-8.814257621765137,-14.867481231689453,5.545996189117432,83,-36,251,-11.130273818969727,14.388964653015137,1.4020508527755737
-108,-115,-260,-6.981543064117432,-15.23593807220459,3.7228517532348633,93,-10,309,-7.885937690734863,13.786035537719727,-1.1484375
-90,-85,-302,-3.3687500953674316,-13.025195121765137,1.3541992902755737,80,52,332,-3.4500977993011475,11.728418350219727,-3.3065431118011475
-66,-37,-307,-0.64599609375,-10.69003963470459,-0.35888671875,38,117,319,-0.7608398795127869,9.68515682220459,-4.612890720367432
-23,9,-291,1.191503882408142,-8.072558403015137,-1.4259766340255737,29,152,291,0.2823242247104645,6.373828411102295,-3.8759765625
-8,18,-252,1.966699242591858,-5.555566310882568,-2.4691407680511475,52,152,245,2.009765625,3.1055665016174316,-2.6031250953674316
-51,17,-185,3.1869142055511475,-2.56005859375,-3.13427734375,95,125,169,3.99560546875,0.2679687440395355,-2.880664110183716
-106,28,-103,2.8423829078674316,-0.516796886920929,-3.5601563453674316,125,98,76,3.8903322219848633,-0.995312511920929,-3.42138671875
-167,48,-6,2.03369140625,-0.7608398795127869,-3.4022462368011475,160,75,-17,3.5601563453674316,-2.27294921875,-3.555371046066284
-179,68,90,0.5550781488418579,-0.9857422113418579,-4.110449314117432,226,28,-109,1.7370117902755737,1.5886719226837158,-3.1534180641174316
-218,56,162,1.6843750476837158,-7.881152629852295,-0.923535168170929,108,-12,-145,3.4166016578674316,13.714258193969727,-1.4690430164337158
-89,48,104,8.479296684265137,-22.437597274780273,2.3447265625,-25,-13,-62,5.397656440734863,20.418262481689453,-2.239453077316284
1,12,-29,11.00107479095459,-23.22236442565918,1.7561523914337158,-46,-21,73,8.555859565734863,19.662206649780273,-2.3495118618011475
25,-15,-122,8.986523628234863,-15.207226753234863,-1.024023413658142,-62,5,147,8.555859565734863,10.986719131469727,-3.2969727516174316
106,0,-165,6.038867473602295,-8.618066787719727,-2.186816453933716,-90,39,162,7.555761814117432,3.622363328933716,-2.5169923305511475
151,1,-158,4.727734565734863,-1.07666015625,-4.13916015625,-84,55,125,7.383496284484863,-2.359081983566284,-1.6173828840255737
57,-6,-90,4.541113376617432,4.660742282867432,-5.7421875,-33,28,53,7.354785442352295,-6.302051067352295,-0.559863269329071
-10,6,3,4.9287109375,4.13916015625,-5.086621284484863,59,-12,-22,7.412207126617432,-6.225488185882568,-1.2776367664337158
-35,27,86,4.254004001617432,3.158203125,-4.244433879852295,140,-29,-88,6.014941692352295,-2.717968702316284,-2.071972608566284
-108,20,152,2.75146484375,0.7464843988418579,-2.952441453933716,152,-39,-141,4.722949504852295,2.6270508766174316,-3.5218751430511475
-151,-11,181,4.09130859375,-8.61328125,-1.263281226158142,87,-53,-156,4.081738471984863,10.852734565734863,-2.3255860805511475
-60,-4,113,9.120508193969727,-22.38496208190918,0.18183593451976776,-6,-43,-81,6.10107421875,20.729297637939453,-5.804394721984863
-13,-18,-24,10.819238662719727,-25.179492950439453,-0.636425793170929,-64,-18,70,9.106152534484863,21.59541130065918,-5.249316692352295
19,-27,-148,8.91953182220459,-17.82470703125,-1.8087891340255737,-56,27,176,8.838183403015137,12.75244140625,-4.340137004852295
117,-6,-208,5.115332126617432,-8.933886528015137,-2.789746046066284,-115,59,194,7.541406631469727,4.794726848602295,-2.0576171875
184,-11,-179,4.04345703125,1.74658203125,-5.971875190734863,-122,48,141,7.857226848602295,-5.584277629852295,-2.119824171066284
68,-2,-58,4.28271484375,8.96738338470459,-6.727929592132568,-7,16,25,7.378711223602295,-9.97705078125,-1.4211914539337158
24,25,43,5.220605373382568,6.560449123382568,-6.062793254852295,30,-4,-64,6.67529296875,-6.713574409484863,-0.7464843988418579
-19,41,91,4.813867092132568,3.8089845180511475,-5.651269435882568,95,-1,-123,5.751758098602295,-3.9764649868011475,-3.6319336891174316
-146,24,125,3.598437547683716,-0.8326172232627869,-5.297168254852295,132,-9,-164,4.100879192352295,2.186816453933716,-2.9476563930511475
-160,6,139,5.158398628234863,-11.044140815734863,-2.3638672828674316,86,-24,-153,4.732519626617432,10.795312881469727,-2.784960985183716
-60,4,91,7.230370998382568,-19.676563262939453,0.11962890625,28,-32,-76,5.646484375,19.461231231689453,-3.048144578933716
25,-10,7,8.5654296875,-21.542774200439453,0.9857422113418579,15,-29,59,7.239941596984863,20.50439453125,-3.4979493618011475
18,-43,-99,8.737695693969727,-15.819726943969727,-0.19140625,-11,11,159,7.742383003234863,13.958300590515137,-2.957226514816284
66,-35,-165,7.790234565734863,-8.78076171875,-2.3399415016174316,-120,17,172,7.909863471984863,6.201562404632568,-3.25390625
126,-28,-161,6.613086223602295,-1.4451172351837158,-5.043554782867432,-107,24,149,7.751953125,-3.100781202316284,-2.84716796875
87,-10,-89,6.493457317352295,5.230175971984863,-6.321191310882568,-28,5,73,7.350000381469727,-6.637012004852295,-1.7083008289337158
9,15,-6,6.034081935882568,5.435937404632568,-5.067480564117432,23,3,-18,7.292578220367432,-6.775781154632568,-1.55517578125
-14,32,67,5.062695503234863,3.531445264816284,-5.522070407867432,61,-7,-98,6.852344036102295,-4.914355754852295,-2.526562452316284
-59,29,129,4.344922065734863,2.2490234375,-5.689550876617432,118,-22,-150,6.120214939117432,0.11962890625,-3.411816358566284
-142,15,170,4.038671970367432,-3.8568360805511475,-4.249218940734863,103,-12,-174,6.72314453125,6.19677734375,-3.5936524868011475
-111,5,158,6.732715129852295,-15.494336128234863,-2.837597608566284,27,-24,-154,6.536523342132568,14.556445121765137,-3.167773485183716
-26,10,73,8.364453315734863,-23.059667587280273,-0.15312500298023224,41,-20,-51,5.67041015625,18.662109375,-4.263574123382568
19,-20,-77,7.579687595367432,-19.5234375,0.756054699420929,17,1,81,6.775781154632568,18.86787223815918,-5.799609661102295
23,-47,-162,7.211230754852295,-11.350390434265137,-2.311230421066284,-89,37,157,6.258984565734863,11.350390434265137,-5.00048828125
75,-33,-176,6.287695407867432,-5.077050685882568,-4.177441596984863,-111,36,169,6.302051067352295,2.928515672683716,-3.1151368618011475
109,-1,-120,5.641699314117432,1.9954102039337158,-6.416894435882568,-57,1,116,7.005468845367432,-3.85205078125,-1.8805664777755737
71,29,-36,5.412011623382568,4.651172161102295,-6.402539253234863,-26,7,32,7.182519435882568,-5.656054973602295,-1.201074242591858
26,39,44,5.134472846984863,4.0673828125,-6.014941692352295,22,-14,-47,7.890722751617432,-5.71826171875,-2.095898389816284
-35,44,110,4.636816501617432,3.0146484375,-5.57470703125,109,-19,-102,7.77587890625,-3.2730469703674316,-4.033886909484863
-130,33,164,4.225293159484863,-1.789648413658142,-5.349804878234863,132,-7,-146,6.976758003234863,2.7275390625,-3.5888671875
-133,15,184,5.172753810882568,-12.44140625,-2.41650390625,68,-21,-147,6.943261623382568,11.010644912719727,-4.732519626617432
-45,20,117,5.699120998382568,-21.375293731689453,-0.40673828125,30,-6,-78,6.407324314117432,18.087890625,-5.866601467132568
14,-16,-31,5.469433784484863,-21.088184356689453,1.248925805091858,-7,21,43,6.43603515625,17.6572265625,-5.799609661102295
27,-46,-141,5.55078125,-14.604296684265137,-2.8232421875,-59,50,120,6.617871284484863,11.991601943969727,-4.684668064117432
60,-44,-169,5.785254001617432,-7.46484375,-4.431054592132568,-118,22,127,6.34033203125,5.4072265625,-2.8184571266174316
88,-24,-158,6.488671779632568,-2.5313477516174316,-5.105762004852295,-90,5,102,7.086816310882568,-0.7608398795127869,-1.693945288658142
82,0,-107,6.24462890625,2.6031250953674316,-5.569921970367432,-52,-10,52,8.005566596984863,-2.497851610183716,-0.69384765625
41,26,-21,6.19677734375,4.789941310882568,-5.971875190734863,-4,-15,0,8.933886528015137,-4.847363471984863,-2.27294921875
-5,40,71,5.6943359375,3.9860353469848633,-5.646484375,73,-12,-58,8.551074028015137,-3.6750001907348633,-3.268261671066284
-65,38,137,5.014843940734863,1.5168945789337158,-5.421582221984863,96,-11,-113,7.7998046875,-0.20097656548023224,-3.37353515625
-117,16,179,4.167870998382568,-6.407324314117432,-5.340234279632568,107,-11,-137,6.814062595367432,5.71826171875,-4.876074314117432
-92,8,133,5.412011623382568,-18.41328239440918,-0.6747070550918579,52,-16,-101,6.034081935882568,14.987110137939453,-3.80419921875
-11,-15,-9,6.086719036102295,-22.629003524780273,1.3876953125,9,-4,10,5.469433784484863,18.470703125,-6.153710842132568
22,-54,-129,6.814062595367432,-17.331836700439453,-1.0910156965255737,-19,4,120,6.302051067352295,15.054101943969727,-5.4072265625
56,-62,-176,6.828418254852295,-9.407617568969727,-3.3304688930511475,-85,25,154,7.268652439117432,7.388281345367432,-4.153515815734863
111,-34,-158,6.287695407867432,-1.45947265625,-6.038867473602295,-93,20,133,8.36923885345459,-2.0576171875,-2.598339796066284
88,8,-60,6.110644817352295,5.3115234375,-7.756738662719727,-21,12,51,7.818945407867432,-6.708789348602295,-1.4738281965255737
62,54,43,5.16796875,4.038671970367432,-7.436132907867432,9,3,-37,7.168164253234863,-6.378613471984863,-1.5791015625
9,83,111,3.383105516433716,2.885449171066284,-6.330761909484863,85,-18,-100,6.656152248382568,-4.115234375,-3.5888671875
-104,70,157,2.3160157203674316,-0.875683605670929,-5.16796875,117,-28,-140,6.479101657867432,2.4595704078674316,-4.387988567352295
-131,23,156,4.383203029632568,-13.599413871765137,-1.1580078601837158,45,-34,-127,7.216015815734863,12.049023628234863,-5.746972560882568
-52,-20,53,7.0341796875,-23.418554306030273,1.225000023841858,41,-28,-48,6.369042873382568,16.06855583190918,-6.852344036102295
-18,-48,-90,7.1298828125,-20.78193473815918,0.05742187798023224,0,8,49,6.732715129852295,16.815038681030273,-6.134570598602295
42,-37,-167,6.325976848602295,-13.015625,-2.545703172683716,-77,28,114,6.565234661102295,10.675683975219727,-4.880859375
85,-31,-161,5.871387004852295,-4.751660346984863,-5.522070407867432,-117,18,128,6.943261623382568,4.37841796875,-3.56494140625
64,-7,-118,6.359472751617432,0.0,-6.369042873382568,-95,3,112,7.2734375,-0.34453126788139343,-2.6796875
48,26,-62,6.019726753234863,3.4979493618011475,-6.359472751617432,-56,-14,65,8.833398818969727,-4.507617473602295,-2.7466797828674316
12,60,29,5.00048828125,4.201367378234863,-6.273339748382568,36,-1,-8,9.264062881469727,-5.679980754852295,-3.3543946743011475
-41,66,117,4.143945217132568,3.861621141433716,-5.823535442352295,69,2,-93,8.187402725219727,-4.2587890625,-2.9189453125
-129,56,185,3.430957078933716,-1.047949194908142,-6.359472751617432,116,-4,-160,6.464745998382568,0.32060548663139343,-3.8089845180511475
-132,42,204,4.115234375,-13.140039443969727,-3.000293016433716,101,-21,-168,5.321094036102295,9.943554878234863,-5.703906536102295
-52,48,119,4.699023723602295,-23.992773056030273,0.9666016101837158,36,-10,-84,4.971777439117432,17.518457412719727,-7.263867378234863
12,3,-60,4.90478515625,-22.83955192565918,2.5169923305511475,-50,26,33,5.545996189117432,18.887012481689453,-6.641797065734863
16,-55,-170,5.201465129852295,-14.800488471984863,-1.2824219465255737,-91,24,122,5.785254001617432,12.407910346984863,-5.737402439117432
49,-60,-195,5.368945598602295,-7.809375286102295,-3.51708984375,-105,15,152,6.144140720367432,5.4072265625,-3.311328172683716
107,-25,-164,5.124902248382568,-0.971386730670929,-6.211133003234863,-97,-4,132,7.483984470367432,-1.225000023841858,-2.335156202316284
105,16,-74,4.995703220367432,4.550683498382568,-7.962500095367432,-56,-1,65,8.005566596984863,-5.847461223602295,-1.9044922590255737
79,57,26,4.349707126617432,3.9190430641174316,-6.684863567352295,4,-9,-18,8.51279354095459,-6.450390815734863,-2.694042921066284
16,77,94,3.85205078125,3.8424806594848633,-5.986230373382568,66,-21,-83,7.067676067352295,-3.3783204555511475,-3.383105516433716
-139,49,156,3.196484327316284,0.875683605670929,-4.7373046875,102,-10,-131,6.450390815734863,1.5934571027755737,-4.895215034484863
-165,2,164,5.19189453125,-13.498926162719727,-1.8087891340255737,67,-15,-148,7.230370998382568,9.80478572845459,-4.411914348602295
-63,-15,77,8.220898628234863,-24.265527725219727,0.50244140625,42,-14,-85,6.359472751617432,16.901172637939453,-5.23974609375
6,-21,-69,7.613183975219727,-21.662403106689453,0.4354492127895355,-1,9,28,6.072363376617432,18.441991806030273,-4.947851657867432
59,-25,-142,6.440820217132568,-12.350488662719727,-3.0337891578674316,-74,13,100,6.129785060882568,11.59921932220459,-5.445508003234863
61,-24,-132,6.125,-4.636816501617432,-4.177441596984863,-90,14,118,7.000683784484863,5.321094036102295,-4.062597751617432
66,-3,-100,6.120214939117432,-0.636425793170929,-4.387988567352295,-93,3,104,7.68017578125,0.6986328363418579,-3.005078077316284
62,18,-49,5.545996189117432,2.765820264816284,-5.464648723602295,-86,4,56,8.316601753234863,-3.18212890625,-2.1341798305511475
22,28,22,4.9765625,3.622363328933716,-5.9814453125,-20,-3,-3,8.73291015625,-4.885644435882568,-2.9189453125
-60,37,91,4.588964939117432,2.784960985183716,-5.880957126617432,47,-9,-65,7.838086128234863,-2.933300733566284,-3.3448243141174316
-132,31,145,4.359277248382568,-1.7370117902755737,-5.086621284484863,92,-5,-118,6.450390815734863,0.59814453125,-3.6797852516174316
-99,21,162,5.345019817352295,-12.044238090515137,-3.430957078933716,88,-17,-145,5.967090129852295,7.550976753234863,-3.5936524868011475
-61,10,101,6.125,-22.892187118530273,-1.0623047351837158,63,-26,-104,5.684765815734863,15.62353515625,-5.608203411102295
-4,0,-62,6.402539253234863,-24.121973037719727,1.430761694908142,15,4,13,6.05322265625,20.595312118530273,-5.746972560882568
44,-25,-179,6.14892578125,-15.37949275970459,-2.091113328933716,-75,29,120,7.283008098602295,15.09238338470459,-5.292382717132568
67,-29,-193,6.306836128234863,-6.1728515625,-3.75634765625,-92,29,158,7.177734375,7.10595703125,-3.5362305641174316
101,-4,-159,5.890527248382568,-1.105371117591858,-5.2158203125,-92,24,140,7.08203125,0.55029296875,-2.6749024391174316
103,24,-82,5.234961032867432,5.14404296875,-6.876269817352295,-54,22,84,7.65625,-4.502831935882568,-2.8041017055511475
23,44,17,4.335351467132568,5.71826171875,-7.086816310882568,9,20,7,8.05820369720459,-6.407324314117432,-2.7945313453674316
-23,68,104,3.7802734375,3.8903322219848633,-5.991015911102295,64,7,-71,7.187304973602295,-4.42626953125,-2.8998048305511475
-87,63,164,3.076855421066284,1.502539038658142,-5.349804878234863,110,-4,-127,5.962304592132568,-0.49287110567092896,-2.6844727993011475
-141,50,188,3.5888671875,-8.838183403015137,-2.402148485183716,104,-12,-160,5.16796875,7.10595703125,-3.454882860183716
-66,16,136,5.010058879852295,-22.65771484375,0.8086914420127869,51,-44,-121,5.55078125,15.398633003234863,-4.239648342132568
-20,-24,-18,6.311621189117432,-25.586231231689453,3.4931640625,61,-24,5,6.38818359375,20.485254287719727,-6.345117092132568
0,-76,-164,6.4599609375,-17.518457412719727,0.23447266221046448,-48,23,126,7.048535346984863,16.8916015625,-6.426465034484863
21,-81,-222,6.503027439117432,-8.531933784484863,-3.268261671066284,-120,45,178,7.804590225219727,7.139453411102295,-5.029199123382568
92,-36,-196,5.842675685882568,-0.8086914420127869,-6.163281440734863,-107,22,155,6.986328125,-0.14833985269069672,-2.6988282203674316
99,20,-97,5.90966796875,6.349902629852295,-7.723242282867432,-52,21,87,7.263867378234863,-6.325976848602295,-1.559960961341858
54,61,15,5.124902248382568,6.593945503234863,-6.952832221984863,0,9,-18,7.684961318969727,-7.804590225219727,-1.5456055402755737
-9,77,107,3.119921922683716,4.76123046875,-5.904882907867432,67,-11,-109,6.445605754852295,-4.947851657867432,-2.775390625
-111,55,175,1.320703148841858,0.93310546875,-5.593847751617432,128,-27,-160,5.330664157867432,0.5263671875,-2.9859375953674316
-149,31,213,1.98583984375,-8.962597846984863,-3.627148389816284,88,-30,-172,5.091406345367432,9.000879287719727,-4.120019435882568
-37,19,163,5.421582221984863,-22.27490234375,0.98095703125,24,-42,-116,5.278027534484863,16.3173828125,-5.148828029632568
6,-20,6,7.378711223602295,-25.90205192565918,3.483593702316284,28,-20,5,6.158496379852295,19.293750762939453,-6.57958984375
-11,-69,-146,6.928906440734863,-17.044727325439453,-0.0478515625,-34,20,116,6.584374904632568,14.76220703125,-6.3642578125
22,-66,-200,5.90966796875,-9.154004096984863,-3.46923828125,-81,42,165,7.431347846984863,7.3212890625,-5.081836223602295
85,-30,-175,4.938281536102295,-2.4452149868011475,-5.38330078125,-92,29,150,6.924121379852295,1.406835913658142,-2.9189453125
73,8,-106,5.1201171875,3.8664064407348633,-6.881054878234863,-64,14,93,6.641797065734863,-2.880664110183716,-1.823144555091858
16,31,-17,4.789941310882568,3.9716796875,-5.876172065734863,-27,2,21,7.986425876617432,-4.7373046875,-1.7609375715255737
-8,42,66,4.392773628234863,3.0912110805511475,-5.71826171875,34,-18,-51,8.125195503234863,-4.239648342132568,-2.138964891433716
-52,36,134,3.411816358566284,1.5168945789337158,-5.660840034484863,85,-32,-113,6.981543064117432,-1.4499024152755737,-2.473925828933716
-122,30,184,3.3304688930511475,-2.928515672683716,-5.1201171875,93,-27,-157,6.431250095367432,3.8568360805511475,-3.2012696266174316
-111,13,198,5.493359565734863,-15.341211318969727,-2.775390625,30,-38,-154,6.416894435882568,10.771387100219727,-5.053124904632568
-3,15,105,5.995800971984863,-25.49531364440918,1.105371117591858,21,-29,-85,5.828320503234863,16.848535537719727,-6.995898723602295
7,-26,-81,6.115429878234863,-21.585840225219727,0.07177734375,1,21,43,5.76611328125,18.619043350219727,-7.144238471984863
1,-55,-194,5.919238567352295,-14.245409965515137,-3.7037110328674316,-65,44,141,7.574902534484863,12.38877010345459,-6.297265529632568
57,-32,-222,4.478906154632568,-6.598730564117432,-4.861718654632568,-85,41,168,6.177636623382568,5.641699314117432,-3.2251954078674316
115,0,-186,4.110449314117432,0.24882812798023224,-6.2685546875,-75,24,152,6.187207221984863,-0.9618164300918579,-2.0528321266174316
59,27,-78,4.325781345367432,6.230273723602295,-6.560449123382568,-8,10,70,7.091601848602295,-5.847461223602295,-2.071972608566284
25,48,36,3.9142580032348633,4.009961128234863,-5.589062690734863,7,-2,-22,7.65625,-4.756445407867432,-1.6413086652755737
31,57,122,3.4022462368011475,3.0098633766174316,-4.703808784484863,47,-20,-91,7.311718940734863,-3.5458009243011475,-2.7945313453674316
-63,40,181,2.4404296875,0.7225586175918579,-5.225390911102295,119,-28,-139,5.723046779632568,0.18183593451976776,-2.5552735328674316
-145,16,207,4.28271484375,-10.225878715515137,-1.72265625,96,-42,-159,6.00537109375,7.641894817352295,-4.842578411102295
-25,8,139,7.287793159484863,-23.46162223815918,0.861328125,20,-44,-128,6.335546970367432,14.642578125,-6.206347942352295
17,-12,-15,7.015038967132568,-22.715137481689453,1.751367211341858,22,-7,-20,6.034081935882568,18.30322265625,-7.771093845367432
-6,-56,-138,5.254101753234863,-15.154590606689453,-1.02880859375,-21,32,92,6.287695407867432,14.982324600219727,-6.933691501617432
9,-56,-177,5.005273342132568,-8.22568416595459,-3.9764649868011475,-77,52,148,6.19677734375,9.1875,-5.134472846984863
27,-21,-159,5.373730659484863,-3.5888671875,-5.081836223602295,-78,33,151,6.263769626617432,3.0625,-3.263476610183716
71,10,-121,5.440722942352295,0.01435546949505806,-5.139257907867432,-75,9,118,6.804492473602295,-0.5933594107627869,-1.7609375715255737
55,31,-52,5.440722942352295,2.928515672683716,-5.316308498382568,-56,8,60,7.881152629852295,-3.9860353469848633,-2.0767579078674316
0,36,37,5.1201171875,3.574511766433716,-5.57470703125,-9,-9,-15,8.6611328125,-5.756543159484863,-1.9044922590255737
-44,35,115,4.909570217132568,1.727441430091858,-4.990918159484863,63,-25,-87,7.3212890625,-3.42138671875,-2.167675733566284
-95,24,177,4.718163967132568,-2.3016602993011475,-5.038769721984863,88,-34,-145,7.144238471984863,0.02871093899011612,-3.172558546066284
-88,17,195,4.780371189117432,-11.771484375,-2.909374952316284,99,-43,-170,6.206347942352295,7.651464939117432,-6.48388671875
-29,22,104,4.947851657867432,-21.3896484375,0.49287110567092896,22,-17,-119,4.684668064117432,17.2744140625,-8.048632621765137
10,-17,-53,6.416894435882568,-22.00214958190918,1.0862305164337158,-28,24,12,5.517285346984863,19.528223037719727,-7.795019626617432
-10,-59,-148,7.751953125,-14.87705135345459,-2.000195264816284,-54,38,124,6.804492473602295,13.742968559265137,-5.632129192352295
39,-24,-175,7.10595703125,-7.6083984375,-3.89990234375,-91,39,160,6.402539253234863,6.981543064117432,-3.5362305641174316
76,8,-159,5.804394721984863,-1.670019507408142,-5.402441501617432,-106,31,148,7.216015815734863,0.2679687440395355,-2.545703172683716
63,32,-94,4.895215034484863,2.9237306118011475,-7.24951171875,-67,24,89,7.622754096984863,-4.445410251617432,-2.426074266433716
19,58,-14,4.057812690734863,3.5697267055511475,-5.660840034484863,-3,12,7,7.65625,-6.258984565734863,-2.454785108566284
-15,53,69,3.4883790016174316,3.4644532203674316,-4.914355754852295,61,1,-67,7.2255859375,-4.852148532867432,-2.0384767055511475
-104,28,142,3.2491211891174316,1.5216797590255737,-4.421484470367432,119,-15,-135,6.450390815734863,-1.53125,-1.8375000953674316
-96,-5,180,4.828222751617432,-9.843066215515137,-2.904589891433716,123,-47,-167,6.249413967132568,6.426465034484863,-3.89990234375
-32,0,128,6.646582126617432,-19.27461051940918,-0.0047851563431322575,63,-50,-126,6.010156154632568,16.039844512939453,-6.345117092132568
10,-16,-18,7.383496284484863,-22.973535537719727,1.502539038658142,-12,1,3,5.555566310882568,20.78193473815918,-7.957715034484863
24,-44,-147,7.6083984375,-15.968067169189453,-1.813574194908142,-60,28,124,6.369042873382568,14.9775390625,-6.43603515625
28,-42,-189,7.68017578125,-8.091699600219727,-3.579296827316284,-97,43,173,7.2734375,7.10595703125,-4.277929782867432
72,3,-176,6.871484279632568,-0.98095703125,-5.124902248382568,-119,32,155,7.3212890625,-0.3397460877895355,-2.641406297683716
81,35,-86,5.636914253234863,5.751758098602295,-6.383398532867432,-63,33,91,7.460058689117432,-5.804394721984863,-1.5216797590255737
20,65,21,4.340137004852295,6.412109375,-6.34033203125,8,17,0,7.646679878234863,-8.11083984375,-1.9044922590255737
-30,70,117,2.94287109375,4.191796779632568,-5.273242473602295,76,-5,-90,6.48388671875,-5.7900390625,-1.5695313215255737
-108,54,178,2.263378858566284,0.5550781488418579,-5.2158203125,116,-27,-158,5.52685546875,-0.8661133050918579,-2.0767579078674316
-103,21,203,3.813769578933716,-13.288378715515137,-1.60302734375,109,-55,-179,5.196679592132568,8.795117378234863,-3.8233399391174316
-23,7,94,6.139355659484863,-23.586034774780273,2.933300733566284,66,-53,-109,5.57470703125,18.619043350219727,-7.699316501617432
-11,-53,-71,7.637109756469727,-21.93994140625,3.2251954078674316,-1,0,40,6.756640911102295,20.978124618530273,-7.694531440734863
-7,-73,-173,7.84765625,-14.35546875,-1.6604492664337158,-76,34,147,6.957617282867432,13.876953125,-6.861914157867432
45,-44,-187,6.900195598602295,-6.206347942352295,-4.4501953125,-104,47,182,6.794921875,4.986133098602295,-3.46923828125
89,10,-141,6.503027439117432,2.138964891433716,-6.876269817352295,-101,26,144,7.3212890625,-3.095996141433716,-1.9475586414337158
53,40,-36,4.971777439117432,5.416797161102295,-5.593847751617432,-45,20,56,6.876269817352295,-6.603515625,-0.861328125
8,58,58,3.89990234375,5.440722942352295,-5.172753810882568,18,-4,-38,7.455273628234863,-7.675390720367432,-2.354296922683716
-49,48,137,3.263476610183716,3.1294922828674316,-5.134472846984863,98,-19,-114,6.660937786102295,-4.895215034484863,-2.41650390625
-134,24,184,3.5697267055511475,-2.5887696743011475,-4.2587890625,131,-39,-166,6.062793254852295,1.53125,-3.1869142055511475
-95,4,168,5.206250190734863,-17.350976943969727,-2.354296922683716,94,-53,-160,5.62255859375,10.876660346984863,-5.890527248382568
-14,2,62,6.177636623382568,-25.203418731689453,1.7609375715255737,19,-23,-77,7.019824504852295,18.44677734375,-8.25439453125
29,-38,-76,6.029296875,-19.399023056030273,0.995312511920929,-4,11,43,6.392968654632568,17.327051162719727,-7.402637004852295
39,-56,-151,6.584374904632568,-11.680566787719727,-2.9955079555511475,-59,33,114,7.158593654632568,11.450879096984863,-5.306738376617432
64,-36,-163,6.780566692352295,-5.641699314117432,-4.488476753234863,-92,37,136,7.3212890625,4.397558689117432,-3.4883790016174316
68,-3,-147,6.191992282867432,0.04306640848517418,-5.306738376617432,-90,31,113,7.804590225219727,-0.49287110567092896,-1.765722632408142
38,16,-82,5.727832317352295,3.191699266433716,-5.278027534484863,-56,16,54,7.58447265625,-4.167870998382568,-1.550390601158142
-5,28,-4,4.890429973602295,4.344922065734863,-4.679883003234863,-12,0,-13,7.914648532867432,-4.277929782867432,-2.091113328933716
-58,18,82,4.407128810882568,3.6319336891174316,-4.33056640625,45,-17,-76,7.637109756469727,-3.5218751430511475,-2.1102540493011475
-105,-4,153,4.603320598602295,-1.052734375,-4.254004001617432,89,-32,-125,6.91455078125,1.478613257408142,-3.2108399868011475
-57,-11,174,6.589160442352295,-11.962890625,-4.115234375,57,-26,-139,7.15380859375,8.216113090515137,-4.804296970367432
2,24,101,7.718457221984863,-20.078516006469727,-0.5694336295127869,59,-13,-90,5.593847751617432,16.556640625,-6.062793254852295
37,1,-43,8.08212947845459,-19.99238395690918,0.83740234375,-20,17,20,6.05322265625,18.193164825439453,-6.565234661102295
49,-27,-139,7.565332412719727,-13.029980659484863,-1.430761694908142,-60,28,108,7.220800876617432,12.84335994720459,-4.756445407867432
61,-26,-155,7.144238471984863,-5.924023628234863,-2.966796875,-81,20,144,7.34521484375,5.842675685882568,-2.84716796875
52,-9,-125,5.474218845367432,0.6029297113418579,-4.502831935882568,-94,17,128,7.503125190734863,-0.09091796725988388,-1.4977539777755737
42,7,-41,4.871289253234863,3.268261671066284,-5.780468940734863,-41,7,66,7.479199409484863,-5.507714748382568,-2.162890672683716
6,24,28,4.239648342132568,3.923828125,-5.301953315734863,31,1,-23,7.158593654632568,-5.196679592132568,-1.9954102039337158
-68,13,94,4.196582317352295,2.813671827316284,-5.163183689117432,76,-14,-98,6.560449123382568,-3.4261720180511475,-2.904589891433716
-114,-3,135,5.780468940734863,-3.3783204555511475,-4.100879192352295,117,-24,-149,6.373828411102295,1.9523438215255737,-4.297070503234863
-57,-6,146,8.211328506469727,-13.70468807220459,-3.340039014816284,63,-30,-158,6.943261623382568,11.47959041595459,-5.756543159484863
-12,15,74,8.546289443969727,-22.566797256469727,-0.13876953721046448,45,-17,-74,5.412011623382568,19.470800399780273,-7.278222560882568
56,0,-78,7.527050971984863,-19.317676544189453,0.6268554925918579,-13,37,70,5.531640529632568,18.96357536315918,-5.679980754852295
64,-24,-159,7.101171970367432,-10.59912109375,-3.363964796066284,-88,43,156,6.589160442352295,10.847949028015137,-5.751758098602295
59,-20,-155,6.392968654632568,-3.694140672683716,-4.990918159484863,-115,23,164,6.924121379852295,3.340039014816284,-2.8519532680511475
80,8,-103,5.880957126617432,2.48828125,-5.38330078125,-91,21,120,7.8955078125,-3.9764649868011475,-2.3399415016174316
35,37,-19,5.005273342132568,5.2158203125,-5.455078125,-17,25,31,7.761523723602295,-6.780566692352295,-0.98095703125
-18,42,78,3.407031297683716,4.90478515625,-4.995703220367432,52,0,-59,6.890625,-6.330761909484863,-1.5647461414337158
-88,26,149,2.670117139816284,1.8279297351837158,-4.478906154632568,107,-31,-127,5.368945598602295,-2.4834961891174316,-1.488183617591858
-122,15,196,3.316113233566284,-5.158398628234863,-3.6558594703674316,126,-48,-160,5.139257907867432,4.110449314117432,-5.220605373382568
-89,4,178,5.823535442352295,-18.810449600219727,-0.3062500059604645,38,-44,-147,6.493457317352295,12.661523818969727,-5.397656440734863
5,-2,56,7.522265911102295,-27.1796875,1.0144531726837158,30,-35,-57,6.153710842132568,18.8056640625,-6.325976848602295
1,-40,-107,7.015038967132568,-20.585742950439453,-0.23447266221046448,-1,-5,70,6.909765720367432,18.714746475219727,-7.63232421875
10,-40,-197,5.828320503234863,-12.53232479095459,-2.9237306118011475,-88,34,159,6.790136814117432,11.666211128234863,-5.71826171875
105,1,-216,3.6750001907348633,-3.9908204078674316,-4.847363471984863,-108,44,169,6.5556640625,4.024316310882568,-4.053027629852295
118,4,-142,3.9764649868011475,3.8951172828674316,-6.981543064117432,-114,32,130,7.08203125,-2.2442383766174316,-2.430859327316284
15,20,-32,4.445410251617432,6.29248046875,-5.5029296875,-36,14,50,7.101171970367432,-6.995898723602295,-2.12939453125
-22,35,68,3.8568360805511475,4.42626953125,-5.0244140625,36,-3,-35,7.311718940734863,-6.254199504852295,-1.1484375
-69,25,149,3.215625047683716,2.450000047683716,-5.258886814117432,109,-27,-111,6.311621189117432,-3.0577149391174316,-2.2538087368011475
-127,3,196,4.459765911102295,-5.4072265625,-4.172656536102295,106,-46,-162,6.019726753234863,3.3687500953674316,-3.5601563453674316
-44,9,166,7.172949314117432,-17.810352325439453,-3.18212890625,76,-53,-158,6.10107421875,10.85752010345459,-5.991015911102295
13,6,48,7.330859661102295,-24.80146598815918,2.3399415016174316,33,-25,-78,5.608203411102295,19.207616806030273,-9.30234432220459
38,-32,-110,6.402539253234863,-17.819921493530273,0.6890625357627869,-39,28,52,5.617773532867432,17.36054801940918,-7.531836032867432
50,-54,-163,6.426465034484863,-10.651758193969727,-2.5791993141174316,-74,45,136,6.230273723602295,11.12548828125,-5.445508003234863
60,-38,-156,6.239843845367432,-4.148730754852295,-4.397558689117432,-94,18,148,6.412109375,4.59375,-2.9715821743011475
90,-2,-113,6.526953220367432,0.32539063692092896,-5.818749904632568,-84,10,122,7.962500095367432,-0.8086914420127869,-1.41162109375
45,25,-40,5.273242473602295,4.225293159484863,-5.751758098602295,-49,6,66,8.196972846984863,-4.407128810882568,-1.435546875
-21,35,41,4.320996284484863,3.1294922828674316,-5.297168254852295,17,0,-16,8.08212947845459,-5.880957126617432,-2.0528321266174316
-62,35,105,4.335351467132568,2.0863282680511475,-5.2158203125,73,-18,-91,6.53173828125,-3.861621141433716,-2.167675733566284
-116,29,150,5.043554782867432,-3.51708984375,-3.9860353469848633,75,-29,-147,6.134570598602295,2.4595704078674316,-3.89990234375
-76,16,159,5.823535442352295,-14.365038871765137,-1.263281226158142,45,-17,-143,7.278222560882568,11.010644912719727,-5.775683879852295
-11,12,83,5.498144626617432,-23.633886337280273,2.6749024391174316,37,4,-58,7.115527629852295,18.513769149780273,-6.469531536102295
37,-39,-77,6.498242378234863,-21.265233993530273,1.9044922590255737,-28,38,72,6.455175876617432,18.810449600219727,-5.110547065734863
45,-73,-170,7.383496284484863,-11.800195693969727,-2.5887696743011475,-87,33,162,6.986328125,11.235547065734863,-3.6319336891174316
45,-46,-187,6.306836128234863,-4.014746189117432,-5.268456935882568,-101,14,171,7.091601848602295,2.5313477516174316,-2.5887696743011475
69,3,-142,5.866601467132568,1.1388672590255737,-6.871484279632568,-99,16,136,6.957617282867432,-2.8519532680511475,-1.9571290016174316
33,50,-60,5.029199123382568,6.201562404632568,-6.976758003234863,-23,14,55,7.531836032867432,-9.197070121765137,-2.952441453933716
-47,66,44,3.541015625,5.7900390625,-6.321191310882568,72,4,-51,7.163379192352295,-7.330859661102295,-1.6748046875
-104,57,140,2.2059571743011475,3.268261671066284,-5.043554782867432,99,-24,-145,6.5078125,-4.057812690734863,-2.3877930641174316
-122,48,198,2.593554735183716,-6.369042873382568,-2.6988282203674316,115,-37,-197,4.59375,4.038671970367432,-2.406933546066284
-35,33,170,5.033984661102295,-19.652637481689453,1.047949194908142,68,-47,-170,5.091406345367432,15.28378963470459,-7.172949314117432
25,0,56,5.876172065734863,-25.404394149780273,4.105664253234863,39,-20,-49,6.086719036102295,20.490039825439453,-7.134667873382568
20,-63,-93,6.373828411102295,-18.50898551940918,2.143749952316284,-13,26,78,7.096386909484863,16.838964462280273,-6.680078029632568
58,-83,-167,7.019824504852295,-11.115918159484863,-1.5647461414337158,-126,38,144,7.842871189117432,10.45556640625,-4.349707126617432
95,-62,-178,6.857129096984863,-3.7611329555511475,-4.574609279632568,-157,23,158,6.857129096984863,2.8041017055511475,-3.048144578933716
73,-26,-149,6.761425971984863,0.3349609375,-6.31640625,-129,9,139,6.86669921875,-2.043261766433716,-1.2584961652755737
34,17,-93,6.249413967132568,5.163183689117432,-7.268652439117432,-63,-3,74,7.522265911102295,-7.517480850219727,-2.7275390625
-27,50,11,4.397558689117432,5.809179782867432,-6.632226467132568,33,-2,-23,7.737597942352295,-7.541406631469727,-2.1533203125
-71,59,117,2.545703172683716,4.847363471984863,-5.426367282867432,97,-20,-117,6.881054878234863,-5.019629001617432,-2.263378858566284
-145,36,203,1.8853516578674316,-0.3301757872104645,-4.636816501617432,142,-29,-184,4.632031440734863,1.679589867591858,-2.4930665493011475
-131,12,211,4.598535060882568,-16.097265243530273,-0.9283203482627869,94,-42,-186,4.861718654632568,12.977343559265137,-5.249316692352295
-30,-3,91,7.254296779632568,-28.87841796875,1.9810547828674316,21,-36,-91,5.809179782867432,20.533105850219727,-7.330859661102295
29,-42,-91,7.326074123382568,-22.088281631469727,2.191601514816284,7,9,59,6.220703125,19.485157012939453,-5.5029296875
63,-67,-184,6.2685546875,-11.55136775970459,-2.550488233566284,-70,38,141,7.445703506469727,11.584863662719727,-5.488574504852295
105,-54,-174,5.392871379852295,-3.2012696266174316,-5.842675685882568,-130,23,145,7.976855754852295,3.6797852516174316,-3.75634765625
97,-24,-121,5.938378810882568,1.3015625476837158,-6.029296875,-83,18,123,7.862011909484863,-1.6125977039337158,-2.024121046066284
48,7,-53,5.876172065734863,4.995703220367432,-6.847558498382568,-44,17,66,7.952929973602295,-5.938378810882568,-1.392480492591858
-11,33,36,4.699023723602295,4.172656536102295,-6.129785060882568,39,12,-10,7.220800876617432,-5.6943359375,-1.143652319908142
-56,42,111,3.85205078125,2.7227540016174316,-6.091504096984863,87,-20,-91,6.517383098602295,-4.04345703125,-1.98583984375
-120,38,169,4.268359661102295,-1.488183617591858,-4.722949504852295,131,-48,-153,5.148828029632568,0.827832043170929,-3.85205078125
-119,33,165,6.598730564117432,-12.240429878234863,-1.105371117591858,99,-41,-159,5.589062690734863,10.97714900970459,-5.737402439117432
-61,10,90,7.96728515625,-24.724903106689453,0.8182617425918579,25,-23,-83,6.881054878234863,18.800878524780273,-7.311718940734863
1,-18,-61,7.091601848602295,-23.600391387939453,1.1340820789337158,15,14,49,7.3212890625,18.910938262939453,-5.67041015625
34,-43,-173,5.522070407867432,-13.685546875,-2.067187547683716,-45,44,148,7.46484375,12.001172065734863,-5.148828029632568
103,-33,-182,4.33056640625,-5.278027534484863,-5.263671875,-121,35,154,7.378711223602295,4.890429973602295,-3.8185548782348633
129,-21,-127,4.416699409484863,1.98583984375,-6.871484279632568,-98,23,132,6.861914157867432,-0.9761719107627869,-2.22509765625
66,3,-41,4.909570217132568,6.010156154632568,-6.220703125,-52,-3,75,7.330859661102295,-5.584277629852295,-1.5647461414337158
8,29,45,5.010058879852295,5.053124904632568,-5.9814453125,16,-5,0,7.838086128234863,-6.211133003234863,-1.6652344465255737
-30,36,120,4.191796779632568,3.7994141578674316,-5.230175971984863,62,-26,-79,7.622754096984863,-5.062695503234863,-2.402148485183716
-116,28,180,3.42138671875,-0.83740234375,-5.402441501617432,97,-42,-146,6.680078029632568,-1.2919921875,-3.454882860183716
-138,33,199,4.957421779632568,-11.685351371765137,-3.46923828125,97,-38,-178,5.522070407867432,5.914453029632568,-5.388085842132568
-41,34,127,5.708691596984863,-24.509571075439453,-1.320703148841858,26,-45,-145,5.828320503234863,15.231152534484863,-6.933691501617432
11,9,-21,5.947949409484863,-24.366016387939453,0.7225586175918579,12,-11,-33,6.297265529632568,20.12158203125,-6.479101657867432
10,-27,-147,5.6943359375,-16.81982421875,-1.272851586341858,-48,13,96,7.34521484375,16.398731231689453,-6.158496379852295
70,-24,-186,5.057910442352295,-8.41709041595459,-3.0433595180511475,-100,23,156,6.689648628234863,9.149218559265137,-4.813867092132568
110,-15,-170,4.746875286102295,-2.1963868141174316,-4.866504192352295,-105,17,163,6.321191310882568,2.1533203125,-3.5936524868011475
96,-2,-108,4.488476753234863,3.2347657680511475,-5.799609661102295,-91,0,121,6.857129096984863,-2.761035203933716,-2.7275390625
30,17,-27,4.3544921875,4.651172161102295,-6.05322265625,-57,1,58,7.134667873382568,-6.4599609375,-2.765820264816284
0,33,64,4.220508098602295,5.278027534484863,-6.67529296875,44,-10,-26,7.340429782867432,-7.096386909484863,-3.6175782680511475
-103,32,150,3.4883790016174316,4.000390529632568,-6.416894435882568,107,-16,-117,6.77099609375,-4.584179878234863,-3.9190430641174316
-152,9,233,2.7323243618011475,-4.368847846984863,-6.986328125,133,-17,-195,5.928808689117432,0.02392578125,-4.699023723602295
-91,39,222,3.0146484375,-21.002050399780273,-2.6270508766174316,156,-51,-209,3.5218751430511475,13.0634765625,-4.584179878234863
7,16,47,4.0673828125,-31.074806213378906,5.55078125,-24,-22,-96,6.565234661102295,20.777149200439453,-9.048730850219727
6,-52,-115,4.780371189117432,-22.413671493530273,1.942773461341858,-47,49,60,6.134570598602295,19.174121856689453,-7.603613376617432
69,-79,-190,5.04833984375,-15.757519721984863,-2.976367235183716,-51,44,148,6.426465034484863,12.527539253234863,-6.31640625
105,-37,-215,5.033984661102295,-5.770898342132568,-7.230370998382568,-121,44,171,7.005468845367432,5.435937404632568,-4.263574123382568
75,13,-164,5.349804878234863,1.1388672590255737,-6.766211032867432,-137,44,143,7.292578220367432,-1.703515648841858,-4.598535060882568
51,37,-114,4.507617473602295,2.9141602516174316,-5.249316692352295,-111,45,91,7.163379192352295,-3.651074171066284,-2.689257860183716
2,27,-48,4.890429973602295,3.2251954078674316,-5.244531154632568,-86,21,47,8.01035213470459,-4.09130859375,-2.880664110183716
-53,19,10,7.029394626617432,1.430761694908142,-4.842578411102295,9,-10,18,8.0390625,-2.0576171875,-0.894824206829071
-59,12,49,7.445703506469727,-0.18183593451976776,-4.85693359375,66,-18,-6,8.665918350219727,-1.526464819908142,-1.1149414777755737
-72,26,85,5.857031345367432,0.05742187798023224,-5.823535442352295,112,-41,-59,8.06298828125,-1.9092774391174316,-1.765722632408142
-108,29,134,4.182226657867432,-1.823144555091858,-5.876172065734863,138,-75,-121,5.292382717132568,0.3158203065395355,-1.1867188215255737
-129,28,177,2.6031250953674316,-4.885644435882568,-3.8424806594848633,109,-94,-179,2.497851610183716,4.837792873382568,-2.94287109375
-143,-9,179,-0.588574230670929,-11.249902725219727,3.0146484375,-28,-141,-147,0.12441406399011612,15.704883575439453,-9.441113471984863
36,-60,80,5.7900390625,-23.227148056030273,-1.53125,-7,1,-77,5.321094036102295,18.264942169189453,-8.49365234375
19,-95,-53,9.053515434265137,-21.011621475219727,-2.8663086891174316,-7,-18,36,7.6083984375,19.049707412719727,-7.483984470367432
14,-74,-156,9.388476371765137,-13.37451171875,-6.321191310882568,-53,-28,117,8.354883193969727,13.987011909484863,-7.163379192352295
57,-2,-190,8.34531307220459,-7.196875095367432,-7.311718940734863,-103,19,169,7.732812881469727,7.82373046875,-6.239843845367432
77,38,-169,6.660937786102295,-1.8327149152755737,-6.7470703125,-129,52,188,6.833203315734863,1.6843750476837158,-4.416699409484863
64,38,-107,5.254101753234863,1.9140625,-6.373828411102295,-83,44,148,6.656152248382568,-5.349804878234863,-3.89990234375
24,31,-29,4.751660346984863,3.5218751430511475,-6.273339748382568,38,29,57,6.928906440734863,-7.6083984375,-2.4117188453674316
-4,46,42,4.201367378234863,3.2347657680511475,-5.943164348602295,96,-1,-37,6.38818359375,-7.311718940734863,-2.4930665493011475
-16,66,113,3.2826173305511475,1.464257836341858,-5.723046779632568,141,-28,-125,4.493261814117432,-3.7611329555511475,-3.119921922683716
-66,65,167,2.1485352516174316,-0.655566394329071,-5.536426067352295,146,-55,-196,3.005078077316284,2.335156202316284,-5.38330078125
-115,39,195,3.335253953933716,-10.95322322845459,-1.320703148841858,43,-65,-192,4.024316310882568,16.035058975219727,-8.2783203125
-66,2,99,6.249413967132568,-25.107715606689453,2.737109422683716,-4,-21,-73,6.00537109375,21.815526962280273,-9.340624809265137
-30,-47,-41,8.737695693969727,-22.652929306030273,2.000195264816284,-58,-8,72,6.780566692352295,18.977930068969727,-7.852441787719727
10,-39,-153,8.9482421875,-15.460840225219727,-2.10546875,-119,4,166,7.029394626617432,10.431640625,-6.278125286102295
75,-18,-184,6.67529296875,-6.9384765625,-5.234961032867432,-125,25,192,7.388281345367432,2.3495118618011475,-4.646386623382568
79,-1,-162,5.316308498382568,-1.000097632408142,-6.426465034484863,-88,38,148,7.517480850219727,-3.9764649868011475,-3.2347657680511475
62,13,-89,4.124804973602295,3.6989259719848633,-5.823535442352295,-15,41,60,7.474414348602295,-6.780566692352295,-2.019335985183716
25,23,11,3.6893556118011475,4.167870998382568,-6.115429878234863,56,24,-26,7.206445217132568,-7.541406631469727,-2.6126954555511475
-1,28,105,3.2012696266174316,2.79931640625,-6.4599609375,125,-20,-98,5.316308498382568,-3.7515625953674316,-2.5074219703674316
-19,51,164,3.6415040493011475,0.39716798067092896,-6.4599609375,152,-52,-151,4.66552734375,0.22011719644069672,-4.47412109375
-106,45,197,5.16796875,-7.359570503234863,-4.47412109375,99,-67,-174,5.435937404632568,10.876660346984863,-8.479296684265137
-95,51,139,7.436132907867432,-20.652734756469727,1.8040039539337158,-6,-14,-104,5.737402439117432,20.80586051940918,-8.412304878234863
-43,26,-8,6.943261623382568,-25.945117950439453,4.71337890625,-69,19,47,6.263769626617432,20.580957412719727,-6.924121379852295
-20,-40,-132,6.239843845367432,-17.652441024780273,-0.516796886920929,-106,8,148,6.014941692352295,12.77158260345459,-6.2685546875
10,-37,-187,4.914355754852295,-9.747363090515137,-4.13916015625,-125,0,174,5.761328220367432,6.10107421875,-4.230078220367432
86,-16,-191,3.0816407203674316,-2.8519532680511475,-4.8330078125,-136,11,154,7.483984470367432,-1.526464819908142,-3.5362305641174316
97,-1,-138,3.287402391433716,4.115234375,-6.512597560882568,-72,25,82,7.943359375,-7.665820598602295,-2.6270508766174316
32,6,-37,4.2109375,5.947949409484863,-6.526953220367432,26,18,-11,7.20166015625,-9.646875381469727,-2.761035203933716
9,16,66,4.718163967132568,4.986133098602295,-7.177734375,113,-10,-97,5.67041015625,-6.330761909484863,-2.51220703125
-36,21,147,4.387988567352295,2.60791015625,-6.163281440734863,174,-41,-163,4.469336032867432,-1.358984351158142,-3.6797852516174316
-69,26,207,4.588964939117432,-2.6988282203674316,-5.258886814117432,141,-73,-196,4.13916015625,7.493555068969727,-6.19677734375
-88,30,207,5.158398628234863,-13.68076229095459,-1.7083008289337158,30,-53,-162,3.9381837844848633,17.355762481689453,-9.287988662719727
-42,18,91,5.306738376617432,-25.246484756469727,2.330371141433716,-17,-12,-15,3.9716796875,22.021289825439453,-8.407519340515137
-11,-31,-75,6.5556640625,-21.944726943969727,-0.655566394329071,-41,4,127,4.679883003234863,16.566211700439453,-6.952832221984863
-16,-48,-153,6.943261623382568,-13.85302734375,-3.8951172828674316,-93,-4,172,6.689648628234863,10.2880859375,-5.565136909484863
43,-14,-186,5.086621284484863,-5.86181640625,-4.670312404632568,-129,22,171,7.852441787719727,3.2826173305511475,-4.37841796875
97,9,-159,4.588964939117432,-0.74169921875,-5.995800971984863,-147,36,139,7.637109756469727,-1.8087891340255737,-3.5601563453674316
94,23,-96,4.679883003234863,3.03857421875,-6.780566692352295,-60,36,83,7.699316501617432,-6.43603515625,-3.531445264816284
45,24,-4,4.435840129852295,4.349707126617432,-6.096289157867432,47,17,4,6.957617282867432,-7.125097751617432,-2.5169923305511475
-5,26,84,4.694238185882568,2.6366212368011475,-6.058007717132568,126,-7,-85,6.153710842132568,-5.33544921875,-3.1055665016174316
-52,22,148,4.995703220367432,1.7083008289337158,-5.23974609375,160,-40,-152,5.010058879852295,-1.057519555091858,-4.057812690734863
-100,25,196,5.713476657867432,-4.80908203125,-5.38330078125,131,-82,-188,4.981347560882568,7.790234565734863,-7.3212890625
-112,42,171,6.632226467132568,-15.88671875,-2.0767579078674316,38,-45,-135,5.880957126617432,17.10693359375,-8.32138729095459
-36,47,51,6.5078125,-24.4521484375,0.11484375596046448,-26,4,5,6.139355659484863,21.27001953125,-8.886034965515137
-9,7,-95,6.775781154632568,-20.60009765625,-1.72265625,-58,18,120,6.565234661102295,16.67626953125,-7.364355564117432
-13,-1,-184,6.373828411102295,-13.240527153015137,-3.340039014816284,-103,40,158,6.354687690734863,9.264062881469727,-5.029199123382568
50,18,-218,4.565039157867432,-5.809179782867432,-3.66064453125,-142,52,155,6.7470703125,1.93798828125,-3.837695360183716
100,23,-182,3.8233399391174316,0.894824206829071,-5.589062690734863,-136,48,109,7.08203125,-2.9189453125,-3.22998046875
53,30,-88,3.8089845180511475,5.804394721984863,-6.019726753234863,-43,48,57,8.173047065734863,-8.618066787719727,-2.8232421875
44,35,23,4.225293159484863,5.7900390625,-6.043652534484863,104,25,-15,6.96240234375,-8.498437881469727,-1.167578101158142
7,40,118,3.6080079078674316,5.90966796875,-5.19189453125,151,-9,-100,5.522070407867432,-5.632129192352295,-1.6413086652755737
-84,19,193,3.66064453125,1.7322266101837158,-5.38330078125,174,-55,-157,4.081738471984863,-0.287109375,-4.33056640625
-115,21,221,4.746875286102295,-8.905176162719727,-4.349707126617432,132,-86,-177,3.828125,11.948534965515137,-8.03427791595459
-66,27,142,5.402441501617432,-22.60986328125,1.8997070789337158,-4,-42,-98,4.880859375,22.045215606689453,-9.51767635345459
0,-16,-22,6.464745998382568,-24.270313262939453,2.2298829555511475,-46,-7,57,6.024511814117432,20.250782012939453,-6.981543064117432
-4,-67,-135,7.761523723602295,-16.35566520690918,-1.9810547828674316,-75,-1,143,7.2255859375,13.140039443969727,-5.531640529632568
32,-49,-189,6.565234661102295,-7.900293350219727,-4.311425685882568,-130,-1,160,8.378808975219727,4.579394817352295,-4.263574123382568
64,-17,-180,5.589062690734863,-0.17705078423023224,-5.842675685882568,-104,31,140,8.4697265625,-2.8998048305511475,-3.005078077316284
71,15,-104,5.359375,5.536426067352295,-6.603515625,-29,32,51,7.933789253234863,-8.94345760345459,-2.378222703933716
33,38,16,4.923925876617432,6.775781154632568,-6.809277534484863,61,24,-46,6.756640911102295,-8.87646484375,-2.56005859375
-22,47,126,4.220508098602295,4.780371189117432,-6.637012004852295,152,-11,-129,5.029199123382568,-4.675097942352295,-3.61279296875
-80,41,195,3.316113233566284,-0.36845704913139343,-4.938281536102295,154,-52,-176,3.9668946266174316,4.61767578125,-4.80908203125
-60,45,197,5.115332126617432,-13.403223037719727,-2.067187547683716,67,-59,-156,3.8711915016174316,16.082910537719727,-9.072656631469727
-44,23,70,5.880957126617432,-24.81103515625,3.411816358566284,-8,-13,-18,4.9765625,23.42333984375,-8.10605525970459
-16,-34,-96,7.239941596984863,-22.040430068969727,1.129296898841858,-62,14,136,6.450390815734863,17.877344131469727,-7.617969036102295
-3,-61,-185,6.780566692352295,-11.67099666595459,-3.1869142055511475,-112,14,191,7.378711223602295,7.507910251617432,-5.368945598602295
44,-23,-192,5.914453029632568,-2.789746046066284,-6.182422161102295,-114,25,159,8.096484184265137,-0.30146485567092896,-3.3304688930511475
97,34,-119,5.301953315734863,5.148828029632568,-6.957617282867432,-70,55,89,7.699316501617432,-8.402734756469727,-2.296875
56,59,17,3.6558594703674316,9.823925971984863,-7.244726657867432,53,33,-32,6.560449123382568,-10.35986328125,-2.5169923305511475
-30,58,145,1.626953125,5.345019817352295,-5.354589939117432,107,6,-124,4.588964939117432,-5.498144626617432,-2.306445360183716
-66,39,208,2.119824171066284,-1.799218773841858,-5.263671875,156,-43,-173,3.1294922828674316,1.8327149152755737,-4.440625190734863
-61,36,195,4.947851657867432,-13.738183975219727,-2.1963868141174316,83,-72,-176,3.7228517532348633,13.934374809265137,-6.785351753234863
-57,-7,74,7.474414348602295,-27.19404411315918,2.143749952316284,-34,-24,-80,7.842871189117432,20.968555450439453,-8.125195503234863
-22,-38,-101,7.771093845367432,-23.906641006469727,1.7322266101837158,-32,12,94,5.947949409484863,19.934961318969727,-6.455175876617432
41,-42,-207,6.665722846984863,-15.006250381469727,-3.694140672683716,-68,8,188,7.05810546875,11.857617378234863,-6.014941692352295
73,-15,-225,5.282812595367432,-6.498242378234863,-5.225390911102295,-155,27,206,6.034081935882568,5.029199123382568,-4.196582317352295
95,10,-179,3.7707033157348633,1.7705078125,-5.746972560882568,-134,43,172,6.943261623382568,-3.89990234375,-3.8568360805511475
59,19,-91,3.70849609375,5.904882907867432,-5.47900390625,-23,47,86,7.134667873382568,-8.8046875,-1.6604492664337158
14,14,35,3.411816358566284,7.144238471984863,-5.234961032867432,46,17,-33,6.986328125,-9.723437309265137,-2.095898389816284
13,23,139,3.6845703125,5.00048828125,-5.90966796875,142,-14,-130,5.617773532867432,-7.062890529632568,-2.880664110183716
-46,34,207,3.8759765625,1.2345703840255737,-6.871484279632568,182,-38,-206,4.177441596984863,-0.22490234673023224,-4.440625190734863
-94,54,221,4.770801067352295,-8.962597846984863,-4.703808784484863,128,-61,-213,3.124706983566284,10.747461318969727,-6.072363376617432
-91,52,145,4.675097942352295,-22.150487899780273,1.0431641340255737,42,-47,-122,2.5409181118011475,21.724609375,-10.06796932220459
-37,6,-23,4.813867092132568,-27.68212890625,5.794824123382568,-45,1,52,3.8568360805511475,22.940038681030273,-8.354883193969727
14,-56,-151,5.115332126617432,-19.56171989440918,0.24404297769069672,-89,7,173,5.469433784484863,14.556445121765137,-7.096386909484863
35,-62,-196,5.90966796875,-9.63730525970459,-4.287499904632568,-134,14,192,7.244726657867432,5.450293064117432,-4.344922065734863
105,-22,-181,5.804394721984863,-2.0528321266174316,-6.493457317352295,-161,25,168,8.41709041595459,-1.3781250715255737,-2.550488233566284
123,9,-127,5.589062690734863,4.981347560882568,-8.44580078125,-113,23,109,8.268750190734863,-8.120409965515137,-2.5887696743011475
35,33,-30,4.52197265625,7.747168064117432,-7.866796970367432,47,29,18,7.359570503234863,-11.52744197845459,-3.478808641433716
-13,54,71,3.435742139816284,6.034081935882568,-6.775781154632568,108,7,-94,5.4072265625,-7.866796970367432,-2.383007764816284
-65,46,157,2.5409181118011475,2.832812547683716,-5.498144626617432,187,-36,-168,3.8759765625,-1.6173828840255737,-5.230175971984863
-113,36,195,4.335351467132568,-8.905176162719727,-2.976367235183716,154,-58,-181,4.009961128234863,11.948534965515137,-7.292578220367432
-57,28,105,7.283008098602295,-22.667285919189453,2.6749024391174316,9,-35,-85,5.1201171875,22.60029411315918,-8.976953506469727
-47,-28,-59,8.91953182220459,-22.820409774780273,3.541015625,-37,6,84,6.570019721984863,20.51875114440918,-6.29248046875
-24,-52,-163,8.211328506469727,-14.52294921875,-0.679492175579071,-76,16,180,8.244824409484863,11.02978515625,-5.5986328125
52,-37,-181,6.469531536102295,-6.019726753234863,-4.799511909484863,-139,4,178,7.790234565734863,2.1724610328674316,-3.9142580032348633
127,-6,-135,5.04833984375,2.497851610183716,-6.646582126617432,-79,27,126,8.240038871765137,-7.20166015625,-2.8519532680511475
50,24,-32,4.818652629852295,7.589258193969727,-7.780664443969727,7,15,12,7.828516006469727,-9.27841854095459,-1.244140625
-15,50,83,3.7802734375,5.723046779632568,-6.526953220367432,77,0,-95,6.464745998382568,-7.220800876617432,-1.6173828840255737
-36,57,185,2.201171875,2.119824171066284,-6.10107421875,146,-33,-173,4.526757717132568,-3.244335889816284,-3.4979493618011475
-97,56,231,2.1724610328674316,-6.828418254852295,-3.923828125,147,-69,-225,2.65576171875,6.081933498382568,-6.211133003234863
-44,35,150,6.120214939117432,-22.40888786315918,1.502539038658142,28,-44,-164,3.191699266433716,20.107227325439453,-9.369336128234863
-40,-28,-24,9.000879287719727,-24.959375381469727,4.04345703125,-2,-17,1,6.378613471984863,23.050098419189453,-9.23056697845459
-38,-47,-159,8.268750190734863,-17.2265625,0.15791015326976776,-45,26,146,7.455273628234863,15.21201229095459,-7.613183975219727
21,-25,-209,6.072363376617432,-7.790234565734863,-5.225390911102295,-135,43,200,6.6513671875,7.378711223602295,-5.086621284484863
61,6,-173,4.627246379852295,-0.8661133050918579,-7.211230754852295,-160,16,182,5.828320503234863,-0.6220703125,-3.8807618618011475
60,25,-111,3.550585985183716,3.8424806594848633,-5.469433784484863,-78,29,119,6.780566692352295,-4.966992378234863,-2.1102540493011475
24,19,-21,3.148632764816284,4.895215034484863,-4.751660346984863,-10,22,27,6.57958984375,-7.972070693969727,-2.138964891433716
25,18,69,3.6797852516174316,3.732421875,-4.167870998382568,70,-6,-69,5.943164348602295,-6.168066501617432,-2.665332078933716
-34,-2,160,3.66064453125,3.048144578933716,-5.612988471984863,122,-34,-139,5.517285346984863,-3.148632764816284,-3.148632764816284
-107,-7,219,4.498046875,-4.230078220367432,-4.890429973602295,162,-61,-178,4.90478515625,3.8664064407348633,-4.890429973602295
-63,7,191,8.149121284484863,-16.575780868530273,-2.89501953125,120,-71,-157,5.627343654632568,13.838671684265137,-9.656445503234863
-25,24,65,9.412402153015137,-25.6484375,-0.40673828125,3,-9,-51,6.756640911102295,21.399219512939453,-10.340723037719727
17,13,-103,8.144335746765137,-21.30830192565918,-0.35888671875,-39,37,100,7.120312690734863,16.590137481689453,-8.240038871765137
10,-9,-188,5.852246284484863,-11.608789443969727,-4.325781345367432,-97,60,172,7.149023532867432,9.460253715515137,-6.249413967132568
35,11,-177,4.04345703125,-3.7372071743011475,-5.603417873382568,-143,44,172,6.43603515625,1.789648413658142,-4.182226657867432
118,33,-125,3.18212890625,1.9044922590255737,-4.971777439117432,-86,57,126,7.139453411102295,-4.335351467132568,-2.0289063453674316
79,30,-37,3.3017578125,6.570019721984863,-5.349804878234863,-32,44,33,7.283008098602295,-7.929004192352295,-1.8087891340255737
-17,17,60,3.541015625,5.005273342132568,-4.287499904632568,70,5,-59,6.043652534484863,-7.306933879852295,-1.5456055402755737
-56,-12,136,3.8185548782348633,1.670019507408142,-4.301855564117432,127,-43,-128,4.727734565734863,-3.1055665016174316,-2.2298829555511475
-76,-19,179,4.435840129852295,-3.1390626430511475,-4.244433879852295,141,-81,-173,4.33056640625,2.392578125,-5.373730659484863
-66,-9,175,6.981543064117432,-14.077929496765137,-3.5840821266174316,93,-77,-168,5.799609661102295,13.302734375,-8.8525390625
-23,16,86,8.30224609375,-22.83955192565918,-0.6986328363418579,-39,-26,-80,6.560449123382568,21.06904411315918,-9.73779296875
-10,-8,-62,8.03427791595459,-21.193456649780273,-0.39238283038139343,-52,3,77,6.780566692352295,17.2265625,-6.407324314117432
0,-28,-156,6.62744140625,-12.84814453125,-3.9190430641174316,-60,26,166,7.350000381469727,9.90048885345459,-6.230273723602295
22,-9,-177,4.919140815734863,-6.402539253234863,-4.957421779632568,-114,24,173,6.426465034484863,4.2109375,-4.368847846984863
77,10,-157,3.8089845180511475,-1.6173828840255737,-4.885644435882568,-113,36,151,6.871484279632568,-1.8040039539337158,-3.46923828125
86,13,-93,4.076953411102295,3.9764649868011475,-5.55078125,-47,32,82,7.364355564117432,-6.689648628234863,-2.03369140625
16,10,7,4.230078220367432,4.732519626617432,-5.220605373382568,39,2,-14,6.742285251617432,-6.785351753234863,-1.65087890625
0,15,104,4.847363471984863,2.6749024391174316,-6.163281440734863,106,-31,-105,6.0771484375,-4.612890720367432,-2.4212892055511475
-38,25,173,4.344922065734863,0.2583984434604645,-5.354589939117432,148,-57,-172,5.115332126617432,-0.24404297769069672,-5.14404296875
-76,27,199,5.244531154632568,-7.818945407867432,-3.37353515625,118,-72,-195,4.852148532867432,8.75205135345459,-7.613183975219727
-60,21,140,6.608300685882568,-18.930078506469727,-0.7608398795127869,20,-44,-145,5.507714748382568,15.9345703125,-9.991406440734863
-38,5,-2,7.139453411102295,-23.203222274780273,0.35888671875,-30,3,-11,5.86181640625,20.01630973815918,-8.134765625
-23,-19,-134,6.861914157867432,-17.523242950439453,-2.9476563930511475,-61,23,125,6.526953220367432,14.81005859375,-7.048535346984863
5,-6,-184,6.201562404632568,-8.82861328125,-5.52685546875,-107,32,180,6.5078125,7.929004192352295,-5.306738376617432
47,26,-174,4.766015529632568,-2.4117188453674316,-5.263671875,-120,34,166,6.86669921875,1.081445336341858,-3.6845703125
88,33,-113,3.9190430641174316,2.48828125,-5.010058879852295,-85,37,110,6.306836128234863,-4.608105659484863,-1.9092774391174316
65,31,-31,3.909472703933716,4.220508098602295,-4.40234375,7,17,23,6.397754192352295,-6.311621189117432,-2.7801759243011475
15,8,62,4.0673828125,3.6080079078674316,-4.464550971984863,61,-12,-58,5.86181640625,-4.454980373382568,-2.201171875
-58,-14,128,4.048242092132568,1.7609375715255737,-4.368847846984863,124,-43,-119,5.593847751617432,-1.5791015625,-3.718066453933716
-74,-31,170,5.569921970367432,-4.670312404632568,-4.005176067352295,136,-66,-159,5.225390911102295,4.263574123382568,-5.196679592132568
-40,-15,164,7.517480850219727,-11.589648246765137,-3.2060546875,69,-73,-160,5.723046779632568,11.613574028015137,-7.08203125
-17,5,111,7.84765625,-18.609472274780273,-2.808886766433716,-1,-35,-88,5.866601467132568,19.336816787719727,-9.579882621765137
-3,7,-28,7.68017578125,-20.777149200439453,-1.74658203125,-51,7,58,6.254199504852295,17.91084098815918,-8.51279354095459
-11,-17,-149,6.885839939117432,-14.503808975219727,-4.100879192352295,-71,36,160,6.799706935882568,11.752344131469727,-7.15380859375
6,-4,-190,4.636816501617432,-6.790136814117432,-4.622460842132568,-97,34,176,5.924023628234863,4.148730754852295,-5.225390911102295
30,13,-151,3.5888671875,-0.703417956829071,-4.780371189117432,-86,39,139,6.1728515625,-1.12451171875,-3.531445264816284
77,22,-81,3.7515625953674316,2.091113328933716,-4.885644435882568,-69,33,72,7.015038967132568,-4.301855564117432,-2.79931640625
67,17,7,3.9525392055511475,4.057812690734863,-5.010058879852295,3,6,-6,7.149023532867432,-5.93359375,-2.1246094703674316
-8,-4,92,4.306640625,3.51708984375,-5.378515720367432,86,-35,-76,6.096289157867432,-4.5458984375,-1.765722632408142
-80,-24,156,4.828222751617432,0.803906261920929,-5.81396484375,139,-72,-142,4.986133098602295,-1.1484375,-4.407128810882568
-54,-4,193,7.263867378234863,-5.809179782867432,-5.316308498382568,146,-86,-185,5.100976467132568,5.306738376617432,-8.05820369720459
-29,39,168,8.263964653015137,-17.111719131469727,-5.33544921875,44,-39,-163,5.866601467132568,17.437108993530273,-12.044238090515137
-6,72,36,7.043750286102295,-24.677051544189453,-1.4259766340255737,-73,44,-34,5.67041015625,22.126562118530273,-9.268847465515137
0,23,-127,6.5556640625,-21.384862899780273,-2.1485352516174316,-97,56,113,6.187207221984863,16.590137481689453,-6.823632717132568
41,21,-208,5.23974609375,-12.96298885345459,-3.9381837844848633,-103,57,172,6.263769626617432,7.914648532867432,-5.244531154632568
106,45,-216,3.2826173305511475,-4.59375,-5.072265625,-136,60,170,5.928808689117432,2.6366212368011475,-4.325781345367432
143,46,-154,2.521777391433716,3.1103515625,-5.62255859375,-135,73,143,6.086719036102295,-3.8664064407348633,-3.148632764816284
79,29,-60,2.7706055641174316,5.799609661102295,-4.541113376617432,-14,51,73,6.1728515625,-7.436132907867432,-2.10546875
13,13,47,3.148632764816284,5.230175971984863,-5.062695503234863,70,5,-13,5.866601467132568,-6.713574409484863,-1.0670899152755737
-38,10,128,3.789843797683716,3.13427734375,-4.799511909484863,149,-29,-95,5.545996189117432,-3.9621095657348633,-2.043261766433716
-97,0,190,5.005273342132568,-2.473925828933716,-4.239648342132568,183,-66,-159,4.78515625,1.50732421875,-4.33056640625
-112,6,184,6.488671779632568,-10.489062309265137,-2.406933546066284,134,-91,-180,5.775683879852295,10.23544979095459,-7.933789253234863
-61,2,124,7.7998046875,-21.614551544189453,1.574316382408142,7,-42,-111,6.761425971984863,20.26513671875,-7.981640815734863
3,-23,-35,8.718554496765137,-22.36103630065918,0.564648449420929,-51,-1,43,7.766308784484863,19.427734375,-6.967187404632568
-7,-52,-140,8.259180068969727,-14.465527534484863,-3.359179735183716,-65,10,151,7.287793159484863,12.905566215515137,-5.986230373382568
27,-14,-180,5.780468940734863,-6.574804782867432,-4.306640625,-112,13,177,6.115429878234863,5.522070407867432,-3.9381837844848633
72,11,-146,4.694238185882568,-0.7129883170127869,-4.47412109375,-111,18,153,6.608300685882568,-1.670019507408142,-3.2969727516174316
77,19,-79,4.311425685882568,3.029003858566284,-5.196679592132568,-32,15,71,6.689648628234863,-6.952832221984863,-2.65576171875
39,13,12,4.09130859375,3.502734422683716,-4.40234375,17,-4,-26,6.828418254852295,-5.900097846984863,-2.1820313930511475
-6,5,97,4.359277248382568,2.7945313453674316,-5.412011623382568,99,-33,-98,6.278125286102295,-5.5029296875,-3.6750001907348633
-80,-12,177,4.301855564117432,0.5072265863418579,-4.244433879852295,152,-48,-156,5.459863185882568,0.19140625,-5.340234279632568
-44,-4,196,7.115527629852295,-11.95810604095459,-2.4117188453674316,99,-56,-174,6.641797065734863,11.230761528015137,-8.670702934265137
-7,23,122,7.771093845367432,-20.49482536315918,-1.36376953125,-7,-14,-101,6.397754192352295,19.700489044189453,-8.96738338470459
-10,14,-39,7.842871189117432,-22.667285919189453,0.5215820670127869,-69,23,59,6.416894435882568,18.944433212280273,-6.909765720367432
14,-18,-154,7.086816310882568,-14.75742244720459,-3.0146484375,-93,18,161,7.08203125,10.919726371765137,-5.914453029632568
22,-7,-187,5.818749904632568,-6.354687690734863,-4.675097942352295,-117,21,181,6.311621189117432,3.4979493618011475,-4.220508098602295
46,16,-151,4.541113376617432,0.03828125074505806,-4.526757717132568,-110,20,141,6.885839939117432,-2.880664110183716,-3.0337891578674316
78,32,-78,3.80419921875,3.9525392055511475,-4.201367378234863,-36,30,65,7.402637004852295,-7.589258193969727,-2.071972608566284
28,30,37,3.316113233566284,5.589062690734863,-4.770801067352295,65,9,-42,6.96240234375,-7.426562786102295,-2.8184571266174316
-43,16,138,2.880664110183716,2.426074266433716,-5.368945598602295,114,-29,-124,5.254101753234863,-3.8329102993011475,-2.574414014816284
-92,1,198,3.024218797683716,-2.454785108566284,-4.708593845367432,166,-57,-172,3.7228517532348633,2.598339796066284,-4.876074314117432
-75,0,194,5.584277629852295,-13.336230278015137,-2.7275390625,98,-76,-165,5.345019817352295,12.36962890625,-7.483984470367432
-58,3,106,7.809375286102295,-21.2939453125,-0.7369140982627869,32,-46,-92,6.378613471984863,18.236230850219727,-10.800097465515137
-32,-2,-42,8.192187309265137,-23.121875762939453,-0.50244140625,-36,7,39,6.5556640625,18.154882431030273,-8.1826171875
6,-16,-155,7.015038967132568,-15.1689453125,-3.7754883766174316,-77,31,147,7.101171970367432,10.824023246765137,-7.838086128234863
14,0,-188,5.28759765625,-7.546191692352295,-4.813867092132568,-90,44,174,6.742285251617432,4.368847846984863,-5.014843940734863
59,24,-171,3.8664064407348633,-2.51220703125,-4.09130859375,-107,42,149,6.7470703125,0.05263672024011612,-3.18212890625
105,22,-119,3.6319336891174316,3.2108399868011475,-4.890429973602295,-88,43,94,7.110742092132568,-4.866504192352295,-1.478613257408142
32,10,-16,3.7037110328674316,5.589062690734863,-4.95263671875,13,12,4,7.0341796875,-6.38818359375,-1.7322266101837158
-15,-4,90,3.8759765625,3.158203125,-5.249316692352295,84,-24,-82,6.488671779632568,-4.660742282867432,-2.0576171875
-51,-12,164,3.957324266433716,0.9618164300918579,-5.00048828125,123,-49,-148,5.182324409484863,-1.478613257408142,-3.574511766433716
-54,-4,201,5.785254001617432,-7.594043254852295,-3.7467775344848633,144,-67,-181,5.148828029632568,5.904882907867432,-6.9384765625
-20,11,159,7.852441787719727,-17.092578887939453,-2.17724609375,19,-51,-152,6.359472751617432,15.341211318969727,-10.489062309265137
-17,21,34,8.096484184265137,-22.858692169189453,-0.7943359613418579,-37,8,-28,5.928808689117432,19.77705192565918,-8.842968940734863
13,-1,-106,7.311718940734863,-18.451562881469727,-1.9523438215255737,-55,27,109,6.450390815734863,14.408105850219727,-7.369140625
20,-10,-171,6.062793254852295,-10.54648494720459,-4.09130859375,-95,43,165,6.766211032867432,8.670702934265137,-5.033984661102295
48,7,-175,4.263574123382568,-4.320996284484863,-4.124804973602295,-117,27,170,6.062793254852295,2.7083985805511475,-3.933398485183716
101,14,-134,3.4931640625,0.27275392413139343,-4.311425685882568,-95,40,145,6.613086223602295,-2.36865234375,-2.789746046066284
73,14,-55,3.7802734375,4.488476753234863,-5.014843940734863,-18,31,65,7.1298828125,-7.187304973602295,-1.8614258766174316
-8,9,54,4.306640625,3.861621141433716,-5.450293064117432,54,-3,-32,6.785351753234863,-6.416894435882568,-1.1388672590255737
-52,10,134,4.632031440734863,1.693945288658142,-5.52685546875,116,-40,-115,5.837890625,-3.9764649868011475,-2.138964891433716
-69,18,192,4.675097942352295,-3.172558546066284,-4.306640625,144,-71,-173,4.847363471984863,1.8853516578674316,-4.880859375
-74,25,185,5.703906536102295,-12.02988338470459,-2.17724609375,81,-84,-165,6.469531536102295,11.690136909484863,-9.029589653015137
-53,24,108,6.656152248382568,-21.447071075439453,-0.32539063692092896,11,-33,-78,6.809277534484863,18.140527725219727,-9.943554878234863
2,10,-39,6.560449123382568,-21.8681640625,0.55029296875,-57,20,53,7.244726657867432,16.614063262939453,-7.756738662719727
-3,-33,-141,6.38818359375,-14.451171875,-3.2347657680511475,-83,27,136,8.139551162719727,10.14453125,-6.201562404632568
1,-19,-179,5.392871379852295,-8.03427791595459,-4.062597751617432,-90,24,159,7.019824504852295,4.148730754852295,-3.6175782680511475
47,4,-170,4.172656536102295,-2.03369140625,-4.33056640625,-92,29,142,6.794921875,0.1435546875,-2.7227540016174316
90,16,-105,3.861621141433716,1.626953125,-4.407128810882568,-80,15,82,6.488671779632568,-4.167870998382568,-1.670019507408142
53,13,-8,3.8472657203674316,5.091406345367432,-5.062695503234863,22,-15,-4,6.943261623382568,-6.38818359375,-2.8998048305511475
-20,-3,97,3.7802734375,2.909374952316284,-4.957421779632568,88,-42,-91,6.263769626617432,-4.47412109375,-4.143945217132568
-59,-15,161,4.61767578125,-0.1435546875,-4.995703220367432,123,-54,-167,5.04833984375,-0.995312511920929,-5.952734470367432
-40,-4,183,6.852344036102295,-8.70419979095459,-4.550683498382568,123,-56,-204,5.445508003234863,7.694531440734863,-7.244726657867432
-9,24,131,7.914648532867432,-17.322265625,-2.12939453125,-14,-20,-157,6.239843845367432,18.020898818969727,-9.029589653015137
-20,17,1,7.498340129852295,-22.619434356689453,-0.20097656548023224,-58,18,-3,5.684765815734863,19.662206649780273,-6.235058784484863
-3,-12,-127,6.5078125,-16.949024200439453,-2.263378858566284,-44,10,132,6.493457317352295,13.929590225219727,-6.239843845367432
-1,-11,-179,5.55078125,-9.072656631469727,-3.603222608566284,-79,27,185,6.096289157867432,7.192090034484863,-5.129687786102295
40,9,-172,4.478906154632568,-3.124706983566284,-4.024316310882568,-104,26,176,5.67041015625,0.971386730670929,-3.9621095657348633
110,17,-111,4.076953411102295,2.473925828933716,-4.818652629852295,-59,35,114,6.766211032867432,-5.713476657867432,-3.6319336891174316
62,12,-11,3.56494140625,5.282812595367432,-5.301953315734863,14,19,8,6.450390815734863,-5.9814453125,-2.737109422683716
-2,6,91,3.4166016578674316,3.718066453933716,-5.330664157867432,75,-14,-76,5.866601467132568,-5.541211128234863,-3.124706983566284
-49,1,164,3.3926758766174316,0.8086914420127869,-5.857031345367432,144,-38,-144,5.297168254852295,-1.4977539777755737,-4.368847846984863
-73,-6,212,4.746875286102295,-6.656152248382568,-5.225390911102295,138,-62,-177,5.55078125,6.833203315734863,-7.08203125
-69,10,160,6.928906440734863,-19.05927848815918,-2.12939453125,33,-45,-135,6.847558498382568,17.518457412719727,-9.21142578125
-54,18,10,7.924219131469727,-25.90205192565918,0.15791015326976776,-40,6,1,6.2685546875,19.556934356689453,-7.7041015625
13,9,-122,6.517383098602295,-18.01611328125,-2.3016602993011475,-57,13,122,6.493457317352295,12.522753715515137,-7.187304973602295
29,1,-157,5.560351848602295,-9.532031059265137,-5.110547065734863,-87,30,157,6.909765720367432,5.943164348602295,-5.6943359375
55,17,-149,4.383203029632568,-3.1773438453674316,-4.488476753234863,-117,22,136,7.072461128234863,1.02880859375,-3.99560546875
81,17,-119,3.89990234375,0.0,-4.3544921875,-87,29,97,7.804590225219727,-2.99072265625,-2.4834961891174316
38,9,-59,4.014746189117432,4.368847846984863,-5.139257907867432,-12,16,38,8.22568416595459,-6.187207221984863,-2.84716796875
-34,0,44,3.478808641433716,3.933398485183716,-4.880859375,86,-6,-35,7.259082317352295,-5.67041015625,-2.3447265625
-53,-8,138,4.689453125,3.507519483566284,-6.38818359375,159,-27,-115,5.737402439117432,-4.029101848602295,-4.52197265625
-102,1,198,5.746972560882568,-4.751660346984863,-6.464745998382568,185,-56,-190,4.646386623382568,3.2969727516174316,-6.450390815734863
-31,42,185,6.780566692352295,-17.231348037719727,-3.1773438453674316,64,-46,-180,4.995703220367432,15.293359756469727,-11.546582221984863
19,53,54,5.263671875,-22.77734375,1.416406273841858,-34,12,-57,4.890429973602295,19.59521484375,-8.838183403015137
2,-9,-87,5.072265625,-18.274511337280273,-0.64599609375,-65,15,88,5.9814453125,14.963184356689453,-7.756738662719727
-6,-43,-154,5.531640529632568,-11.824121475219727,-3.8759765625,-81,8,154,7.244726657867432,8.933886528015137,-6.373828411102295
29,-22,-173,4.847363471984863,-5.062695503234863,-4.76123046875,-118,29,158,7.58447265625,3.18212890625,-4.746875286102295
79,4,-152,4.708593845367432,0.14833985269069672,-4.804296970367432,-136,55,128,7.206445217132568,-3.196484327316284,-2.550488233566284
70,7,-76,4.90478515625,4.579394817352295,-5.536426067352295,-56,36,50,6.895410060882568,-6.976758003234863,-1.813574194908142
14,11,22,4.612890720367432,4.622460842132568,-5.459863185882568,53,-2,-39,6.5078125,-6.794921875,-1.50732421875
-13,6,120,4.115234375,2.670117139816284,-5.751758098602295,136,-41,-113,5.651269435882568,-3.239550828933716,-3.4931640625
-64,8,187,3.8568360805511475,-0.98095703125,-5.043554782867432,162,-60,-171,4.823437690734863,1.79443359375,-6.158496379852295
-49,18,202,5.23974609375,-11.704492568969727,-3.9716796875,96,-59,-180,5.105762004852295,11.666211128234863,-9.345410346984863
-37,18,119,6.254199504852295,-20.930273056030273,-1.052734375,-22,-23,-98,4.861718654632568,19.69091796875,-9.694726943969727
-12,4,-28,6.751855373382568,-22.62421989440918,-0.4115234315395355,-49,5,54,5.7900390625,17.762500762939453,-7.388281345367432
0,-12,-142,6.57958984375,-15.59482479095459,-3.3017578125,-64,5,151,6.541308879852295,11.709277153015137,-6.392968654632568
21,-11,-173,6.058007717132568,-7.646679878234863,-4.770801067352295,-102,18,181,6.522168159484863,5.57470703125,-5.636914253234863
54,8,-161,4.5458984375,-1.8087891340255737,-4.09130859375,-129,27,170,6.522168159484863,0.25361329317092896,-3.66064453125
111,6,-104,3.7467775344848633,2.7227540016174316,-4.550683498382568,-76,28,114,6.957617282867432,-5.785254001617432,-2.2777345180511475
24,10,6,3.5936524868011475,5.991015911102295,-5.656054973602295,24,3,8,7.029394626617432,-6.952832221984863,-2.067187547683716
-35,8,116,3.2826173305511475,1.98583984375,-5.991015911102295,85,-33,-91,6.125,-5.005273342132568,-2.9237306118011475
-53,15,172,4.129590034484863,-2.0576171875,-5.55078125,141,-54,-158,5.072265625,-0.23447266221046448,-5.646484375
-55,16,164,6.995898723602295,-12.613672256469727,-2.6031250953674316,111,-55,-171,5.8857421875,10.077539443969727,-7.015038967132568
-54,10,86,8.627636909484863,-20.059375762939453,-1.215429663658142,15,-29,-113,6.4599609375,15.752735137939453,-8.60849666595459
6,14,-50,8.024706840515137,-21.02119255065918,-0.30146485567092896,-26,5,9,6.742285251617432,16.877246856689453,-7.220800876617432
38,0,-149,6.225488185882568,-14.451171875,-3.5697267055511475,-48,15,117,7.962500095367432,11.656641006469727,-7.53662109375
47,-6,-174,4.517187595367432,-6.809277534484863,-4.708593845367432,-78,39,158,7.220800876617432,6.349902629852295,-5.043554782867432
78,2,-147,3.507519483566284,-1.574316382408142,-4.387988567352295,-128,32,149,6.890625,1.000097632408142,-4.6416015625
93,0,-89,3.7515625953674316,3.6893556118011475,-5.220605373382568,-78,35,101,7.259082317352295,-3.909472703933716,-2.9955079555511475
18,0,4,4.153515815734863,4.966992378234863,-4.85693359375,-6,18,29,7.426562786102295,-6.206347942352295,-2.9476563930511475
-40,-1,91,4.895215034484863,3.1629884243011475,-5.584277629852295,69,-9,-44,6.91455078125,-5.325879096984863,-2.4595704078674316
-76,2,160,5.100976467132568,0.4019531309604645,-5.852246284484863,135,-31,-118,5.852246284484863,-2.067187547683716,-5.067480564117432
-84,4,206,6.00537109375,-9.388476371765137,-5.249316692352295,119,-57,-173,6.187207221984863,6.96240234375,-6.306836128234863
-45,39,152,6.613086223602295,-19.279394149780273,-1.8040039539337158,38,-43,-138,6.096289157867432,13.85302734375,-7.885937690734863
-6,34,-4,6.407324314117432,-22.853906631469727,0.11005859822034836,-25,1,-31,7.216015815734863,16.350879669189453,-7.383496284484863
20,-3,-116,5.880957126617432,-15.255078315734863,-2.646191358566284,-60,12,74,7.986425876617432,11.996386528015137,-6.904980659484863
34,-25,-151,4.560254096984863,-8.048632621765137,-3.598437547683716,-48,21,131,7.603613376617432,6.335546970367432,-4.6416015625
59,-19,-128,4.287499904632568,-1.047949194908142,-4.555469036102295,-62,16,124,7.436132907867432,1.4929687976837158,-3.292187452316284
75,-1,-50,4.464550971984863,2.837597608566284,-4.80908203125,-38,20,73,7.531836032867432,-2.4691407680511475,-2.2490234375
