-2,0,2,-8.01035213470459,-3.27783203125,3.541015625,1,1,-3,-7.436132907867432,2.095898389816284,5.713476657867432
-2,0,2,-8.01513671875,-3.3017578125,3.541015625,1,0,-3,-7.421777725219727,2.201171875,5.723046779632568
-3,0,2,-7.9912109375,-3.287402391433716,3.526660203933716,-2,1,-1,-7.412207126617432,2.201171875,5.713476657867432
-3,0,2,-7.9912109375,-3.335253953933716,3.502734422683716,-3,1,0,-7.421777725219727,2.12939453125,5.699120998382568
-2,0,2,-8.01513671875,-3.340039014816284,3.531445264816284,-3,1,0,-7.445703506469727,2.10546875,5.727832317352295
-2,0,2,-7.957715034484863,-3.3208985328674316,3.5218751430511475,-4,1,0,-7.44091796875,2.08154296875,5.713476657867432
-1,0,2,-7.96728515625,-3.3926758766174316,3.526660203933716,-6,1,0,-7.546191692352295,2.1485352516174316,5.794824123382568
6,3,-3,-8.05820369720459,-4.971777439117432,3.9429688453674316,-9,0,4,-7.68017578125,2.119824171066284,6.670507907867432
49,-8,-61,-7.278222560882568,-7.412207126617432,8.742480278015137,7,-26,33,-6.38818359375,2.3160157203674316,10.97714900970459
4,-82,-121,-8.407519340515137,-8.99130916595459,12.594531059265137,69,-102,79,-5.426367282867432,4.938281536102295,16.18818473815918
-36,-156,-207,-9.130078315734863,-13.75253963470459,11.905468940734863,122,-169,138,-5.761328220367432,10.125391006469727,16.96337890625
-73,-215,-302,-9.287988662719727,-14.39853572845459,10.962793350219727,214,-198,216,-7.077246189117432,12.910351753234863,12.690234184265137
-188,-244,-366,-7.517480850219727,-12.470117568969727,5.368945598602295,306,-150,302,-7.617969036102295,13.431933403015137,6.096289157867432
-211,-195,-378,-4.541113376617432,-6.321191310882568,-1.2297852039337158,300,-76,340,-5.474218845367432,8.7568359375,-0.7129883170127869
-241,-140,-291,-2.22509765625,-1.98583984375,-3.1390626430511475,250,-32,283,-2.94287109375,4.40234375,-4.550683498382568
-307,-67,-151,-0.4593750238418579,1.5456055402755737,-6.498242378234863,223,-3,171,-1.4833984375,0.5550781488418579,-5.617773532867432
-281,58,14,0.2918945252895355,0.9857422113418579,-6.656152248382568,245,50,23,-0.35888671875,-0.669921875,-5.837890625
-142,134,129,0.3301757872104645,-1.9954102039337158,-2.8232421875,168,121,-102,0.35888671875,1.1149414777755737,-3.813769578933716
-33,133,177,1.741796851158142,-8.641992568969727,3.9190430641174316,20,158,-153,1.9475586414337158,7.948144912719727,2.9859375953674316
62,77,124,4.608105659484863,-17.996973037719727,7.373926162719727,-112,98,-80,4.397558689117432,15.18808650970459,7.976855754852295
41,-9,32,8.82861328125,-19.207616806030273,8.900390625,-8,13,-13,9.287988662719727,13.36972713470459,8.905176162719727
122,-71,-92,10.350293159484863,-14.259765625,1.2058594226837158,42,-35,61,11.871973037719727,13.6376953125,1.3063477277755737
114,-111,-144,8.7568359375,-4.584179878234863,-3.2060546875,15,-55,101,9.795214653015137,7.503125190734863,-5.52685546875
45,-101,-142,8.436230659484863,1.153222680091858,-6.416894435882568,-4,-61,121,6.349902629852295,4.6416015625,-6.641797065734863
-39,-61,-72,6.799706935882568,5.273242473602295,-7.866796970367432,17,-38,79,4.71337890625,-0.684277355670929,-8.517578125
-86,-3,18,5.010058879852295,3.1534180641174316,-7.708887100219727,82,22,-13,4.407128810882568,-0.93310546875,-7.589258193969727
-97,54,102,3.765918016433716,1.2824219465255737,-6.215918064117432,39,76,-89,3.6415040493011475,0.35888671875,-4.85693359375
-113,78,167,3.6845703125,-5.388085842132568,-2.6031250953674316,-11,104,-156,3.076855421066284,3.732421875,-0.98095703125
-22,81,148,4.675097942352295,-16.78632926940918,1.6843750476837158,-79,86,-133,3.6080079078674316,12.474902153015137,6.69921875
29,45,54,7.05810546875,-19.60957145690918,7.4169921875,-71,10,-41,7.340429782867432,14.293261528015137,10.07275390625
87,-28,-61,9.479394912719727,-16.685840606689453,5.4072265625,26,-64,38,10.699609756469727,15.590039253234863,5.206250190734863
92,-88,-126,9.895703315734863,-8.077343940734863,0.57421875,14,-109,118,9.78564453125,10.07275390625,-2.0624024868011475
68,-105,-144,9.345410346984863,-0.35888671875,-4.454980373382568,9,-119,149,7.421777725219727,4.301855564117432,-6.058007717132568
-1,-62,-98,7.833301067352295,6.120214939117432,-7.531836032867432,10,-82,120,5.900097846984863,-1.7322266101837158,-9.603808403015137
-109,-5,5,5.412011623382568,6.254199504852295,-7.790234565734863,78,8,3,5.225390911102295,-3.6845703125,-9.579882621765137
-111,48,109,3.526660203933716,3.024218797683716,-6.895410060882568,31,78,-102,3.981250047683716,-0.732128918170929,-6.249413967132568
-127,73,198,2.1102540493011475,-3.8185548782348633,-3.5458009243011475,-46,126,-182,2.08154296875,2.51220703125,-1.9762696027755737
-42,72,184,2.7706055641174316,-17.111719131469727,-0.1435546875,-124,123,-163,1.7800781726837158,13.235742568969727,5.938378810882568
75,37,74,5.392871379852295,-21.289159774780273,6.407324314117432,-97,33,-47,5.7421875,14.70957088470459,11.546582221984863
81,-48,-36,9.584668159484863,-17.437108993530273,4.61767578125,46,-50,41,11.781054496765137,15.369922637939453,6.895410060882568
122,-91,-129,10.5751953125,-10.154101371765137,-0.22011719644069672,30,-96,145,11.044140815734863,10.16845703125,-0.14833985269069672
132,-113,-176,8.68505859375,-1.358984351158142,-4.502831935882568,23,-127,177,7.350000381469727,2.689257860183716,-5.182324409484863
-1,-103,-125,7.08203125,6.369042873382568,-7.8955078125,33,-108,122,5.172753810882568,-3.000293016433716,-9.747363090515137
-113,-49,-12,5.019629001617432,6.230273723602295,-8.833398818969727,120,-20,-20,3.718066453933716,-4.033886909484863,-10.273730278015137
-106,23,102,2.713183641433716,3.024218797683716,-7.259082317352295,39,82,-145,2.1341798305511475,-0.7464843988418579,-6.593945503234863
-117,50,184,2.5074219703674316,-4.909570217132568,-2.6270508766174316,10,134,-212,1.105371117591858,4.789941310882568,-0.27753907442092896
-29,50,147,4.679883003234863,-17.437108993530273,1.45947265625,-105,97,-109,3.3783204555511475,16.25996208190918,7.570117473602295
42,16,46,7.976855754852295,-22.37060546875,5.656054973602295,-38,-11,4,9.03916072845459,16.90595817565918,9.790430068969727
114,-38,-62,11.302538871765137,-16.207324981689453,1.5408203601837158,46,-79,85,13.068262100219727,14.843555450439453,2.813671827316284
121,-71,-114,11.871973037719727,-6.560449123382568,-3.143847703933716,16,-91,135,11.560937881469727,6.852344036102295,-3.9860353469848633
70,-58,-120,10.42685604095459,1.4690430164337158,-5.986230373382568,-1,-66,122,8.665918350219727,0.9378906488418579,-7.785449504852295
-20,-20,-70,7.216015815734863,5.359375,-5.971875190734863,-7,-18,54,5.57470703125,-3.7994141578674316,-9.125292778015137
-98,20,26,4.009961128234863,4.962207317352295,-6.488671779632568,47,56,-56,3.66064453125,-2.10546875,-7.1298828125
-105,51,117,2.067187547683716,0.9666016101837158,-5.110547065734863,-7,109,-120,2.598339796066284,0.45458984375,-3.4500977993011475
-88,56,162,2.3877930641174316,-7.474414348602295,-1.33984375,-19,109,-144,2.832812547683716,6.589160442352295,1.6891602277755737
5,51,116,4.732519626617432,-18.7578125,3.51708984375,-78,38,-62,5.16796875,14.293261528015137,8.484082221984863
80,3,15,7.981640815734863,-20.341699600219727,5.842675685882568,-8,-57,17,9.92919921875,14.862695693969727,7.771093845367432
93,-65,-64,10.95322322845459,-13.546777725219727,1.5168945789337158,24,-103,86,13.101758003234863,11.38388729095459,0.5263671875
100,-90,-116,10.991503715515137,-5.986230373382568,-1.8518555164337158,2,-99,126,11.513086318969727,4.6416015625,-5.330664157867432
58,-69,-124,9.670801162719727,2.4930665493011475,-5.378515720367432,-4,-62,108,8.598925590515137,-0.995312511920929,-7.981640815734863
-64,-24,-54,7.000683784484863,6.249413967132568,-6.536523342132568,43,1,17,5.7421875,-4.364062786102295,-8.890820503234863
-107,23,51,3.8472657203674316,4.196582317352295,-5.967090129852295,46,68,-90,3.32568359375,-1.3972656726837158,-6.129785060882568
-83,60,138,1.8279297351837158,-1.626953125,-4.56982421875,-29,104,-155,1.631738305091858,1.775292992591858,-2.306445360183716
-68,66,165,1.45947265625,-11.1015625,-0.5215820670127869,-42,74,-158,1.057519555091858,10.302441596984863,3.6845703125
41,53,85,4.13916015625,-20.011524200439453,5.100976467132568,-47,3,-60,4.18701171875,15.800586700439453,9.06787109375
101,-23,-9,9.292773246765137,-18.11181640625,7.388281345367432,4,-75,32,10.876660346984863,15.853222846984863,5.234961032867432
95,-89,-59,12.44140625,-11.608789443969727,2.0624024868011475,8,-92,96,13.862597465515137,10.465136528015137,-2.115039110183716
83,-99,-100,11.86240291595459,-5.55078125,-2.22509765625,-4,-88,130,11.661425590515137,4.574609279632568,-5.512500286102295
34,-61,-106,9.072656631469727,1.129296898841858,-5.43115234375,-4,-62,114,7.7998046875,-0.851757824420929,-7.086816310882568
-60,-6,-43,5.608203411102295,4.416699409484863,-6.2685546875,57,-17,30,5.081836223602295,-3.340039014816284,-7.68017578125
-93,34,45,2.981152296066284,2.8519532680511475,-4.588964939117432,57,45,-64,3.4740235805511475,-1.631738305091858,-6.43603515625
-100,46,130,1.6365234851837158,-1.167578101158142,-3.579296827316284,18,92,-155,1.8614258766174316,0.46416017413139343,-3.6750001907348633
-85,46,156,2.7562501430511475,-10.273730278015137,-0.6890625357627869,-25,96,-177,1.9332032203674316,10.1923828125,2.1581056118011475
6,40,76,6.134570598602295,-19.556934356689453,4.47412109375,-67,33,-65,5.47900390625,16.350879669189453,8.517578125
49,-11,-29,9.383691787719727,-19.26025390625,6.57958984375,4,-50,29,10.83359432220459,15.88671875,6.000586032867432
64,-73,-98,10.64218807220459,-12.07773494720459,2.27294921875,20,-97,95,12.163866996765137,11.26425838470459,-1.4977539777755737
58,-95,-117,10.111035346984863,-4.651172161102295,-2.287304639816284,19,-95,114,10.52255916595459,3.8903322219848633,-7.211230754852295
22,-65,-94,8.570215225219727,1.1149414777755737,-5.321094036102295,10,-44,85,8.005566596984863,0.05742187798023224,-8.574999809265137
-56,-11,-24,6.062793254852295,3.6080079078674316,-6.570019721984863,25,20,9,5.373730659484863,-2.9141602516174316,-8.335741996765137
-79,45,49,3.603222608566284,2.138964891433716,-5.43115234375,13,83,-74,3.311328172683716,-1.0144531726837158,-5.531640529632568
-84,75,108,2.574414014816284,-1.598242163658142,-3.430957078933716,-21,111,-132,2.186816453933716,1.6125977039337158,-2.143749952316284
-57,65,116,3.7228517532348633,-10.445996284484863,-0.03828125074505806,-49,94,-134,2.569628953933716,9.819140434265137,2.808886766433716
13,47,66,6.498242378234863,-16.575780868530273,4.038671970367432,-62,28,-41,5.330664157867432,15.609180450439453,9.441113471984863
59,1,0,10.07275390625,-18.26972770690918,4.655957221984863,26,-57,35,9.9052734375,15.398633003234863,5.852246284484863
88,-41,-58,11.666211128234863,-11.283398628234863,2.138964891433716,36,-89,97,11.79062557220459,11.4365234375,-0.9522461295127869
82,-58,-85,10.991503715515137,-5.282812595367432,-1.2584961652755737,11,-84,122,10.3837890625,4.555469036102295,-5.459863185882568
44,-50,-90,8.1826171875,0.44501954317092896,-3.3208985328674316,-9,-48,103,7.82373046875,0.5311523675918579,-6.14892578125
-25,-21,-50,5.646484375,3.1390626430511475,-4.675097942352295,20,-14,41,5.507714748382568,-3.7037110328674316,-6.991113185882568
-70,22,18,3.9716796875,2.1724610328674316,-5.029199123382568,44,46,-55,3.89990234375,-2.167675733566284,-5.971875190734863
-78,52,94,2.9620118141174316,-0.607714831829071,-2.761035203933716,-12,88,-126,3.158203125,0.9666016101837158,-2.904589891433716
-60,47,128,4.23486328125,-9.503320693969727,0.8900390863418579,-68,94,-140,4.493261814117432,8.53671932220459,2.426074266433716
14,30,80,7.177734375,-18.67646598815918,5.55078125,-93,31,-50,6.402539253234863,14.728711128234863,8.421875
45,-19,-3,9.46982479095459,-18.36543083190918,6.10107421875,33,-58,27,11.158984184265137,15.326855659484863,5.278027534484863
76,-63,-64,10.78574275970459,-11.24033260345459,2.239453077316284,48,-97,100,11.785840034484863,11.28818416595459,-1.143652319908142
79,-74,-87,10.04404354095459,-3.9860353469848633,-1.3302735090255737,38,-88,117,9.244921684265137,3.789843797683716,-4.880859375
30,-49,-76,8.005566596984863,1.5647461414337158,-3.574511766433716,8,-45,88,6.369042873382568,-1.0862305164337158,-6.570019721984863
-47,-12,-24,5.5029296875,3.694140672683716,-4.742089748382568,8,16,9,5.124902248382568,-3.6989259719848633,-6.608300685882568
-80,27,41,3.99560546875,2.430859327316284,-4.244433879852295,-2,71,-77,3.885546922683716,-1.693945288658142,-4.938281536102295
-103,35,119,3.459667921066284,-0.947460949420929,-3.3783204555511475,-45,111,-141,3.3065431118011475,1.583886742591858,-1.167578101158142
-74,31,154,4.2587890625,-12.742871284484863,-0.44023439288139343,-55,87,-127,5.196679592132568,11.67578125,5.55078125
41,22,66,6.402539253234863,-22.14570426940918,5.569921970367432,-13,10,-27,9.053515434265137,16.432226181030273,9.120508193969727
54,-41,-40,9.173144340515137,-17.53759765625,5.067480564117432,41,-57,70,11.9150390625,16.121191024780273,3.32568359375
58,-88,-99,10.74267578125,-8.407519340515137,-0.27275392413139343,14,-83,129,10.73789119720459,7.82373046875,-2.885449171066284
46,-76,-109,9.957910537719727,-1.119726538658142,-3.789843797683716,3,-71,119,8.44101619720459,1.6604492664337158,-5.928808689117432
-11,-39,-73,7.187304973602295,2.837597608566284,-5.761328220367432,13,-32,59,5.6943359375,-2.957226514816284,-7.469629287719727
-71,13,-1,4.574609279632568,2.8423829078674316,-6.641797065734863,32,23,-30,3.4883790016174316,-2.6318359375,-6.072363376617432
-95,54,68,2.354296922683716,0.3541015684604645,-5.00048828125,6,73,-115,2.1533203125,-0.8134765625,-3.933398485183716
-105,50,118,2.7801759243011475,-6.971972942352295,-1.41162109375,-2,82,-167,3.694140672683716,6.503027439117432,1.2537109851837158
-9,42,93,5.086621284484863,-17.86298942565918,3.072070360183716,-79,59,-94,6.857129096984863,14.460741996765137,7.594043254852295
75,-3,10,8.35009765625,-19.217187881469727,6.321191310882568,9,-27,-3,10.69003963470459,16.728906631469727,7.876367568969727
77,-73,-61,11.0537109375,-13.53720760345459,2.1963868141174316,34,-68,86,12.168652534484863,13.211816787719727,0.703417956829071
96,-103,-129,10.64697265625,-6.105859279632568,-2.330371141433716,-23,-76,142,10.02011775970459,4.9287109375,-3.9381837844848633
66,-98,-149,8.330957412719727,2.306445360183716,-6.646582126617432,1,-70,113,7.259082317352295,-0.8182617425918579,-6.182422161102295
-56,-48,-77,6.416894435882568,5.708691596984863,-8.000781059265137,43,-44,40,5.230175971984863,-3.191699266433716,-7.670605659484863
-111,14,28,4.498046875,4.230078220367432,-7.206445217132568,57,25,-64,3.85205078125,-1.9236328601837158,-6.225488185882568
-87,71,131,4.100879192352295,-1.000097632408142,-3.6415040493011475,10,91,-157,3.4931640625,1.201074242591858,-3.196484327316284
-50,94,177,4.780371189117432,-11.618359565734863,1.129296898841858,-58,115,-180,4.392773628234863,10.88144588470459,3.435742139816284
56,85,110,5.924023628234863,-19.159765243530273,6.05322265625,-140,53,-50,6.86669921875,16.590137481689453,9.077441215515137
77,-2,4,8.603711128234863,-17.111719131469727,6.311621189117432,-3,-60,45,10.66611385345459,14.527734756469727,6.469531536102295
81,-80,-75,9.943554878234863,-9.967480659484863,1.60302734375,24,-122,127,10.053613662719727,9.7138671875,-0.12441406399011612
70,-120,-132,8.618066787719727,-2.454785108566284,-2.8998048305511475,21,-145,162,6.909765720367432,1.93798828125,-4.708593845367432
11,-107,-138,6.704003810882568,3.732421875,-6.77099609375,21,-117,127,5.029199123382568,-3.0625,-8.144335746765137
-86,-54,-64,5.148828029632568,5.230175971984863,-7.096386909484863,76,-26,5,4.273144721984863,-5.368945598602295,-8.63720703125
-125,2,60,4.292285442352295,3.837695360183716,-6.876269817352295,59,71,-138,3.9908204078674316,-2.65576171875,-6.751855373382568
-99,62,183,4.105664253234863,-5.273242473602295,-2.5791993141174316,-13,138,-248,3.196484327316284,3.42138671875,-0.7177734375
-18,102,198,4.684668064117432,-16.704980850219727,1.9236328601837158,-125,124,-208,2.239453077316284,17.05908203125,4.990918159484863
81,85,103,7.091601848602295,-19.341602325439453,6.469531536102295,-119,45,-48,6.526953220367432,17.858203887939453,8.957812309265137
76,-15,7,9.311914443969727,-14.546875,4.885644435882568,-25,-63,76,11.163769721984863,16.015918731689453,4.124804973602295
73,-85,-57,10.230664253234863,-8.455370903015137,0.6747070550918579,21,-129,153,10.40293025970459,8.63720703125,-0.564648449420929
87,-112,-102,9.220995903015137,-2.9620118141174316,-3.1055665016174316,30,-145,182,7.24951171875,1.143652319908142,-4.407128810882568
34,-99,-105,7.397851943969727,1.4833984375,-5.852246284484863,63,-126,129,4.962207317352295,-3.732421875,-6.9384765625
-52,-53,-65,6.287695407867432,3.196484327316284,-6.823632717132568,76,-46,14,3.923828125,-6.067578315734863,-8.976953506469727
-139,0,25,5.656054973602295,2.402148485183716,-6.9384765625,77,46,-139,3.196484327316284,-2.813671827316284,-7.665820598602295
-146,62,136,4.947851657867432,-3.1869142055511475,-4.024316310882568,-1,117,-244,3.263476610183716,3.42138671875,-2.12939453125
-62,97,185,4.344922065734863,-12.001172065734863,1.4738281965255737,-88,123,-210,3.70849609375,13.862597465515137,4.440625190734863
73,97,121,4.943066596984863,-18.427637100219727,4.995703220367432,-128,56,-61,6.928906440734863,18.571191787719727,8.259180068969727
72,10,28,7.7041015625,-17.53759765625,6.029296875,-37,-43,58,10.800097465515137,17.350976943969727,4.632031440734863
61,-65,-50,10.206738471984863,-11.67578125,1.622167944908142,21,-107,135,10.0966796875,10.804883003234863,-1.033593773841858
57,-96,-108,9.388476371765137,-4.9287109375,-1.799218773841858,25,-98,159,8.10605525970459,3.0337891578674316,-5.565136909484863
14,-74,-120,7.378711223602295,1.311132788658142,-5.57470703125,34,-69,126,5.71826171875,-2.1246094703674316,-6.345117092132568
-53,-25,-70,5.469433784484863,4.206152439117432,-5.689550876617432,56,-2,18,4.13916015625,-5.292382717132568,-7.555761814117432
-112,11,20,4.37841796875,2.952441453933716,-5.799609661102295,52,75,-111,3.0194337368011475,-2.1102540493011475,-5.603417873382568
-106,47,121,4.13916015625,-3.430957078933716,-2.966796875,-30,118,-201,2.880664110183716,2.784960985183716,-1.009667992591858
-31,74,153,4.105664253234863,-13.120898246765137,0.83740234375,-90,103,-195,2.617480516433716,11.57529354095459,6.072363376617432
89,59,76,5.746972560882568,-19.915821075439453,5.7900390625,-113,17,-61,5.684765815734863,17.130859375,9.30712890625
94,-32,-6,8.771191596984863,-15.6474609375,6.986328125,29,-81,34,10.541699409484863,15.40341854095459,4.957421779632568
59,-112,-59,10.431640625,-10.350293159484863,1.4833984375,61,-120,114,10.661328315734863,11.393457412719727,-1.17236328125
61,-127,-101,9.149218559265137,-3.46923828125,-3.459667921066284,44,-126,147,8.05820369720459,3.3543946743011475,-5.043554782867432
11,-101,-109,7.08203125,1.79443359375,-6.306836128234863,37,-93,117,6.05322265625,-1.0383789539337158,-6.120214939117432
-96,-33,-40,4.900000095367432,5.086621284484863,-7.833301067352295,34,-15,25,5.464648723602295,-4.09130859375,-7.096386909484863
-135,38,73,4.04345703125,2.043261766433716,-6.503027439117432,19,75,-98,4.230078220367432,-2.0528321266174316,-5.928808689117432
-88,94,177,3.18212890625,-4.038671970367432,-3.1869142055511475,-56,135,-178,3.124706983566284,3.9286134243011475,-0.50244140625
-22,110,182,3.1390626430511475,-15.197656631469727,2.2442383766174316,-123,105,-126,3.6080079078674316,12.565820693969727,5.857031345367432
75,53,72,5.699120998382568,-19.686132431030273,7.589258193969727,-59,-2,-19,7.833301067352295,16.350879669189453,8.890820503234863
63,-60,-26,8.460156440734863,-16.76240348815918,5.679980754852295,17,-97,81,10.71875,14.747852325439453,2.70361328125
65,-133,-93,9.20664119720459,-9.823925971984863,0.11484375596046448,47,-133,136,10.23544979095459,7.818945407867432,-3.5840821266174316
44,-135,-124,8.407519340515137,-3.25390625,-4.770801067352295,36,-103,136,8.53671932220459,0.861328125,-7.6083984375
5,-81,-109,7.062890529632568,1.89013671875,-7.426562786102295,1,-41,81,6.833203315734863,-2.832812547683716,-6.737500190734863
-91,3,-16,5.072265625,4.919140815734863,-8.9482421875,8,21,-15,5.2158203125,-4.8330078125,-6.919335842132568
-120,88,110,3.158203125,1.5647461414337158,-7.196875095367432,11,87,-123,3.574511766433716,-1.4259766340255737,-4.531543254852295
-77,129,187,2.3495118618011475,-6.043652534484863,-1.07666015625,-7,133,-193,3.2251954078674316,5.297168254852295,-0.607714831829071
36,111,143,2.4691407680511475,-17.303125381469727,3.885546922683716,-100,107,-121,4.115234375,15.66660213470459,5.775683879852295
55,7,22,3.555371046066284,-22.12177848815918,9.742578506469727,-50,5,0,8.594141006469727,16.61884880065918,9.61337947845459
69,-107,-81,7.000683784484863,-16.661914825439453,4.603320598602295,9,-86,94,11.0537109375,13.80517578125,3.0816407203674316
95,-152,-132,9.40283203125,-7.689746379852295,-2.1820313930511475,35,-128,138,9.27841854095459,7.01025390625,-2.598339796066284
55,-127,-136,8.618066787719727,-0.947460949420929,-5.818749904632568,25,-115,130,6.909765720367432,0.3062500059604645,-6.407324314117432
4,-64,-98,6.488671779632568,4.359277248382568,-8.455370903015137,44,-56,57,5.28759765625,-3.7946290969848633,-8.32138729095459
-94,27,7,4.708593845367432,4.172656536102295,-8.10605525970459,33,31,-44,4.612890720367432,-3.08642578125,-6.062793254852295
-95,105,112,4.033886909484863,1.5695313215255737,-5.28759765625,-27,107,-125,5.124902248382568,-0.7369140982627869,-4.493261814117432
-98,136,182,4.014746189117432,-6.790136814117432,0.34453126788139343,-39,151,-166,6.392968654632568,5.746972560882568,2.4117188453674316
-9,109,134,4.813867092132568,-18.336719512939453,5.206250190734863,-104,104,-69,6.790136814117432,15.37949275970459,8.49365234375
52,6,3,5.555566310882568,-20.346485137939453,8.6611328125,5,-13,33,9.76171875,13.690332412719727,9.11572265625
69,-99,-92,7.072461128234863,-12.833788871765137,3.2586915493011475,51,-89,101,10.201952934265137,10.565625190734863,0.875683605670929
78,-128,-119,8.65634822845459,-4.13916015625,-2.94287109375,18,-101,123,8.388379096984863,3.9381837844848633,-4.053027629852295
26,-84,-91,8.914746284484863,1.129296898841858,-5.71826171875,30,-82,87,6.598730564117432,-1.201074242591858,-5.579492092132568
-24,-14,-37,7.531836032867432,3.407031297683716,-6.727929592132568,51,-23,7,6.34033203125,-3.9429688453674316,-7.086816310882568
-81,56,40,5.876172065734863,2.359081983566284,-6.034081935882568,50,52,-89,5.713476657867432,-2.7466797828674316,-6.1728515625
-90,104,120,4.373632907867432,-1.583886742591858,-1.9762696027755737,-18,111,-165,4.512402534484863,1.894921898841858,-1.9523438215255737
-41,104,145,3.7802734375,-10.895800590515137,2.550488233566284,-78,107,-142,4.732519626617432,11.6279296875,5.316308498382568
73,55,74,3.435742139816284,-17.795995712280273,7.383496284484863,-104,23,-32,7.096386909484863,14.1162109375,9.359766006469727
26,-66,-8,5.804394721984863,-16.365234375,7.82373046875,19,-63,38,10.98193359375,13.786035537719727,4.986133098602295
42,-130,-85,9.66123104095459,-11.5322265625,1.1388672590255737,37,-99,108,10.986719131469727,9.2353515625,-0.799121081829071
72,-114,-125,9.88134765625,-3.6989259719848633,-3.196484327316284,36,-98,129,8.65634822845459,2.545703172683716,-4.445410251617432
16,-67,-110,8.508008003234863,1.7848633527755737,-4.852148532867432,16,-71,103,6.5078125,-1.53125,-6.129785060882568
-67,-10,-44,6.637012004852295,3.85205078125,-5.713476657867432,34,-11,7,5.584277629852295,-3.828125,-7.115527629852295
-89,42,43,5.378515720367432,3.0337891578674316,-5.043554782867432,26,49,-88,4.900000095367432,-1.3541992902755737,-6.062793254852295
-98,80,136,4.053027629852295,-0.7464843988418579,-3.2012696266174316,-13,102,-164,4.59375,1.799218773841858,-2.3255860805511475
-74,84,183,2.6031250953674316,-10.31201171875,0.5215820670127869,-42,99,-169,4.76123046875,9.49853515625,4.201367378234863
26,63,102,4.684668064117432,-19.001855850219727,4.632031440734863,-96,24,-56,7.120312690734863,16.561426162719727,7.890722751617432
22,-36,-6,7.196875095367432,-18.70039176940918,6.967187404632568,6,-54,15,10.579980850219727,13.412793159484863,5.493359565734863
42,-99,-99,10.0966796875,-12.498827934265137,1.071874976158142,28,-87,91,11.039355278015137,11.589648246765137,-0.823046863079071
75,-94,-143,9.06787109375,-4.024316310882568,-2.3638672828674316,16,-84,130,8.426660537719727,4.560254096984863,-4.507617473602295
21,-66,-120,7.335644721984863,1.727441430091858,-4.325781345367432,22,-62,115,5.895312786102295,1.009667992591858,-5.00048828125
-49,-42,-62,5.359375,3.25390625,-5.450293064117432,9,-34,51,4.627246379852295,-3.2586915493011475,-6.895410060882568
-78,-24,7,3.6845703125,2.8663086891174316,-6.493457317352295,31,36,-67,4.158300876617432,-3.029003858566284,-6.445605754852295
-94,4,72,3.789843797683716,-0.631640613079071,-6.278125286102295,-12,102,-157,4.37841796875,1.6365234851837158,-3.6750001907348633
-10,51,121,7.555761814117432,-11.570508003234863,0.40673828125,-82,107,-163,5.52685546875,10.201952934265137,3.741992235183716
83,81,86,8.551074028015137,-17.48974609375,4.47412109375,-203,46,-23,6.570019721984863,13.44150447845459,7.986425876617432
71,25,21,10.728320121765137,-15.676172256469727,7.857226848602295,11,-61,11,10.465136528015137,11.38388729095459,7.761523723602295
71,-51,-46,11.374316215515137,-11.64707088470459,3.076855421066284,89,-138,82,11.46044921875,11.560937881469727,1.8087891340255737
99,-102,-98,8.97216796875,-3.3304688930511475,-1.5216797590255737,52,-164,145,8.546289443969727,4.177441596984863,-3.411816358566284
34,-109,-101,6.900195598602295,4.914355754852295,-7.842871189117432,86,-130,122,6.278125286102295,-1.7083008289337158,-7.158593654632568
-89,-75,-57,5.522070407867432,5.823535442352295,-8.39794921875,82,-47,44,4.847363471984863,-5.249316692352295,-9.857421875
-159,-25,18,4.9765625,2.9859375953674316,-7.909863471984863,58,52,-81,3.9046876430511475,-2.9189453125,-8.03427791595459
-138,26,121,5.991015911102295,-2.8663086891174316,-4.0673828125,-10,122,-187,4.340137004852295,1.8997070789337158,-2.665332078933716
-49,69,177,5.900097846984863,-14.068359375,0.17705078423023224,-75,119,-207,4.148730754852295,11.69492244720459,4.244433879852295
82,100,104,6.392968654632568,-19.600000381469727,5.187109470367432,-138,64,-88,6.258984565734863,17.6572265625,7.378711223602295
86,13,18,10.182812690734863,-16.896387100219727,5.402441501617432,-64,-32,28,11.163769721984863,15.279004096984863,3.3926758766174316
116,-65,-60,11.441308975219727,-10.914941787719727,-0.4833008050918579,-8,-92,115,10.996289253234863,11.484375,-0.9618164300918579
127,-118,-133,9.340624809265137,-2.5361328125,-4.584179878234863,9,-134,171,7.732812881469727,3.3783204555511475,-4.18701171875
18,-121,-162,6.29248046875,4.938281536102295,-8.694628715515137,49,-131,155,5.010058879852295,-3.048144578933716,-7.981640815734863
-116,-74,-96,4.512402534484863,7.77587890625,-8.450586318969727,104,-62,56,4.182226657867432,-6.48388671875,-9.814355850219727
-179,-25,23,4.196582317352295,4.574609279632568,-7.483984470367432,74,27,-75,3.5840821266174316,-3.837695360183716,-7.460058689117432
-136,24,159,5.19189453125,-2.808886766433716,-4.373632907867432,2,104,-196,3.7994141578674316,1.55517578125,-2.48828125
-60,66,202,6.359472751617432,-15.566113471984863,0.478515625,-68,102,-194,4.914355754852295,13.29794979095459,4.143945217132568
62,73,105,8.546289443969727,-20.226856231689453,4.239648342132568,-74,48,-76,8.63720703125,17.709863662719727,7.0341796875
96,10,12,11.8671875,-15.489551544189453,2.8041017055511475,-39,-36,39,12.020312309265137,14.37939453125,2.7275390625
113,-44,-57,11.62314510345459,-9.034375190734863,-0.775195300579071,-18,-83,113,11.21640682220459,9.225781440734863,-1.9236328601837158
118,-81,-125,9.508105278015137,-1.870996117591858,-4.603320598602295,-17,-103,156,8.01513671875,2.8184571266174316,-5.388085842132568
28,-83,-147,5.952734470367432,6.29248046875,-8.359667778015137,6,-92,138,4.866504192352295,-3.861621141433716,-8.761621475219727
-98,-45,-75,3.9908204078674316,6.852344036102295,-6.948047161102295,72,-34,33,3.7372071743011475,-5.737402439117432,-8.0869140625
-141,-14,44,3.5697267055511475,5.297168254852295,-6.254199504852295,53,32,-97,3.167773485183716,-4.115234375,-7.436132907867432
-149,19,196,4.325781345367432,-1.263281226158142,-5.124902248382568,-16,108,-220,3.143847703933716,1.8566406965255737,-3.167773485183716
-55,76,257,5.364160060882568,-16.7958984375,-0.7369140982627869,-128,131,-212,5.134472846984863,12.9677734375,6.493457317352295
105,113,164,6.31640625,-22.930469512939453,3.9525392055511475,-134,105,-111,7.905078411102295,18.49462890625,8.139551162719727
124,51,78,9.249707221984863,-18.188379287719727,3.478808641433716,-122,18,4,10.924511909484863,17.642871856689453,5.756543159484863
134,-18,11,10.589550971984863,-10.106249809265137,0.535937488079071,-71,-73,90,10.21152400970459,9.962695121765137,0.64599609375
113,-62,-51,9.938769340515137,-3.349609375,-1.435546875,-19,-124,132,7.287793159484863,3.80419921875,-3.2730469703674316
57,-94,-112,7.086816310882568,2.1581056118011475,-4.1630859375,50,-138,145,4.364062786102295,-2.4356446266174316,-7.196875095367432
-51,-90,-115,5.04833984375,5.368945598602295,-7.507910251617432,113,-86,75,3.8089845180511475,-5.6943359375,-8.216113090515137
-185,-58,-48,4.488476753234863,3.6415040493011475,-6.971972942352295,132,-15,-34,4.057812690734863,-3.2969727516174316,-6.512597560882568
-191,-38,24,8.12998104095459,-5.569921970367432,-2.5791993141174316,71,45,-132,7.369140625,3.957324266433716,-1.53125
0,22,79,10.07275390625,-19.303319931030273,1.9092774391174316,-34,75,-161,10.350293159484863,16.66670036315918,5.091406345367432
83,63,89,8.263964653015137,-21.04511833190918,6.464745998382568,-67,87,-94,11.594433784484863,19.365528106689453,7.517480850219727
153,19,65,10.771387100219727,-14.800488471984863,1.74658203125,-146,35,27,13.36972713470459,15.537403106689453,2.9237306118011475
177,-25,27,11.570508003234863,-6.646582126617432,-2.024121046066284,-187,-34,103,10.91015625,6.708789348602295,-1.559960961341858
134,-61,-33,10.005762100219727,-0.9283203482627869,-4.435840129852295,-70,-101,123,5.93359375,0.16748046875,-6.345117092132568
27,-83,-91,6.412109375,3.526660203933716,-5.818749904632568,38,-114,98,2.8041017055511475,-4.024316310882568,-8.220898628234863
-95,-90,-106,4.675097942352295,5.053124904632568,-6.517383098602295,168,-81,14,2.1102540493011475,-5.474218845367432,-8.77597713470459
-216,-72,-44,6.330761909484863,4.148730754852295,-8.359667778015137,190,-3,-112,3.2730469703674316,-3.8759765625,-8.326171875
-214,-22,93,9.436327934265137,-6.565234661102295,-3.8664064407348633,136,56,-261,7.87158203125,8.187402725219727,1.72265625
-2,90,154,8.029492378234863,-22.509374618530273,4.105664253234863,-102,105,-208,7.818945407867432,21.901660919189453,5.737402439117432
164,116,111,8.0390625,-20.442188262939453,7.46484375,-157,96,-90,9.005663871765137,22.96875,8.17783260345459
131,41,97,10.489062309265137,-12.958203315734863,2.48828125,-224,22,42,10.843164443969727,15.326855659484863,3.933398485183716
152,-21,46,10.608691215515137,-7.335644721984863,-0.607714831829071,-147,-69,88,8.866894721984863,7.641894817352295,0.01435546949505806
143,-66,-42,8.962597846984863,-1.631738305091858,-3.048144578933716,-49,-127,122,5.3115234375,0.3541015684604645,-4.550683498382568
46,-107,-103,5.426367282867432,2.330371141433716,-4.689453125,55,-140,118,2.426074266433716,-2.8232421875,-6.5556640625
-77,-130,-113,4.172656536102295,3.292187452316284,-5.703906536102295,88,-108,67,2.8232421875,-5.091406345367432,-7.05810546875
-186,-120,-56,6.464745998382568,4.273144721984863,-8.149121284484863,158,-46,-64,5.565136909484863,-4.40234375,-8.048632621765137
-238,-39,93,11.07285213470459,-6.158496379852295,-4.28271484375,135,31,-215,9.627734184265137,7.259082317352295,0.08134765923023224
32,78,129,9.914843559265137,-21.18867301940918,5.804394721984863,-61,84,-182,9.30234432220459,18.011327743530273,7.445703506469727
131,80,96,7.742383003234863,-17.906055450439453,8.78076171875,-110,44,-71,10.3359375,19.480371475219727,8.292675971984863
89,-7,84,9.49375057220459,-12.120800971984863,3.2826173305511475,-195,0,40,11.89111328125,14.269335746765137,2.009765625
140,-61,30,10.40771484375,-6.72314453125,-1.4499024152755737,-125,-43,63,9.962695121765137,5.775683879852295,-2.330371141433716
98,-76,-25,9.73779296875,-0.6412109732627869,-5.033984661102295,-4,-70,64,7.048535346984863,0.4115234315395355,-4.933495998382568
0,-66,-67,7.65625,1.7130860090255737,-7.34521484375,42,-81,68,4.292285442352295,-1.454687476158142,-5.402441501617432
-100,-58,-91,5.866601467132568,3.1534180641174316,-7.450488567352295,47,-84,47,3.4979493618011475,-3.4500977993011475,-6.632226467132568
-256,-50,-54,6.593945503234863,2.808886766433716,-10.73789119720459,117,-39,-32,5.100976467132568,-2.79931640625,-9.08701229095459
-303,-21,56,9.800000190734863,-7.857226848602295,-6.967187404632568,181,33,-177,10.134961128234863,7.278222560882568,0.8565430045127869
-72,92,92,9.072656631469727,-23.978418350219727,1.5216797590255737,80,78,-199,9.73779296875,20.26513671875,3.85205078125
115,105,68,6.837988376617432,-21.059473037719727,7.316504001617432,-159,114,-96,8.359667778015137,20.001953125,6.287695407867432
171,40,52,10.249804496765137,-11.489160537719727,1.4929687976837158,-315,79,20,10.326367378234863,13.42236328125,3.9716796875
157,-2,50,10.656542778015137,-4.6416015625,-2.1102540493011475,-164,-15,46,9.87656307220459,7.747168064117432,1.009667992591858
118,-29,9,10.06796932220459,-0.22490234673023224,-3.478808641433716,-37,-91,75,7.019824504852295,2.1724610328674316,-2.8041017055511475
40,-52,-51,7.6083984375,1.79443359375,-5.244531154632568,103,-123,78,3.7228517532348633,-1.143652319908142,-4.866504192352295
-55,-72,-94,5.325879096984863,2.65576171875,-5.512500286102295,91,-130,82,2.694042921066284,-1.8805664777755737,-5.14404296875
-202,-94,-78,6.206347942352295,2.981152296066284,-5.947949409484863,128,-109,2,3.483593702316284,-3.024218797683716,-9.388476371765137
-279,-91,33,9.287988662719727,-3.8185548782348633,-6.010156154632568,181,6,-176,7.838086128234863,4.584179878234863,-2.617480516433716
-23,34,124,8.87168025970459,-20.63838005065918,1.430761694908142,48,56,-174,11.163769721984863,20.413476943969727,5.455078125
161,72,123,7.287793159484863,-19.839258193969727,6.69921875,-105,73,-109,9.30712890625,18.762598037719727,7.852441787719727
135,6,120,10.42685604095459,-15.59482479095459,3.0912110805511475,-251,38,21,11.91025447845459,17.877344131469727,1.775292992591858
184,-46,47,12.211718559265137,-10.76181697845459,-1.9092774391174316,-174,-31,74,10.536913871765137,8.531933784484863,-1.4211914539337158
164,-76,-31,10.771387100219727,-2.9715821743011475,-4.919140815734863,-88,-82,97,7.436132907867432,1.9714844226837158,-4.105664253234863
54,-71,-83,7.713672161102295,1.894921898841858,-7.665820598602295,43,-122,92,4.23486328125,-1.6604492664337158,-4.804296970367432
-76,-56,-108,5.086621284484863,3.2108399868011475,-6.249413967132568,52,-123,82,3.3208985328674316,-3.0672852993011475,-6.809277534484863
-211,-64,-84,3.8711915016174316,3.1103515625,-7.015038967132568,121,-74,-13,4.206152439117432,-2.406933546066284,-7.708887100219727
-276,-22,34,6.349902629852295,-0.30146485567092896,-8.89560604095459,175,13,-158,7.158593654632568,1.201074242591858,-4.608105659484863
-123,52,150,7.383496284484863,-19.743555068969727,1.1388672590255737,88,85,-218,8.354883193969727,15.23593807220459,5.751758098602295
174,80,92,7.483984470367432,-23.011816024780273,8.474512100219727,-113,87,-141,9.11572265625,19.576074600219727,7.259082317352295
134,-15,55,11.47959041595459,-15.393848419189453,6.574804782867432,-166,41,-31,12.087305068969727,17.43232536315918,4.861718654632568
91,-77,11,11.656641006469727,-9.120508193969727,-1.153222680091858,-154,-39,44,10.709179878234863,11.6279296875,0.851757824420929
123,-83,-62,9.197070121765137,-2.8902344703674316,-5.727832317352295,-58,-113,102,7.053320407867432,5.19189453125,-3.3448243141174316
44,-78,-107,5.608203411102295,4.249218940734863,-9.5703125,-11,-146,131,3.4740235805511475,0.03828125074505806,-6.641797065734863
-148,-54,-90,3.263476610183716,4.40234375,-9.97226619720459,103,-137,94,2.0145509243011475,-2.593554735183716,-7.91943359375
-251,-26,-21,4.076953411102295,2.41650390625,-10.589550971984863,164,-64,-12,3.08642578125,-2.789746046066284,-9.838281631469727
-262,17,122,7.96728515625,-6.756640911102295,-5.258886814117432,191,46,-187,7.603613376617432,5.919238567352295,-1.052734375
-15,96,154,9.287988662719727,-24.313379287719727,4.947851657867432,-13,95,-196,10.173242568969727,15.054101943969727,4.392773628234863
167,89,88,8.866894721984863,-20.59052848815918,8.30224609375,-191,117,-105,9.776074409484863,19.097558975219727,5.00048828125
148,1,68,10.42685604095459,-12.685449600219727,1.33984375,-260,76,21,11.22119140625,14.408105850219727,2.4834961891174316
177,-42,24,10.125391006469727,-6.019726753234863,-4.13916015625,-147,-18,66,9.584668159484863,7.82373046875,-0.44501954317092896
122,-55,-39,9.06308650970459,0.535937488079071,-6.814062595367432,-58,-103,97,5.847461223602295,1.72265625,-3.37353515625
-6,-40,-76,6.952832221984863,2.478710889816284,-7.804590225219727,76,-132,71,3.8903322219848633,-1.9523438215255737,-6.048437595367432
-105,-28,-91,5.345019817352295,2.9620118141174316,-6.373828411102295,102,-121,41,3.9908204078674316,-2.234668016433716,-6.081933498382568
-246,-46,-37,5.794824123382568,2.067187547683716,-6.479101657867432,161,-50,-52,6.287695407867432,-2.5409181118011475,-7.943359375
-260,-7,83,9.1875,-10.85752010345459,-4.325781345367432,143,44,-169,10.09189510345459,8.570215225219727,2.813671827316284
39,85,111,7.4169921875,-23.121875762939453,7.550976753234863,-31,81,-159,11.02500057220459,14.250195503234863,5.967090129852295
183,80,89,7.158593654632568,-17.307910919189453,9.03916072845459,-154,102,-101,9.718652725219727,17.3701171875,5.483788967132568
112,7,105,9.503320693969727,-10.991503715515137,2.646191358566284,-222,44,18,10.59912109375,13.75253963470459,3.6845703125
127,-37,65,9.670801162719727,-7.388281345367432,-1.1484375,-105,-56,51,8.699414253234863,7.641894817352295,0.09091796725988388
129,-62,-9,8.953027725219727,-1.7370117902755737,-3.072070360183716,-21,-128,98,5.493359565734863,2.5887696743011475,-3.4453125
-3,-93,-65,7.139453411102295,0.894824206829071,-5.225390911102295,105,-157,86,3.6845703125,-1.894921898841858,-4.990918159484863
-107,-105,-113,6.043652534484863,2.03369140625,-6.503027439117432,132,-127,56,3.6845703125,-3.4931640625,-8.44101619720459
-236,-91,-78,6.570019721984863,3.1869142055511475,-7.91943359375,147,-48,-49,5.971875190734863,-2.2920899391174316,-8.283105850219727
-313,-33,61,10.345507621765137,-2.976367235183716,-6.708789348602295,173,51,-215,9.393261909484863,4.900000095367432,-1.72265625
-37,77,148,10.92929744720459,-21.849023818969727,1.717871069908142,-61,99,-242,10.158886909484863,20.54267692565918,6.163281440734863
138,145,128,6.144140720367432,-22.183984756469727,6.919335842132568,-376,132,-127,6.4599609375,21.21259880065918,6.191992282867432
52,78,68,8.460156440734863,-17.642871856689453,5.818749904632568,-366,58,-4,8.39316463470459,16.3173828125,8.99609375
97,25,-48,9.728222846984863,-10.83359432220459,-0.11484375596046448,-192,-83,15,7.220800876617432,11.589648246765137,3.99560546875
140,-22,-158,8.713769912719727,-1.3781250715255737,-3.8951172828674316,-99,-199,68,3.61279296875,5.723046779632568,-1.8997070789337158
23,-65,-212,4.507617473602295,6.512597560882568,-8.87168025970459,-9,-257,105,0.7847656607627869,-0.7464843988418579,-6.493457317352295
-118,-108,-183,2.3447265625,7.981640815734863,-8.139551162719727,171,-254,73,0.846972644329071,-5.679980754852295,-9.2353515625
-284,-132,-42,3.3017578125,7.436132907867432,-11.446093559265137,277,-136,-66,3.741992235183716,-7.455273628234863,-11.98203182220459
-308,-100,190,7.110742092132568,-2.89501953125,-8.44101619720459,183,-58,-274,7.149023532867432,4.301855564117432,-4.086523532867432
-61,7,250,10.757031440734863,-18.74824333190918,1.84228515625,-253,26,-260,8.173047065734863,18.50898551940918,2.430859327316284
12,65,160,12.19736385345459,-25.222558975219727,3.2060546875,-305,109,-147,3.411816358566284,21.490137100219727,11.977246284484863
96,94,16,10.733105659484863,-18.528125762939453,0.703417956829071,-320,52,31,7.196875095367432,19.987598419189453,10.967577934265137
171,56,-80,8.34531307220459,-6.589160442352295,-2.8184571266174316,-145,-84,58,8.139551162719727,8.96738338470459,4.038671970367432
112,-15,-109,6.383398532867432,0.6220703125,-5.115332126617432,-26,-165,76,7.7998046875,3.555371046066284,-2.4356446266174316
50,-85,-125,3.7802734375,3.6654298305511475,-6.871484279632568,67,-202,87,5.608203411102295,0.7608398795127869,-6.967187404632568
-26,-128,-93,3.5840821266174316,5.565136909484863,-7.493555068969727,179,-164,63,4.52197265625,-3.66064453125,-11.082422256469727
-162,-136,-6,5.86181640625,5.818749904632568,-8.005566596984863,301,-44,-36,4.828222751617432,-3.574511766433716,-11.737988471984863
-183,-85,113,12.546679496765137,-3.7132813930511475,-3.923828125,261,42,-208,6.091504096984863,4.770801067352295,-5.359375
36,53,174,15.939355850219727,-15.92978572845459,3.741992235183716,1,91,-251,7.661035537719727,20.2890625,3.244335889816284
136,171,138,12.096875190734863,-17.68115234375,6.660937786102295,-261,145,-139,3.2012696266174316,19.647851943969727,9.144433975219727
131,142,91,9.680371284484863,-12.19736385345459,4.038671970367432,-346,103,17,6.570019721984863,14.728711128234863,8.15390682220459
179,66,31,8.766406059265137,-4.751660346984863,-2.201171875,-188,-24,56,7.852441787719727,7.182519435882568,3.32568359375
115,-21,-20,7.995996475219727,-0.06220703199505806,-5.770898342132568,-69,-143,78,7.330859661102295,3.0816407203674316,-1.9571290016174316
45,-97,-86,5.842675685882568,1.646093726158142,-6.402539253234863,58,-214,87,5.187109470367432,-0.17226563394069672,-7.378711223602295
-104,-159,-90,4.579394817352295,2.6126954555511475,-7.335644721984863,294,-191,35,4.612890720367432,-3.18212890625,-12.996484756469727
-244,-145,-11,8.58935546875,0.660351574420929,-9.192285537719727,348,-48,-122,5.392871379852295,-0.20576171576976776,-11.29296875
-132,-53,79,13.312304496765137,-12.05859375,0.83740234375,141,26,-256,6.067578315734863,13.317090034484863,-0.751269519329071
48,62,116,14.245409965515137,-17.499317169189453,6.038867473602295,-213,70,-182,4.517187595367432,21.743749618530273,9.393261909484863
51,100,109,12.001172065734863,-18.298437118530273,8.61328125,-193,26,-22,7.565332412719727,25.490528106689453,10.80966854095459
157,62,23,9.675585746765137,-12.8720703125,2.4404296875,-198,-39,107,8.20175838470459,15.183300971984863,3.5218751430511475
221,-2,-48,7.929004192352295,-3.2969727516174316,-3.7276368141174316,-119,-93,128,7.292578220367432,4.182226657867432,-2.89501953125
133,-72,-84,6.00537109375,1.430761694908142,-7.713672161102295,-87,-129,150,5.498144626617432,-0.19140625,-6.995898723602295
27,-113,-101,3.6319336891174316,3.63671875,-7.91943359375,65,-150,105,3.0098633766174316,-3.502734422683716,-10.40293025970459
-114,-133,-63,3.7276368141174316,3.6797852516174316,-8.421875,179,-93,21,2.4117188453674316,-3.3448243141174316,-12.919921875
-217,-91,41,7.445703506469727,0.669921875,-7.244726657867432,291,15,-157,2.526562452316284,-0.36845704913139343,-10.532129287719727
-97,6,127,13.99179744720459,-13.08261775970459,5.321094036102295,222,59,-279,5.737402439117432,20.657520294189453,2.5361328125
60,108,139,14.08750057220459,-18.22187614440918,8.3740234375,-195,72,-126,6.493457317352295,22.629003524780273,8.708984375
51,114,115,12.25,-15.537403106689453,7.206445217132568,-257,43,-15,10.80966854095459,18.96357536315918,7.517480850219727
159,68,28,10.565625190734863,-9.130078315734863,1.2297852039337158,-303,-30,36,11.07763671875,11.848047256469727,2.019335985183716
139,0,-32,8.641992568969727,-1.167578101158142,-3.2347657680511475,-189,-105,74,8.82861328125,3.4883790016174316,-3.2730469703674316
43,-60,-76,5.440722942352295,0.8661133050918579,-5.57470703125,-40,-153,66,5.09619140625,0.16748046875,-7.125097751617432
-25,-100,-99,3.63671875,1.9044922590255737,-5.971875190734863,143,-163,39,3.220410108566284,-2.665332078933716,-10.50341796875
-134,-139,-62,4.71337890625,2.966796875,-8.900390625,300,-84,-34,3.670214891433716,-3.66064453125,-15.302929878234863
-248,-113,34,9.4267578125,-0.995312511920929,-6.876269817352295,314,24,-174,4.742089748382568,1.6173828840255737,-9.670801162719727
-85,-32,84,14.03964900970459,-14.814844131469727,5.71826171875,185,59,-281,5.842675685882568,16.35566520690918,2.426074266433716
99,81,94,12.86728572845459,-18.666894912719727,9.68994140625,-139,65,-165,3.550585985183716,23.82050895690918,7.598828315734863
82,61,76,12.379199028015137,-15.11630916595459,7.445703506469727,-182,11,-39,8.962597846984863,21.265233993530273,5.325879096984863
144,20,28,10.158886909484863,-8.708984375,-1.1340820789337158,-231,-44,43,9.78085994720459,13.388867378234863,-0.34453126788139343
159,-12,0,8.20654296875,-2.3160157203674316,-5.43115234375,-129,-91,95,8.49365234375,6.029296875,-4.383203029632568
81,-50,-24,6.617871284484863,0.6890625357627869,-7.460058689117432,-33,-111,118,5.689550876617432,1.36376953125,-7.019824504852295
-22,-74,-53,4.52197265625,2.019335985183716,-7.043750286102295,105,-108,98,3.646289110183716,-2.550488233566284,-9.51767635345459
-142,-92,-41,5.455078125,3.0577149391174316,-7.617969036102295,202,-44,15,3.550585985183716,-4.612890720367432,-11.59921932220459
-233,-51,35,10.33115291595459,-1.153222680091858,-5.589062690734863,235,63,-150,5.105762004852295,0.6747070550918579,-7.330859661102295
-90,32,82,14.652148246765137,-14.455957412719727,3.4883790016174316,98,79,-239,7.933789253234863,16.838964462280273,3.598437547683716
28,110,101,12.092089653015137,-19.6669921875,8.63720703125,-199,81,-127,5.852246284484863,21.968652725219727,6.952832221984863
64,103,75,9.94834041595459,-16.45136833190918,5.976660251617432,-226,34,-5,8.283105850219727,20.09765625,7.87158203125
177,56,9,8.72812557220459,-8.421875,-0.83740234375,-225,-61,81,8.29746150970459,11.67099666595459,2.000195264816284
165,-7,-28,7.311718940734863,-1.9810547828674316,-4.33056640625,-142,-129,115,6.751855373382568,4.47412109375,-4.230078220367432
68,-63,-63,5.43115234375,0.894824206829071,-5.919238567352295,0,-144,107,4.727734565734863,-0.6412109732627869,-9.03916072845459
-29,-95,-82,4.230078220367432,1.93798828125,-5.608203411102295,177,-115,62,3.3448243141174316,-2.933300733566284,-9.579882621765137
-149,-108,-56,5.809179782867432,2.426074266433716,-7.44091796875,262,-37,-25,3.8903322219848633,-3.6750001907348633,-10.88144588470459
-222,-62,16,10.240234375,-1.512109398841858,-4.268359661102295,247,49,-183,5.823535442352295,1.5695313215255737,-5.589062690734863
-80,31,87,13.494140625,-14.23105525970459,5.1201171875,41,72,-248,6.766211032867432,17.451465606689453,3.7132813930511475
60,99,120,11.50351619720459,-17.834278106689453,10.393359184265137,-208,62,-125,5.90966796875,21.480566024780273,9.369336128234863
105,73,94,9.99619197845459,-13.94394588470459,7.024609565734863,-220,-4,-5,9.369336128234863,17.149999618530273,5.947949409484863
161,11,35,8.819043159484863,-7.995996475219727,0.478515625,-187,-72,47,9.216211318969727,11.02978515625,0.5550781488418579
138,-54,-17,7.814160346984863,-2.4930665493011475,-4.000390529632568,-94,-124,98,7.125097751617432,4.110449314117432,-4.632031440734863
45,-105,-72,5.876172065734863,0.49287110567092896,-6.498242378234863,31,-136,105,4.483691692352295,-1.119726538658142,-9.1875
-61,-132,-96,4.225293159484863,2.0528321266174316,-6.96240234375,185,-91,49,3.387890577316284,-3.335253953933716,-10.245019912719727
-169,-133,-51,5.234961032867432,2.3877930641174316,-8.68027400970459,258,-22,-62,4.005176067352295,-2.56005859375,-9.5224609375
-221,-72,55,9.61337947845459,-3.239550828933716,-3.4022462368011475,208,48,-221,5.569921970367432,5.928808689117432,-2.0049805641174316
-38,38,129,13.652050971984863,-15.829297065734863,4.37841796875,-72,52,-206,5.794824123382568,21.341796875,5.727832317352295
99,112,148,13.355371475219727,-19.485157012939453,10.029687881469727,-275,27,-70,7.340429782867432,22.60029411315918,8.94345760345459
136,86,93,11.69970703125,-15.02060604095459,6.488671779632568,-249,-24,14,11.058496475219727,17.724218368530273,4.440625190734863
206,26,14,10.09189510345459,-7.168164253234863,-2.359081983566284,-188,-93,73,9.130078315734863,10.54648494720459,-1.7322266101837158
140,-42,-37,8.134765625,-1.5168945789337158,-7.196875095367432,-149,-142,128,6.014941692352295,3.622363328933716,-7.206445217132568
3,-88,-91,4.588964939117432,0.6268554925918579,-7.436132907867432,29,-156,111,3.550585985183716,-2.2298829555511475,-11.16855525970459
-140,-106,-96,3.8951172828674316,2.6605470180511475,-8.067773818969727,248,-98,34,3.454882860183716,-4.129590034484863,-11.278613090515137
-260,-80,-11,5.86181640625,1.9571290016174316,-8.900390625,318,-3,-85,4.47412109375,-2.3734376430511475,-9.962695121765137
-241,-18,99,9.125292778015137,-9.08701229095459,-1.6652344465255737,265,53,-235,5.402441501617432,5.708691596984863,-2.56005859375
16,62,107,10.80966854095459,-21.79638671875,8.517578125,-50,61,-225,4.268359661102295,23.145801544189453,5.890527248382568
102,47,83,10.465136528015137,-19.221973419189453,11.41259765625,-167,37,-75,6.656152248382568,23.236719131469727,7.455273628234863
128,-12,53,10.14453125,-12.575390815734863,2.6031250953674316,-198,-29,41,10.125391006469727,16.805469512939453,2.2490234375
209,-43,10,8.555859565734863,-5.498144626617432,-5.163183689117432,-197,-81,84,8.460156440734863,8.3740234375,-2.5552735328674316
147,-56,-10,7.335644721984863,-1.344628930091858,-8.54150390625,-118,-122,116,6.115429878234863,2.775390625,-6.349902629852295
31,-62,-53,5.76611328125,-0.16748046875,-9.283203125,30,-126,93,4.057812690734863,-2.622265577316284,-10.685254096984863
-119,-83,-82,5.292382717132568,1.0431641340255737,-8.82861328125,196,-90,27,3.99560546875,-3.0337891578674316,-10.556055068969727
-262,-103,-53,7.120312690734863,-0.4115234315395355,-8.708984375,250,-34,-69,5.809179782867432,-0.78955078125,-11.00107479095459
-271,-52,29,11.83847713470459,-9.101366996765137,-1.8757812976837158,263,44,-234,7.206445217132568,8.809473037719727,-1.50732421875
-32,50,80,13.685546875,-19.470800399780273,7.177734375,-22,90,-210,6.57958984375,22.222265243530273,2.641406297683716
111,87,90,12.36484432220459,-16.64277458190918,8.06298828125,-246,99,-80,7.995996475219727,19.623926162719727,5.809179782867432
133,54,79,10.699609756469727,-10.64697265625,0.83740234375,-306,34,32,10.254590034484863,13.881738662719727,3.407031297683716
202,11,27,9.603808403015137,-4.718163967132568,-5.19189453125,-207,-75,64,8.890820503234863,7.254296779632568,-0.42109376192092896
123,-43,-33,7.283008098602295,-0.22490234673023224,-7.9912109375,-96,-144,84,6.421679973602295,1.239355444908142,-6.804492473602295
-9,-82,-82,3.957324266433716,0.9761719107627869,-6.589160442352295,80,-164,70,3.9046876430511475,-0.899609386920929,-7.761523723602295
-145,-123,-82,4.387988567352295,2.191601514816284,-7.091601848602295,282,-131,14,4.143945217132568,-3.1534180641174316,-12.41748046875
-258,-107,-3,8.598925590515137,0.7225586175918579,-9.27841854095459,298,-1,-132,5.780468940734863,-0.09091796725988388,-10.69482421875
-128,2,85,12.77158260345459,-12.72373104095459,-0.01914062537252903,176,57,-281,7.20166015625,14.27890682220459,1.8805664777755737
129,108,112,11.513086318969727,-18.097461700439453,6.000586032867432,-164,89,-190,3.4883790016174316,22.557226181030273,3.411816358566284
86,101,127,8.60849666595459,-14.63779354095459,8.65634822845459,-245,65,-69,6.397754192352295,20.580957412719727,5.354589939117432
110,38,80,9.11572265625,-12.374414443969727,1.670019507408142,-274,-1,25,8.17783260345459,14.010937690734863,2.2442383766174316
228,-22,-1,9.30712890625,-4.813867092132568,-4.966992378234863,-183,-99,73,7.708887100219727,6.526953220367432,-1.693945288658142
120,-94,-41,6.766211032867432,-0.5263671875,-7.952929973602295,-55,-170,100,5.555566310882568,1.382910132408142,-6.603515625
-24,-132,-77,4.1630859375,0.6651367545127869,-7.804590225219727,94,-185,83,3.7707033157348633,-1.8997070789337158,-8.378808975219727
-188,-135,-53,5.708691596984863,1.9619140625,-9.460253715515137,238,-147,8,4.579394817352295,-3.2826173305511475,-12.336133003234863
-282,-76,40,10.651758193969727,-2.186816453933716,-8.20654296875,292,-17,-152,7.412207126617432,0.4593750238418579,-10.986719131469727
-94,33,90,13.66162109375,-16.59492301940918,2.813671827316284,126,65,-269,8.6611328125,15.95849609375,3.3017578125
149,138,70,11.379101753234863,-19.183691024780273,7.373926162719727,-216,125,-140,3.6845703125,26.863866806030273,3.5362305641174316
95,105,65,8.211328506469727,-14.647363662719727,8.957812309265137,-275,85,20,7.84765625,19.193262100219727,5.679980754852295
149,32,8,7.962500095367432,-9.345410346984863,-0.0047851563431322575,-275,-5,80,7.239941596984863,9.991406440734863,1.89013671875
200,-28,-38,6.995898723602295,-1.8279297351837158,-6.201562404632568,-181,-117,105,5.76611328125,3.42138671875,-3.311328172683716
84,-103,-61,4.646386623382568,1.0623047351837158,-8.077343940734863,-69,-173,79,4.364062786102295,-1.1484375,-8.627636909484863
-68,-152,-75,4.0673828125,2.5074219703674316,-9.579882621765137,137,-185,22,3.9190430641174316,-1.894921898841858,-11.67578125
-237,-129,-13,6.91455078125,2.765820264816284,-12.020312309265137,265,-117,-54,5.7900390625,-2.138964891433716,-13.599413871765137
-284,-16,122,11.59921932220459,-5.761328220367432,-8.08212947845459,349,5,-228,7.670605659484863,3.072070360183716,-8.785547256469727
16,109,110,10.967577934265137,-21.47578239440918,5.230175971984863,0,86,-240,7.522265911102295,21.753320693969727,2.22509765625
114,87,31,8.905176162719727,-18.087890625,13.60898494720459,-238,110,-58,4.359277248382568,22.140918731689453,8.7568359375
65,2,-8,10.13974666595459,-12.81943416595459,5.412011623382568,-263,35,70,8.546289443969727,17.283985137939453,5.306738376617432
192,-39,-66,9.192285537719727,-5.258886814117432,-3.215625047683716,-220,-69,92,7.570117473602295,8.144335746765137,-1.000097632408142
163,-75,-75,7.086816310882568,1.7370117902755737,-8.622851371765137,-115,-130,103,6.00537109375,0.5790039300918579,-5.900097846984863
26,-90,-79,4.206152439117432,2.6270508766174316,-9.94834041595459,9,-151,83,4.3544921875,-2.22509765625,-7.72802734375
-99,-95,-59,3.6319336891174316,2.880664110183716,-9.149218559265137,191,-137,22,4.392773628234863,-3.6797852516174316,-11.781054496765137
-213,-98,19,6.38818359375,2.1820313930511475,-11.848047256469727,243,-51,-81,6.105859279632568,-2.665332078933716,-12.05380916595459
-251,9,171,11.197265625,-6.5078125,-6.306836128234863,246,40,-252,8.53671932220459,4.847363471984863,-7.015038967132568
72,124,148,12.240429878234863,-21.26045036315918,7.483984470367432,-36,105,-240,7.665820598602295,20.868066787719727,1.894921898841858
188,123,56,11.068066596984863,-14.51816463470459,11.7236328125,-261,128,-74,5.904882907867432,18.87744140625,5.579492092132568
55,35,30,11.039355278015137,-9.249707221984863,5.306738376617432,-290,62,44,8.144335746765137,12.575390815734863,5.067480564117432
116,-17,-28,8.838183403015137,-4.660742282867432,-2.75146484375,-203,-46,59,7.359570503234863,6.546093940734863,0.5072265863418579
131,-68,-72,6.522168159484863,1.26806640625,-6.847558498382568,-96,-115,76,6.440820217132568,1.3254883289337158,-4.756445407867432
-14,-106,-75,4.100879192352295,3.1103515625,-9.32627010345459,60,-131,59,5.392871379852295,-1.3541992902755737,-8.570215225219727
-166,-114,-47,4.2587890625,4.100879192352295,-9.144433975219727,221,-92,6,5.388085842132568,-2.009765625,-10.632616996765137
-287,-104,50,6.5556640625,2.12939453125,-11.388671875,288,-31,-94,6.541308879852295,-0.4498046934604645,-8.914746284484863
-177,1,168,11.46044921875,-14.30283260345459,-3.3065431118011475,224,46,-233,7.96728515625,10.230664253234863,0.851757824420929
195,124,96,11.182909965515137,-23.638671875,7.876367568969727,-68,88,-182,5.904882907867432,21.944726943969727,5.1201171875
193,111,48,10.967577934265137,-12.6806640625,9.957910537719727,-240,117,-73,5.651269435882568,17.738574981689453,7.182519435882568
82,38,48,10.010546684265137,-7.34521484375,3.66064453125,-273,55,10,8.905176162719727,13.508496284484863,4.95263671875
107,-20,8,10.47470760345459,-1.942773461341858,-3.7802734375,-193,-60,38,8.651562690734863,7.507910251617432,0.9043945670127869
76,-67,-43,8.354883193969727,2.8184571266174316,-8.842968940734863,-71,-155,73,6.278125286102295,1.1101562976837158,-4.780371189117432
-77,-106,-63,5.268456935882568,3.239550828933716,-8.737695693969727,84,-181,68,5.220605373382568,-1.670019507408142,-8.646777153015137
-237,-140,-38,6.158496379852295,1.559960961341858,-9.97226619720459,287,-163,7,5.737402439117432,-1.4738281965255737,-11.235547065734863
-289,-111,64,10.445996284484863,-4.684668064117432,-9.857421875,313,-67,-142,7.216015815734863,1.335058569908142,-9.82871150970459
-40,27,116,12.474902153015137,-19.504297256469727,1.0670899152755737,121,15,-221,8.708984375,21.155176162719727,1.6125977039337158
203,142,54,10.14453125,-20.509180068969727,6.924121379852295,-237,122,-98,5.871387004852295,20.762792587280273,4.2587890625
164,119,39,9.68994140625,-12.092089653015137,4.732519626617432,-288,117,8,9.622949600219727,18.00654411315918,6.311621189117432
163,59,17,9.890917778015137,-5.991015911102295,0.2918945252895355,-286,9,65,9.125292778015137,10.74267578125,2.3734376430511475
160,0,-21,10.814453125,-0.01435546949505806,-4.780371189117432,-178,-101,79,6.660937786102295,4.397558689117432,-1.646093726158142
58,-57,-60,7.546191692352295,2.263378858566284,-6.895410060882568,-26,-164,82,4.488476753234863,-0.4258789122104645,-6.689648628234863
-74,-101,-73,4.95263671875,2.598339796066284,-6.450390815734863,151,-167,55,4.04345703125,-3.2108399868011475,-9.575098037719727
-187,-121,-27,5.93359375,1.789648413658142,-8.44101619720459,255,-101,-30,5.163183689117432,-2.3734376430511475,-11.62314510345459
-235,-63,97,8.814257621765137,-3.4931640625,-7.316504001617432,313,-1,-201,6.378613471984863,1.9332032203674316,-6.43603515625
-107,50,176,8.211328506469727,-17.9921875,4.780371189117432,71,50,-248,7.756738662719727,18.671680450439453,5.57470703125
141,120,108,8.15390682220459,-22.5859375,10.656542778015137,-229,82,-110,5.991015911102295,23.66259765625,5.656054973602295
91,51,54,10.64218807220459,-14.288476943969727,8.670702934265137,-272,53,4,10.565625190734863,17.494531631469727,5.421582221984863
110,-12,-3,10.302441596984863,-8.15869140625,0.45458984375,-260,-24,54,9.268847465515137,10.30722713470459,1.02880859375
158,-44,-55,8.407519340515137,-1.464257836341858,-5.794824123382568,-149,-108,95,6.5556640625,3.4931640625,-3.4022462368011475
66,-65,-70,5.139257907867432,1.0192383527755737,-8.005566596984863,-11,-146,83,3.9142580032348633,-1.0862305164337158,-6.6513671875
-52,-74,-72,3.5697267055511475,1.72265625,-8.072558403015137,151,-145,25,3.4740235805511475,-3.603222608566284,-9.862207412719727
-200,-78,-21,4.708593845367432,2.311230421066284,-8.58457088470459,244,-72,-63,4.340137004852295,-2.885449171066284,-10.776171684265137
-277,-38,89,9.383691787719727,-4.435840129852295,-5.493359565734863,275,17,-207,6.785351753234863,4.196582317352295,-5.09619140625
-38,55,110,11.005859375,-20.413476943969727,6.426465034484863,24,59,-206,8.144335746765137,22.164844512939453,5.967090129852295
127,92,76,9.08701229095459,-20.32734489440918,12.541894912719727,-208,69,-78,5.9814453125,21.31787109375,9.866991996765137
105,18,58,9.1875,-13.738183975219727,7.029394626617432,-249,0,23,9.388476371765137,18.274511337280273,6.139355659484863
135,-47,30,9.488965034484863,-7.46484375,-1.5791015625,-229,-84,58,8.51279354095459,10.723535537719727,-0.22011719644069672
152,-77,-13,8.63242244720459,-2.48828125,-7.268652439117432,-130,-144,90,6.689648628234863,4.464550971984863,-5.943164348602295
63,-83,-62,6.058007717132568,-0.30146485567092896,-9.465039253234863,19,-151,87,4.301855564117432,-0.46894532442092896,-9.680371284484863
-90,-77,-76,5.04833984375,1.296777367591858,-9.25927734375,208,-110,39,3.9046876430511475,-2.9955079555511475,-12.690234184265137
-240,-49,-14,7.268652439117432,0.83740234375,-10.962793350219727,240,3,-60,5.225390911102295,-1.0862305164337158,-10.85752010345459
-235,49,89,9.80478572845459,-11.163769721984863,-1.17236328125,255,83,-220,7.785449504852295,9.225781440734863,-1.02880859375
70,122,64,8.65634822845459,-21.313085556030273,8.8046875,-33,113,-171,7.029394626617432,20.801074981689453,5.895312786102295
92,68,42,6.967187404632568,-16.035058975219727,14.09228515625,-146,48,-53,7.522265911102295,20.078516006469727,9.11093807220459
55,-37,13,8.326171875,-11.666211128234863,4.933495998382568,-227,-28,62,8.933886528015137,13.288378715515137,2.7562501430511475
170,-80,-48,7.876367568969727,-6.072363376617432,-3.957324266433716,-181,-83,85,7.603613376617432,6.302051067352295,-2.981152296066284
155,-104,-73,6.000586032867432,-0.05742187798023224,-8.909960746765137,-84,-105,93,6.19677734375,0.765625,-8.25439453125
6,-109,-76,4.588964939117432,2.9476563930511475,-10.31201171875,78,-92,61,5.072265625,-2.27294921875,-10.608691215515137
-165,-102,-43,4.85693359375,3.3208985328674316,-9.66123104095459,210,-61,0,5.057910442352295,-2.574414014816284,-11.3408203125
-253,-51,74,7.890722751617432,0.751269519329071,-9.68515682220459,265,21,-124,6.541308879852295,0.9426758289337158,-7.881152629852295
-123,54,173,9.68515682220459,-16.202539443969727,2.689257860183716,260,50,-246,7.168164253234863,15.8388671875,4.349707126617432
182,136,109,8.87646484375,-21.504491806030273,9.16357421875,-72,80,-147,4.158300876617432,22.997461318969727,3.2347657680511475
139,79,83,9.18271541595459,-13.331445693969727,10.61826229095459,-246,59,-15,7.77587890625,18.992284774780273,6.665722846984863
107,-12,60,9.474609375,-9.244921684265137,2.952441453933716,-273,-25,61,8.886034965515137,11.388671875,2.3447265625
156,-69,6,9.838281631469727,-3.6750001907348633,-5.019629001617432,-151,-116,79,7.684961318969727,5.967090129852295,-3.0577149391174316
105,-105,-61,7.6083984375,-0.13398437201976776,-10.7666015625,-60,-157,97,5.904882907867432,-0.3541015684604645,-9.35019588470459
-69,-123,-97,4.56982421875,2.545703172683716,-8.713769912719727,139,-142,57,4.799511909484863,-3.22998046875,-12.24521541595459
-289,-114,-26,6.354687690734863,1.6173828840255737,-10.42685604095459,272,-46,-55,5.780468940734863,-1.6748046875,-12.26914119720459
-293,-19,110,9.3310546875,-10.273730278015137,-6.378613471984863,301,50,-205,7.986425876617432,7.053320407867432,-1.435546875
71,109,108,8.70419979095459,-22.595508575439453,5.93359375,14,71,-183,8.9482421875,18.20751953125,6.53173828125
255,140,44,7.359570503234863,-16.216894149780273,11.565722465515137,-303,106,-52,5.263671875,21.825098037719727,2.9476563930511475
115,39,57,8.87168025970459,-8.63242244720459,8.311816215515137,-377,48,54,8.953027725219727,12.69980525970459,5.756543159484863
92,-50,32,10.431640625,-4.818652629852295,-0.732128918170929,-266,-64,23,7.87158203125,5.182324409484863,0.823046863079071
92,-91,-38,9.78085994720459,-1.464257836341858,-9.30234432220459,-87,-158,28,6.995898723602295,2.502636671066284,-6.694433689117432
-22,-85,-87,5.799609661102295,1.5791015625,-10.230664253234863,55,-168,36,5.81396484375,-2.1963868141174316,-10.35507869720459
-198,-79,-66,5.124902248382568,1.789648413658142,-8.92431640625,307,-115,-29,5.340234279632568,-2.65576171875,-14.508593559265137
-319,-49,40,7.46484375,-1.129296898841858,-9.943554878234863,359,-12,-139,6.517383098602295,1.894921898841858,-9.39804744720459
-158,36,109,9.130078315734863,-18.77216911315918,0.7177734375,209,31,-250,7.287793159484863,16.25996208190918,1.024023413658142
137,113,65,6.790136814117432,-22.341894149780273,10.412500381469727,-150,93,-132,4.153515815734863,23.265430450439453,3.0098633766174316
157,64,62,7.235156536102295,-14.274121284484863,10.3837890625,-277,54,5,7.976855754852295,18.092676162719727,9.364550590515137
144,-6,53,8.689844131469727,-9.555956840515137,2.2298829555511475,-281,-40,64,8.527148246765137,11.187695503234863,2.689257860183716
212,-42,21,9.465039253234863,-4.579394817352295,-4.746875286102295,-167,-123,69,6.656152248382568,6.220703125,-4.220508098602295
156,-83,-23,8.484082221984863,-1.2824219465255737,-9.27841854095459,-67,-146,73,5.345019817352295,-0.5550781488418579,-10.771387100219727
-32,-120,-68,5.651269435882568,0.7129883170127869,-8.87646484375,130,-123,37,4.56982421875,-3.22998046875,-12.3935546875
-242,-104,-42,6.933691501617432,1.3972656726837158,-10.173242568969727,240,-45,-44,5.345019817352295,-1.9762696027755737,-12.44140625
-313,-9,89,10.173242568969727,-4.148730754852295,-8.65634822845459,318,35,-216,6.804492473602295,3.51708984375,-8.354883193969727
-93,97,150,7.890722751617432,-20.8154296875,5.129687786102295,88,86,-245,6.641797065734863,22.327539443969727,3.8089845180511475
156,117,67,4.407128810882568,-21.561914443969727,14.27890682220459,-176,111,-79,3.9764649868011475,22.08349609375,9.656445503234863
89,6,34,6.622656345367432,-13.6376953125,10.015332221984863,-284,41,50,8.527148246765137,18.49462890625,6.536523342132568
105,-60,-10,8.646777153015137,-8.4697265625,-0.4593750238418579,-291,-52,82,7.292578220367432,9.273633003234863,0.2583984434604645
153,-76,-56,8.421875,-1.3876953125,-6.919335842132568,-186,-121,73,5.5986328125,2.9859375953674316,-5.072265625
75,-90,-76,6.144140720367432,1.5934571027755737,-8.909960746765137,-23,-145,61,4.37841796875,-0.6268554925918579,-8.618066787719727
-65,-100,-76,4.660742282867432,2.808886766433716,-8.579785346984863,151,-144,25,4.335351467132568,-2.478710889816284,-9.94834041595459
-217,-107,-23,5.632129192352295,2.009765625,-9.532031059265137,245,-87,-47,5.62255859375,-1.9044922590255737,-11.733202934265137
-301,-69,84,8.44580078125,-2.8041017055511475,-11.55136775970459,285,0,-183,7.598828315734863,2.36865234375,-8.914746284484863
-157,45,144,11.09677791595459,-18.815235137939453,0.8565430045127869,153,39,-243,8.455370903015137,19.5712890625,5.804394721984863
139,125,90,10.623046875,-23.236719131469727,8.388379096984863,-173,80,-125,7.230370998382568,23.528614044189453,3.124706983566284
110,70,52,11.446093559265137,-14.489453315734863,8.63720703125,-253,57,-4,10.26416015625,19.580860137939453,4.550683498382568
112,1,-4,10.532129287719727,-10.661328315734863,-1.5168945789337158,-285,-7,82,9.23056697845459,11.498730659484863,0.4737304747104645
175,-23,-69,7.498340129852295,-3.6845703125,-6.598730564117432,-200,-71,92,6.876269817352295,5.349804878234863,-3.6845703125
83,-55,-95,4.498046875,-0.22011719644069672,-7.65625,-90,-102,97,4.78515625,0.612500011920929,-7.067676067352295
-32,-81,-111,2.7945313453674316,1.574316382408142,-7.627539157867432,81,-123,74,3.37353515625,-2.138964891433716,-8.01035213470459
-137,-87,-81,3.507519483566284,2.8998048305511475,-8.866894721984863,182,-97,24,4.053027629852295,-3.005078077316284,-10.579980850219727
-238,-58,9,6.756640911102295,2.473925828933716,-8.61328125,266,-20,-81,6.168066501617432,-0.26318359375,-7.579687595367432
-185,0,142,13.666406631469727,-11.977246284484863,0.98095703125,273,39,-214,9.967480659484863,13.99179744720459,1.45947265625
111,124,150,14.66650390625,-20.963769912719727,9.742578506469727,-95,95,-132,10.40771484375,24.672266006469727,5.182324409484863
82,122,123,12.589746475219727,-15.460840225219727,9.5703125,-193,86,-25,12.666308403015137,17.236133575439453,5.880957126617432
127,77,62,10.532129287719727,-11.560937881469727,0.636425793170929,-322,48,68,10.31201171875,9.823925971984863,2.430859327316284
192,35,-2,8.06298828125,-3.3304688930511475,-4.033886909484863,-202,-51,68,7.048535346984863,3.85205078125,-1.847070336341858
112,-21,-41,5.809179782867432,0.19619141519069672,-5.823535442352295,-89,-115,68,4.340137004852295,0.44023439288139343,-5.995800971984863
2,-79,-87,3.574511766433716,1.5695313215255737,-6.187207221984863,78,-149,43,3.311328172683716,-2.2681641578674316,-9.30234432220459
-132,-127,-87,4.143945217132568,2.808886766433716,-7.259082317352295,249,-107,-17,4.387988567352295,-3.3974609375,-10.757031440734863
-256,-120,-24,7.756738662719727,1.626953125,-8.6611328125,348,-21,-142,6.991113185882568,0.9139648675918579,-6.412109375
-221,-52,89,15.21201229095459,-12.36962890625,1.559960961341858,146,14,-221,11.828906059265137,16.23603630065918,3.478808641433716
71,77,122,14.604296684265137,-24.03584098815918,10.07275390625,-135,81,-165,8.82382869720459,22.030858993530273,5.057910442352295
156,83,76,12.13037109375,-16.92988395690918,10.59912109375,-265,76,-39,9.393261909484863,20.48046875,7.795019626617432
130,-1,22,10.680468559265137,-10.340723037719727,1.7800781726837158,-284,-20,57,9.106152534484863,11.355175971984863,3.7754883766174316
156,-58,-51,7.699316501617432,-4.61767578125,-4.397558689117432,-143,-121,82,7.383496284484863,6.05322265625,-0.8421875238418579
106,-100,-111,4.387988567352295,0.3062500059604645,-7.493555068969727,-63,-178,112,4.268359661102295,0.727343738079071,-7.2734375
-22,-117,-130,1.9714844226837158,3.287402391433716,-9.08701229095459,115,-160,88,3.4022462368011475,-4.120019435882568,-11.139843940734863
-158,-103,-74,2.84716796875,5.746972560882568,-10.891016006469727,273,-84,9,4.56982421875,-5.139257907867432,-14.47509765625
-248,-59,46,5.991015911102295,3.5936524868011475,-10.393359184265137,253,9,-96,5.90966796875,-0.05742187798023224,-8.766406059265137
-181,-1,173,12.05380916595459,-9.225781440734863,-1.22021484375,250,49,-229,8.35009765625,8.75205135345459,0.30146485567092896
-22,81,186,12.762011528015137,-22.892187118530273,10.077539443969727,24,62,-211,6.991113185882568,23.576465606689453,6.096289157867432
39,72,110,12.919921875,-22.31318473815918,11.12070369720459,-140,50,-90,8.53671932220459,20.652734756469727,6.823632717132568
151,25,10,10.111035346984863,-11.8193359375,1.047949194908142,-259,17,15,9.388476371765137,12.79550838470459,2.6270508766174316
192,-24,-42,7.4169921875,-3.215625047683716,-5.28759765625,-214,-55,47,8.838183403015137,6.546093940734863,-2.4117188453674316
125,-74,-78,5.536426067352295,1.1484375,-8.407519340515137,-120,-116,75,6.876269817352295,2.12939453125,-6.613086223602295
-4,-96,-91,3.732421875,3.0194337368011475,-8.168261528015137,-6,-151,87,3.7994141578674316,-1.287207007408142,-8.838183403015137
-116,-104,-59,4.220508098602295,3.32568359375,-9.08701229095459,196,-135,22,4.053027629852295,-4.029101848602295,-11.895898818969727
-246,-92,41,6.794921875,3.1294922828674316,-11.235547065734863,287,-47,-74,6.278125286102295,-0.765625,-10.35986328125
-210,-11,164,10.85752010345459,-9.6181640625,-2.545703172683716,271,15,-222,8.292675971984863,8.08212947845459,-3.095996141433716
5,85,190,10.5751953125,-21.49970817565918,6.632226467132568,-59,58,-185,6.622656345367432,22.614648818969727,3.13427734375
94,71,117,9.532031059265137,-22.901758193969727,9.914843559265137,-159,19,-57,8.421875,22.86347770690918,7.350000381469727
116,-11,23,9.508105278015137,-15.11630916595459,2.191601514816284,-232,-46,52,9.78564453125,15.45127010345459,1.225000023841858
178,-60,-43,7.890722751617432,-6.971972942352295,-4.292285442352295,-195,-99,89,8.421875,8.067773818969727,-4.033886909484863
150,-96,-90,6.38818359375,0.21054688096046448,-8.909960746765137,-148,-130,130,5.646484375,1.0910156965255737,-9.465039253234863
29,-105,-120,4.182226657867432,3.7372071743011475,-10.106249809265137,-4,-143,137,2.7706055641174316,-3.4644532203674316,-11.967676162719727
-97,-101,-99,4.0673828125,4.885644435882568,-10.21630859375,167,-111,70,3.13427734375,-5.55078125,-13.15439510345459
-210,-94,-14,6.43603515625,3.861621141433716,-10.996289253234863,235,-38,-50,5.560351848602295,-3.6080079078674316,-11.737988471984863
-222,-28,144,13.47021484375,-8.63242244720459,-4.33056640625,267,43,-249,9.914843559265137,4.818652629852295,-5.928808689117432
63,146,205,12.742871284484863,-24.677051544189453,7.149023532867432,0,103,-279,8.168261528015137,23.79658317565918,1.320703148841858
187,186,164,9.795214653015137,-20.059375762939453,9.154004096984863,-245,137,-137,7.244726657867432,23.456836700439453,5.010058879852295
157,91,118,7.603613376617432,-12.288281440734863,3.4931640625,-376,40,34,9.527246475219727,13.963086128234863,4.536328315734863
179,-12,50,7.091601848602295,-5.947949409484863,-2.115039110183716,-265,-95,46,7.866796970367432,6.440820217132568,-0.59814453125
130,-94,-26,7.163379192352295,-1.36376953125,-6.235058784484863,-86,-201,67,4.18701171875,1.9332032203674316,-7.149023532867432
6,-165,-129,4.0673828125,1.368554711341858,-7.182519435882568,22,-229,114,1.201074242591858,-1.4211914539337158,-11.737988471984863
-125,-207,-175,3.8664064407348633,3.909472703933716,-10.201952934265137,260,-168,44,2.36865234375,-5.55078125,-15.996777534484863
-244,-184,-114,8.311816215515137,4.722949504852295,-12.187792778015137,354,-30,-97,5.6943359375,-3.9142580032348633,-15.14501953125
-278,-95,66,15.35556697845459,-1.31591796875,-8.39794921875,262,52,-295,8.019922256469727,4.947851657867432,-6.019726753234863
-71,108,240,14.484667778015137,-20.045019149780273,4.823437690734863,0,115,-331,4.962207317352295,23.241504669189453,3.6845703125
204,208,182,8.316601753234863,-22.428028106689453,8.51279354095459,-205,120,-186,4.13916015625,27.423730850219727,6.665722846984863
137,126,128,7.785449504852295,-14.455957412719727,7.890722751617432,-302,27,-4,6.804492473602295,17.45625114440918,5.244531154632568
142,8,71,7.550976753234863,-8.73291015625,0.20097656548023224,-224,-91,50,6.8427734375,9.981836318969727,0.607714831829071
161,-77,-2,7.737597942352295,-3.2586915493011475,-5.067480564117432,-131,-182,106,5.536426067352295,4.148730754852295,-5.660840034484863
57,-135,-88,5.947949409484863,0.40673828125,-8.603711128234863,-36,-213,152,2.641406297683716,-1.93798828125,-10.326367378234863
-75,-163,-144,4.292285442352295,3.263476610183716,-8.929101943969727,171,-189,107,3.4883790016174316,-5.785254001617432,-12.91513729095459
-210,-145,-101,6.622656345367432,5.2158203125,-12.13037109375,275,-84,-5,6.48388671875,-5.95751953125,-13.862597465515137
-272,-71,43,12.350488662719727,0.06220703199505806,-7.287793159484863,301,-16,-206,8.933886528015137,-0.6029297113418579,-6.680078029632568
-114,42,204,14.556445121765137,-17.642871856689453,3.2251954078674316,38,31,-322,7.8955078125,16.207324981689453,3.4166016578674316
79,147,176,8.307031631469727,-19.576074600219727,8.263964653015137,-125,64,-255,2.6318359375,18.800878524780273,4.627246379852295
108,112,106,5.062695503234863,-10.93408203125,6.546093940734863,-255,63,-144,2.976367235183716,14.73349666595459,3.75634765625
157,44,98,3.172558546066284,-4.220508098602295,1.4020508527755737,-370,30,-127,1.526464819908142,7.780664443969727,3.8185548782348633
182,-27,144,1.823144555091858,-1.741796851158142,-0.6172851920127869,-337,-14,-184,0.540722668170929,4.297070503234863,2.3734376430511475
