-58,-20,20,-8.311816215515137,-3.119921922683716,3.0194337368011475,-38,14,17,-8.335741996765137,2.3399415016174316,3.8185548782348633
-58,-21,19,-8.292675971984863,-3.143847703933716,3.005078077316284,-36,13,16,-8.340527534484863,2.3447265625,3.75634765625
-58,-20,19,-8.316601753234863,-3.119921922683716,2.9715821743011475,-36,13,16,-8.30224609375,2.36865234375,3.694140672683716
-58,-20,18,-8.307031631469727,-3.143847703933716,2.9620118141174316,-36,14,16,-8.41709041595459,2.3638672828674316,3.70849609375
-57,-20,17,-8.30224609375,-3.076855421066284,2.952441453933716,-36,14,15,-8.34531307220459,2.378222703933716,3.7037110328674316
-58,-20,18,-8.292675971984863,-3.0672852993011475,2.933300733566284,-37,15,16,-8.330957412719727,2.4117188453674316,3.7611329555511475
-57,-19,19,-8.36923885345459,-3.119921922683716,2.966796875,-37,15,18,-8.36923885345459,2.4452149868011475,3.8233399391174316
-56,-19,19,-8.311816215515137,-3.1103515625,3.0146484375,-36,15,18,-8.29746150970459,2.426074266433716,3.8568360805511475
-57,-20,18,-8.35009765625,-3.1151368618011475,3.048144578933716,-37,14,17,-8.292675971984863,2.378222703933716,3.813769578933716
-57,-20,18,-8.287890434265137,-3.1103515625,3.024218797683716,-38,14,16,-8.316601753234863,2.36865234375,3.789843797683716
-57,-20,18,-8.30224609375,-3.076855421066284,2.9620118141174316,-38,14,16,-8.359667778015137,2.311230421066284,3.732421875
-58,-21,17,-8.287890434265137,-3.0625,2.933300733566284,-37,14,15,-8.307031631469727,2.32080078125,3.6893556118011475
-62,-21,18,-8.354883193969727,-2.904589891433716,3.100781202316284,-37,15,15,-8.326171875,2.2920899391174316,3.813769578933716
-122,-35,26,-8.263964653015137,-2.215527296066284,5.220605373382568,-9,7,16,-7.838086128234863,2.4212892055511475,6.139355659484863
-259,-100,27,-8.594141006469727,-4.59375,7.235156536102295,101,-31,29,-7.938574314117432,4.962207317352295,8.49365234375
-365,-146,-42,-8.39316463470459,-12.092089653015137,6.354687690734863,201,-59,98,-8.929101943969727,10.536913871765137,8.043848037719727
-314,-110,-176,-9.311914443969727,-16.776758193969727,1.6652344465255737,170,-43,209,-9.957910537719727,14.08750057220459,4.689453125
-245,-15,-285,-10.273730278015137,-16.824609756469727,-2.952441453933716,159,1,286,-9.70908260345459,13.240527153015137,1.1388672590255737
-174,64,-346,-9.39804744720459,-14.561230659484863,-4.909570217132568,220,57,314,-7.938574314117432,12.522753715515137,-1.3733398914337158
-202,121,-354,-6.981543064117432,-11.60400390625,-4.981347560882568,340,125,288,-5.316308498382568,9.311914443969727,-4.541113376617432
-198,165,-327,-3.4500977993011475,-7.436132907867432,-4.196582317352295,311,217,241,-2.952441453933716,7.302148342132568,-5.507714748382568
-188,156,-266,-0.846972644329071,-2.6749024391174316,-2.808886766433716,232,221,191,-1.9523438215255737,3.1534180641174316,-5.5986328125
-211,114,-157,1.4977539777755737,-0.02871093899011612,-1.311132788658142,203,169,104,-0.5933594107627869,0.39716798067092896,-5.254101753234863
-221,83,-43,2.41650390625,0.07177734375,-0.8326172232627869,140,113,9,0.9761719107627869,-0.9426758289337158,-4.770801067352295
-204,84,69,1.8614258766174316,-0.5072265863418579,-1.2776367664337158,53,80,-77,1.74658203125,-0.7177734375,-3.61279296875
-195,101,177,0.2823242247104645,0.24404297769069672,-1.631738305091858,-79,82,-160,0.3875976502895355,0.0478515625,-3.1773438453674316
-163,100,274,-1.6843750476837158,-1.416406273841858,0.11005859822034836,-222,119,-203,-0.02871093899011612,2.5409181118011475,-2.8519532680511475
-93,74,275,-1.1340820789337158,-12.785937309265137,5.067480564117432,-255,140,-166,3.239550828933716,11.666211128234863,1.6125977039337158
-42,6,90,5.010058879852295,-26.131738662719727,9.096582412719727,-97,51,-24,9.000879287719727,17.88691520690918,7.278222560882568
-84,-111,-112,9.70908260345459,-27.34716796875,7.239941596984863,129,-90,116,11.824121475219727,17.705078125,3.9381837844848633
-56,-145,-242,7.493555068969727,-16.4609375,1.7370117902755737,207,-128,213,10.0009765625,10.369433403015137,-1.4690430164337158
-10,-106,-274,4.177441596984863,-5.904882907867432,-3.555371046066284,242,-87,233,5.837890625,-0.10048828274011612,-6.694433689117432
41,-59,-219,3.4453125,2.354296922683716,-4.890429973602295,157,-19,187,3.0337891578674316,-2.70361328125,-6.512597560882568
-19,-19,-83,4.048242092132568,9.21142578125,-5.392871379852295,13,16,103,2.3734376430511475,-9.431543350219727,-6.895410060882568
-68,12,49,3.1629884243011475,8.94345760345459,-4.005176067352295,-61,30,-26,2.10546875,-9.01523494720459,-5.756543159484863
-166,16,188,1.4499024152755737,7.206445217132568,-3.80419921875,-141,36,-139,1.31591796875,-6.598730564117432,-5.100976467132568
-185,3,293,-1.071874976158142,1.8375000953674316,-2.263378858566284,-223,61,-232,-0.655566394329071,-3.076855421066284,-3.550585985183716
-147,-24,350,-2.0049805641174316,-5.737402439117432,-0.899609386920929,-341,101,-227,1.98583984375,7.589258193969727,-1.225000023841858
-25,-24,213,3.651074171066284,-26.67724609375,-1.55517578125,-313,85,-82,9.895703315734863,15.987207412719727,4.177441596984863
-150,-62,-32,12.096875190734863,-35.48193359375,1.454687476158142,56,-17,22,13.116113662719727,22.796483993530273,4.61767578125
-18,-41,-223,8.359667778015137,-22.203125,-1.3972656726837158,152,-65,157,10.64697265625,14.819629669189453,-1.9954102039337158
-21,-28,-259,3.909472703933716,-7.976855754852295,-3.4644532203674316,171,-49,198,5.665625095367432,4.072167873382568,-4.584179878234863
6,-6,-222,2.2059571743011475,-1.416406273841858,-3.349609375,118,-10,185,2.737109422683716,-0.01435546949505806,-5.545996189117432
38,-10,-138,2.311230421066284,5.545996189117432,-3.70849609375,16,4,162,1.79443359375,-3.651074171066284,-4.861718654632568
-29,-14,-30,3.148632764816284,8.508008003234863,-3.526660203933716,-28,4,70,2.526562452316284,-8.263964653015137,-5.656054973602295
-109,-15,96,3.239550828933716,8.68505859375,-4.364062786102295,-62,3,-59,2.7562501430511475,-8.067773818969727,-6.153710842132568
-143,-11,215,2.143749952316284,5.565136909484863,-3.8664064407348633,-141,12,-158,1.7609375715255737,-4.61767578125,-5.584277629852295
-121,-10,303,0.6029297113418579,0.009570312686264515,-2.392578125,-243,44,-215,1.1005859375,-0.18662109971046448,-4.507617473602295
-135,-17,316,2.1102540493011475,-13.0634765625,-1.191503882408142,-322,100,-185,5.306738376617432,13.116113662719727,-0.823046863079071
-68,-34,117,9.46982479095459,-34.01288986206055,-1.119726538658142,-184,48,-49,9.225781440734863,19.26025390625,3.167773485183716
-82,-95,-134,11.35996150970459,-29.797168731689453,0.93310546875,192,-39,45,11.852831840515137,23.23193359375,0.02871093899011612
6,-80,-264,4.206152439117432,-13.41757869720459,-2.569628953933716,154,-50,201,7.177734375,12.450976371765137,-2.7562501430511475
97,-67,-261,1.5456055402755737,-4.2109375,-4.37841796875,144,-39,200,3.1151368618011475,0.779980480670929,-4.59375
99,-53,-158,1.9714844226837158,4.828222751617432,-6.732715129852295,78,-15,134,1.4451172351837158,-3.4166016578674316,-5.866601467132568
-20,-15,-2,3.5697267055511475,8.79990291595459,-8.0869140625,-3,1,39,1.7083008289337158,-6.024511814117432,-6.589160442352295
-94,18,109,3.7946290969848633,6.751855373382568,-6.857129096984863,-80,6,-57,2.383007764816284,-5.402441501617432,-6.086719036102295
-171,33,201,3.1294922828674316,5.0244140625,-5.684765815734863,-159,10,-121,2.3495118618011475,-2.909374952316284,-6.2685546875
-210,29,304,0.23447266221046448,1.31591796875,-3.1390626430511475,-249,39,-169,2.143749952316284,1.2776367664337158,-4.694238185882568
-167,9,365,-2.3016602993011475,-8.20175838470459,-0.775195300579071,-364,93,-133,3.9190430641174316,10.230664253234863,-1.287207007408142
-59,-3,231,1.052734375,-25.332616806030273,-3.550585985183716,-226,63,-53,6.215918064117432,14.939258575439453,4.574609279632568
-159,-32,-5,7.1298828125,-33.208984375,-3.718066453933716,128,-34,19,8.077343940734863,23.959278106689453,1.8087891340255737
-90,-18,-197,5.76611328125,-23.097949981689453,-4.56982421875,199,-69,160,7.4169921875,16.585351943969727,-4.230078220367432
-50,-1,-245,2.4930665493011475,-11.16855525970459,-5.392871379852295,219,-36,195,5.234961032867432,5.129687786102295,-6.48388671875
45,21,-213,1.574316382408142,-3.37353515625,-4.325781345367432,177,15,173,3.191699266433716,1.53125,-5.330664157867432
65,19,-134,2.095898389816284,2.9476563930511475,-3.957324266433716,28,36,151,1.7370117902755737,-2.713183641433716,-5.2158203125
-4,6,-41,2.928515672683716,6.182422161102295,-3.9764649868011475,-35,33,74,2.0576171875,-6.852344036102295,-5.651269435882568
-122,-15,55,3.6415040493011475,6.828418254852295,-3.526660203933716,-57,16,-20,2.234668016433716,-6.14892578125,-6.2685546875
-177,-38,146,4.407128810882568,4.292285442352295,-3.13427734375,-103,2,-95,2.478710889816284,-4.368847846984863,-6.287695407867432
-187,-66,236,2.6749024391174316,0.9043945670127869,-3.0433595180511475,-150,-1,-170,2.426074266433716,-0.899609386920929,-5.349804878234863
-120,-82,292,1.847070336341858,-7.1298828125,-2.8232421875,-260,33,-187,3.316113233566284,7.187304973602295,-4.986133098602295
28,-48,183,5.359375,-25.32783317565918,-7.751953125,-265,48,-99,6.498242378234863,15.484766006469727,-3.5218751430511475
-34,-29,-44,9.73300838470459,-30.452735900878906,-5.378515720367432,55,26,-27,7.29736328125,22.762989044189453,-4.990918159484863
-21,-16,-215,5.857031345367432,-18.623828887939453,-2.359081983566284,125,20,142,7.110742092132568,18.432422637939453,-5.880957126617432
-15,-19,-242,2.856738328933716,-6.727929592132568,-3.6797852516174316,128,26,205,3.8233399391174316,5.340234279632568,-5.876172065734863
8,-5,-179,2.741894483566284,0.21533203125,-4.100879192352295,103,40,160,2.4834961891174316,0.34931641817092896,-4.608105659484863
-12,-2,-77,3.1390626430511475,4.823437690734863,-4.684668064117432,0,32,114,2.0384767055511475,-3.598437547683716,-4.325781345367432
-74,-3,26,3.46923828125,5.47900390625,-4.225293159484863,-50,21,18,2.27294921875,-6.565234661102295,-4.962207317352295
-116,-12,115,3.8711915016174316,5.100976467132568,-3.541015625,-86,0,-67,2.545703172683716,-4.933495998382568,-5.292382717132568
-141,-31,207,3.095996141433716,2.526562452316284,-2.430859327316284,-140,-5,-141,2.167675733566284,-2.617480516433716,-5.603417873382568
-105,-48,285,2.473925828933716,-1.9475586414337158,-3.024218797683716,-217,18,-189,2.48828125,3.66064453125,-5.483788967132568
-25,-14,228,4.579394817352295,-20.676660537719727,-3.42138671875,-289,61,-115,6.129785060882568,15.365137100219727,-3.3926758766174316
-53,-14,13,10.13974666595459,-31.146583557128906,-3.7037110328674316,-23,38,-37,6.24462890625,21.514062881469727,-2.981152296066284
-29,-31,-170,7.469629287719727,-21.70068359375,-2.17724609375,134,14,98,7.163379192352295,22.614648818969727,-4.239648342132568
-13,-33,-231,3.244335889816284,-9.484179496765137,-4.053027629852295,109,9,211,4.292285442352295,9.967480659484863,-4.703808784484863
13,-17,-186,3.196484327316284,-1.8757812976837158,-5.038769721984863,105,17,193,2.550488233566284,2.383007764816284,-5.474218845367432
41,-2,-105,4.048242092132568,2.7466797828674316,-4.56982421875,44,18,162,1.9714844226837158,-1.847070336341858,-5.057910442352295
-21,-1,-11,4.421484470367432,5.541211128234863,-3.46923828125,-12,18,79,2.99072265625,-6.62744140625,-5.301953315734863
-118,-17,83,4.646386623382568,5.919238567352295,-3.430957078933716,-42,4,-22,3.119921922683716,-6.1728515625,-5.397656440734863
-170,-36,169,4.115234375,4.244433879852295,-3.8568360805511475,-104,-5,-102,2.583984375,-4.56982421875,-6.029296875
-137,-41,246,2.5361328125,0.3541015684604645,-3.3926758766174316,-155,8,-168,2.0576171875,-1.0910156965255737,-6.177636623382568
-113,-35,293,1.8327149152755737,-7.369140625,-5.057910442352295,-234,43,-168,3.75634765625,9.8095703125,-5.603417873382568
-81,0,166,4.900000095367432,-28.466894149780273,-4.6416015625,-198,49,-60,6.861914157867432,17.843847274780273,-2.3973634243011475
-67,-16,-67,8.484082221984863,-30.467090606689453,-1.7705078125,80,13,39,7.340429782867432,22.188770294189453,-2.5552735328674316
-16,-26,-214,5.124902248382568,-17.72900390625,-3.5601563453674316,152,-5,163,5.900097846984863,15.173730850219727,-5.115332126617432
2,-18,-234,2.7466797828674316,-5.498144626617432,-5.545996189117432,157,13,207,3.8089845180511475,4.273144721984863,-6.799706935882568
39,5,-169,3.1390626430511475,2.201171875,-5.833105564117432,105,42,175,2.689257860183716,-2.99072265625,-5.593847751617432
7,23,-62,3.765918016433716,6.957617282867432,-4.986133098602295,0,48,83,2.6605470180511475,-7.77587890625,-4.780371189117432
-46,20,52,3.837695360183716,7.05810546875,-3.124706983566284,-98,30,-27,2.526562452316284,-7.0341796875,-4.445410251617432
-108,-3,162,3.0337891578674316,5.2158203125,-1.9571290016174316,-178,13,-99,2.1820313930511475,-3.2730469703674316,-4.866504192352295
-133,-36,257,1.215429663658142,1.057519555091858,-1.057519555091858,-252,29,-139,2.3495118618011475,0.512011706829071,-4.469336032867432
-121,-56,298,1.607812523841858,-6.847558498382568,-2.4117188453674316,-289,69,-137,3.813769578933716,8.283105850219727,-1.847070336341858
-48,-12,183,4.244433879852295,-23.715234756469727,-5.172753810882568,-222,58,-83,6.560449123382568,14.71435546875,-0.971386730670929
-107,0,-9,7.972070693969727,-29.806739807128906,-3.51708984375,39,6,-1,7.689746379852295,22.652929306030273,0.655566394329071
-70,-5,-163,6.354687690734863,-21.298730850219727,-1.464257836341858,149,-39,130,7.766308784484863,18.241016387939453,-2.6605470180511475
-50,-22,-210,3.7515625953674316,-9.953125,-2.095898389816284,146,-54,211,4.732519626617432,7.761523723602295,-3.9860353469848633
-33,-23,-172,2.5791993141174316,-2.5552735328674316,-3.3783204555511475,137,-39,187,3.8472657203674316,-0.7608398795127869,-4.694238185882568
-1,-17,-96,2.9859375953674316,3.4500977993011475,-4.373632907867432,84,-11,103,3.25390625,-4.588964939117432,-5.584277629852295
-34,0,0,4.062597751617432,6.522168159484863,-4.804296970367432,-27,8,13,2.861523389816284,-6.014941692352295,-6.613086223602295
-66,3,96,4.311425685882568,5.43115234375,-3.5840821266174316,-112,10,-61,2.583984375,-5.057910442352295,-6.976758003234863
-101,-8,187,3.311328172683716,2.143749952316284,-2.378222703933716,-159,19,-123,2.4834961891174316,-2.282519578933716,-5.541211128234863
-122,-22,255,2.550488233566284,-2.5169923305511475,-2.9141602516174316,-222,31,-157,2.5361328125,2.622265577316284,-4.383203029632568
-88,-20,230,3.555371046066284,-14.585156440734863,-2.6126954555511475,-343,61,-93,4.78515625,13.341015815734863,-3.2347657680511475
-79,-20,71,6.517383098602295,-27.84004020690918,-3.3208985328674316,-147,43,-34,6.144140720367432,16.685840606689453,1.598242163658142
-98,-51,-106,7.589258193969727,-25.00244140625,-3.1055665016174316,159,-19,33,6.5556640625,21.490137100219727,-1.6365234851837158
-54,-46,-198,5.225390911102295,-14.0205078125,-4.100879192352295,184,-42,152,4.890429973602295,13.61376953125,-5.172753810882568
-10,-40,-202,3.507519483566284,-4.483691692352295,-5.345019817352295,150,-27,180,3.048144578933716,3.454882860183716,-6.05322265625
18,-18,-132,3.502734422683716,1.9140625,-5.569921970367432,125,-2,123,2.737109422683716,-2.7706055641174316,-6.258984565734863
16,12,-39,4.244433879852295,5.675195217132568,-5.005273342132568,51,24,46,2.6031250953674316,-4.392773628234863,-6.0771484375
-37,30,62,4.340137004852295,6.0771484375,-4.153515815734863,-85,24,-11,2.837597608566284,-5.124902248382568,-5.785254001617432
-107,21,163,3.66064453125,3.9621095657348633,-2.665332078933716,-158,15,-80,3.0672852993011475,-3.550585985183716,-5.952734470367432
-96,-3,244,1.9714844226837158,-0.88525390625,-1.4020508527755737,-259,34,-114,3.4883790016174316,2.981152296066284,-5.234961032867432
14,0,238,2.976367235183716,-12.230859756469727,0.31103515625,-467,82,-15,5.967090129852295,11.350390434265137,-4.454980373382568
20,5,124,4.0673828125,-24.557422637939453,-0.4306640625,-284,75,0,6.263769626617432,11.178125381469727,2.856738328933716
-117,-50,-51,7.866796970367432,-27.629491806030273,1.98583984375,153,-14,13,6.904980659484863,19.509082794189453,1.41162109375
-121,-52,-176,6.603515625,-17.07343864440918,-1.2776367664337158,259,-36,111,6.69921875,13.742968559265137,-5.134472846984863
-102,-31,-198,3.94775390625,-6.450390815734863,-3.2586915493011475,223,-8,153,5.3115234375,4.550683498382568,-5.9814453125
-45,0,-138,3.25390625,0.78955078125,-4.301855564117432,176,10,120,4.086523532867432,-1.693945288658142,-4.588964939117432
-17,19,-46,3.627148389816284,5.110547065734863,-3.56494140625,91,20,59,3.3974609375,-3.8185548782348633,-4.517187595367432
-50,20,50,4.407128810882568,5.828320503234863,-2.7275390625,-38,11,0,3.526660203933716,-5.163183689117432,-4.9287109375
-91,3,134,4.71337890625,3.6893556118011475,-1.9810547828674316,-112,-5,-69,3.411816358566284,-3.8664064407348633,-5.579492092132568
-112,-14,215,3.4022462368011475,0.34931641817092896,-1.3254883289337158,-190,-9,-114,3.292187452316284,0.13876953721046448,-4.890429973602295
-74,-12,253,2.0863282680511475,-6.909765720367432,-1.0383789539337158,-288,12,-112,4.172656536102295,5.900097846984863,-4.909570217132568
-62,2,181,3.3065431118011475,-20.284276962280273,-3.363964796066284,-242,30,-68,5.019629001617432,13.522851943969727,-4.148730754852295
-115,-25,13,5.938378810882568,-30.491016387939453,0.540722668170929,40,3,7,5.464648723602295,20.60009765625,-5.254101753234863
-77,-68,-149,5.445508003234863,-22.332324981689453,0.22968751192092896,157,-19,137,6.10107421875,17.403614044189453,-6.038867473602295
-66,-78,-224,3.349609375,-11.00107479095459,-1.9762696027755737,131,-19,216,3.8711915016174316,6.412109375,-5.029199123382568
-26,-58,-215,2.4930665493011475,-3.052929639816284,-5.110547065734863,98,-8,203,2.450000047683716,0.45458984375,-4.646386623382568
30,-24,-165,2.761035203933716,3.167773485183716,-5.837890625,53,0,162,2.0767579078674316,-5.560351848602295,-5.28759765625
-16,1,-51,3.478808641433716,9.1396484375,-6.139355659484863,-3,2,70,2.1724610328674316,-9.287988662719727,-6.780566692352295
-106,5,93,3.885546922683716,8.675488471984863,-4.421484470367432,-61,-5,-38,2.10546875,-9.39804744720459,-7.96728515625
-171,-3,228,3.100781202316284,4.655957221984863,-4.387988567352295,-111,-3,-136,1.65087890625,-5.297168254852295,-7.857226848602295
-159,-3,302,1.559960961341858,-2.593554735183716,-4.632031440734863,-214,25,-163,1.9619140625,2.071972608566284,-7.450488567352295
-93,21,242,1.50732421875,-19.303319931030273,-3.4644532203674316,-322,68,-94,5.579492092132568,12.05380916595459,-4.828222751617432
-88,-13,46,5.52685546875,-31.0556640625,-1.047949194908142,-119,25,-17,4.78515625,17.20263671875,-1.287207007408142
-54,-90,-134,4.919140815734863,-23.456836700439453,-0.32060548663139343,166,-43,67,6.349902629852295,16.011133193969727,-5.4072265625
-12,-107,-201,4.373632907867432,-11.182909965515137,-5.067480564117432,200,-40,152,5.23974609375,6.450390815734863,-8.99609375
26,-77,-188,3.9190430641174316,-1.6413086652755737,-8.68505859375,132,2,153,3.718066453933716,-0.44501954317092896,-8.34531307220459
24,-20,-107,4.18701171875,4.703808784484863,-7.957715034484863,22,27,116,2.354296922683716,-6.120214939117432,-6.986328125
-28,22,5,4.239648342132568,6.67529296875,-5.871387004852295,-34,28,26,2.1724610328674316,-8.6611328125,-6.182422161102295
-96,23,108,3.8664064407348633,5.258886814117432,-4.239648342132568,-87,7,-60,1.69873046875,-6.335546970367432,-6.321191310882568
-161,10,191,3.4740235805511475,2.071972608566284,-5.14404296875,-129,1,-133,1.17236328125,-4.52197265625,-7.134667873382568
-157,25,244,2.593554735183716,-3.8759765625,-6.31640625,-162,23,-187,1.598242163658142,0.5072265863418579,-7.91943359375
-98,55,206,2.574414014816284,-14.44638729095459,-3.095996141433716,-246,76,-138,3.75634765625,12.22128963470459,-7.766308784484863
-70,16,47,4.675097942352295,-29.557910919189453,-0.41630861163139343,-184,72,-8,2.933300733566284,17.68115234375,-3.6797852516174316
-37,-70,-117,5.105762004852295,-23.538183212280273,-0.14833985269069672,64,12,72,3.99560546875,17.470605850219727,-3.6175782680511475
-16,-101,-191,4.23486328125,-14.341113090515137,-4.842578411102295,132,-42,162,4.1630859375,10.034472465515137,-5.440722942352295
32,-90,-212,3.1390626430511475,-6.00537109375,-7.2255859375,100,-52,185,2.6126954555511475,2.880664110183716,-5.6943359375
84,-63,-178,3.4022462368011475,1.1340820789337158,-7.44091796875,47,-49,164,1.6604492664337158,-2.808886766433716,-6.67529296875
41,-22,-77,4.263574123382568,8.01035213470459,-8.211328506469727,12,-31,100,1.9140625,-7.091601848602295,-8.44580078125
-49,13,40,4.493261814117432,9.120508193969727,-6.57958984375,-17,-12,3,1.7705078125,-8.5654296875,-9.58945369720459
-133,23,160,3.6797852516174316,6.742285251617432,-5.608203411102295,-85,10,-75,1.392480492591858,-6.287695407867432,-9.54638671875
-161,22,245,2.837597608566284,1.244140625,-4.789941310882568,-157,34,-132,1.440332055091858,-3.1390626430511475,-8.17783260345459
-186,25,278,1.4833984375,-7.708887100219727,-6.297265529632568,-228,63,-158,2.521777391433716,3.143847703933716,-7.086816310882568
-164,29,158,3.1534180641174316,-25.3134765625,-6.593945503234863,-296,92,-76,3.335253953933716,15.628320693969727,-5.560351848602295
-20,6,-55,6.412109375,-29.208593368530273,-1.047949194908142,-88,41,19,2.8998048305511475,17.45625114440918,-0.8900390863418579
-6,-46,-169,5.091406345367432,-18.121387481689453,-1.129296898841858,159,-29,99,4.239648342132568,15.14023494720459,-4.699023723602295
12,-77,-202,4.04345703125,-8.51279354095459,-4.344922065734863,194,-35,176,3.0912110805511475,6.302051067352295,-8.378808975219727
77,-71,-187,3.4931640625,-1.33984375,-6.321191310882568,133,5,179,2.019335985183716,0.18183593451976776,-7.718457221984863
69,-49,-108,4.01953125,6.24462890625,-7.995996475219727,3,25,165,1.3876953125,-5.115332126617432,-6.761425971984863
-26,-9,2,4.823437690734863,8.761621475219727,-8.402734756469727,-10,24,52,2.2777345180511475,-10.45078182220459,-7.0341796875
-128,25,116,4.694238185882568,7.598828315734863,-7.330859661102295,-57,10,-49,2.4452149868011475,-7.498340129852295,-7.110742092132568
-158,43,207,3.8233399391174316,2.48828125,-4.464550971984863,-115,4,-120,2.167675733566284,-4.435840129852295,-7.038964748382568
-139,45,271,1.823144555091858,-2.1820313930511475,-2.8998048305511475,-190,18,-159,2.067187547683716,0.6029297113418579,-6.665722846984863
-147,27,251,0.83740234375,-16.685840606689453,-2.454785108566284,-322,61,-101,3.435742139816284,12.29306697845459,-6.359472751617432
-52,-4,59,4.517187595367432,-29.687110900878906,-1.7705078125,-249,41,11,3.459667921066284,16.48486328125,-2.191601514816284
-53,-58,-110,6.656152248382568,-24.629199981689453,-1.3063477277755737,79,-24,62,4.9287109375,17.1787109375,-3.0337891578674316
-4,-67,-191,6.05322265625,-12.455761909484863,-4.526757717132568,188,-48,150,4.622460842132568,9.177929878234863,-8.503222465515137
34,-52,-186,5.273242473602295,-3.4405274391174316,-5.947949409484863,193,-3,159,3.459667921066284,0.655566394329071,-9.933984756469727
66,-40,-137,3.9764649868011475,2.593554735183716,-5.828320503234863,80,35,156,1.990625023841858,-2.17724609375,-6.876269817352295
-2,-23,-33,3.909472703933716,7.139453411102295,-5.617773532867432,-32,43,92,1.9475586414337158,-8.6611328125,-6.2685546875
-87,-4,77,3.7228517532348633,6.928906440734863,-5.569921970367432,-74,26,-23,2.0528321266174316,-7.82373046875,-5.809179782867432
-142,9,186,3.124706983566284,5.086621284484863,-5.464648723602295,-144,8,-102,1.7705078125,-4.3544921875,-6.110644817352295
-150,14,270,1.6652344465255737,0.0,-4.28271484375,-240,17,-142,1.9284180402755737,-0.18183593451976776,-5.684765815734863
-146,21,287,0.59814453125,-11.943750381469727,-4.7373046875,-370,75,-124,3.430957078933716,8.594141006469727,-5.713476657867432
-81,29,119,3.7802734375,-28.361621856689453,-4.014746189117432,-269,72,-27,5.507714748382568,16.393945693969727,1.344628930091858
-64,-20,-75,6.010156154632568,-27.533788681030273,-0.3828125,103,-14,34,6.708789348602295,20.4326171875,-1.024023413658142
-46,-57,-179,4.966992378234863,-17.111719131469727,-1.990625023841858,204,-38,133,6.589160442352295,13.51328182220459,-5.833105564117432
-2,-60,-205,3.981250047683716,-7.531836032867432,-4.923925876617432,170,-16,165,4.105664253234863,3.885546922683716,-7.330859661102295
42,-40,-171,3.7515625953674316,-0.894824206829071,-5.579492092132568,99,15,144,2.32080078125,-1.3302735090255737,-6.77099609375
45,-21,-100,3.7707033157348633,4.780371189117432,-6.168066501617432,26,31,92,1.765722632408142,-5.641699314117432,-6.378613471984863
-50,2,2,4.177441596984863,7.627539157867432,-6.201562404632568,-40,23,8,1.8997070789337158,-7.565332412719727,-5.665625095367432
-138,12,115,3.7132813930511475,6.828418254852295,-6.19677734375,-93,0,-77,1.8997070789337158,-5.426367282867432,-6.464745998382568
-156,11,220,2.359081983566284,2.071972608566284,-4.287499904632568,-141,-6,-137,1.9092774391174316,-2.0384767055511475,-7.139453411102295
-137,14,291,0.636425793170929,-3.3304688930511475,-3.287402391433716,-248,36,-144,2.4117188453674316,5.196679592132568,-6.909765720367432
-96,9,246,2.1820313930511475,-19.6669921875,-1.7705078125,-366,82,-54,4.818652629852295,13.41757869720459,-3.27783203125
-81,-19,60,4.560254096984863,-31.395410537719727,-1.789648413658142,-58,13,-21,5.469433784484863,18.279296875,2.115039110183716
-69,-64,-112,5.608203411102295,-24.13154411315918,-1.3302735090255737,187,-53,66,6.3642578125,18.370214462280273,-3.483593702316284
-31,-73,-200,3.66064453125,-13.355371475219727,-3.7228517532348633,188,-42,161,4.684668064117432,9.25449275970459,-7.627539157867432
7,-58,-218,2.9141602516174316,-4.923925876617432,-5.627343654632568,130,-1,181,2.717968702316284,1.6748046875,-7.335644721984863
56,-33,-176,3.1103515625,1.626953125,-6.3642578125,53,26,161,1.440332055091858,-3.2826173305511475,-6.790136814117432
2,-5,-77,3.651074171066284,7.842871189117432,-7.7041015625,-3,31,78,1.244140625,-8.259180068969727,-6.81884765625
-87,17,49,3.5697267055511475,7.7041015625,-6.593945503234863,-71,17,-30,1.55517578125,-7.263867378234863,-6.665722846984863
-134,25,171,2.957226514816284,4.9287109375,-5.254101753234863,-145,7,-108,1.53125,-4.072167873382568,-7.326074123382568
-122,20,256,2.5648438930511475,-0.6747070550918579,-3.46923828125,-206,22,-150,2.2442383766174316,0.4593750238418579,-6.871484279632568
-136,18,278,2.287304639816284,-12.613672256469727,-1.894921898841858,-271,61,-131,3.9764649868011475,10.800097465515137,-5.589062690734863
-74,0,120,4.627246379852295,-30.141700744628906,-1.1101562976837158,-162,47,-41,5.512500286102295,17.518457412719727,-1.024023413658142
-34,-60,-80,6.38818359375,-26.73945426940918,0.655566394329071,116,-19,41,6.416894435882568,18.800878524780273,-2.3399415016174316
-8,-80,-185,4.943066596984863,-14.99668025970459,-2.717968702316284,160,-28,134,4.971777439117432,11.1015625,-6.756640911102295
4,-71,-218,3.4740235805511475,-5.833105564117432,-5.455078125,136,4,148,2.885449171066284,2.598339796066284,-8.570215225219727
53,-45,-197,3.25390625,0.39716798067092896,-6.306836128234863,58,33,142,1.435546875,-1.3733398914337158,-7.933789253234863
10,-22,-107,3.8711915016174316,7.3212890625,-8.216113090515137,3,43,92,1.4738281965255737,-6.77099609375,-7.708887100219727
-106,16,31,4.048242092132568,8.426660537719727,-7.909863471984863,-20,36,-7,2.091113328933716,-7.493555068969727,-7.436132907867432
-161,35,160,3.574511766433716,5.895312786102295,-6.211133003234863,-88,22,-91,2.383007764816284,-4.732519626617432,-7.1298828125
-175,30,267,2.0624024868011475,0.4976562559604645,-2.8519532680511475,-170,31,-142,2.430859327316284,-0.583789050579071,-6.814062595367432
-178,16,316,0.612500011920929,-9.35019588470459,-1.143652319908142,-287,75,-144,3.3974609375,6.249413967132568,-5.187109470367432
-70,-2,181,3.7228517532348633,-26.528905868530273,-1.1005859375,-285,88,-56,5.426367282867432,15.06845760345459,0.37324219942092896
-45,-41,-17,7.359570503234863,-28.227636337280273,0.679492175579071,2,-5,26,6.139355659484863,20.427831649780273,0.9522461295127869
4,-64,-143,6.043652534484863,-17.556737899780273,-0.9187500476837158,140,-64,139,5.976660251617432,14.192773818969727,-3.5840821266174316
20,-63,-185,3.8329102993011475,-6.325976848602295,-4.6416015625,133,-51,189,3.7802734375,4.115234375,-6.431250095367432
32,-45,-165,3.220410108566284,-1.2058594226837158,-5.713476657867432,84,-15,168,2.0289063453674316,0.08613281697034836,-6.91455078125
20,-33,-107,3.6558594703674316,2.79931640625,-6.168066501617432,6,3,133,1.3876953125,-4.756445407867432,-8.091699600219727
-65,-26,-25,4.770801067352295,4.76123046875,-6.110644817352295,6,0,40,2.143749952316284,-7.498340129852295,-8.646777153015137
-118,-14,73,5.746972560882568,3.6797852516174316,-5.378515720367432,-26,-2,-59,2.617480516433716,-5.636914253234863,-8.546289443969727
-145,7,182,4.66552734375,1.430761694908142,-5.072265625,-76,4,-138,2.5791993141174316,-3.4261720180511475,-8.421875
-155,28,267,2.08154296875,-3.5123047828674316,-3.22998046875,-174,35,-175,3.18212890625,1.717871069908142,-6.546093940734863
-124,18,229,4.536328315734863,-17.93476676940918,-0.17226563394069672,-297,80,-128,4.962207317352295,12.814648628234863,-4.766015529632568
-57,-28,62,8.46494197845459,-27.954883575439453,-0.06220703199505806,-133,34,-33,4.42626953125,19.006641387939453,-2.8998048305511475
-32,-66,-102,7.560546875,-21.07861328125,1.1580078601837158,104,-7,71,6.096289157867432,17.834278106689453,-3.94775390625
9,-78,-194,4.244433879852295,-10.651758193969727,-2.8232421875,97,-9,177,3.8329102993011475,9.40283203125,-5.455078125
13,-66,-213,3.0337891578674316,-3.94775390625,-5.7900390625,46,5,188,2.08154296875,0.7369140982627869,-6.010156154632568
3,-37,-163,3.502734422683716,2.22509765625,-7.168164253234863,5,9,140,2.091113328933716,-4.230078220367432,-7.168164253234863
-48,-5,-47,4.646386623382568,5.919238567352295,-6.804492473602295,-4,6,49,2.9189453125,-7.7041015625,-8.4697265625
-79,9,86,4.866504192352295,5.565136909484863,-4.828222751617432,-46,6,-52,2.84716796875,-5.636914253234863,-8.665918350219727
-124,7,213,3.18212890625,3.9046876430511475,-3.6415040493011475,-117,18,-125,2.5313477516174316,-2.215527296066284,-7.689746379852295
-160,-6,306,1.02880859375,-1.119726538658142,-2.5887696743011475,-164,48,-174,2.497851610183716,1.53125,-6.302051067352295
-134,-6,288,2.502636671066284,-14.800488471984863,-4.373632907867432,-213,88,-147,3.483593702316284,12.498827934265137,-4.196582317352295
-61,10,107,6.794921875,-29.313867568969727,-3.3543946743011475,-107,50,-34,5.14404296875,20.389551162719727,-1.3781250715255737
-36,-17,-84,7.665820598602295,-25.11250114440918,0.12919922173023224,81,-24,73,5.469433784484863,19.408594131469727,-2.75146484375
-25,-32,-193,4.560254096984863,-14.752636909484863,-0.4498046934604645,94,-39,183,3.435742139816284,11.7236328125,-4.47412109375
-9,-37,-231,1.6652344465255737,-6.378613471984863,-3.9381837844848633,65,-21,209,2.1246094703674316,2.2059571743011475,-5.589062690734863
43,-31,-196,1.4690430164337158,-0.5072265863418579,-5.04833984375,51,-4,170,1.9571290016174316,-1.84228515625,-6.847558498382568
26,-40,-95,3.08642578125,5.254101753234863,-5.866601467132568,5,-6,118,2.167675733566284,-5.172753810882568,-7.9912109375
-41,-36,35,4.722949504852295,5.971875190734863,-5.091406345367432,-27,-10,26,2.593554735183716,-6.751855373382568,-8.41709041595459
-78,-31,148,5.134472846984863,4.47412109375,-5.38330078125,-74,-11,-59,2.6270508766174316,-4.742089748382568,-8.283105850219727
-122,-13,243,3.718066453933716,0.7464843988418579,-5.306738376617432,-110,-1,-120,2.450000047683716,-2.2681641578674316,-8.134765625
-138,12,292,2.598339796066284,-5.378515720367432,-5.397656440734863,-154,29,-156,2.641406297683716,1.9044922590255737,-8.1826171875
-116,43,228,4.4501953125,-20.274707794189453,-3.3448243141174316,-237,73,-112,4.325781345367432,12.81943416595459,-7.254296779632568
-51,19,32,7.560546875,-29.289941787719727,-0.19619141519069672,-102,49,-19,5.010058879852295,17.183496475219727,-4.062597751617432
-14,-22,-128,5.723046779632568,-20.78193473815918,1.33984375,111,4,86,6.4599609375,17.93476676940918,-4.588964939117432
-12,-53,-191,3.03857421875,-10.603906631469727,-1.870996117591858,89,5,186,4.306640625,9.752148628234863,-5.708691596984863
20,-55,-198,2.1820313930511475,-4.158300876617432,-4.708593845367432,28,19,197,2.10546875,2.3160157203674316,-6.297265529632568
35,-44,-141,3.143847703933716,2.095898389816284,-6.392968654632568,-13,21,159,1.4690430164337158,-3.574511766433716,-7.622754096984863
-11,-29,-40,4.512402534484863,5.306738376617432,-6.522168159484863,-18,19,68,2.191601514816284,-7.062890529632568,-8.436230659484863
-71,-16,67,5.09619140625,4.789941310882568,-5.220605373382568,-51,13,-26,2.813671827316284,-5.0244140625,-7.493555068969727
-108,-7,171,4.632031440734863,2.478710889816284,-4.297070503234863,-109,6,-91,3.0625,-2.5074219703674316,-6.766211032867432
-150,-2,254,3.0672852993011475,-1.765722632408142,-4.158300876617432,-152,13,-145,2.957226514816284,0.16269531846046448,-6.464745998382568
-150,5,256,3.8472657203674316,-13.077832221984863,-3.3208985328674316,-234,46,-138,4.120019435882568,10.07275390625,-5.455078125
-96,1,101,7.641894817352295,-26.42841911315918,-1.9236328601837158,-207,44,-33,5.455078125,16.614063262939453,-2.1006836891174316
-42,-34,-82,7.77587890625,-24.605274200439453,-0.9426758289337158,83,-11,42,6.105859279632568,18.882226943969727,-2.694042921066284
26,-42,-198,4.579394817352295,-14.42724609375,-2.3255860805511475,138,-23,159,5.47900390625,13.235742568969727,-5.115332126617432
40,-40,-225,3.048144578933716,-4.885644435882568,-5.636914253234863,99,1,197,3.5601563453674316,2.94287109375,-6.48388671875
31,-25,-178,3.143847703933716,1.215429663658142,-6.225488185882568,62,24,164,2.27294921875,-2.598339796066284,-7.192090034484863
-9,-10,-74,4.273144721984863,5.531640529632568,-6.306836128234863,2,31,95,2.3255860805511475,-6.522168159484863,-7.905078411102295
-72,1,48,4.957421779632568,5.483788967132568,-4.756445407867432,-36,17,-4,2.717968702316284,-6.574804782867432,-7.316504001617432
-118,4,163,4.28271484375,3.6654298305511475,-4.053027629852295,-85,0,-87,2.713183641433716,-3.8568360805511475,-6.67529296875
-146,7,259,2.263378858566284,0.07177734375,-3.5601563453674316,-119,3,-151,2.0767579078674316,-1.22021484375,-7.177734375
-178,8,306,1.2345703840255737,-6.014941692352295,-4.225293159484863,-169,29,-177,2.306445360183716,4.277929782867432,-6.689648628234863
-97,23,204,4.8330078125,-22.231836318969727,-1.818359375,-236,67,-99,5.23974609375,14.628222465515137,-4.325781345367432
-44,-6,-2,7.373926162719727,-29.304296493530273,0.727343738079071,-36,29,-7,6.455175876617432,20.37519645690918,-2.12939453125
-19,-48,-149,5.67041015625,-20.98291015625,0.8565430045127869,114,-10,111,6.833203315734863,17.843847274780273,-4.33056640625
-9,-69,-207,3.244335889816284,-9.991406440734863,-3.024218797683716,88,-11,194,3.957324266433716,8.096484184265137,-5.7421875
20,-56,-198,2.837597608566284,-3.124706983566284,-5.134472846984863,53,1,190,1.8614258766174316,1.1627930402755737,-6.933691501617432
48,-43,-139,3.4883790016174316,2.311230421066284,-5.857031345367432,-2,13,152,1.6604492664337158,-3.7802734375,-7.53662109375
-18,-28,-43,4.61767578125,5.727832317352295,-5.943164348602295,-30,16,64,2.4404296875,-7.120312690734863,-8.091699600219727
-98,-16,70,5.522070407867432,5.234961032867432,-5.636914253234863,-48,10,-39,2.741894483566284,-5.4072265625,-7.613183975219727
-112,0,172,4.689453125,2.46435546875,-4.37841796875,-90,6,-110,2.426074266433716,-2.8663086891174316,-7.206445217132568
-142,5,260,2.1533203125,-0.64599609375,-3.7994141578674316,-134,20,-157,1.84228515625,0.660351574420929,-6.6513671875
-163,3,287,1.79443359375,-11.010644912719727,-3.2586915493011475,-204,55,-158,3.311328172683716,7.828516006469727,-5.483788967132568
-51,9,140,5.67041015625,-25.308691024780273,-2.095898389816284,-187,54,-67,6.220703125,16.88203239440918,-2.8998048305511475
-47,-34,-57,7.7041015625,-27.09834098815918,0.8086914420127869,55,4,31,7.412207126617432,20.83935546875,-3.2826173305511475
-10,-59,-185,5.345019817352295,-16.671483993530273,-1.2824219465255737,119,-5,146,6.517383098602295,14.82919979095459,-5.962304592132568
-10,-62,-205,3.119921922683716,-6.091504096984863,-4.775586128234863,81,8,191,3.196484327316284,5.014843940734863,-6.91455078125
26,-36,-169,3.215625047683716,-0.93310546875,-5.703906536102295,33,24,175,1.320703148841858,-0.3301757872104645,-6.646582126617432
22,-21,-90,3.555371046066284,3.8329102993011475,-6.115429878234863,-24,24,130,1.2919921875,-4.679883003234863,-6.799706935882568
-52,-8,18,4.4501953125,5.292382717132568,-5.23974609375,-32,9,34,2.0624024868011475,-6.34033203125,-6.909765720367432
-101,-9,118,4.842578411102295,4.249218940734863,-4.301855564117432,-51,-7,-55,2.3160157203674316,-4.105664253234863,-6.995898723602295
-145,-9,214,3.483593702316284,1.1149414777755737,-3.8807618618011475,-86,-9,-121,2.6749024391174316,-1.8853516578674316,-7.263867378234863
-166,-9,277,2.0624024868011475,-4.459765911102295,-4.847363471984863,-131,6,-164,2.5887696743011475,1.5408203601837158,-7.594043254852295
-127,9,233,3.85205078125,-17.28877067565918,-4.100879192352295,-223,48,-139,4.431054592132568,12.0107421875,-6.335546970367432
-82,0,65,7.134667873382568,-27.806543350219727,-1.966699242591858,-158,41,-34,6.258984565734863,18.049610137939453,-3.8903322219848633
-27,-31,-108,6.31640625,-22.868261337280273,-1.0431641340255737,67,3,68,7.574902534484863,19.37031364440918,-3.813769578933716
4,-44,-187,4.28271484375,-12.326562881469727,-4.148730754852295,98,-5,174,5.09619140625,11.594433784484863,-6.402539253234863
6,-26,-185,3.7515625953674316,-4.971777439117432,-5.914453029632568,74,13,193,3.0433595180511475,3.1534180641174316,-7.072461128234863
36,-3,-142,3.94775390625,0.3062500059604645,-5.172753810882568,23,28,167,2.17724609375,-1.296777367591858,-6.43603515625
-3,-2,-63,4.373632907867432,4.4501953125,-4.679883003234863,-38,25,108,2.162890672683716,-5.565136909484863,-6.670507907867432
-75,-9,38,4.655957221984863,4.866504192352295,-3.85205078125,-42,12,6,2.330371141433716,-5.986230373382568,-6.837988376617432
-108,-17,137,4.349707126617432,3.095996141433716,-3.5888671875,-72,1,-78,2.3160157203674316,-3.3208985328674316,-6.713574409484863
-126,-19,228,3.0194337368011475,-0.08134765923023224,-3.502734422683716,-112,1,-136,2.1006836891174316,-1.02880859375,-6.6513671875
-153,-15,286,1.655664086341858,-5.4072265625,-4.531543254852295,-157,23,-176,2.65576171875,2.9620118141174316,-7.048535346984863
-81,5,212,3.7611329555511475,-20.753223419189453,-3.923828125,-251,61,-119,5.450293064117432,14.819629669189453,-5.651269435882568
-53,-1,19,6.713574409484863,-29.34736442565918,-1.2297852039337158,-112,38,-20,6.526953220367432,19.422948837280273,-1.4020508527755737
-50,-28,-147,5.7900390625,-21.576269149780273,-0.46894532442092896,110,-9,86,7.230370998382568,18.74824333190918,-2.75146484375
-53,-40,-206,3.627148389816284,-10.11582088470459,-3.8568360805511475,130,-13,173,4.560254096984863,9.78085994720459,-5.914453029632568
-11,-12,-190,3.072070360183716,-3.694140672683716,-5.019629001617432,104,11,179,2.4404296875,2.497851610183716,-6.660937786102295
43,4,-138,3.1629884243011475,1.1819336414337158,-4.694238185882568,33,25,159,1.31591796875,-1.5886719226837158,-6.311621189117432
-19,-4,-48,3.828125,5.321094036102295,-4.335351467132568,-35,18,98,1.622167944908142,-5.474218845367432,-6.503027439117432
-94,-22,56,4.096093654632568,4.962207317352295,-3.5218751430511475,-56,-3,-3,2.1533203125,-5.904882907867432,-6.517383098602295
-124,-43,166,3.143847703933716,3.407031297683716,-3.7276368141174316,-83,-17,-89,2.2298829555511475,-3.483593702316284,-6.694433689117432
-151,-59,260,1.727441430091858,-0.708203136920929,-4.550683498382568,-123,-17,-149,2.201171875,-0.9283203482627869,-6.823632717132568
-145,-43,303,1.8662109375,-8.211328506469727,-7.01025390625,-172,10,-185,2.5361328125,3.7850587368011475,-8.244824409484863
-86,10,220,4.4501953125,-21.74853515625,-6.201562404632568,-223,55,-157,4.053027629852295,13.269238471984863,-7.115527629852295
-58,31,40,6.081933498382568,-29.400001525878906,-3.13427734375,-155,61,-41,4.632031440734863,20.442188262939453,-2.497851610183716
-13,7,-134,4.344922065734863,-21.576269149780273,-1.942773461341858,70,10,75,5.751758098602295,21.150390625,-2.0384767055511475
-35,-19,-210,1.9619140625,-12.144726753234863,-3.18212890625,104,-6,209,3.4931640625,14.833984375,-4.574609279632568
-18,-17,-216,0.8086914420127869,-5.498144626617432,-5.268456935882568,103,0,250,0.9426758289337158,4.76123046875,-5.230175971984863
16,-8,-175,1.6125977039337158,0.19619141519069672,-5.689550876617432,86,14,225,0.06699218600988388,-0.44023439288139343,-5.641699314117432
-23,-8,-92,2.9620118141174316,4.512402534484863,-5.067480564117432,12,17,171,-0.06699218600988388,-4.789941310882568,-6.550879001617432
-86,-11,21,3.9860353469848633,6.321191310882568,-4.301855564117432,-36,7,71,0.83740234375,-8.426660537719727,-6.646582126617432
-124,-23,143,3.670214891433716,5.416797161102295,-3.430957078933716,-84,-1,-51,1.4738281965255737,-7.062890529632568,-6.727929592132568
-149,-47,246,3.27783203125,0.7608398795127869,-4.057812690734863,-173,1,-148,2.287304639816284,-3.005078077316284,-6.814062595367432
-127,-62,266,5.00048828125,-11.876757621765137,-6.971972942352295,-231,22,-195,5.38330078125,8.101269721984863,-6.373828411102295
-80,-44,103,9.54638671875,-28.72529411315918,-5.67041015625,-182,35,-109,8.096484184265137,18.394140243530273,-4.225293159484863
-9,-43,-131,8.91953182220459,-25.844629287719727,-2.60791015625,48,29,38,7.809375286102295,22.040430068969727,-4.42626953125
56,-35,-248,3.9860353469848633,-11.84326171875,-4.990918159484863,94,30,173,4.679883003234863,10.9580078125,-6.809277534484863
62,-30,-233,2.5169923305511475,-1.72265625,-7.651464939117432,86,40,190,2.4356446266174316,1.775292992591858,-7.550976753234863
52,-17,-141,2.3495118618011475,4.655957221984863,-7.053320407867432,20,43,143,1.440332055091858,-4.316211223602295,-6.359472751617432
-32,-4,-15,2.87109375,6.96240234375,-6.043652534484863,-40,36,40,1.4690430164337158,-7.723242282867432,-5.732617378234863
-114,-3,107,3.239550828933716,6.593945503234863,-4.78515625,-90,16,-74,1.143652319908142,-6.593945503234863,-5.364160060882568
-175,-14,231,1.703515648841858,4.33056640625,-4.215722560882568,-119,8,-172,0.25361329317092896,-4.249218940734863,-6.546093940734863
-186,-38,329,-0.4354492127895355,-1.775292992591858,-3.6175782680511475,-164,19,-223,0.631640613079071,2.335156202316284,-6.493457317352295
-152,-52,324,-1.244140625,-17.183496475219727,-5.799609661102295,-197,40,-199,2.7275390625,11.781054496765137,-4.608105659484863
-80,-19,138,2.22509765625,-30.969532012939453,-5.617773532867432,-106,15,-89,4.679883003234863,22.652929306030273,-0.2583984434604645
-40,-13,-77,6.191992282867432,-25.44746208190918,-3.287402391433716,39,-41,63,5.971875190734863,23.31806755065918,-1.1101562976837158
-50,8,-189,5.6943359375,-15.963281631469727,-4.871289253234863,28,-48,205,3.191699266433716,18.475488662719727,-6.369042873382568
-56,32,-234,4.52197265625,-7.885937690734863,-6.158496379852295,-7,-29,283,-1.1962890625,10.3359375,-8.890820503234863
-29,53,-223,4.526757717132568,-1.2537109851837158,-6.168066501617432,-15,-9,286,-1.79443359375,4.335351467132568,-7.187304973602295
-12,26,-175,3.9286134243011475,3.828125,-6.7470703125,-7,-19,217,0.512011706829071,-1.5886719226837158,-6.455175876617432
-61,2,-75,3.80419921875,7.359570503234863,-6.144140720367432,-7,-12,90,3.27783203125,-6.201562404632568,-7.048535346984863
-89,-5,37,3.4644532203674316,6.354687690734863,-4.454980373382568,-79,14,-14,3.7276368141174316,-6.349902629852295,-7.015038967132568
-126,-15,145,2.65576171875,5.105762004852295,-4.651172161102295,-130,46,-100,2.8519532680511475,-5.306738376617432,-6.637012004852295
-147,-32,226,1.8566406965255737,1.79443359375,-3.454882860183716,-126,78,-176,1.1867188215255737,-0.8900390863418579,-5.16796875
-156,-55,266,2.583984375,-2.808886766433716,-4.335351467132568,-145,105,-198,1.143652319908142,5.880957126617432,-1.818359375
-102,-59,196,8.718554496765137,-18.537694931030273,-5.273242473602295,-142,70,-127,2.8184571266174316,17.293554306030273,1.6843750476837158
-51,-25,19,15.657032012939453,-28.24677848815918,-4.636816501617432,23,-13,-22,4.536328315734863,27.308887481689453,0.9283203482627869
-20,11,-121,13.642480850219727,-19.51386833190918,-3.765918016433716,70,-60,168,4.80908203125,23.657812118530273,-3.4022462368011475
-15,35,-183,9.268847465515137,-6.81884765625,-6.19677734375,98,-51,251,2.545703172683716,9.283203125,-5.943164348602295
-6,43,-175,4.28271484375,-0.9091796875,-5.818749904632568,83,-9,226,2.0528321266174316,1.502539038658142,-6.235058784484863
5,23,-119,1.22021484375,3.9286134243011475,-5.134472846984863,-47,21,186,2.0384767055511475,-4.813867092132568,-5.995800971984863
-70,-10,-29,1.105371117591858,5.880957126617432,-4.292285442352295,-57,30,64,2.258593797683716,-9.73779296875,-6.0771484375
-100,-39,72,1.72265625,4.957421779632568,-4.3544921875,-63,23,-59,2.392578125,-6.474316596984863,-5.43115234375
-72,-59,165,2.306445360183716,2.6270508766174316,-3.9046876430511475,-90,20,-150,2.1533203125,-3.076855421066284,-5.077050685882568
-63,-74,235,3.574511766433716,-0.45458984375,-3.9429688453674316,-91,28,-218,1.2584961652755737,1.000097632408142,-5.584277629852295
-100,-67,263,6.125,-9.88134765625,-3.6893556118011475,-145,61,-227,1.1867188215255737,10.66611385345459,-5.608203411102295
-44,-37,128,13.08740234375,-26.433202743530273,-2.119824171066284,-163,81,-98,2.6749024391174316,22.868261337280273,-2.9237306118011475
-7,-22,-71,14.719141006469727,-24.208105087280273,-1.536035180091858,17,29,54,4.349707126617432,26.78730583190918,-1.727441430091858
-22,0,-171,10.584765434265137,-13.17832088470459,-4.536328315734863,66,-14,196,3.4500977993011475,17.781641006469727,-3.196484327316284
-20,10,-189,5.751758098602295,-4.541113376617432,-6.756640911102295,58,-21,230,1.8614258766174316,6.584374904632568,-4.636816501617432
0,15,-166,2.6749024391174316,0.41630861163139343,-5.158398628234863,29,-1,194,1.789648413658142,0.23447266221046448,-5.105762004852295
-8,2,-98,1.818359375,3.7707033157348633,-3.670214891433716,-33,11,142,2.1581056118011475,-4.684668064117432,-6.072363376617432
-67,-23,2,2.234668016433716,5.780468940734863,-3.7372071743011475,-36,22,40,2.7562501430511475,-6.986328125,-6.072363376617432
-114,-50,105,3.2347657680511475,5.1201171875,-4.249218940734863,-47,20,-67,3.191699266433716,-5.397656440734863,-5.967090129852295
-107,-73,193,3.124706983566284,1.813574194908142,-5.172753810882568,-67,15,-161,2.75146484375,-2.024121046066284,-6.00537109375
-118,-81,254,2.856738328933716,-2.2490234375,-5.584277629852295,-98,28,-223,1.69873046875,3.7515625953674316,-6.206347942352295
-106,-48,228,9.240137100219727,-16.838964462280273,-3.837695360183716,-187,55,-152,3.1055665016174316,16.992090225219727,-3.6797852516174316
-28,-11,51,16.25996208190918,-26.71552848815918,-2.75146484375,-51,18,-33,3.6558594703674316,24.447362899780273,-2.4404296875
-30,7,-104,12.671093940734863,-19.0927734375,-1.74658203125,42,-20,137,4.2109375,21.925586700439453,-4.014746189117432
-21,10,-174,7.713672161102295,-8.962597846984863,-4.718163967132568,75,-30,222,2.6749024391174316,10.063183784484863,-5.732617378234863
-6,1,-187,4.01953125,-2.7083985805511475,-5.651269435882568,64,-12,216,2.048046827316284,2.9141602516174316,-5.7900390625
4,-17,-152,1.818359375,3.13427734375,-5.531640529632568,-20,9,165,1.8805664777755737,-3.813769578933716,-6.440820217132568
-61,-20,-42,2.3399415016174316,6.5078125,-5.220605373382568,-62,28,60,2.450000047683716,-7.29736328125,-6.670507907867432
-85,-26,72,3.2586915493011475,5.689550876617432,-4.512402534484863,-89,33,-43,3.383105516433716,-6.258984565734863,-5.995800971984863
-112,-40,175,2.981152296066284,3.263476610183716,-4.885644435882568,-79,33,-136,3.263476610183716,-3.1773438453674316,-5.608203411102295
-144,-58,240,2.7275390625,-0.48808595538139343,-5.43115234375,-86,48,-201,1.7130860090255737,1.9714844226837158,-5.967090129852295
-139,-54,237,6.220703125,-11.83847713470459,-4.206152439117432,-165,71,-169,2.48828125,13.006054878234863,-3.837695360183716
-41,-37,85,13.843457221984863,-25.189062118530273,-2.450000047683716,-103,47,-72,3.789843797683716,21.949512481689453,-1.119726538658142
-35,-36,-81,14.14013671875,-21.590625762939453,-2.9476563930511475,29,-13,75,4.933495998382568,25.14599609375,-1.4499024152755737
-1,-8,-161,9.957910537719727,-10.8623046875,-6.177636623382568,60,-47,198,3.531445264816284,14.006152153015137,-4.009961128234863
33,13,-174,5.947949409484863,-2.3447265625,-7.373926162719727,73,-39,207,2.0767579078674316,4.383203029632568,-6.570019721984863
19,7,-133,3.349609375,3.335253953933716,-6.0771484375,22,-4,171,1.98583984375,-0.7464843988418579,-6.904980659484863
-52,-10,-44,2.4595704078674316,5.919238567352295,-5.220605373382568,-49,21,103,2.32080078125,-5.340234279632568,-7.019824504852295
-94,-27,51,2.4212892055511475,5.474218845367432,-4.464550971984863,-73,31,6,2.617480516433716,-6.287695407867432,-6.345117092132568
-107,-47,152,2.2538087368011475,3.4022462368011475,-4.923925876617432,-68,26,-91,2.65576171875,-4.18701171875,-5.900097846984863
-116,-63,235,1.631738305091858,-0.3158203065395355,-5.450293064117432,-58,31,-179,1.8040039539337158,-0.46894532442092896,-6.168066501617432
-135,-61,279,3.9908204078674316,-7.005468845367432,-5.904882907867432,-92,48,-211,1.3781250715255737,7.962500095367432,-5.842675685882568
-66,-24,171,10.589550971984863,-23.255859375,-3.3448243141174316,-159,57,-116,3.837695360183716,17.987401962280273,-3.694140672683716
-32,-22,-36,13.259668350219727,-25.81591796875,-3.4979493618011475,14,13,1,4.368847846984863,24.964160919189453,-3.311328172683716
-31,-12,-144,8.819043159484863,-16.121191024780273,-4.129590034484863,69,-19,164,3.6654298305511475,19.638280868530273,-4.78515625
39,16,-185,5.880957126617432,-6.038867473602295,-6.871484279632568,65,-22,227,1.765722632408142,7.598828315734863,-6.349902629852295
38,10,-169,3.363964796066284,0.9139648675918579,-6.656152248382568,47,0,193,1.8279297351837158,1.550390601158142,-6.53173828125
-35,-8,-93,2.5169923305511475,5.28759765625,-5.919238567352295,-47,20,142,2.287304639816284,-3.694140672683716,-6.809277534484863
-99,-22,11,2.70361328125,5.857031345367432,-4.751660346984863,-70,27,45,2.741894483566284,-7.2255859375,-7.048535346984863
-132,-44,110,3.08642578125,4.78515625,-4.1630859375,-77,25,-55,2.832812547683716,-5.316308498382568,-6.115429878234863
-153,-74,199,2.622265577316284,1.8087891340255737,-4.584179878234863,-80,25,-145,2.0863282680511475,-2.215527296066284,-5.55078125
-176,-91,261,2.4452149868011475,-3.2108399868011475,-6.19677734375,-104,29,-210,0.3301757872104645,1.6604492664337158,-5.445508003234863
-112,-58,227,6.684863567352295,-17.020801544189453,-7.29736328125,-166,48,-193,1.1388672590255737,13.886523246765137,-3.7994141578674316
-39,-11,40,12.211718559265137,-27.739551544189453,-5.857031345367432,-99,32,-62,3.1055665016174316,23.2080078125,-2.12939453125
-2,0,-125,10.374218940734863,-19.336816787719727,-6.469531536102295,71,-18,85,3.9142580032348633,24.959375381469727,-4.000390529632568
24,25,-178,7.5126953125,-9.512890815734863,-6.632226467132568,68,-25,226,2.138964891433716,14.704785346984863,-5.943164348602295
48,26,-182,4.531543254852295,-2.000195264816284,-7.694531440734863,47,-10,241,1.009667992591858,4.52197265625,-6.799706935882568
8,5,-139,2.4452149868011475,2.6318359375,-5.928808689117432,0,11,197,1.358984351158142,-0.78955078125,-6.412109375
-63,-13,-50,2.48828125,5.541211128234863,-5.3115234375,-51,26,120,1.8279297351837158,-5.28759765625,-6.847558498382568
-101,-24,51,3.2347657680511475,5.679980754852295,-4.359277248382568,-42,27,13,2.27294921875,-6.067578315734863,-6.656152248382568
-130,-43,154,3.579296827316284,3.8664064407348633,-4.335351467132568,-49,25,-84,2.7275390625,-3.8951172828674316,-6.479101657867432
-139,-62,234,2.933300733566284,-0.13876953721046448,-4.794726848602295,-71,32,-162,2.143749952316284,-0.42109376192092896,-6.536523342132568
-151,-64,273,3.454882860183716,-6.646582126617432,-5.330664157867432,-118,53,-202,1.3494141101837158,5.47900390625,-5.474218845367432
-75,-26,181,8.412304878234863,-20.68623161315918,-5.780468940734863,-204,64,-131,3.25390625,15.83408260345459,-2.65576171875
-23,-6,-15,11.953320503234863,-25.169921875,-5.469433784484863,-20,7,-28,3.7754883766174316,24.15546989440918,-2.2298829555511475
-13,9,-135,9.383691787719727,-16.365234375,-4.445410251617432,90,-42,141,4.182226657867432,19.93017578125,-4.009961128234863
3,13,-173,6.062793254852295,-6.426465034484863,-5.995800971984863,101,-41,209,2.8280274868011475,8.8046875,-6.282910346984863
14,8,-160,3.5888671875,-0.4306640625,-5.943164348602295,57,-12,187,2.3973634243011475,2.1581056118011475,-7.0341796875
-14,-3,-93,2.694042921066284,4.244433879852295,-5.234961032867432,-32,21,139,2.287304639816284,-2.7275390625,-7.287793159484863
-75,-18,7,3.095996141433716,5.512500286102295,-4.373632907867432,-87,34,55,2.359081983566284,-6.144140720367432,-7.000683784484863
-94,-42,97,3.598437547683716,4.062597751617432,-4.024316310882568,-98,38,-40,2.27294921875,-4.828222751617432,-6.115429878234863
-114,-66,180,3.0098633766174316,1.4977539777755737,-4.76123046875,-105,36,-120,1.8757812976837158,-1.8997070789337158,-5.397656440734863
-151,-72,243,2.521777391433716,-3.2730469703674316,-6.325976848602295,-119,42,-184,1.095800757408142,2.4356446266174316,-5.402441501617432
-105,-42,210,7.369140625,-16.805469512939453,-6.904980659484863,-166,53,-160,2.4834961891174316,13.5419921875,-3.6654298305511475
-33,-23,40,12.65673828125,-25.356542587280273,-5.976660251617432,-44,21,-75,2.9620118141174316,23.203222274780273,-3.765918016433716
-42,-10,-108,10.83837890625,-19.982812881469727,-3.4931640625,58,-15,107,3.861621141433716,24.461719512939453,-3.7467775344848633
18,6,-182,6.704003810882568,-9.919629096984863,-6.742285251617432,73,-29,218,2.622265577316284,12.096875190734863,-5.359375
35,13,-186,3.7754883766174316,-1.8040039539337158,-7.541406631469727,60,-13,217,1.789648413658142,3.861621141433716,-5.7421875
6,17,-129,2.7466797828674316,3.5458009243011475,-6.421679973602295,-2,12,170,1.512109398841858,-2.024121046066284,-6.823632717132568
-44,13,-32,2.8902344703674316,6.043652534484863,-4.971777439117432,-54,29,89,1.8087891340255737,-5.493359565734863,-7.364355564117432
-96,-11,66,3.435742139816284,5.28759765625,-3.5218751430511475,-63,36,-9,2.191601514816284,-5.5029296875,-6.943261623382568
-130,-47,157,3.3017578125,3.25390625,-3.63671875,-63,36,-102,2.138964891433716,-2.4356446266174316,-5.818749904632568
-154,-75,235,2.5552735328674316,-0.74169921875,-4.632031440734863,-89,43,-165,1.3541992902755737,1.3302735090255737,-5.804394721984863
-139,-70,251,4.694238185882568,-10.517773628234863,-7.038964748382568,-164,67,-173,2.2442383766174316,9.910058975219727,-4.392773628234863
-42,-15,111,10.59912109375,-25.294336318969727,-5.632129192352295,-132,52,-89,4.13916015625,19.121484756469727,-1.4259766340255737
-12,-6,-72,11.642285346984863,-23.069238662719727,-3.89990234375,59,-10,37,4.828222751617432,24.878026962280273,-2.201171875
-13,2,-158,8.35009765625,-12.522753715515137,-4.957421779632568,91,-33,180,3.9190430641174316,15.848438262939453,-5.388085842132568
10,10,-174,5.349804878234863,-3.8664064407348633,-6.852344036102295,68,-15,209,2.6270508766174316,6.215918064117432,-6.971972942352295
29,13,-142,3.541015625,2.1102540493011475,-6.081933498382568,1,11,185,1.990625023841858,-0.14833985269069672,-7.110742092132568
-34,5,-52,3.2826173305511475,5.6943359375,-4.622460842132568,-57,31,111,2.22509765625,-5.804394721984863,-7.44091796875
-93,-15,41,3.42138671875,5.560351848602295,-3.5123047828674316,-67,42,6,2.497851610183716,-6.072363376617432,-6.2685546875
-119,-49,131,3.287402391433716,3.550585985183716,-3.191699266433716,-78,35,-82,2.3495118618011475,-3.8951172828674316,-5.5029296875
-134,-80,207,2.4834961891174316,0.30146485567092896,-3.94775390625,-66,30,-163,1.287207007408142,-0.5215820670127869,-5.723046779632568
-145,-93,248,3.191699266433716,-6.05322265625,-6.598730564117432,-84,41,-218,0.14833985269069672,5.297168254852295,-6.235058784484863
-94,-49,171,8.4697265625,-20.78193473815918,-7.483984470367432,-177,57,-148,1.9954102039337158,18.78173828125,-4.0673828125
-23,-6,-9,12.235644340515137,-25.51923942565918,-5.091406345367432,-76,29,-17,4.04345703125,23.504688262939453,-1.55517578125
-4,6,-137,9.106152534484863,-16.26953125,-4.47412109375,66,-19,118,4.880859375,21.193456649780273,-2.4404296875
5,4,-183,6.129785060882568,-8.2783203125,-5.029199123382568,76,-32,207,2.966796875,11.015429496765137,-4.608105659484863
39,-5,-186,3.5218751430511475,-2.3016602993011475,-5.450293064117432,56,-20,211,1.2297852039337158,3.478808641433716,-5.751758098602295
14,-21,-130,2.6366212368011475,3.2251954078674316,-6.00537109375,-15,0,170,1.2919921875,-1.8805664777755737,-6.325976848602295
-46,-23,-27,2.6509766578674316,5.679980754852295,-6.426465034484863,-51,15,71,1.8757812976837158,-6.287695407867432,-7.101171970367432
-76,-22,79,3.0098633766174316,4.813867092132568,-5.76611328125,-64,13,-35,2.143749952316284,-5.148828029632568,-6.168066501617432
-110,-35,171,3.196484327316284,2.7227540016174316,-5.593847751617432,-61,6,-122,1.9140625,-2.617480516433716,-6.201562404632568
-145,-57,235,3.8807618618011475,-1.320703148841858,-5.636914253234863,-53,10,-187,1.2058594226837158,2.115039110183716,-7.244726657867432
-162,-45,243,6.665722846984863,-11.83847713470459,-5.531640529632568,-108,34,-184,1.5886719226837158,11.962890625,-6.909765720367432
-44,-20,100,12.049023628234863,-25.701074600219727,-4.813867092132568,-135,35,-88,2.263378858566284,19.288965225219727,-6.163281440734863
-11,-11,-64,10.469922065734863,-20.9111328125,-2.2538087368011475,4,4,48,2.717968702316284,21.466211318969727,-3.6989259719848633
2,-12,-147,6.837988376617432,-11.40781307220459,-4.78515625,90,-26,170,2.3399415016174316,13.876953125,-5.512500286102295
31,-14,-168,3.813769578933716,-4.689453125,-7.086816310882568,92,-15,202,1.894921898841858,6.105859279632568,-7.077246189117432
43,-24,-142,2.5313477516174316,0.631640613079071,-6.526953220367432,42,4,180,2.071972608566284,1.081445336341858,-7.29736328125
-30,-36,-59,3.244335889816284,4.694238185882568,-6.158496379852295,-30,23,118,2.0384767055511475,-3.8711915016174316,-8.019922256469727
-81,-37,35,4.029101848602295,4.655957221984863,-5.349804878234863,-78,34,23,2.2920899391174316,-5.837890625,-7.589258193969727
-107,-41,133,3.94775390625,2.8902344703674316,-5.541211128234863,-95,38,-68,2.1006836891174316,-3.7754883766174316,-6.861914157867432
-128,-45,204,3.507519483566284,-0.779980480670929,-6.067578315734863,-95,41,-136,1.191503882408142,-0.02392578125,-6.828418254852295
-144,-38,234,4.4501953125,-5.723046779632568,-6.756640911102295,-117,53,-171,0.69384765625,5.397656440734863,-6.526953220367432
-97,-14,176,8.364453315734863,-16.968164443969727,-5.057910442352295,-198,62,-106,2.521777391433716,15.063672065734863,-4.756445407867432
-46,-5,28,11.063281059265137,-22.84912109375,-4.550683498382568,-94,28,-18,3.407031297683716,20.61445426940918,-2.9859375953674316
-18,-1,-103,9.3310546875,-18.178808212280273,-3.550585985183716,24,-21,118,4.100879192352295,19.111913681030273,-2.3734376430511475
15,0,-162,5.780468940734863,-9.51767635345459,-6.086719036102295,69,-45,194,3.0194337368011475,10.16367244720459,-5.278027534484863
32,-4,-172,3.2969727516174316,-3.287402391433716,-6.718359470367432,69,-28,189,2.4356446266174316,3.4453125,-6.91455078125
6,-13,-128,2.75146484375,2.5409181118011475,-6.909765720367432,36,5,134,2.4452149868011475,-1.8662109375,-7.780664443969727
-55,-15,-34,3.359179735183716,5.072265625,-6.110644817352295,-42,28,56,2.5648438930511475,-5.220605373382568,-7.747168064117432
-97,-21,61,3.7707033157348633,4.636816501617432,-5.340234279632568,-85,42,-43,2.6988282203674316,-5.388085842132568,-7.048535346984863
-113,-30,150,3.46923828125,1.813574194908142,-5.00048828125,-99,50,-126,2.115039110183716,-2.0289063453674316,-5.971875190734863
-135,-40,217,3.670214891433716,-1.823144555091858,-5.52685546875,-125,61,-177,1.009667992591858,2.4930665493011475,-5.828320503234863
-145,-34,230,5.976660251617432,-11.106348037719727,-5.16796875,-185,77,-151,1.60302734375,13.077832221984863,-4.062597751617432
-65,-24,91,11.355175971984863,-24.002344131469727,-3.9525392055511475,-98,55,-56,2.143749952316284,20.762792587280273,-1.559960961341858
-49,-29,-76,11.111132621765137,-20.3369140625,-3.37353515625,38,-2,80,3.8711915016174316,22.50459098815918,-1.033593773841858
-17,-12,-161,7.809375286102295,-11.417383193969727,-5.895312786102295,73,-40,172,3.837695360183716,12.0107421875,-2.8663086891174316
42,3,-182,4.694238185882568,-3.8664064407348633,-7.268652439117432,88,-46,168,3.03857421875,4.105664253234863,-5.187109470367432
45,-1,-152,2.8902344703674316,1.2345703840255737,-6.254199504852295,74,-20,129,2.75146484375,-0.846972644329071,-7.235156536102295
-28,-10,-71,3.0337891578674316,4.828222751617432,-6.00537109375,15,8,67,2.856738328933716,-3.61279296875,-7.723242282867432
-93,-13,27,3.651074171066284,5.105762004852295,-6.05322265625,-64,22,-6,2.856738328933716,-4.579394817352295,-7.617969036102295
-119,-14,129,3.885546922683716,4.081738471984863,-5.531640529632568,-95,28,-90,2.51220703125,-3.100781202316284,-7.005468845367432
-114,-22,210,4.072167873382568,0.15791015326976776,-4.751660346984863,-121,39,-158,1.440332055091858,1.0048828125,-6.689648628234863
-142,-25,246,5.522070407867432,-7.306933879852295,-4.086523532867432,-194,67,-153,1.1580078601837158,10.441210746765137,-5.866601467132568
-73,-19,138,10.321581840515137,-21.4375,-2.282519578933716,-167,60,-73,2.3016602993011475,15.274219512939453,-1.2919921875
-40,-33,-35,11.5322265625,-21.40400505065918,-2.024121046066284,33,4,27,2.191601514816284,23.38984489440918,-1.7705078125
-40,-36,-133,8.603711128234863,-13.173535346984863,-4.01953125,76,-28,159,2.6749024391174316,16.015918731689453,-3.6654298305511475
-9,-22,-162,5.900097846984863,-5.268456935882568,-6.632226467132568,87,-31,187,2.6796875,6.622656345367432,-5.809179782867432
20,-12,-146,4.158300876617432,0.4737304747104645,-6.9384765625,67,-9,163,2.761035203933716,0.775195300579071,-7.4169921875
-10,-5,-79,4.014746189117432,4.923925876617432,-6.6513671875,6,17,110,2.856738328933716,-3.191699266433716,-7.373926162719727
-77,-5,15,4.311425685882568,5.455078125,-5.646484375,-47,29,28,3.052929639816284,-5.7900390625,-7.436132907867432
-94,-16,107,4.459765911102295,3.430957078933716,-4.675097942352295,-69,30,-65,2.9237306118011475,-4.273144721984863,-6.775781154632568
-97,-30,193,3.7802734375,0.9761719107627869,-4.301855564117432,-93,28,-140,1.942773461341858,-0.6986328363418579,-6.794921875
-128,-37,254,3.459667921066284,-4.0673828125,-5.28759765625,-156,47,-172,1.320703148841858,5.397656440734863,-6.680078029632568
-88,-17,199,7.795019626617432,-18.044824600219727,-3.5888671875,-225,66,-105,2.2298829555511475,13.580273628234863,-3.459667921066284
-29,-22,8,11.67578125,-24.241601943969727,-2.885449171066284,-27,17,-30,1.478613257408142,21.42793083190918,-1.7705078125
-55,-25,-122,9.287988662719727,-16.6044921875,-2.095898389816284,89,-27,123,2.6318359375,19.99238395690918,-3.3926758766174316
-19,-11,-170,6.144140720367432,-7.306933879852295,-5.316308498382568,101,-31,205,2.1581056118011475,10.565625190734863,-5.799609661102295
19,-6,-165,4.28271484375,-1.296777367591858,-6.57958984375,58,-14,199,2.1485352516174316,3.4166016578674316,-6.861914157867432
12,-11,-109,3.6845703125,3.7276368141174316,-6.014941692352295,11,2,157,2.2777345180511475,-2.08154296875,-7.431347846984863
-69,-22,-5,4.009961128234863,5.947949409484863,-5.507714748382568,-54,13,84,2.665332078933716,-6.000586032867432,-7.507910251617432
-125,-31,89,4.177441596984863,4.115234375,-5.301953315734863,-76,19,-20,2.928515672683716,-6.479101657867432,-7.177734375
-126,-39,168,3.7994141578674316,1.7322266101837158,-5.589062690734863,-93,22,-110,2.569628953933716,-2.976367235183716,-6.684863567352295
-131,-47,227,3.909472703933716,-1.7130860090255737,-5.7900390625,-125,34,-164,1.4690430164337158,1.488183617591858,-7.378711223602295
-111,-31,227,6.062793254852295,-11.187695503234863,-5.297168254852295,-184,63,-158,2.1246094703674316,10.7666015625,-5.33544921875
-36,-12,84,10.54648494720459,-23.1123046875,-3.6319336891174316,-173,61,-53,2.5648438930511475,19.33203125,-2.36865234375
-46,-24,-82,10.709179878234863,-20.389551162719727,-3.2347657680511475,2,8,56,3.076855421066284,22.4423828125,-0.9666016101837158
-38,-21,-161,7.641894817352295,-11.69970703125,-5.378515720367432,51,-28,166,2.856738328933716,15.657032012939453,-3.483593702316284
25,-6,-180,5.110547065734863,-4.90478515625,-7.369140625,35,-28,198,2.2681641578674316,6.742285251617432,-5.761328220367432
44,-1,-147,3.627148389816284,1.1101562976837158,-6.900195598602295,7,-15,177,2.5648438930511475,0.8134765625,-6.881054878234863
-6,-2,-69,3.622363328933716,5.062695503234863,-5.95751953125,-30,1,118,3.2108399868011475,-4.632031440734863,-7.737597942352295
-68,-12,21,3.94775390625,5.373730659484863,-4.794726848602295,-33,23,21,3.3065431118011475,-5.928808689117432,-7.723242282867432
-99,-29,113,4.249218940734863,4.2587890625,-4.727734565734863,-51,32,-70,2.861523389816284,-4.316211223602295,-6.995898723602295
-122,-44,195,3.694140672683716,0.727343738079071,-5.067480564117432,-56,38,-153,1.7561523914337158,-1.1388672590255737,-6.5078125
-123,-45,240,3.8185548782348633,-3.7467775344848633,-5.474218845367432,-86,51,-206,0.2679687440395355,4.340137004852295,-6.278125286102295
-102,-32,211,6.392968654632568,-14.432031631469727,-4.598535060882568,-158,63,-153,1.071874976158142,14.886621475219727,-3.6319336891174316
-40,-32,57,10.541699409484863,-23.53339958190918,-2.789746046066284,-54,24,-50,1.6413086652755737,22.069141387939453,-1.60302734375
-57,-46,-78,10.35986328125,-19.2841796875,-3.0098633766174316,60,-24,99,2.8519532680511475,22.566797256469727,-3.1055665016174316
-28,-27,-151,7.828516006469727,-10.6708984375,-6.038867473602295,58,-33,200,2.5887696743011475,12.62802791595459,-6.158496379852295
13,-2,-165,5.28759765625,-3.029003858566284,-7.565332412719727,29,-12,208,2.3399415016174316,3.646289110183716,-7.555761814117432
7,5,-125,3.789843797683716,2.545703172683716,-7.182519435882568,-15,13,160,2.167675733566284,-1.9284180402755737,-7.665820598602295
-53,1,-40,3.1390626430511475,4.876074314117432,-5.770898342132568,-46,29,81,2.3160157203674316,-5.16796875,-7.292578220367432
-107,-16,50,3.03857421875,4.40234375,-4.651172161102295,-54,32,-13,2.46435546875,-4.732519626617432,-6.019726753234863
-150,-45,142,2.694042921066284,1.751367211341858,-5.67041015625,-52,21,-100,2.4117188453674316,-2.694042921066284,-5.689550876617432
-140,-66,200,2.928515672683716,-1.335058569908142,-6.498242378234863,-56,20,-173,1.3876953125,1.382910132408142,-7.407422065734863
-138,-56,234,3.957324266433716,-6.469531536102295,-7.943359375,-123,50,-183,1.320703148841858,9.64208984375,-6.804492473602295
-33,-11,155,8.41709041595459,-20.85371208190918,-5.072265625,-135,61,-106,2.32080078125,16.71455192565918,-3.4883790016174316
-7,-16,-7,10.76181697845459,-22.949609756469727,-3.5362305641174316,24,12,10,2.115039110183716,24.193750381469727,-3.813769578933716
-37,-27,-114,8.646777153015137,-15.006250381469727,-2.966796875,62,-16,159,2.545703172683716,17.10693359375,-4.512402534484863
-19,-31,-150,5.584277629852295,-7.043750286102295,-5.196679592132568,58,-18,212,1.813574194908142,7.665820598602295,-6.512597560882568
25,-29,-151,3.51708984375,-1.655664086341858,-7.402637004852295,6,-7,202,1.631738305091858,2.4117188453674316,-6.565234661102295
12,-24,-91,3.005078077316284,3.9525392055511475,-7.924219131469727,-50,5,146,2.08154296875,-3.32568359375,-7.661035537719727
-55,-17,2,3.2251954078674316,4.909570217132568,-6.86669921875,-51,20,44,2.593554735183716,-5.450293064117432,-7.838086128234863
-77,-21,82,3.383105516433716,3.2586915493011475,-5.7421875,-54,24,-43,2.454785108566284,-4.541113376617432,-7.2734375
-119,-35,159,3.100781202316284,1.047949194908142,-6.608300685882568,-41,19,-125,1.741796851158142,-1.89013671875,-6.713574409484863
-139,-33,209,3.6080079078674316,-4.4501953125,-7.220800876617432,-55,14,-184,0.612500011920929,2.8902344703674316,-7.302148342132568
-101,1,188,7.263867378234863,-15.14023494720459,-4.751660346984863,-134,29,-149,1.813574194908142,13.987011909484863,-6.05322265625
-18,1,36,11.044140815734863,-24.078907012939453,-2.832812547683716,-83,13,-39,2.3734376430511475,21.016407012939453,-5.105762004852295
-42,-18,-93,9.268847465515137,-18.17402458190918,-2.7466797828674316,34,-19,111,2.8758790493011475,21.52363395690918,-4.957421779632568
-32,-14,-162,6.263769626617432,-10.45556640625,-5.220605373382568,48,-30,217,1.5168945789337158,11.642285346984863,-6.857129096984863
-4,-11,-179,3.8185548782348633,-3.4453125,-7.005468845367432,19,-16,226,0.9283203482627869,4.158300876617432,-7.694531440734863
20,-18,-150,2.7227540016174316,2.7227540016174316,-7.283008098602295,-32,3,184,1.167578101158142,-1.8853516578674316,-8.259180068969727
-44,-18,-52,3.0672852993011475,7.120312690734863,-7.187304973602295,-50,22,92,1.8327149152755737,-6.254199504852295,-8.598925590515137
-92,-19,56,3.2251954078674316,5.660840034484863,-6.134570598602295,-65,37,-7,2.354296922683716,-6.05322265625,-7.531836032867432
-89,-36,143,2.9476563930511475,2.598339796066284,-5.646484375,-78,39,-95,2.3399415016174316,-3.7611329555511475,-5.986230373382568
-128,-52,207,2.4404296875,-0.8326172232627869,-6.804492473602295,-83,39,-167,1.02880859375,0.10527344048023224,-6.69921875
-146,-38,233,4.220508098602295,-7.220800876617432,-6.799706935882568,-126,65,-196,0.48808595538139343,7.421777725219727,-6.598730564117432
-64,-9,147,10.493847846984863,-22.279687881469727,-4.220508098602295,-134,65,-119,1.9140625,17.9443359375,-3.7132813930511475
0,-20,-29,11.86240291595459,-23.18408203125,-3.430957078933716,9,12,15,3.095996141433716,24.22724723815918,-2.689257860183716
-38,-28,-122,8.60849666595459,-13.65683650970459,-4.923925876617432,56,-32,159,2.885449171066284,16.77197265625,-4.469336032867432
24,-12,-156,5.278027534484863,-6.110644817352295,-7.278222560882568,45,-36,202,1.693945288658142,7.541406631469727,-6.474316596984863
57,-6,-132,3.316113233566284,1.1580078601837158,-8.3740234375,15,-12,169,1.5216797590255737,0.607714831829071,-7.857226848602295
-12,0,-50,3.052929639816284,5.029199123382568,-7.378711223602295,-31,13,102,1.8518555164337158,-3.670214891433716,-8.517578125
-79,-5,27,3.215625047683716,4.80908203125,-6.225488185882568,-66,29,23,2.17724609375,-5.225390911102295,-7.790234565734863
-131,-22,110,3.287402391433716,3.268261671066284,-6.369042873382568,-57,30,-66,2.32080078125,-4.407128810882568,-6.909765720367432
-151,-34,178,3.191699266433716,-0.41630861163139343,-6.431250095367432,-42,31,-150,1.55517578125,-1.02880859375,-7.182519435882568
-164,-29,228,4.124804973602295,-4.646386623382568,-6.297265529632568,-82,47,-194,0.4976562559604645,5.158398628234863,-7.589258193969727
-141,-8,204,7.244726657867432,-17.977832794189453,-3.8903322219848633,-185,66,-121,1.6891602277755737,16.374805450439453,-4.42626953125
-25,-9,30,10.130175590515137,-25.126855850219727,-3.80419921875,-57,27,-8,1.7130860090255737,21.671972274780273,-1.8662109375
-40,-25,-100,8.000781059265137,-17.41796875,-5.010058879852295,54,-27,134,1.9475586414337158,20.94941520690918,-3.574511766433716
5,-10,-158,5.890527248382568,-9.244921684265137,-7.426562786102295,39,-42,220,0.9283203482627869,11.044140815734863,-5.823535442352295
67,-2,-167,4.053027629852295,-2.4117188453674316,-7.699316501617432,2,-33,212,0.727343738079071,3.579296827316284,-6.809277534484863
51,-7,-125,3.005078077316284,2.832812547683716,-6.660937786102295,-43,-19,162,1.789648413658142,-2.60791015625,-8.096484184265137
-18,-18,-36,3.0098633766174316,5.608203411102295,-5.641699314117432,-48,0,70,2.4356446266174316,-6.14892578125,-8.641992568969727
-88,-31,64,3.3065431118011475,4.689453125,-5.4072265625,-64,17,-20,2.1724610328674316,-4.85693359375,-8.1826171875
-144,-43,154,3.3687500953674316,1.8853516578674316,-6.81884765625,-72,29,-91,1.6125977039337158,-1.89013671875,-7.857226848602295
-181,-45,220,3.191699266433716,-1.990625023841858,-7.646679878234863,-70,49,-153,0.6651367545127869,1.751367211341858,-8.316601753234863
-150,-16,247,3.732421875,-7.957715034484863,-7.187304973602295,-82,89,-192,-0.18183593451976776,7.15380859375,-7.742383003234863
-62,10,179,7.589258193969727,-20.116796493530273,-3.1869142055511475,-168,96,-112,1.990625023841858,17.939550399780273,-3.215625047683716
-35,-11,22,9.455469131469727,-24.37080192565918,-3.1294922828674316,-43,22,3,2.880664110183716,21.71504020690918,0.3062500059604645
-19,-25,-114,7.756738662719727,-17.331836700439453,-4.794726848602295,49,-48,138,2.789746046066284,18.671680450439453,-1.6604492664337158
26,-14,-171,4.751660346984863,-8.618066787719727,-7.306933879852295,59,-66,201,1.813574194908142,9.6181640625,-5.727832317352295
62,-11,-170,2.9620118141174316,-2.6509766578674316,-6.924121379852295,13,-42,200,1.105371117591858,3.5458009243011475,-7.718457221984863
30,-22,-122,2.646191358566284,2.4452149868011475,-6.220703125,-46,-11,156,1.1005859375,-1.8853516578674316,-8.618066787719727
-44,-27,-35,3.2012696266174316,4.80908203125,-6.129785060882568,-55,14,64,1.53125,-4.90478515625,-8.73291015625
-82,-25,62,3.718066453933716,3.923828125,-5.794824123382568,-55,33,-29,1.7370117902755737,-4.206152439117432,-7.948144912719727
-124,-30,152,3.5697267055511475,1.813574194908142,-6.7470703125,-48,45,-113,1.3494141101837158,-2.1581056118011475,-7.77587890625
-176,-37,221,2.9955079555511475,-2.5887696743011475,-7.369140625,-58,62,-172,0.3780273497104645,2.574414014816284,-8.460156440734863
-151,-13,226,5.368945598602295,-14.66650390625,-4.435840129852295,-127,94,-156,1.464257836341858,12.62802791595459,-5.919238567352295
-39,-23,77,10.49863338470459,-26.586328506469727,-3.0337891578674316,-72,52,-54,2.856738328933716,20.8154296875,-2.0289063453674316
-34,-39,-79,9.728222846984863,-20.681446075439453,-2.9476563930511475,54,-12,90,3.4979493618011475,21.839452743530273,-1.741796851158142
28,-19,-165,6.378613471984863,-10.814453125,-6.900195598602295,51,-43,199,2.22509765625,12.254785537719727,-5.057910442352295
55,0,-175,3.6797852516174316,-2.282519578933716,-8.11083984375,25,-36,199,1.5408203601837158,4.483691692352295,-7.244726657867432
16,0,-127,2.617480516433716,2.60791015625,-6.986328125,-35,-12,158,1.5168945789337158,-0.8804687857627869,-8.216113090515137
-50,-11,-43,2.5313477516174316,4.85693359375,-5.746972560882568,-58,10,72,1.966699242591858,-5.105762004852295,-8.63720703125
-98,-28,56,2.8280274868011475,4.512402534484863,-5.014843940734863,-64,25,-19,1.9332032203674316,-4.76123046875,-7.890722751617432
-132,-48,155,2.79931640625,2.08154296875,-5.493359565734863,-58,31,-103,1.33984375,-2.784960985183716,-7.24951171875
-157,-58,220,3.076855421066284,-2.08154296875,-6.57958984375,-53,37,-171,0.32060548663139343,1.1149414777755737,-7.4169921875
-144,-38,238,5.148828029632568,-10.249804496765137,-6.440820217132568,-122,65,-181,0.540722668170929,10.206738471984863,-6.550879001617432
-56,-6,122,9.608593940734863,-23.164941787719727,-3.8759765625,-187,72,-81,2.497851610183716,17.93476676940918,-3.3974609375
-34,-18,-54,10.589550971984863,-23.31806755065918,-3.4500977993011475,8,16,24,2.957226514816284,23.131444931030273,-1.454687476158142
-29,-20,-152,7.369140625,-14.580370903015137,-5.55078125,76,-30,160,2.5074219703674316,17.327051162719727,-3.9716796875
30,-7,-187,4.445410251617432,-6.861914157867432,-7.34521484375,77,-34,207,1.3302735090255737,7.948144912719727,-6.325976848602295
52,-5,-169,2.813671827316284,-0.655566394329071,-7.254296779632568,16,-16,200,0.7704101800918579,2.2681641578674316,-7.077246189117432
10,-9,-98,2.6270508766174316,4.301855564117432,-6.383398532867432,-49,1,146,1.1005859375,-3.9429688453674316,-7.986425876617432
-63,-17,2,2.8758790493011475,5.794824123382568,-5.727832317352295,-53,19,37,1.4833984375,-6.560449123382568,-8.63242244720459
-96,-34,100,3.191699266433716,4.28271484375,-5.081836223602295,-61,29,-61,1.5408203601837158,-4.507617473602295,-7.670605659484863
-136,-47,185,2.8758790493011475,1.263281226158142,-6.656152248382568,-62,36,-138,1.1005859375,-1.5456055402755737,-7.369140625
-145,-38,238,3.37353515625,-3.2491211891174316,-6.991113185882568,-84,53,-191,0.11484375596046448,2.952441453933716,-7.981640815734863
-148,-7,245,5.732617378234863,-13.13046932220459,-6.493457317352295,-169,85,-159,0.9666016101837158,13.94873046875,-5.292382717132568
-39,8,94,10.780957221984863,-26.59589958190918,-3.1869142055511475,-99,53,-44,2.4404296875,21.002050399780273,-1.6413086652755737
-28,-15,-79,9.92441463470459,-21.088184356689453,-2.41650390625,49,-13,96,3.2108399868011475,22.758203506469727,-1.9236328601837158
0,-16,-166,6.57958984375,-12.264355659484863,-5.086621284484863,44,-39,205,1.765722632408142,13.283594131469727,-5.029199123382568
66,-13,-188,3.574511766433716,-4.52197265625,-7.10595703125,10,-28,211,1.1627930402755737,5.713476657867432,-6.924121379852295
53,-21,-144,2.354296922683716,1.3541992902755737,-6.742285251617432,-55,-10,189,1.272851586341858,0.2823242247104645,-7.771093845367432
-12,-28,-55,2.4930665493011475,4.23486328125,-6.354687690734863,-66,1,120,1.7848633527755737,-4.95263671875,-8.35009765625
-77,-31,40,2.7562501430511475,4.670312404632568,-6.38818359375,-33,17,17,1.8853516578674316,-5.90966796875,-8.263964653015137
-140,-31,133,3.1869142055511475,2.665332078933716,-7.340429782867432,-23,29,-80,1.8566406965255737,-4.115234375,-7.6083984375
-168,-26,198,3.483593702316284,-0.669921875,-7.708887100219727,-23,36,-169,1.1819336414337158,-0.7608398795127869,-7.751953125
-171,-5,241,4.340137004852295,-5.182324409484863,-7.019824504852295,-85,65,-215,0.11484375596046448,5.14404296875,-8.096484184265137
-104,21,217,7.144238471984863,-19.303319931030273,-2.03369140625,-199,91,-149,1.6652344465255737,17.53759765625,-4.191796779632568
