-10,-1,15,-7.77587890625,-3.670214891433716,3.502734422683716,3,2,-10,-6.91455078125,1.3733398914337158,6.617871284484863
-10,-1,15,-7.804590225219727,-3.6558594703674316,3.4740235805511475,3,2,-11,-6.919335842132568,1.3302735090255737,6.574804782867432
-9,0,15,-7.804590225219727,-3.6845703125,3.5362305641174316,3,3,-11,-6.986328125,1.368554711341858,6.656152248382568
-10,-1,15,-7.747168064117432,-3.7132813930511475,3.550585985183716,4,3,-11,-6.91455078125,1.36376953125,6.670507907867432
-10,-1,16,-7.814160346984863,-3.741992235183716,3.526660203933716,4,2,-10,-6.890625,1.3541992902755737,6.637012004852295
-9,0,15,-7.785449504852295,-3.813769578933716,3.4931640625,4,3,-11,-6.909765720367432,1.311132788658142,6.617871284484863
-11,-1,14,-7.790234565734863,-3.718066453933716,3.541015625,5,2,-11,-6.924121379852295,1.36376953125,6.589160442352295
-21,-7,16,-7.795019626617432,-3.363964796066284,4.033886909484863,4,3,-11,-6.91455078125,1.36376953125,6.526953220367432
-57,-30,19,-7.814160346984863,-3.000293016433716,5.67041015625,15,0,-18,-6.976758003234863,0.5933594107627869,7.445703506469727
-136,-68,16,-8.0390625,-4.072167873382568,6.904980659484863,76,-25,-35,-7.144238471984863,0.995312511920929,10.087109565734863
-240,-103,-19,-8.168261528015137,-7.44091796875,7.65625,170,-88,-37,-7.077246189117432,2.1724610328674316,12.398340225219727
-221,-115,-104,-7.732812881469727,-11.852831840515137,6.6513671875,246,-165,-3,-7.522265911102295,6.526953220367432,14.312402725219727
-203,-101,-174,-7.455273628234863,-12.345703125,5.1201171875,265,-234,62,-7.737597942352295,8.474512100219727,13.221386909484863
-236,-48,-231,-7.172949314117432,-14.910547256469727,1.081445336341858,315,-235,128,-6.637012004852295,9.83349609375,8.670702934265137
-191,23,-277,-5.684765815734863,-12.22128963470459,-3.5601563453674316,335,-162,172,-4.708593845367432,8.8525390625,1.000097632408142
-175,90,-266,-3.3974609375,-6.431250095367432,-7.05810546875,213,-32,204,-3.4022462368011475,7.287793159484863,-5.675195217132568
-200,152,-179,-1.8327149152755737,0.799121081829071,-8.517578125,99,100,182,-2.2777345180511475,3.6558594703674316,-8.914746284484863
-179,184,-29,-2.359081983566284,4.799511909484863,-6.402539253234863,70,231,85,-3.029003858566284,0.18662109971046448,-7.426562786102295
-153,172,145,-4.000390529632568,4.18701171875,-2.46435546875,35,329,-29,-5.412011623382568,-1.201074242591858,-2.6366212368011475
-150,121,284,-5.522070407867432,-3.5888671875,0.2679687440395355,29,362,-147,-7.316504001617432,1.052734375,2.6749024391174316
-24,52,198,-2.3447265625,-25.658008575439453,4.230078220367432,-14,274,-135,-7.866796970367432,13.331445693969727,17.843847274780273
-19,-27,-9,4.182226657867432,-31.687305450439453,1.8279297351837158,10,40,-19,-3.837695360183716,19.60957145690918,28.505176544189453
6,-61,-175,4.167870998382568,-21.1982421875,-2.378222703933716,82,-173,93,-1.33984375,18.97314453125,20.346485137939453
66,-59,-252,2.7945313453674316,-10.321581840515137,-5.421582221984863,70,-290,180,-3.4740235805511475,12.65673828125,7.84765625
75,-56,-239,1.6748046875,-1.583886742591858,-6.48388671875,55,-297,190,-3.25390625,6.038867473602295,-1.818359375
34,-40,-167,2.27294921875,4.033886909484863,-8.9482421875,0,-207,149,-0.35888671875,1.095800757408142,-9.92441463470459
-15,3,-53,3.340039014816284,7.531836032867432,-9.5703125,12,-27,49,2.048046827316284,-2.167675733566284,-15.661816596984863
-64,47,96,3.220410108566284,7.268652439117432,-7.986425876617432,-30,141,-50,1.1005859375,-1.2584961652755737,-11.98681640625
-117,66,233,0.6412109732627869,2.9237306118011475,-6.373828411102295,-39,255,-136,-1.3302735090255737,0.12441406399011612,-5.33544921875
-160,50,332,-2.4356446266174316,-3.5458009243011475,-4.59375,-12,324,-219,-4.134375095367432,2.569628953933716,-0.03828125074505806
-72,5,272,0.7225586175918579,-23.595605850219727,-1.0431641340255737,-55,245,-215,-4.268359661102295,15.800586700439453,15.441699981689453
-13,-43,53,4.335351467132568,-31.14179801940918,-0.4737304747104645,10,42,-81,-2.6605470180511475,22.638574600219727,25.126855850219727
10,-72,-135,3.957324266433716,-22.57636833190918,-1.8757812976837158,79,-136,70,-0.4593750238418579,20.92548942565918,17.939550399780273
85,-76,-225,2.617480516433716,-10.709179878234863,-4.445410251617432,74,-248,163,-1.9810547828674316,12.790722846984863,7.948144912719727
87,-78,-218,2.378222703933716,-2.84716796875,-8.44580078125,86,-267,173,-1.9762696027755737,6.608300685882568,0.5455078482627869
27,-46,-161,2.885449171066284,1.3972656726837158,-10.465136528015137,47,-204,138,0.6220703125,1.7848633527755737,-6.072363376617432
-14,16,-66,3.94775390625,6.330761909484863,-10.871874809265137,23,-76,64,2.928515672683716,-1.6604492664337158,-13.302734375
-94,89,90,3.7754883766174316,8.125195503234863,-8.862109184265137,-16,89,-28,2.6031250953674316,-1.7322266101837158,-14.51816463470459
-141,107,256,1.311132788658142,6.632226467132568,-6.201562404632568,-31,260,-138,-0.775195300579071,-0.9857422113418579,-9.800000190734863
-185,85,374,-5.0244140625,-3.2251954078674316,-5.474218845367432,-37,365,-239,-6.751855373382568,1.464257836341858,-1.105371117591858
-53,40,275,-2.7945313453674316,-26.48583984375,-0.1435546875,-115,290,-202,-6.971972942352295,15.154590606689453,16.04463005065918
18,-43,16,2.03369140625,-33.754493713378906,1.8087891340255737,14,62,-76,-3.765918016433716,20.90156364440918,28.72529411315918
14,-120,-177,1.4499024152755737,-22.016504287719727,-1.119726538658142,113,-155,53,-0.851757824420929,19.791406631469727,19.614355087280273
70,-130,-267,-0.04306640848517418,-10.891016006469727,-4.694238185882568,78,-279,163,-2.885449171066284,12.259570121765137,7.866796970367432
116,-111,-255,0.7608398795127869,-2.832812547683716,-8.287890434265137,51,-301,199,-3.627148389816284,7.08203125,-0.12441406399011612
71,-66,-179,2.8519532680511475,2.976367235183716,-11.704492568969727,44,-259,156,-1.095800757408142,2.10546875,-6.330761909484863
0,2,-61,4.368847846984863,7.05810546875,-12.72373104095459,46,-122,68,2.282519578933716,-1.3876953125,-13.44150447845459
-84,74,84,4.364062786102295,8.120409965515137,-10.245019912719727,-2,69,-34,3.08642578125,-2.239453077316284,-15.609180450439453
-144,105,228,1.789648413658142,4.368847846984863,-7.168164253234863,-41,228,-130,0.3397460877895355,-0.478515625,-10.316797256469727
-159,112,334,-2.717968702316284,-2.737109422683716,-5.876172065734863,-54,321,-207,-3.435742139816284,2.1246094703674316,-3.4405274391174316
-43,84,305,-2.87109375,-18.3271484375,-1.0048828125,-70,308,-223,-5.421582221984863,11.98681640625,10.369433403015137
9,21,109,0.03349609300494194,-30.821191787719727,4.100879192352295,-47,109,-105,-2.75146484375,20.42304801940918,23.729589462280273
-14,-70,-100,1.717871069908142,-25.514453887939453,2.186816453933716,99,-105,19,-0.45458984375,20.001953125,19.887109756469727
45,-101,-221,1.3494141101837158,-13.46543025970459,-1.741796851158142,93,-234,134,-1.5886719226837158,13.5419921875,9.393261909484863
110,-111,-239,1.9092774391174316,-4.287499904632568,-5.995800971984863,74,-268,170,-1.5456055402755737,7.603613376617432,0.3828125
63,-87,-164,3.8185548782348633,3.316113233566284,-11.115918159484863,34,-202,131,1.45947265625,2.9859375953674316,-7.397851943969727
-10,-10,-41,4.727734565734863,6.278125286102295,-12.14951229095459,8,-67,60,3.6080079078674316,-0.30146485567092896,-13.80039119720459
-68,65,93,4.5458984375,6.785351753234863,-9.670801162719727,-14,92,-24,3.2060546875,-0.4306640625,-13.594629287719727
-143,102,226,1.818359375,2.32080078125,-7.436132907867432,-34,227,-110,0.4306640625,0.4258789122104645,-8.651562690734863
-139,121,307,-1.9523438215255737,-6.383398532867432,-5.187109470367432,-78,307,-159,-2.8423829078674316,4.0673828125,-1.7848633527755737
-26,84,235,-0.25361329317092896,-21.35615348815918,1.631738305091858,-99,286,-145,-4.143945217132568,12.41748046875,12.403124809265137
2,-12,40,2.210742235183716,-28.43818473815918,4.029101848602295,-14,92,-60,-1.3972656726837158,17.140430450439453,25.5048828125
7,-89,-131,2.1485352516174316,-21.22216796875,1.3015625476837158,71,-114,28,0.703417956829071,16.159473419189453,19.5234375
88,-113,-228,1.679589867591858,-12.26914119720459,-2.6605470180511475,80,-245,107,-1.1627930402755737,12.446191787719727,10.005762100219727
127,-126,-232,2.1006836891174316,-4.622460842132568,-6.565234661102295,66,-284,142,-1.4690430164337158,8.30224609375,1.244140625
71,-111,-168,3.430957078933716,1.655664086341858,-10.039258003234863,42,-236,122,0.870898425579071,4.038671970367432,-5.785254001617432
-15,-29,-56,5.196679592132568,7.115527629852295,-13.03476619720459,23,-108,69,3.18212890625,-0.46416017413139343,-14.479883193969727
-92,74,93,4.478906154632568,7.546191692352295,-11.374316215515137,6,76,-23,3.526660203933716,-1.1484375,-15.393848419189453
-158,124,236,1.6413086652755737,3.3926758766174316,-7.665820598602295,-14,227,-118,0.8661133050918579,0.15312500298023224,-8.79990291595459
-174,126,326,-2.933300733566284,-6.058007717132568,-5.196679592132568,-33,307,-181,-2.933300733566284,4.895215034484863,-0.540722668170929
-33,76,234,-0.18183593451976776,-23.31806755065918,1.84228515625,-69,260,-153,-2.1724610328674316,13.27880859375,12.89599609375
-6,-10,31,3.8089845180511475,-27.950098037719727,3.2586915493011475,-15,68,-54,-0.01435546949505806,18.298437118530273,23.04052734375
-6,-74,-146,3.158203125,-21.35615348815918,0.14833985269069672,76,-132,42,0.9043945670127869,17.29833984375,17.44189453125
91,-90,-248,2.234668016433716,-11.618359565734863,-3.526660203933716,98,-249,138,-0.894824206829071,13.63291072845459,7.943359375
115,-103,-244,2.4930665493011475,-3.18212890625,-6.392968654632568,61,-275,194,-0.10048828274011612,7.957715034484863,-0.11005859822034836
68,-79,-169,4.0673828125,4.655957221984863,-10.125391006469727,5,-222,172,2.354296922683716,0.24882812798023224,-9.03916072845459
3,2,-47,4.699023723602295,8.235254287719727,-12.02988338470459,12,-66,68,3.8903322219848633,-3.646289110183716,-16.432226181030273
-86,81,113,3.7372071743011475,7.795019626617432,-9.608593940734863,-1,129,-66,2.717968702316284,-3.4979493618011475,-15.202442169189453
-156,118,246,0.88525390625,1.1484375,-7.426562786102295,-24,274,-173,-1.1484375,0.4833008050918579,-7.84765625
-158,120,303,0.25361329317092896,-10.11582088470459,-2.406933546066284,-52,339,-205,-4.541113376617432,7.359570503234863,1.512109398841858
-40,73,198,3.9286134243011475,-22.380176544189453,2.6031250953674316,-50,267,-136,-1.8662109375,16.078125,14.455957412719727
16,-10,12,5.636914253234863,-24.361230850219727,5.282812595367432,20,51,-11,2.473925828933716,19.791406631469727,22.963964462280273
27,-74,-136,4.344922065734863,-18.585546493530273,0.995312511920929,65,-158,97,1.8375000953674316,15.73837947845459,17.374902725219727
89,-96,-221,3.3783204555511475,-10.938867568969727,-3.46923828125,50,-284,167,-1.047949194908142,10.158886909484863,7.77587890625
94,-113,-211,3.311328172683716,-1.4499024152755737,-6.718359470367432,30,-288,151,0.0,4.23486328125,-2.5074219703674316
35,-84,-117,4.847363471984863,6.756640911102295,-9.68515682220459,-5,-172,92,3.124706983566284,-0.3158203065395355,-12.79550838470459
-34,8,36,5.38330078125,9.273633003234863,-11.1494140625,-8,27,-6,3.85205078125,-2.4212892055511475,-16.11640739440918
-88,82,181,3.789843797683716,5.775683879852295,-8.65634822845459,-38,197,-102,1.6173828840255737,-1.631738305091858,-10.55126953125
-146,109,282,0.751269519329071,-1.813574194908142,-6.043652534484863,-39,294,-173,-1.693945288658142,2.0863282680511475,-3.407031297683716
-89,93,285,0.7464843988418579,-12.56103515625,-1.2919921875,-34,295,-190,-1.72265625,9.680371284484863,5.723046779632568
-3,47,161,3.0337891578674316,-23.289356231689453,3.1294922828674316,-29,188,-113,-0.03828125074505806,17.41796875,17.446680068969727
0,-31,-9,4.13916015625,-24.08369255065918,2.976367235183716,38,-21,1,1.8662109375,18.67646598815918,21.384862899780273
15,-76,-142,3.383105516433716,-16.949024200439453,-0.6029297113418579,70,-194,98,0.6986328363418579,14.652148246765137,14.642578125
65,-86,-205,3.1103515625,-8.665918350219727,-2.94287109375,75,-277,152,-0.98095703125,8.933886528015137,5.115332126617432
72,-91,-180,3.9860353469848633,-0.607714831829071,-5.565136909484863,39,-268,148,0.17226563394069672,3.7946290969848633,-3.502734422683716
30,-68,-92,5.077050685882568,4.6416015625,-8.06298828125,15,-147,80,3.3017578125,-0.08134765923023224,-12.74765682220459
-44,0,43,5.402441501617432,7.149023532867432,-9.488965034484863,3,56,-25,4.009961128234863,-1.966699242591858,-15.513477325439453
-83,61,168,3.7850587368011475,3.478808641433716,-8.450586318969727,-43,211,-113,1.559960961341858,-0.846972644329071,-9.220995903015137
-126,94,253,1.53125,-2.909374952316284,-6.517383098602295,-36,295,-187,-1.6365234851837158,3.4261720180511475,-1.335058569908142
-65,92,235,2.2442383766174316,-14.790918350219727,-1.177148461341858,-68,282,-166,-1.98583984375,11.924609184265137,8.498437881469727
4,52,105,5.043554782867432,-24.126758575439453,1.5934571027755737,-36,141,-72,0.5550781488418579,18.375,19.710058212280273
6,-8,-51,6.029296875,-21.38007926940918,1.990625023841858,37,-67,34,2.670117139816284,17.350976943969727,19.891895294189453
39,-32,-158,5.163183689117432,-14.623437881469727,-1.45947265625,68,-221,115,1.2058594226837158,13.15439510345459,11.737988471984863
78,-55,-204,3.8233399391174316,-7.483984470367432,-3.1294922828674316,75,-274,152,0.3780273497104645,7.857226848602295,2.6270508766174316
47,-71,-175,3.603222608566284,0.32060548663139343,-4.675097942352295,44,-225,136,1.607812523841858,2.7562501430511475,-6.081933498382568
0,-35,-69,4.708593845367432,6.670507907867432,-7.005468845367432,15,-62,64,3.0625,-0.923535168170929,-12.666308403015137
-28,29,84,4.483691692352295,7.187304973602295,-7.503125190734863,-22,116,-40,2.856738328933716,-2.17724609375,-11.063281059265137
-59,74,219,2.019335985183716,1.990625023841858,-5.560351848602295,-40,232,-138,0.5550781488418579,-0.5694336295127869,-5.852246284484863
-77,74,278,1.3254883289337158,-8.316601753234863,-2.27294921875,-40,287,-201,-2.0576171875,6.144140720367432,1.2058594226837158
-52,52,204,3.8759765625,-20.475683212280273,0.899609386920929,-60,231,-156,-0.8565430045127869,14.18320369720459,12.474902153015137
-17,0,23,5.9814453125,-24.72968864440918,2.8902344703674316,0,53,-49,2.569628953933716,19.44209098815918,20.97334098815918
-8,-57,-118,4.6416015625,-16.67626953125,0.7608398795127869,66,-137,49,3.03857421875,15.76708984375,17.15478515625
14,-87,-190,3.292187452316284,-9.35019588470459,-1.435546875,86,-263,120,0.2823242247104645,9.73300838470459,8.316601753234863
61,-103,-189,3.7132813930511475,-3.32568359375,-3.5936524868011475,82,-287,133,-0.37324219942092896,5.545996189117432,-0.08134765923023224
47,-96,-119,5.029199123382568,2.0384767055511475,-6.593945503234863,42,-199,85,2.258593797683716,0.779980480670929,-10.90537166595459
-18,-28,9,5.799609661102295,7.053320407867432,-9.890917778015137,-3,18,-8,3.459667921066284,-1.4211914539337158,-16.264745712280273
-54,59,155,3.828125,4.804296970367432,-9.23056697845459,-56,224,-106,0.6412109732627869,-0.6986328363418579,-10.47470760345459
-81,97,271,0.21054688096046448,-0.34453126788139343,-5.608203411102295,-58,317,-170,-2.2681641578674316,3.9764649868011475,-1.024023413658142
-71,68,276,-0.11962890625,-15.566113471984863,-0.2823242247104645,-53,264,-147,-1.435546875,13.8291015625,12.19736385345459
-11,12,118,3.7132813930511475,-25.08857536315918,2.08154296875,-5,65,-43,1.5934571027755737,17.81513786315918,21.059473037719727
-12,-43,-56,5.388085842132568,-21.710254669189453,0.21054688096046448,63,-128,35,2.201171875,14.95361328125,15.800586700439453
34,-59,-172,3.8185548782348633,-14.274121284484863,-2.861523389816284,61,-247,103,0.45458984375,10.824023246765137,7.263867378234863
76,-74,-212,2.909374952316284,-6.383398532867432,-4.78515625,75,-265,116,0.34931641817092896,7.244726657867432,-0.679492175579071
53,-75,-161,3.89990234375,1.4690430164337158,-6.522168159484863,48,-191,87,2.3638672828674316,3.3974609375,-7.833301067352295
-4,-24,-36,5.632129192352295,7.091601848602295,-8.94345760345459,12,-37,21,4.263574123382568,0.41630861163139343,-13.044336318969727
-44,44,113,4.775586128234863,5.23974609375,-8.503222465515137,-38,127,-58,3.541015625,0.48808595538139343,-11.297754287719727
-80,87,243,0.9426758289337158,1.009667992591858,-5.924023628234863,-50,252,-138,0.14833985269069672,1.7705078125,-5.794824123382568
-83,102,312,-3.076855421066284,-9.201855659484863,-2.737109422683716,-77,304,-173,-3.0194337368011475,6.392968654632568,2.119824171066284
18,65,199,0.8182617425918579,-22.413671493530273,1.74658203125,-79,219,-123,-2.071972608566284,14.32675838470459,13.99179744720459
-6,-25,10,4.124804973602295,-25.251270294189453,3.4979493618011475,16,31,-39,1.239355444908142,17.279199600219727,20.011524200439453
-1,-87,-144,3.263476610183716,-17.733789443969727,0.4498046934604645,76,-137,53,1.9762696027755737,16.169042587280273,14.728711128234863
29,-99,-217,2.36865234375,-10.532129287719727,-2.7323243618011475,77,-242,127,0.22968751192092896,11.50830078125,7.211230754852295
46,-97,-217,2.56005859375,-4.42626953125,-5.76611328125,71,-262,142,0.0,7.062890529632568,0.3349609375
17,-72,-152,3.6989259719848633,0.861328125,-7.39306640625,40,-193,107,2.3399415016174316,3.220410108566284,-6.632226467132568
-16,-14,-44,5.636914253234863,5.809179782867432,-8.737695693969727,11,-52,40,3.981250047683716,0.18183593451976776,-12.99169921875
-53,49,104,4.861718654632568,5.991015911102295,-7.594043254852295,-33,107,-45,3.3017578125,0.009570312686264515,-11.441308975219727
-89,85,240,0.9187500476837158,1.1149414777755737,-5.823535442352295,-42,234,-130,0.4115234315395355,1.4738281965255737,-6.038867473602295
-77,96,294,-0.55029296875,-9.393261909484863,-3.2060546875,-64,295,-172,-2.2538087368011475,5.947949409484863,1.2776367664337158
8,72,186,2.8902344703674316,-21.70068359375,1.17236328125,-85,225,-126,-1.0383789539337158,13.982226371765137,13.125683784484863
-17,-1,11,5.230175971984863,-24.6435546875,3.6319336891174316,8,37,-34,1.4690430164337158,17.590234756469727,21.131250381469727
0,-68,-134,3.8185548782348633,-17.365331649780273,0.995312511920929,84,-146,57,1.9714844226837158,15.446484565734863,15.2646484375
35,-93,-198,3.0337891578674316,-10.412500381469727,-2.5791993141174316,98,-251,119,0.3158203065395355,10.59433650970459,7.067676067352295
63,-96,-196,2.9189453125,-3.9046876430511475,-5.684765815734863,82,-260,135,0.564648449420929,6.225488185882568,-0.4833008050918579
38,-68,-132,4.2587890625,2.2059571743011475,-7.737597942352295,32,-184,107,2.574414014816284,2.071972608566284,-8.49365234375
-7,-6,-20,5.727832317352295,7.091601848602295,-9.21142578125,3,-31,30,3.61279296875,-0.10527344048023224,-14.006152153015137
-65,53,132,4.421484470367432,6.249413967132568,-7.995996475219727,-22,124,-61,2.8041017055511475,0.31103515625,-11.47959041595459
-112,83,254,0.9378906488418579,-0.512011706829071,-6.479101657867432,-30,232,-141,0.775195300579071,2.095898389816284,-5.555566310882568
-92,87,286,0.17705078423023224,-11.55136775970459,-3.287402391433716,-56,272,-179,-1.071874976158142,7.742383003234863,1.598242163658142
-8,69,184,2.5887696743011475,-20.939844131469727,0.34931641817092896,-95,213,-120,-0.923535168170929,14.54209041595459,11.771484375
-1,20,18,3.9908204078674316,-23.00703239440918,2.84716796875,-7,37,-34,1.631738305091858,16.748046875,18.92529296875
7,-39,-109,3.4261720180511475,-16.121191024780273,0.31103515625,65,-133,39,2.091113328933716,14.776562690734863,14.23583984375
18,-69,-169,3.311328172683716,-10.508203506469727,-2.2777345180511475,75,-235,103,0.57421875,11.09677791595459,6.311621189117432
47,-83,-181,3.407031297683716,-5.651269435882568,-4.507617473602295,67,-243,118,1.1101562976837158,6.847558498382568,-1.751367211341858
26,-76,-134,4.220508098602295,-0.1435546875,-6.081933498382568,28,-164,89,3.1103515625,3.1151368618011475,-8.326171875
-23,-35,-40,5.780468940734863,5.129687786102295,-8.412304878234863,6,-21,20,4.459765911102295,0.64599609375,-12.742871284484863
-51,28,98,4.813867092132568,4.923925876617432,-8.402734756469727,-35,127,-60,3.430957078933716,1.071874976158142,-10.278515815734863
-68,75,214,2.574414014816284,0.10048828274011612,-7.263867378234863,-52,239,-128,0.535937488079071,3.2012696266174316,-4.703808784484863
-69,97,243,1.6365234851837158,-10.469922065734863,-3.8568360805511475,-84,282,-139,-1.526464819908142,7.814160346984863,2.70361328125
-5,84,157,4.23486328125,-18.408496856689453,-0.34931641817092896,-71,222,-99,-0.636425793170929,13.163965225219727,13.27402400970459
3,29,24,5.8857421875,-19.87275505065918,2.6749024391174316,-10,43,-18,1.9332032203674316,15.389062881469727,19.016210556030273
1,-29,-76,5.52685546875,-15.030176162719727,0.947460949420929,62,-122,41,2.0384767055511475,13.3505859375,14.575586318969727
26,-66,-136,4.359277248382568,-11.154199600219727,-1.1580078601837158,73,-226,88,0.49287110567092896,10.28330135345459,8.216113090515137
50,-96,-167,3.1629884243011475,-7.326074123382568,-2.3495118618011475,73,-256,101,0.4498046934604645,6.957617282867432,2.574414014816284
41,-114,-155,3.335253953933716,-2.9189453125,-3.9046876430511475,39,-222,86,2.043261766433716,4.52197265625,-3.66064453125
20,-103,-98,5.00048828125,1.550390601158142,-6.617871284484863,12,-131,49,3.579296827316284,2.861523389816284,-9.23056697845459
-11,-54,-6,6.775781154632568,4.373632907867432,-10.278515815734863,-6,3,-8,4.550683498382568,1.9619140625,-13.34580135345459
-63,32,103,6.31640625,3.148632764816284,-11.584863662719727,-23,152,-67,3.3448243141174316,3.7611329555511475,-10.512988090515137
-68,107,195,4.287499904632568,-0.5790039300918579,-8.574999809265137,-44,262,-110,0.78955078125,5.43115234375,-4.2587890625
-73,134,250,2.024121046066284,-6.593945503234863,-3.42138671875,-89,302,-114,-1.5695313215255737,7.780664443969727,2.75146484375
-33,107,204,2.4834961891174316,-16.575780868530273,0.703417956829071,-97,225,-81,-0.669921875,11.206835746765137,14.04443359375
3,47,61,4.18701171875,-21.360937118530273,3.1294922828674316,10,23,-35,1.9619140625,12.56103515625,20.394336700439453
4,-29,-83,4.708593845367432,-18.623828887939453,0.660351574420929,111,-156,25,1.8614258766174316,14.54209041595459,15.30771541595459
32,-84,-186,3.6845703125,-12.4892578125,-1.335058569908142,128,-267,103,0.21533203125,11.07285213470459,7.043750286102295
64,-115,-214,3.215625047683716,-4.277929782867432,-3.13427734375,107,-270,138,0.5311523675918579,6.440820217132568,-1.454687476158142
50,-101,-149,4.871289253234863,3.603222608566284,-7.134667873382568,37,-166,108,3.526660203933716,0.9666016101837158,-10.512988090515137
-11,-14,2,5.55078125,8.96738338470459,-11.465234756469727,5,31,6,4.076953411102295,-1.6413086652755737,-15.3603515625
-42,72,160,3.89990234375,6.335546970367432,-9.866991996765137,-61,205,-90,2.019335985183716,-0.9426758289337158,-11.04892635345459
-100,109,275,0.6747070550918579,-0.4593750238418579,-7.062890529632568,-66,309,-169,-2.0528321266174316,3.148632764816284,-3.5697267055511475
-73,101,268,0.6268554925918579,-15.709668159484863,-1.3876953125,-97,296,-150,-2.94287109375,12.087305068969727,9.101366996765137
-7,57,97,3.732421875,-27.284961700439453,3.61279296875,-39,121,-47,-0.10048828274011612,17.93476676940918,21.35615348815918
3,-17,-97,4.651172161102295,-22.700780868530273,2.8758790493011475,59,-106,46,2.4117188453674316,15.49912166595459,19.604785919189453
49,-69,-209,3.6415040493011475,-12.48447322845459,-1.4211914539337158,78,-259,121,0.34931641817092896,11.302538871765137,9.73779296875
74,-101,-210,2.665332078933716,-2.7227540016174316,-4.435840129852295,93,-288,141,-0.20097656548023224,6.349902629852295,-0.779980480670929
31,-77,-113,4.167870998382568,6.201562404632568,-8.546289443969727,61,-176,105,2.51220703125,1.1819336414337158,-11.02500057220459
-36,8,46,4.866504192352295,8.340527534484863,-9.838281631469727,2,34,11,4.000390529632568,-2.3016602993011475,-14.546875
-46,77,181,3.622363328933716,4.297070503234863,-8.125195503234863,-56,204,-95,1.8853516578674316,-1.311132788658142,-8.718554496765137
-89,107,258,2.1341798305511475,-6.43603515625,-3.61279296875,-59,297,-176,-1.536035180091858,2.885449171066284,-1.047949194908142
-7,78,184,4.316211223602295,-18.31757926940918,1.320703148841858,-89,269,-151,-1.5695313215255737,12.929491996765137,10.417284965515137
-10,15,32,5.723046779632568,-22.021289825439453,4.201367378234863,-42,95,-45,1.8853516578674316,16.59492301940918,20.891992568969727
11,-50,-108,5.263671875,-17.087793350219727,1.536035180091858,53,-107,35,3.349609375,14.245409965515137,17.614160537719727
51,-88,-182,4.694238185882568,-10.843164443969727,-1.7370117902755737,93,-241,100,1.5216797590255737,10.752245903015137,9.077441215515137
65,-108,-191,4.2109375,-4.421484470367432,-3.861621141433716,100,-270,124,1.1580078601837158,6.19677734375,-0.06220703199505806
38,-89,-131,5.488574504852295,2.737109422683716,-6.397754192352295,69,-180,95,3.2347657680511475,1.4929687976837158,-8.670702934265137
-5,-23,-10,6.215918064117432,7.780664443969727,-8.819043159484863,12,4,15,4.632031440734863,-1.1484375,-13.073046684265137
-56,50,146,4.651172161102295,6.933691501617432,-8.72812557220459,-40,174,-82,2.976367235183716,-0.875683605670929,-9.192285537719727
-114,102,280,0.765625,0.7369140982627869,-7.125097751617432,-47,272,-165,-0.23447266221046448,2.5169923305511475,-2.689257860183716
-81,105,299,0.7225586175918579,-13.580273628234863,-1.41162109375,-87,274,-166,-1.8087891340255737,10.632616996765137,7.474414348602295
0,62,148,3.6989259719848633,-24.748828887939453,2.521777391433716,-54,128,-80,0.660351574420929,16.661914825439453,19.41816520690918
4,-11,-43,4.526757717132568,-21.973438262939453,3.076855421066284,39,-84,5,3.072070360183716,15.322071075439453,18.46113395690918
41,-65,-168,3.215625047683716,-14.13535213470459,-0.3397460877895355,73,-228,82,1.201074242591858,11.972460746765137,10.16367244720459
62,-102,-202,3.0577149391174316,-6.211133003234863,-3.13427734375,87,-273,115,0.679492175579071,7.235156536102295,0.803906261920929
19,-103,-139,4.407128810882568,2.306445360183716,-6.622656345367432,67,-197,89,2.8232421875,2.5074219703674316,-7.46484375
-32,-32,-12,6.278125286102295,6.38818359375,-8.603711128234863,31,-29,16,4.751660346984863,0.12919922173023224,-13.479784965515137
-28,43,119,5.785254001617432,5.756543159484863,-7.570117473602295,-29,142,-69,3.7372071743011475,0.009570312686264515,-10.364648818969727
-82,85,237,2.0576171875,-0.564648449420929,-5.67041015625,-56,252,-149,0.27275392413139343,1.6843750476837158,-3.2012696266174316
-32,88,228,1.5695313215255737,-15.18808650970459,-1.574316382408142,-95,260,-156,-1.8566406965255737,9.87656307220459,7.555761814117432
13,44,85,4.876074314117432,-23.227148056030273,2.9189453125,-55,123,-76,-0.02871093899011612,17.00166130065918,18.642969131469727
0,-37,-66,5.971875190734863,-19.41816520690918,3.32568359375,41,-68,14,2.784960985183716,16.542285919189453,18.34150505065918
12,-81,-159,4.909570217132568,-13.044336318969727,-0.02871093899011612,62,-213,97,1.1962890625,12.82421875,11.063281059265137
74,-94,-194,4.120019435882568,-7.220800876617432,-3.0816407203674316,79,-269,134,0.3158203065395355,8.072558403015137,2.952441453933716
79,-88,-152,4.383203029632568,-0.923535168170929,-5.617773532867432,42,-231,125,2.359081983566284,3.3974609375,-5.124902248382568
30,-49,-58,5.95751953125,4.885644435882568,-8.54150390625,19,-111,72,4.42626953125,0.5072265863418579,-11.86240291595459
-35,20,59,6.177636623382568,6.6513671875,-9.603808403015137,-2,55,-14,4.78515625,-1.052734375,-13.42236328125
-95,77,179,4.014746189117432,3.2730469703674316,-7.981640815734863,-29,196,-103,2.6126954555511475,0.1435546875,-8.77597713470459
-123,119,270,0.9905273914337158,-3.268261671066284,-6.110644817352295,-56,285,-164,-0.6747070550918579,3.6558594703674316,-1.74658203125
-48,113,245,1.4211914539337158,-17.475391387939453,0.7704101800918579,-90,272,-148,-1.693945288658142,10.64218807220459,9.61337947845459
25,40,85,3.9142580032348633,-24.2607421875,5.416797161102295,-43,111,-68,1.17236328125,15.67138671875,20.202930450439453
5,-56,-67,4.115234375,-19.193262100219727,3.8759765625,58,-86,-1,2.952441453933716,14.120996475219727,17.379688262939453
30,-102,-158,3.5888671875,-12.53232479095459,-0.35888671875,87,-213,61,1.263281226158142,11.79541015625,9.75693416595459
66,-119,-186,3.478808641433716,-6.421679973602295,-3.9381837844848633,98,-251,99,0.8421875238418579,8.46494197845459,1.670019507408142
47,-113,-150,4.13916015625,-0.7608398795127869,-6.474316596984863,55,-211,105,2.670117139816284,4.943066596984863,-4.7373046875
0,-66,-64,5.833105564117432,4.368847846984863,-9.13486385345459,22,-109,67,5.1201171875,1.296777367591858,-10.723535537719727
-44,21,65,6.383398532867432,6.086719036102295,-8.82861328125,0,52,-9,5.057910442352295,-0.17705078423023224,-12.862500190734863
-80,75,191,4.124804973602295,3.507519483566284,-6.775781154632568,-57,196,-85,2.8184571266174316,0.50244140625,-8.101269721984863
-133,92,284,0.26318359375,-5.459863185882568,-4.679883003234863,-53,283,-157,-0.535937488079071,3.0337891578674316,-1.0910156965255737
-21,62,213,1.6652344465255737,-18.7099609375,-1.1101562976837158,-94,254,-147,-1.000097632408142,10.938867568969727,9.393261909484863
9,9,50,4.636816501617432,-24.002344131469727,3.2347657680511475,-60,95,-67,0.8086914420127869,16.130762100219727,20.571386337280273
24,-54,-93,5.00048828125,-18.451562881469727,2.27294921875,29,-106,7,2.9620118141174316,14.106640815734863,18.523340225219727
45,-86,-166,3.7611329555511475,-12.05859375,-1.248925805091858,86,-237,67,1.5408203601837158,12.36484432220459,10.134961128234863
46,-92,-180,3.158203125,-6.000586032867432,-5.005273342132568,90,-277,111,0.4498046934604645,7.388281345367432,1.1580078601837158
34,-74,-134,4.28271484375,0.4019531309604645,-7.072461128234863,86,-212,94,2.2059571743011475,2.79931640625,-8.402734756469727
-8,-26,-33,6.168066501617432,6.69921875,-9.512890815734863,63,-40,32,3.6654298305511475,0.3301757872104645,-14.37460994720459
-66,36,106,5.316308498382568,5.7900390625,-8.240038871765137,1,131,-47,3.387890577316284,0.06220703199505806,-12.063379287719727
-100,74,227,2.1485352516174316,1.5456055402755737,-6.014941692352295,-49,243,-111,1.33984375,1.129296898841858,-5.86181640625
-85,68,282,-1.36376953125,-7.684961318969727,-2.383007764816284,-90,290,-148,-0.06220703199505806,4.167870998382568,2.8902344703674316
6,23,199,0.5072265863418579,-18.360645294189453,0.751269519329071,-124,234,-144,-1.311132788658142,9.106152534484863,14.848340034484863
-24,-39,53,3.6175782680511475,-26.16523551940918,1.990625023841858,-18,34,-80,-2.4452149868011475,16.743261337280273,24.81103515625
-5,-91,-110,3.646289110183716,-21.408788681030273,0.799121081829071,113,-154,16,0.8421875238418579,16.996875762939453,17.666797637939453
13,-94,-204,3.4166016578674316,-12.05859375,-3.3543946743011475,101,-269,116,-0.16269531846046448,11.47959041595459,7.015038967132568
35,-64,-216,3.7850587368011475,-4.40234375,-6.86669921875,98,-277,137,0.4833008050918579,4.804296970367432,-3.5458009243011475
30,-31,-162,3.99560546875,3.411816358566284,-10.13974666595459,79,-159,96,3.08642578125,0.93310546875,-11.0537109375
-46,29,-32,4.158300876617432,7.436132907867432,-10.3837890625,26,24,5,4.4501953125,-1.8757812976837158,-15.154590606689453
-82,77,114,3.37353515625,5.895312786102295,-7.857226848602295,-33,176,-85,2.526562452316284,-0.19140625,-10.23544979095459
-118,92,230,1.296777367591858,-0.31103515625,-6.182422161102295,-47,279,-157,-0.9426758289337158,2.521777391433716,-3.550585985183716
-67,86,221,1.7705078125,-15.16416072845459,-1.990625023841858,-99,287,-149,-2.574414014816284,8.905176162719727,7.239941596984863
18,50,77,5.263671875,-22.681640625,2.1485352516174316,-45,165,-96,-0.9522461295127869,14.78134822845459,18.89179801940918
24,-28,-61,6.469531536102295,-19.221973419189453,3.627148389816284,32,-24,-16,1.464257836341858,16.896387100219727,20.64794921875
36,-84,-142,5.818749904632568,-12.79550838470459,0.41630861163139343,57,-176,71,1.0048828125,14.4990234375,13.3505859375
62,-103,-166,5.033984661102295,-6.837988376617432,-2.7466797828674316,53,-252,117,-0.2679687440395355,9.173144340515137,5.00048828125
57,-98,-135,4.861718654632568,-0.8661133050918579,-6.3642578125,32,-239,113,1.1005859375,4.708593845367432,-2.6318359375
17,-61,-70,5.244531154632568,3.32568359375,-9.1875,14,-151,72,3.172558546066284,1.5408203601837158,-9.465039253234863
-20,-4,18,5.713476657867432,4.900000095367432,-9.575098037719727,8,-13,2,4.6416015625,0.2392578125,-12.479687690734863
-77,41,126,5.220605373382568,3.6989259719848633,-8.713769912719727,-11,122,-76,3.9190430641174316,1.0383789539337158,-9.508105278015137
-121,74,223,3.1629884243011475,-1.272851586341858,-7.7998046875,-27,229,-151,1.215429663658142,3.1055665016174316,-4.507617473602295
-107,94,260,2.402148485183716,-10.66611385345459,-4.000390529632568,-68,265,-163,-1.3972656726837158,10.07275390625,5.139257907867432
-12,75,154,4.584179878234863,-21.585840225219727,0.88525390625,-68,157,-80,0.19619141519069672,15.637890815734863,17.858203887939453
17,7,-5,5.565136909484863,-20.825000762939453,3.4644532203674316,41,-47,-3,2.7083985805511475,15.078027725219727,19.135839462280273
19,-59,-111,4.78515625,-14.33154296875,0.02392578125,89,-188,57,1.3733398914337158,12.5849609375,11.403027534484863
51,-93,-150,4.005176067352295,-8.08212947845459,-3.4979493618011475,87,-241,95,0.751269519329071,9.0439453125,2.5169923305511475
63,-92,-132,4.167870998382568,-2.000195264816284,-6.48388671875,48,-202,99,2.56005859375,5.445508003234863,-4.847363471984863
35,-53,-75,5.928808689117432,2.87109375,-8.866894721984863,16,-94,63,4.33056640625,2.2298829555511475,-11.015429496765137
-15,7,15,6.814062595367432,4.837792873382568,-9.608593940734863,-2,46,-7,4.76123046875,0.7608398795127869,-12.494043350219727
-71,64,129,5.55078125,2.9955079555511475,-8.436230659484863,-27,173,-85,3.0625,2.0049805641174316,-8.665918350219727
-105,102,217,3.316113233566284,-3.000293016433716,-6.431250095367432,-49,264,-135,-0.1435546875,5.234961032867432,-1.4259766340255737
-41,99,195,3.2108399868011475,-15.087597846984863,-0.669921875,-78,253,-117,-0.8804687857627869,11.211621284484863,8.68027400970459
21,49,59,5.153613567352295,-21.07861328125,3.119921922683716,-40,109,-42,1.177148461341858,14.934473037719727,18.370214462280273
6,-27,-65,5.254101753234863,-17.499317169189453,2.813671827316284,50,-74,23,2.239453077316284,13.910449028015137,17.006444931030273
24,-79,-142,4.454980373382568,-11.977246284484863,-0.25361329317092896,90,-199,70,0.971386730670929,10.66611385345459,9.76171875
68,-109,-163,4.009961128234863,-5.5029296875,-3.3687500953674316,86,-237,92,0.899609386920929,7.613183975219727,1.60302734375
50,-102,-117,5.14404296875,1.31591796875,-7.038964748382568,32,-193,86,3.0577149391174316,4.5458984375,-6.493457317352295
9,-47,-32,6.617871284484863,5.713476657867432,-10.197168350219727,8,-65,38,4.746875286102295,1.966699242591858,-12.599316596984863
-50,32,85,6.187207221984863,4.842578411102295,-10.268945693969727,-11,84,-29,4.727734565734863,1.7130860090255737,-12.27392578125
-95,90,185,4.517187595367432,-0.009570312686264515,-8.307031631469727,-33,209,-92,2.3399415016174316,3.349609375,-6.847558498382568
-92,113,228,3.359179735183716,-7.283008098602295,-4.47412109375,-63,271,-121,0.01435546949505806,7.091601848602295,1.4020508527755737
-56,103,194,3.1151368618011475,-14.70957088470459,-0.4593750238418579,-75,210,-85,0.6029297113418579,11.833691596984863,12.551465034484863
0,52,70,3.9286134243011475,-20.891992568969727,2.569628953933716,0,33,-25,1.9810547828674316,14.068359375,18.968358993530273
22,-18,-56,4.622460842132568,-17.28877067565918,2.6605470180511475,65,-133,32,1.31591796875,12.982129096984863,14.202343940734863
29,-73,-137,4.52197265625,-12.374414443969727,-0.540722668170929,75,-228,84,0.3780273497104645,10.221094131469727,6.321191310882568
57,-108,-169,4.09130859375,-5.95751953125,-3.359179735183716,76,-236,97,1.918847680091858,6.986328125,-1.5886719226837158
32,-101,-136,5.062695503234863,1.105371117591858,-6.799706935882568,36,-165,84,4.153515815734863,2.8758790493011475,-9.340624809265137
-14,-43,-36,5.90966796875,6.656152248382568,-9.603808403015137,14,-13,17,5.316308498382568,-0.13398437201976776,-14.03964900970459
-57,33,111,4.914355754852295,4.947851657867432,-9.484179496765137,-24,150,-73,4.249218940734863,-0.05263672024011612,-10.565625190734863
-86,81,208,3.7037110328674316,-1.8566406965255737,-6.574804782867432,-53,255,-143,0.9426758289337158,2.32080078125,-4.13916015625
-74,89,224,3.6989259719848633,-11.005859375,-2.3255860805511475,-75,278,-156,-1.0048828125,8.933886528015137,4.541113376617432
-15,61,132,4.799511909484863,-19.96845817565918,1.1580078601837158,-51,189,-95,-0.49287110567092896,15.365137100219727,14.819629669189453
18,-3,-11,5.474218845367432,-19.44209098815918,2.22509765625,21,3,-2,1.4690430164337158,16.015918731689453,18.451562881469727
27,-54,-107,5.053124904632568,-13.891308784484863,-0.50244140625,67,-144,60,1.60302734375,12.637598037719727,12.79550838470459
58,-85,-163,4.407128810882568,-9.201855659484863,-2.670117139816284,72,-222,103,0.899609386920929,9.910058975219727,5.531640529632568
71,-98,-169,4.129590034484863,-3.1103515625,-4.775586128234863,62,-220,112,1.818359375,6.349902629852295,-1.392480492591858
42,-78,-113,5.33544921875,2.115039110183716,-6.727929592132568,28,-151,87,3.651074171066284,2.789746046066284,-7.412207126617432
10,-30,-16,6.933691501617432,5.364160060882568,-8.603711128234863,11,-28,16,5.081836223602295,0.46894532442092896,-11.206835746765137
-50,25,104,6.440820217132568,4.024316310882568,-8.436230659484863,-23,102,-66,4.52197265625,0.98095703125,-9.64208984375
-93,68,201,4.411914348602295,-0.3062500059604645,-7.3212890625,-47,205,-131,1.8566406965255737,3.263476610183716,-5.134472846984863
-94,91,244,2.981152296066284,-7.426562786102295,-4.416699409484863,-68,244,-152,-0.11005859822034836,8.292675971984863,2.095898389816284
-28,75,177,4.215722560882568,-17.82470703125,-0.24882812798023224,-66,190,-110,0.08134765923023224,13.073046684265137,11.632715225219727
2,24,30,5.201465129852295,-20.820215225219727,3.148632764816284,3,20,-26,1.526464819908142,15.728809356689453,18.11181640625
15,-38,-89,4.9765625,-15.446484565734863,0.708203136920929,84,-140,32,1.823144555091858,13.302734375,13.235742568969727
43,-79,-146,4.292285442352295,-9.819140434265137,-2.0863282680511475,95,-223,82,0.756054699420929,11.31689453125,6.378613471984863
56,-96,-149,4.096093654632568,-3.7132813930511475,-4.852148532867432,75,-226,103,1.9332032203674316,7.388281345367432,-1.272851586341858
23,-70,-95,5.7421875,1.4977539777755737,-7.254296779632568,28,-139,83,3.8711915016174316,3.541015625,-8.905176162719727
-6,-11,-3,6.948047161102295,4.804296970367432,-8.82382869720459,-13,-1,24,4.708593845367432,0.88525390625,-12.838574409484863
-50,45,114,5.842675685882568,3.3208985328674316,-8.192187309265137,-33,134,-55,3.8807618618011475,1.2584961652755737,-9.862207412719727
-94,84,204,3.765918016433716,-2.70361328125,-6.943261623382568,-49,231,-122,1.311132788658142,3.4453125,-4.244433879852295
-71,94,206,3.3687500953674316,-12.431836128234863,-2.9476563930511475,-67,246,-136,-0.32539063692092896,9.364550590515137,5.345019817352295
-7,68,95,5.139257907867432,-20.35127067565918,1.8518555164337158,-61,140,-66,0.894824206829071,14.991894721984863,14.795703887939453
27,-3,-45,5.703906536102295,-17.877344131469727,3.6080079078674316,27,-32,14,2.08154296875,15.19287109375,16.661914825439453
22,-66,-122,4.914355754852295,-12.12558650970459,0.26318359375,80,-165,78,1.607812523841858,12.91513729095459,11.087206840515137
48,-100,-154,4.249218940734863,-7.598828315734863,-3.0625,84,-224,116,1.4451172351837158,9.06787109375,4.062597751617432
53,-96,-144,4.909570217132568,-2.115039110183716,-5.703906536102295,51,-205,120,2.9955079555511475,5.086621284484863,-3.2969727516174316
30,-54,-92,6.660937786102295,2.526562452316284,-7.785449504852295,18,-119,88,4.311425685882568,1.5456055402755737,-9.465039253234863
-34,5,15,7.211230754852295,6.895410060882568,-9.73300838470459,9,18,4,4.919140815734863,-0.751269519329071,-12.84335994720459
-90,66,153,5.23974609375,4.746875286102295,-8.97216796875,-18,155,-91,3.6989259719848633,-0.9522461295127869,-10.8623046875
-107,110,256,2.909374952316284,-2.0576171875,-4.85693359375,-58,257,-175,-0.5072265863418579,2.545703172683716,-5.1201171875
-16,110,243,2.6988282203674316,-15.087597846984863,0.9905273914337158,-87,295,-185,-3.239550828933716,10.74267578125,6.373828411102295
27,60,101,3.9668946266174316,-23.547754287719727,3.5697267055511475,-87,153,-65,-0.588574230670929,17.173925399780273,21.42793083190918
-12,-26,-62,4.177441596984863,-20.12158203125,2.3255860805511475,42,-58,10,2.383007764816284,15.04453182220459,21.203027725219727
4,-76,-167,3.430957078933716,-12.14951229095459,-0.588574230670929,84,-211,77,0.660351574420929,12.17822265625,11.785840034484863
50,-93,-199,3.646289110183716,-5.560351848602295,-2.880664110183716,102,-267,119,-0.11005859822034836,8.407519340515137,1.69873046875
85,-93,-158,4.727734565734863,1.335058569908142,-5.354589939117432,65,-223,132,1.1962890625,4.85693359375,-5.852246284484863
37,-54,-51,6.6513671875,6.062793254852295,-8.01513671875,22,-118,91,3.7132813930511475,0.660351574420929,-10.991503715515137
-22,5,69,6.971972942352295,5.727832317352295,-8.06298828125,19,35,-8,5.029199123382568,-0.9426758289337158,-12.905566215515137
-99,54,183,5.435937404632568,3.4453125,-7.890722751617432,-26,179,-103,3.27783203125,-0.19140625,-10.04404354095459
-120,87,260,3.1534180641174316,-3.459667921066284,-6.144140720367432,-56,280,-172,-0.29667970538139343,2.8519532680511475,-3.5840821266174316
-57,96,240,2.330371141433716,-14.95361328125,-1.263281226158142,-95,292,-169,-2.51220703125,10.345507621765137,7.110742092132568
38,53,88,4.029101848602295,-24.04541015625,2.7083985805511475,-65,164,-88,-0.8804687857627869,16.06855583190918,18.82958984375
46,-21,-74,4.029101848602295,-20.164648056030273,2.933300733566284,42,-40,-5,1.72265625,14.800488471984863,19.566503524780273
39,-71,-172,4.100879192352295,-13.498926162719727,0.703417956829071,91,-190,60,0.5455078482627869,12.599316596984863,12.001172065734863
79,-108,-206,3.828125,-6.421679973602295,-2.048046827316284,101,-254,104,0.07177734375,9.216211318969727,3.651074171066284
77,-124,-165,3.7994141578674316,0.46894532442092896,-4.684668064117432,59,-234,117,2.1963868141174316,5.569921970367432,-3.430957078933716
6,-81,-63,5.713476657867432,6.742285251617432,-9.814355850219727,12,-143,89,4.273144721984863,1.263281226158142,-11.737988471984863
-42,7,62,5.938378810882568,7.062890529632568,-11.068066596984863,-3,39,-2,4.158300876617432,-0.5790039300918579,-15.43212890625
-94,76,190,4.59375,4.172656536102295,-8.819043159484863,-59,204,-87,1.8279297351837158,0.3062500059604645,-10.048828125
-152,102,282,2.3877930641174316,-3.7372071743011475,-6.378613471984863,-51,300,-155,-1.6652344465255737,4.263574123382568,-1.847070336341858
-69,88,243,2.3734376430511475,-18.41328239440918,0.39716798067092896,-93,263,-133,-0.9043945670127869,11.139843940734863,11.656641006469727
43,38,70,4.387988567352295,-25.13642692565918,3.813769578933716,-14,67,-59,1.2584961652755737,15.322071075439453,22.518945693969727
28,-37,-72,4.488476753234863,-18.375,2.8280274868011475,87,-133,15,0.8086914420127869,14.920117378234863,17.183496475219727
50,-86,-157,3.85205078125,-12.527539253234863,-0.95703125,85,-241,87,-0.8661133050918579,11.690136909484863,8.508008003234863
87,-116,-188,3.3017578125,-6.120214939117432,-3.4931640625,68,-255,114,0.607714831829071,7.761523723602295,0.588574230670929
56,-111,-137,4.852148532867432,3.048144578933716,-7.929004192352295,9,-203,103,3.0816407203674316,3.7850587368011475,-6.948047161102295
-19,-31,-17,6.201562404632568,8.019922256469727,-10.924511909484863,9,-85,43,4.507617473602295,-0.05263672024011612,-14.250195503234863
-49,49,110,5.81396484375,6.215918064117432,-10.130175590515137,-9,70,-33,3.8089845180511475,0.9618164300918579,-14.06357479095459
-128,100,223,3.646289110183716,0.5550781488418579,-7.6083984375,-33,217,-108,1.741796851158142,1.7370117902755737,-9.082226753234863
-104,120,269,1.263281226158142,-9.742578506469727,-3.8664064407348633,-76,302,-153,-1.9810547828674316,6.019726753234863,-0.4258789122104645
-26,95,182,1.942773461341858,-20.475683212280273,2.354296922683716,-108,254,-113,-1.990625023841858,12.02988338470459,12.881640434265137
28,20,12,3.1773438453674316,-22.667285919189453,5.545996189117432,-26,57,-33,0.5790039300918579,14.001367568969727,21.782032012939453
36,-62,-95,2.9715821743011475,-15.43212890625,3.000293016433716,105,-131,14,1.847070336341858,13.22617244720459,16.590137481689453
58,-116,-135,3.2586915493011475,-9.92919921875,-1.45947265625,109,-238,72,1.263281226158142,10.6708984375,7.086816310882568
70,-136,-134,3.7228517532348633,-4.718163967132568,-4.727734565734863,89,-235,94,2.502636671066284,7.44091796875,-2.186816453933716
23,-112,-99,5.86181640625,1.272851586341858,-8.340527534484863,23,-149,90,4.005176067352295,3.9190430641174316,-8.87168025970459
-32,-40,-29,6.890625,4.957421779632568,-10.556055068969727,7,-11,30,4.694238185882568,0.5455078482627869,-13.235742568969727
-65,40,90,6.115429878234863,4.249218940734863,-9.268847465515137,-25,124,-44,3.670214891433716,2.043261766433716,-10.33115291595459
-107,94,197,3.7611329555511475,-1.36376953125,-7.05810546875,-37,230,-105,1.7083008289337158,3.541015625,-4.655957221984863
-74,105,211,3.072070360183716,-12.905566215515137,-1.693945288658142,-69,260,-119,0.05263672024011612,8.402734756469727,4.440625190734863
2,64,108,4.59375,-20.293848037719727,3.072070360183716,-65,152,-65,1.2919921875,14.04443359375,15.996777534484863
16,-19,-29,4.746875286102295,-18.375,4.5458984375,42,-33,-6,2.3399415016174316,13.336230278015137,17.62373161315918
27,-83,-110,4.445410251617432,-12.738085746765137,0.612500011920929,94,-173,46,1.2537109851837158,11.824121475219727,10.895800590515137
60,-119,-140,3.933398485183716,-8.144335746765137,-2.976367235183716,86,-230,77,1.4211914539337158,8.651562690734863,3.316113233566284
51,-120,-127,4.512402534484863,-2.6366212368011475,-6.407324314117432,37,-204,81,3.5458009243011475,5.823535442352295,-4.033886909484863
22,-80,-85,6.024511814117432,1.502539038658142,-8.747265815734863,-6,-113,56,4.986133098602295,2.689257860183716,-10.651758193969727
-9,-17,2,7.053320407867432,5.76611328125,-10.369433403015137,-10,24,-8,4.823437690734863,1.574316382408142,-12.96298885345459
-73,49,129,5.33544921875,3.2251954078674316,-9.082226753234863,-38,156,-70,3.407031297683716,2.5887696743011475,-9.417187690734863
-94,96,221,2.9141602516174316,-2.258593797683716,-7.287793159484863,-53,251,-122,0.8565430045127869,3.9429688453674316,-2.952441453933716
-87,109,237,2.0863282680511475,-13.01084041595459,-2.4356446266174316,-81,258,-130,-0.8134765625,9.40283203125,6.0771484375
7,64,111,4.220508098602295,-21.54755973815918,2.502636671066284,-54,137,-66,0.06220703199505806,15.269433975219727,17.44189453125
5,-22,-38,4.813867092132568,-18.882226943969727,3.5218751430511475,54,-52,10,1.7370117902755737,14.944043159484863,17.68115234375
17,-80,-128,3.9286134243011475,-12.407910346984863,-0.2823242247104645,90,-184,77,0.9378906488418579,11.74277400970459,10.5751953125
51,-104,-147,3.8472657203674316,-6.440820217132568,-4.158300876617432,85,-234,104,0.756054699420929,7.641894817352295,2.4595704078674316
54,-96,-116,4.71337890625,-2.2059571743011475,-6.713574409484863,37,-203,92,2.2442383766174316,5.225390911102295,-3.7802734375
29,-58,-58,6.335546970367432,1.703515648841858,-8.287890434265137,-22,-125,59,4.081738471984863,2.48828125,-8.574999809265137
-14,-5,21,7.019824504852295,3.7707033157348633,-8.976953506469727,-9,-10,-13,5.129687786102295,1.4499024152755737,-11.388671875
-69,41,113,5.962304592132568,2.813671827316284,-9.44589900970459,-13,101,-76,4.416699409484863,2.5313477516174316,-9.97705078125
-135,92,212,3.579296827316284,-0.6029297113418579,-9.90048885345459,-16,197,-128,2.789746046066284,5.258886814117432,-6.474316596984863
-120,137,263,1.454687476158142,-8.498437881469727,-6.7470703125,-27,263,-143,0.10048828274011612,9.776074409484863,1.31591796875
-36,131,196,1.143652319908142,-18.547266006469727,-1.0048828125,-47,230,-90,-0.799121081829071,14.034863471984863,9.97705078125
43,61,41,2.713183641433716,-22.46630859375,2.071972608566284,-35,108,-14,-0.46416017413139343,15.747949600219727,17.183496475219727
69,-26,-70,3.143847703933716,-13.75732421875,1.248925805091858,11,-42,28,1.382910132408142,10.972363471984863,14.14013671875
31,-82,-119,3.158203125,-11.307324409484863,-0.15791015326976776,39,-141,63,1.17236328125,11.84326171875,10.010546684265137
66,-120,-162,4.28271484375,-9.488965034484863,-2.9859375953674316,38,-210,107,0.3828125,10.541699409484863,5.244531154632568
64,-130,-177,3.6654298305511475,-7.211230754852295,-4.273144721984863,24,-233,126,0.679492175579071,7.546191692352295,0.17226563394069672
88,-123,-174,3.143847703933716,-3.6989259719848633,-5.450293064117432,0,-215,128,1.670019507408142,5.665625095367432,-3.3687500953674316
70,-100,-108,6.158496379852295,1.65087890625,-8.240038871765137,-27,-168,77,2.7801759243011475,2.87109375,-8.6611328125
0,-34,1,8.340527534484863,5.062695503234863,-9.670801162719727,-20,-70,-11,4.172656536102295,0.9522461295127869,-12.575390815734863
-58,32,106,6.115429878234863,6.072363376617432,-8.651562690734863,-5,58,-89,3.8424806594848633,0.0478515625,-13.13525390625
-144,72,222,2.2920899391174316,2.473925828933716,-8.814257621765137,-5,166,-165,2.2059571743011475,1.358984351158142,-9.216211318969727
-177,96,295,1.4259766340255737,-3.1773438453674316,-10.02011775970459,-14,246,-213,-0.564648449420929,6.062793254852295,-5.890527248382568
-170,126,326,-1.167578101158142,-13.120898246765137,-8.388379096984863,-64,276,-198,-2.12939453125,13.475000381469727,4.56982421875
-15,108,162,-0.36845704913139343,-26.299219131469727,-1.287207007408142,-62,147,-77,-0.18662109971046448,18.8056640625,18.370214462280273
57,5,-77,1.167578101158142,-24.653125762939453,2.832812547683716,61,-50,39,0.827832043170929,19.5234375,19.78662109375
48,-75,-198,1.8518555164337158,-15.580469131469727,-1.5216797590255737,83,-196,138,-0.564648449420929,15.058887481689453,11.761914253234863
127,-97,-242,2.478710889816284,-8.723340034484863,-5.316308498382568,69,-263,189,-1.0862305164337158,8.87646484375,1.741796851158142
146,-77,-210,3.8903322219848633,0.19140625,-8.27353572845459,10,-244,188,0.16748046875,2.8232421875,-7.909863471984863
82,-23,-123,5.187109470367432,6.823632717132568,-10.326367378234863,15,-121,116,1.244140625,-0.6507812738418579,-15.45127010345459
-17,40,15,5.914453029632568,9.297558784484863,-9.345410346984863,15,44,4,2.191601514816284,-1.7561523914337158,-16.001562118530273
-101,70,165,4.134375095367432,6.029296875,-7.962500095367432,-14,178,-101,1.598242163658142,-0.669921875,-11.972460746765137
-136,78,276,1.2106446027755737,-0.46894532442092896,-6.321191310882568,-27,286,-179,-0.799121081829071,2.8519532680511475,-5.890527248382568
-118,72,295,0.4115234315395355,-12.718945503234863,-3.005078077316284,-37,305,-190,-1.8997070789337158,11.29296875,6.115429878234863
-21,48,147,2.6318359375,-25.43310546875,0.11484375596046448,-24,154,-72,0.8900390863418579,19.518651962280273,19.3798828125
12,-1,-50,3.89990234375,-23.978418350219727,0.655566394329071,68,-54,42,2.784960985183716,17.973047256469727,18.848730087280273
19,-27,-156,3.6845703125,-15.135449409484863,-2.119824171066284,63,-195,116,1.9762696027755737,11.45566463470459,8.957812309265137
64,-35,-191,4.182226657867432,-6.201562404632568,-3.27783203125,20,-231,133,2.0384767055511475,6.249413967132568,-1.4738281965255737
85,-34,-146,6.206347942352295,4.23486328125,-4.66552734375,1,-148,87,2.9620118141174316,0.7943359613418579,-11.59921932220459
-7,-2,-10,6.919335842132568,10.517773628234863,-6.72314453125,10,9,-7,3.100781202316284,-1.335058569908142,-15.757519721984863
-100,43,157,4.655957221984863,7.163379192352295,-7.239941596984863,-9,153,-101,2.0576171875,-0.13876953721046448,-11.417383193969727
-112,85,261,1.502539038658142,-3.9046876430511475,-5.019629001617432,-22,250,-162,-0.11962890625,5.23974609375,-3.541015625
-49,81,219,1.646093726158142,-20.09765625,-0.6172851920127869,-65,212,-119,1.670019507408142,15.5517578125,11.259472846984863
5,20,30,3.052929639816284,-26.97871208190918,3.1534180641174316,36,43,-27,4.536328315734863,18.86787223815918,19.92060661315918
46,-54,-140,3.1534180641174316,-17.62373161315918,0.846972644329071,71,-123,94,4.431054592132568,16.72412109375,14.025293350219727
66,-93,-207,2.957226514816284,-9.40283203125,-1.272851586341858,38,-207,154,1.9810547828674316,9.728222846984863,4.096093654632568
118,-113,-194,3.933398485183716,-1.670019507408142,-4.191796779632568,-25,-204,152,1.244140625,4.627246379852295,-4.124804973602295
49,-76,-94,6.110644817352295,5.746972560882568,-8.594141006469727,-34,-130,89,2.5361328125,-0.24404297769069672,-11.828906059265137
-10,4,26,6.81884765625,7.541406631469727,-9.18271541595459,3,13,-17,3.5458009243011475,-2.65576171875,-15.561328887939453
-113,69,178,4.861718654632568,7.924219131469727,-7.268652439117432,-14,156,-116,2.378222703933716,-2.091113328933716,-12.982129096984863
-163,98,312,0.2823242247104645,-1.071874976158142,-4.818652629852295,-36,281,-207,-1.2537109851837158,0.7464843988418579,-5.612988471984863
-77,89,305,-0.7369140982627869,-16.982519149780273,-0.11005859822034836,-71,286,-225,-3.813769578933716,11.225976943969727,8.450586318969727
-13,32,127,0.7369140982627869,-30.20869255065918,1.225000023841858,-42,126,-105,-1.9523438215255737,20.537891387939453,20.825000762939453
22,-56,-97,1.4690430164337158,-23.56689453125,0.9857422113418579,104,-58,17,2.3877930641174316,21.07861328125,20.26513671875
48,-98,-209,2.2442383766174316,-12.7763671875,-1.6604492664337158,71,-194,132,2.646191358566284,13.7333984375,10.517773628234863
99,-118,-227,2.861523389816284,-3.7994141578674316,-3.8568360805511475,53,-242,165,0.46894532442092896,7.866796970367432,0.7704101800918579
71,-98,-159,4.320996284484863,2.7275390625,-6.641797065734863,0,-202,146,0.5215820670127869,2.6749024391174316,-7.263867378234863
12,-34,-36,5.986230373382568,7.46484375,-8.814257621765137,17,-65,52,1.7705078125,-2.1963868141174316,-14.872265815734863
-67,34,120,5.440722942352295,6.622656345367432,-8.579785346984863,0,114,-66,1.9236328601837158,-2.048046827316284,-13.90087890625
-134,86,258,2.03369140625,2.009765625,-7.541406631469727,-40,248,-157,-0.540722668170929,-0.540722668170929,-8.0869140625
-138,118,321,-1.6173828840255737,-12.742871284484863,-3.172558546066284,-44,295,-204,-1.9571290016174316,6.239843845367432,2.670117139816284
-20,71,181,1.215429663658142,-27.083984375,0.540722668170929,-40,177,-140,-0.7177734375,18.729101181030273,18.34150505065918
34,-24,-40,2.89501953125,-24.212890625,1.89013671875,100,-24,-8,1.435546875,22.987890243530273,21.69111442565918
59,-89,-180,1.918847680091858,-15.245508193969727,-0.32539063692092896,81,-171,137,0.9666016101837158,17.164356231689453,11.919824600219727
118,-124,-238,2.306445360183716,-7.58447265625,-3.0577149391174316,47,-233,189,-0.583789050579071,9.3310546875,2.2538087368011475
105,-127,-193,3.7707033157348633,-0.05742187798023224,-5.895312786102295,-13,-195,167,0.478515625,3.4883790016174316,-5.794824123382568
46,-77,-86,5.713476657867432,4.789941310882568,-8.598925590515137,-13,-96,89,2.1963868141174316,-1.0192383527755737,-12.642382621765137
-39,10,53,6.254199504852295,7.239941596984863,-9.321484565734863,14,46,-17,2.808886766433716,-1.53125,-13.22617244720459
-108,73,187,4.383203029632568,4.76123046875,-8.235254287719727,3,166,-117,1.8040039539337158,-1.105371117591858,-9.297558784484863
-190,109,300,-0.39238283038139343,-2.6509766578674316,-7.220800876617432,0,238,-201,0.11484375596046448,3.574511766433716,-3.158203125
-97,107,275,-0.607714831829071,-20.413476943969727,-1.320703148841858,-40,215,-193,0.45458984375,14.226269721984863,9.49853515625
40,50,73,3.407031297683716,-30.237403869628906,2.1485352516174316,-10,59,-77,2.0576171875,21.183887481689453,19.733983993530273
65,-36,-114,3.1629884243011475,-19.99238395690918,0.6172851920127869,81,-103,45,3.579296827316284,19.71484375,14.872265815734863
65,-82,-194,2.0049805641174316,-10.80966854095459,-1.8805664777755737,38,-194,141,1.72265625,12.6328125,5.005273342132568
95,-105,-193,2.8902344703674316,-2.7466797828674316,-3.7228517532348633,6,-200,160,0.49287110567092896,7.287793159484863,-2.473925828933716
60,-85,-112,5.081836223602295,3.2586915493011475,-6.613086223602295,-20,-151,126,1.4738281965255737,2.2681641578674316,-8.70419979095459
-15,-14,13,6.4599609375,6.354687690734863,-8.54150390625,15,-29,34,3.08642578125,-1.5934571027755737,-13.570703506469727
-77,51,139,5.746972560882568,4.957421779632568,-8.474512100219727,5,107,-75,2.8998048305511475,-1.8087891340255737,-12.379199028015137
-144,93,253,2.430859327316284,-0.751269519329071,-6.407324314117432,-14,207,-168,1.335058569908142,0.655566394329071,-6.258984565734863
-88,108,268,0.4258789122104645,-14.293261528015137,-1.72265625,-36,242,-206,-0.11005859822034836,9.46982479095459,3.1773438453674316
-1,80,144,1.9284180402755737,-24.66748046875,2.1006836891174316,-58,147,-100,1.2919921875,20.08808708190918,16.049413681030273
20,-6,-37,2.4356446266174316,-22.65771484375,3.9860353469848633,40,-28,25,4.4501953125,19.37031364440918,19.198047637939453
22,-76,-148,1.8040039539337158,-14.0205078125,-0.32060548663139343,59,-173,110,3.220410108566284,13.20224666595459,10.40293025970459
49,-104,-180,2.167675733566284,-7.65625,-2.6509766578674316,43,-223,139,0.8661133050918579,8.120409965515137,1.6365234851837158
87,-110,-160,3.502734422683716,-1.799218773841858,-4.517187595367432,-1,-195,124,1.0048828125,3.7276368141174316,-5.507714748382568
39,-78,-78,5.617773532867432,3.5362305641174316,-6.732715129852295,-15,-108,65,2.4834961891174316,-0.287109375,-11.403027534484863
-25,-16,40,6.287695407867432,6.53173828125,-8.450586318969727,0,24,-30,3.0146484375,-0.50244140625,-12.972558975219727
-88,42,172,4.588964939117432,3.7037110328674316,-8.06298828125,-16,149,-117,1.9284180402755737,0.46416017413139343,-10.52734375
-128,79,277,2.215527296066284,-3.75634765625,-7.24951171875,-1,232,-187,1.0383789539337158,5.19189453125,-5.129687786102295
-37,86,245,0.5311523675918579,-19.72920036315918,-1.550390601158142,-2,230,-179,1.526464819908142,14.575586318969727,6.306836128234863
20,46,64,1.8087891340255737,-26.208301544189453,2.4212892055511475,-5,108,-49,3.095996141433716,21.265233993530273,16.14033317565918
23,-32,-89,2.4356446266174316,-19.174121856689453,0.7129883170127869,46,-50,67,2.9380860328674316,19.044921875,14.06357479095459
15,-57,-165,2.430859327316284,-12.336133003234863,-2.210742235183716,37,-157,140,1.17236328125,12.728515625,7.101171970367432
83,-56,-190,3.3017578125,-5.019629001617432,-4.024316310882568,6,-191,155,0.7129883170127869,6.153710842132568,-0.756054699420929
77,-50,-125,4.689453125,3.2826173305511475,-4.1630859375,-17,-137,104,1.8757812976837158,0.6507812738418579,-8.412304878234863
-5,-20,10,5.900097846984863,8.96738338470459,-5.837890625,-20,-20,0,2.60791015625,-2.928515672683716,-12.876855850219727
-76,8,157,4.670312404632568,5.368945598602295,-6.115429878234863,-31,84,-110,2.5648438930511475,-1.9092774391174316,-10.752245903015137
-116,36,265,1.69873046875,-1.3541992902755737,-6.235058784484863,-5,165,-201,2.138964891433716,2.4834961891174316,-6.306836128234863
-52,71,267,-0.4258789122104645,-17.331836700439453,-6.134570598602295,8,173,-220,1.918847680091858,13.092187881469727,4.33056640625
7,64,90,-0.5694336295127869,-29.146387100219727,-1.052734375,29,77,-132,4.742089748382568,25.3134765625,10.972363471984863
-6,-11,-91,0.756054699420929,-21.7724609375,1.406835913658142,49,-45,39,2.784960985183716,21.322656631469727,11.498730659484863
12,-62,-181,1.69873046875,-12.374414443969727,-0.535937488079071,-1,-125,136,2.091113328933716,13.503710746765137,4.579394817352295
62,-81,-190,3.1390626430511475,-4.584179878234863,-3.2012696266174316,-8,-149,138,1.2297852039337158,6.861914157867432,-0.923535168170929
76,-69,-131,4.8330078125,0.894824206829071,-4.722949504852295,-21,-131,112,1.703515648841858,3.694140672683716,-5.364160060882568
37,-38,-41,6.416894435882568,4.9287109375,-5.751758098602295,-5,-72,46,3.2969727516174316,0.48808595538139343,-11.034570693969727
-58,1,80,6.522168159484863,6.397754192352295,-7.53662109375,7,41,-38,3.2347657680511475,0.559863269329071,-13.46543025970459
-108,42,191,3.9525392055511475,0.2918945252895355,-7.589258193969727,6,162,-125,1.9475586414337158,1.9044922590255737,-9.766504287719727
-96,85,226,1.512109398841858,-12.51318359375,-5.565136909484863,-3,246,-184,-0.34931641817092896,7.239941596984863,-1.9140625
-16,91,115,2.79931640625,-24.25117301940918,-1.440332055091858,-54,203,-128,-0.0047851563431322575,17.810352325439453,11.331250190734863
39,26,-47,3.8568360805511475,-21.490137100219727,2.5313477516174316,-7,36,-10,2.3973634243011475,19.375097274780273,17.915624618530273
53,-48,-132,2.9715821743011475,-13.302734375,1.1580078601837158,33,-108,75,2.473925828933716,16.805469512939453,11.785840034484863
87,-89,-153,3.51708984375,-6.833203315734863,-1.9523438215255737,26,-185,123,0.631640613079071,10.4794921875,3.9525392055511475
84,-97,-122,4.440625190734863,-1.65087890625,-4.789941310882568,15,-190,118,0.799121081829071,5.182324409484863,-2.186816453933716
28,-72,-58,5.713476657867432,2.933300733566284,-7.426562786102295,-15,-139,74,2.6509766578674316,0.540722668170929,-10.182812690734863
-27,-21,34,6.7470703125,5.1201171875,-8.192187309265137,-11,-24,-3,3.387890577316284,-0.2823242247104645,-14.97275447845459
-88,34,140,6.034081935882568,2.569628953933716,-7.364355564117432,-17,120,-84,2.5313477516174316,0.669921875,-11.69492244720459
-112,80,210,3.7372071743011475,-5.053124904632568,-5.081836223602295,-9,222,-154,0.7464843988418579,4.115234375,-5.072265625
-30,100,201,3.287402391433716,-14.47031307220459,-2.3399415016174316,-39,227,-157,-0.06699218600988388,12.570605278015137,6.608300685882568
21,70,97,2.8519532680511475,-22.5859375,1.435546875,-28,96,-64,1.1580078601837158,19.236328125,17.867773056030273
22,-23,-49,3.3448243141174316,-19.016210556030273,2.8232421875,58,-81,39,2.402148485183716,18.087890625,15.771875381469727
27,-81,-137,3.3783204555511475,-11.685351371765137,-0.93310546875,44,-186,123,1.239355444908142,12.206933975219727,5.871387004852295
39,-90,-152,5.129687786102295,-3.923828125,-4.598535060882568,17,-187,125,1.6173828840255737,5.90966796875,-4.100879192352295
22,-52,-108,7.024609565734863,0.7608398795127869,-6.129785060882568,-7,-124,86,2.9189453125,1.679589867591858,-10.158886909484863
3,-6,-23,7.311718940734863,4.320996284484863,-5.608203411102295,11,-3,5,4.325781345367432,0.14833985269069672,-12.2978515625
-62,29,95,6.397754192352295,3.0912110805511475,-5.617773532867432,15,116,-83,3.51708984375,1.320703148841858,-9.63730525970459
-100,62,187,4.502831935882568,-1.765722632408142,-5.684765815734863,-3,197,-138,1.3302735090255737,4.957421779632568,-4.5458984375
-89,88,212,2.0145509243011475,-9.555956840515137,-3.3687500953674316,-47,224,-124,0.20097656548023224,11.020215034484863,3.9142580032348633
-32,66,137,1.655664086341858,-20.5283203125,0.06699218600988388,-27,131,-68,2.162890672683716,15.030176162719727,13.99658203125
12,0,-10,2.928515672683716,-20.26513671875,2.569628953933716,29,-23,-1,3.8759765625,15.76708984375,15.67138671875
10,-64,-102,4.651172161102295,-14.245409965515137,0.32060548663139343,37,-143,54,3.1055665016174316,14.192773818969727,9.16357421875
42,-93,-133,4.799511909484863,-8.263964653015137,-1.488183617591858,17,-196,97,2.0384767055511475,10.268945693969727,1.7561523914337158
53,-87,-106,5.627343654632568,-2.6844727993011475,-4.478906154632568,8,-189,97,2.3973634243011475,5.928808689117432,-4.52197265625
35,-53,-51,6.57958984375,1.000097632408142,-6.924121379852295,1,-121,70,3.407031297683716,2.4117188453674316,-10.06796932220459
-26,5,34,6.656152248382568,3.5840821266174316,-8.196972846984863,31,-2,-4,4.153515815734863,0.27753907442092896,-12.60888671875
-72,64,124,4.885644435882568,0.947460949420929,-6.967187404632568,0,122,-79,2.981152296066284,1.416406273841858,-9.244921684265137
-95,100,196,2.8758790493011475,-4.531543254852295,-4.9287109375,-19,207,-139,1.3972656726837158,3.99560546875,-4.852148532867432
-27,93,184,2.282519578933716,-14.341113090515137,-1.296777367591858,-31,227,-156,0.923535168170929,10.47470760345459,3.7707033157348633
4,46,75,1.8279297351837158,-22.404102325439453,3.0816407203674316,-10,133,-90,2.143749952316284,17.82470703125,14.11142635345459
19,-45,-55,3.0098633766174316,-18.06396484375,3.42138671875,41,-25,16,3.148632764816284,18.504199981689453,14.37460994720459
9,-104,-125,3.6893556118011475,-12.283495903015137,0.07656250149011612,43,-141,99,2.048046827316284,14.451171875,8.4697265625
55,-113,-156,4.09130859375,-7.283008098602295,-3.6558594703674316,18,-197,139,1.36376953125,8.8525390625,1.5695313215255737
50,-88,-124,5.254101753234863,-1.081445336341858,-6.775781154632568,16,-175,118,2.6844727993011475,4.397558689117432,-5.871387004852295
5,-24,-45,6.608300685882568,3.4883790016174316,-8.22568416595459,15,-65,58,3.5936524868011475,0.09091796725988388,-13.642480850219727
-40,44,59,6.751855373382568,4.512402534484863,-7.20166015625,-8,75,-19,3.598437547683716,-0.2392578125,-12.1064453125
-116,95,158,4.608105659484863,-0.6986328363418579,-6.680078029632568,-12,175,-100,2.8758790493011475,0.5933594107627869,-6.895410060882568
-109,110,195,3.024218797683716,-11.19248104095459,-3.9190430641174316,-4,219,-163,1.622167944908142,6.7470703125,0.5933594107627869
-25,75,110,3.61279296875,-19.80097770690918,0.69384765625,0,161,-140,2.186816453933716,15.661816596984863,10.225878715515137
21,-2,-26,4.28271484375,-18.6142578125,3.1055665016174316,40,21,-22,3.555371046066284,19.724414825439453,14.81005859375
21,-69,-106,4.469336032867432,-11.489160537719727,0.7225586175918579,27,-109,83,3.158203125,15.293359756469727,9.25449275970459
40,-89,-130,5.19189453125,-6.617871284484863,-2.296875,9,-180,119,1.72265625,8.694628715515137,2.837597608566284
53,-75,-99,6.278125286102295,-0.9283203482627869,-4.421484470367432,3,-169,94,2.9476563930511475,3.4883790016174316,-5.282812595367432
4,-33,-13,7.436132907867432,4.086523532867432,-6.613086223602295,-6,-66,31,4.454980373382568,0.4498046934604645,-12.192578315734863
-63,27,93,6.732715129852295,3.4931640625,-7.546191692352295,-12,66,-51,4.024316310882568,1.0862305164337158,-10.828808784484863
-95,69,181,4.837792873382568,-0.7608398795127869,-6.302051067352295,-15,163,-118,2.545703172683716,2.7801759243011475,-6.9384765625
-84,81,209,1.990625023841858,-13.049120903015137,-3.7802734375,-4,201,-150,2.41650390625,10.158886909484863,3.1294922828674316
3,49,85,3.6319336891174316,-22.375391006469727,-0.9618164300918579,9,102,-76,3.13427734375,18.475488662719727,13.723828315734863
15,-18,-67,4.871289253234863,-18.331933975219727,1.9236328601837158,54,-44,53,3.670214891433716,19.27461051940918,12.32177734375
37,-66,-169,4.512402534484863,-13.27402400970459,-0.08613281697034836,9,-147,139,2.832812547683716,12.685449600219727,5.775683879852295
97,-89,-204,4.507617473602295,-6.402539253234863,-2.550488233566284,-17,-191,146,1.942773461341858,6.660937786102295,-0.3397460877895355
109,-89,-141,4.85693359375,0.8326172232627869,-4.502831935882568,-10,-168,93,3.435742139816284,1.813574194908142,-6.737500190734863
40,-43,-16,6.120214939117432,5.651269435882568,-8.11083984375,10,-72,19,4.56982421875,-0.27275392413139343,-11.785840034484863
-46,23,106,6.086719036102295,6.000586032867432,-9.532031059265137,7,62,-61,4.120019435882568,-0.3780273497104645,-13.197461128234863
-105,78,218,3.8233399391174316,2.813671827316284,-7.024609565734863,-7,205,-138,1.765722632408142,1.622167944908142,-11.034570693969727
-127,92,263,2.282519578933716,-11.69492244720459,-2.1485352516174316,-48,287,-175,-0.16269531846046448,7.015038967132568,2.2442383766174316
-16,70,132,4.273144721984863,-26.059961318969727,0.22011719644069672,-71,175,-111,2.258593797683716,16.24560546875,16.312597274780273
25,9,-62,4.679883003234863,-23.452051162719727,2.392578125,36,-21,-2,3.4883790016174316,19.676563262939453,17.34619140625
67,-51,-180,3.37353515625,-13.3984375,1.1627930402755737,54,-161,100,2.9715821743011475,14.833984375,8.39794921875
109,-97,-195,3.268261671066284,-3.63671875,-1.1484375,44,-212,142,1.4020508527755737,8.34531307220459,0.25361329317092896
77,-99,-118,4.454980373382568,3.2012696266174316,-5.086621284484863,25,-180,125,2.12939453125,2.8758790493011475,-5.943164348602295
14,-51,-12,5.651269435882568,4.651172161102295,-8.49365234375,15,-80,55,4.215722560882568,-0.5550781488418579,-10.388574600219727
-60,10,81,6.072363376617432,2.9189453125,-8.862109184265137,0,42,-38,4.823437690734863,-1.53125,-11.642285346984863
-112,61,171,5.273242473602295,1.6843750476837158,-7.220800876617432,-15,177,-132,3.5458009243011475,-0.19140625,-11.465234756469727
-143,104,258,2.5791993141174316,-4.895215034484863,-3.9190430641174316,-81,288,-179,0.22968751192092896,4.675097942352295,-1.53125
-50,77,223,3.459667921066284,-16.637989044189453,0.03828125074505806,-81,243,-164,-0.01914062537252903,11.680566787719727,11.28818416595459
-17,30,69,3.5936524868011475,-25.442676544189453,1.4211914539337158,-12,72,-63,1.4738281965255737,19.384668350219727,18.5185546875
9,-34,-117,3.478808641433716,-21.973438262939453,0.20576171576976776,38,-89,48,3.1103515625,17.09736442565918,14.345898628234863
50,-73,-220,3.627148389816284,-11.943750381469727,-1.143652319908142,57,-201,127,1.918847680091858,12.264355659484863,7.335644721984863
108,-88,-221,4.072167873382568,-2.32080078125,-2.957226514816284,43,-238,156,1.024023413658142,5.794824123382568,-0.607714831829071
72,-70,-120,5.316308498382568,5.95751953125,-6.833203315734863,20,-188,117,2.665332078933716,1.5647461414337158,-7.1298828125
-28,0,27,5.703906536102295,8.08212947845459,-9.800000190734863,22,-53,27,4.947851657867432,-1.7083008289337158,-13.68076229095459
-103,68,145,5.273242473602295,5.914453029632568,-9.029589653015137,-7,108,-65,4.239648342132568,-1.047949194908142,-12.087305068969727
-150,109,245,2.6509766578674316,0.540722668170929,-6.885839939117432,-42,238,-138,1.0192383527755737,1.8327149152755737,-6.29248046875
-101,111,271,0.6507812738418579,-14.56601619720459,-1.296777367591858,-105,289,-143,-0.55029296875,8.22568416595459,6.134570598602295
33,64,118,2.0767579078674316,-27.57685661315918,3.08642578125,-31,135,-77,3.0816407203674316,15.853222846984863,20.872852325439453
42,-35,-79,3.148632764816284,-22.69599723815918,3.66064453125,90,-78,10,5.00048828125,15.948925971984863,18.202733993530273
65,-100,-185,3.4022462368011475,-12.17822265625,0.4354492127895355,69,-198,96,3.0433595180511475,12.00595760345459,7.531836032867432
116,-123,-192,4.694238185882568,-2.51220703125,-3.1055665016174316,33,-222,115,2.4404296875,6.191992282867432,-2.071972608566284
75,-98,-106,6.31640625,5.536426067352295,-6.900195598602295,9,-158,82,3.5123047828674316,2.2298829555511475,-8.378808975219727
-45,-18,24,6.369042873382568,6.967187404632568,-9.986620903015137,20,-16,2,4.718163967132568,-0.69384765625,-12.790722846984863
-88,54,137,4.943066596984863,4.622460842132568,-8.49365234375,0,118,-80,3.765918016433716,-0.34931641817092896,-10.048828125
-155,95,257,1.679589867591858,-0.8134765625,-6.230273723602295,-22,222,-157,0.6986328363418579,2.6988282203674316,-4.971777439117432
-93,109,270,1.1867188215255737,-15.776660919189453,-1.1388672590255737,-86,256,-158,-2.186816453933716,9.06308650970459,5.842675685882568
17,78,120,2.957226514816284,-28.428613662719727,4.531543254852295,-43,124,-99,2.6605470180511475,15.33642578125,18.743457794189453
64,-25,-71,3.22998046875,-22.294042587280273,3.765918016433716,75,-74,-20,5.737402439117432,18.31757926940918,19.236328125
75,-94,-179,2.143749952316284,-13.982226371765137,0.11962890625,89,-213,92,3.32568359375,15.173730850219727,9.321484565734863
120,-134,-197,2.3877930641174316,-3.9142580032348633,-2.5791993141174316,57,-249,146,0.8326172232627869,8.17783260345459,0.0
73,-130,-125,4.699023723602295,1.4833984375,-5.617773532867432,0,-196,131,1.272851586341858,3.718066453933716,-6.852344036102295
21,-79,-40,6.34033203125,4.368847846984863,-8.139551162719727,-15,-94,70,3.1869142055511475,0.05742187798023224,-10.8623046875
-35,-10,46,6.981543064117432,4.277929782867432,-7.388281345367432,12,23,-17,4.416699409484863,-0.20097656548023224,-11.039355278015137
-109,38,140,5.967090129852295,2.775390625,-6.62744140625,6,119,-93,4.177441596984863,0.583789050579071,-9.35498046875
-144,72,226,3.8903322219848633,-1.93798828125,-5.837890625,5,196,-153,2.6031250953674316,4.28271484375,-6.129785060882568
-126,106,275,0.7177734375,-10.986719131469727,-3.6175782680511475,-18,242,-162,0.09091796725988388,10.302441596984863,1.751367211341858
-42,73,168,2.36865234375,-25.547948837280273,-0.287109375,-23,158,-98,1.8853516578674316,17.054296493530273,13.85302734375
1,-2,-37,3.287402391433716,-25.021581649780273,-0.4498046934604645,37,-14,-10,3.8089845180511475,18.068750381469727,17.867773056030273
52,-46,-173,2.6796875,-14.80527400970459,-1.818359375,46,-150,81,2.75146484375,15.54697322845459,9.991406440734863
116,-80,-204,3.244335889816284,-4.890429973602295,-1.8853516578674316,13,-197,132,1.416406273841858,9.76171875,0.37324219942092896
119,-94,-136,4.7373046875,2.2490234375,-3.646289110183716,-20,-158,121,1.9140625,4.277929782867432,-7.019824504852295
43,-62,-28,6.369042873382568,4.847363471984863,-6.713574409484863,-33,-74,67,3.3017578125,-0.5311523675918579,-10.88623046875
-31,-8,67,6.895410060882568,4.096093654632568,-7.737597942352295,0,31,-28,4.014746189117432,-0.478515625,-10.699609756469727
-109,38,155,6.249413967132568,1.79443359375,-7.4169921875,14,119,-112,3.837695360183716,0.779980480670929,-9.000879287719727
-162,88,230,4.13916015625,-3.220410108566284,-8.067773818969727,31,190,-173,2.0528321266174316,5.656054973602295,-5.4072265625
-172,129,266,0.851757824420929,-15.915430068969727,-6.096289157867432,25,216,-192,0.59814453125,12.02988338470459,2.928515672683716
-13,107,100,0.631640613079071,-27.466796875,-1.55517578125,-10,112,-90,0.7608398795127869,20.705371856689453,15.996777534484863
49,23,-100,0.870898425579071,-20.944629669189453,0.679492175579071,47,-54,35,1.7370117902755737,19.83447265625,15.896289825439453
83,-55,-199,1.45947265625,-12.84335994720459,0.9522461295127869,33,-170,126,0.559863269329071,15.513477325439453,8.196972846984863
154,-124,-206,2.909374952316284,-3.3974609375,-1.583886742591858,-13,-216,163,0.3158203065395355,8.886034965515137,-0.2392578125
109,-122,-109,6.019726753234863,5.033984661102295,-7.44091796875,-49,-178,134,2.4404296875,2.2777345180511475,-8.99609375
1,-22,16,7.187304973602295,7.65625,-11.62314510345459,-33,-65,53,4.024316310882568,-2.10546875,-15.125879287719727
-110,76,134,6.34033203125,5.579492092132568,-10.087109565734863,-8,74,-50,2.9715821743011475,-1.4833984375,-14.54209041595459
-184,120,232,3.8233399391174316,-0.607714831829071,-6.967187404632568,14,195,-152,1.02880859375,1.1867188215255737,-9.177929878234863
-92,117,251,1.3015625476837158,-13.1591796875,-2.5552735328674316,-8,248,-191,-0.679492175579071,9.35019588470459,1.9236328601837158
11,70,138,-0.12441406399011612,-24.47607421875,-0.02871093899011612,-22,151,-109,1.02880859375,19.829687118530273,16.393945693969727
49,-25,-63,-0.02392578125,-23.298925399780273,2.502636671066284,51,-27,30,2.569628953933716,21.31787109375,17.762500762939453
66,-107,-173,1.4690430164337158,-13.42236328125,0.9666016101837158,26,-150,137,1.4738281965255737,14.800488471984863,8.44101619720459
110,-148,-194,3.61279296875,-6.622656345367432,-2.7275390625,-8,-191,158,1.095800757408142,7.785449504852295,-0.559863269329071
122,-139,-148,5.507714748382568,0.07177734375,-6.091504096984863,-30,-164,124,2.7275390625,2.3973634243011475,-7.63232421875
60,-76,-66,7.120312690734863,4.277929782867432,-8.79990291595459,-7,-75,58,3.6893556118011475,-0.9666016101837158,-12.647168159484863
-13,8,39,7.077246189117432,6.780566692352295,-9.37412166595459,26,50,-39,3.6319336891174316,-1.1149414777755737,-12.6328125
-105,70,168,4.766015529632568,4.344922065734863,-7.929004192352295,22,167,-137,2.359081983566284,0.46894532442092896,-9.06787109375
-151,111,271,0.31103515625,-3.5362305641174316,-6.680078029632568,-9,247,-193,0.23447266221046448,5.512500286102295,-2.426074266433716
-55,118,225,0.8182617425918579,-22.160058975219727,1.512109398841858,-59,210,-141,0.846972644329071,16.049413681030273,11.489160537719727
39,30,38,5.1201171875,-27.667774200439453,5.608203411102295,19,42,-40,3.2586915493011475,20.140722274780273,19.619140625
49,-77,-119,3.80419921875,-19.135839462280273,1.9714844226837158,76,-108,67,3.789843797683716,18.097461700439453,13.03476619720459
108,-130,-201,1.823144555091858,-9.5703125,-1.9619140625,42,-187,146,2.12939453125,11.417383193969727,3.885546922683716
116,-135,-182,3.25390625,-0.8565430045127869,-5.182324409484863,1,-181,157,1.3254883289337158,5.182324409484863,-4.129590034484863
58,-92,-92,5.818749904632568,4.215722560882568,-8.622851371765137,-14,-108,99,2.4212892055511475,0.22968751192092896,-10.125391006469727
-7,-14,16,6.670507907867432,4.95263671875,-9.13486385345459,10,12,3,3.7754883766174316,-1.4020508527755737,-12.0107421875
-80,51,126,5.756543159484863,3.25390625,-7.670605659484863,14,115,-94,3.61279296875,-1.0192383527755737,-9.25927734375
-144,92,215,4.177441596984863,-0.9426758289337158,-6.421679973602295,11,189,-173,1.50732421875,3.603222608566284,-5.617773532867432
-115,129,250,2.2920899391174316,-8.498437881469727,-3.0194337368011475,-4,234,-187,0.861328125,11.015429496765137,2.383007764816284
-57,118,173,2.6844727993011475,-21.298730850219727,2.87109375,-34,153,-89,3.2969727516174316,18.336719512939453,13.72861385345459
19,28,8,3.837695360183716,-25.83984375,3.981250047683716,37,-28,2,4.756445407867432,17.81513786315918,18.331933975219727
35,-61,-133,2.354296922683716,-17.41796875,1.1484375,56,-167,91,2.622265577316284,14.8818359375,10.962793350219727
88,-108,-189,1.9236328601837158,-8.134765625,-1.3972656726837158,19,-215,140,1.2776367664337158,9.919629096984863,0.5072265863418579
103,-121,-153,4.306640625,-0.009570312686264515,-3.7611329555511475,-15,-183,137,1.559960961341858,5.225390911102295,-5.665625095367432
60,-88,-69,6.876269817352295,5.330664157867432,-7.574902534484863,-26,-120,92,2.6988282203674316,0.6268554925918579,-10.3359375
-45,-2,52,6.952832221984863,5.9814453125,-10.49863338470459,6,0,-3,3.8807618618011475,-1.435546875,-13.03955078125
-140,88,188,3.94775390625,4.167870998382568,-10.536913871765137,-5,129,-100,2.689257860183716,-0.7369140982627869,-11.283398628234863
-182,150,286,-0.49287110567092896,-3.4022462368011475,-7.421777725219727,0,237,-185,-0.4306640625,3.25390625,-6.641797065734863
-136,156,241,0.03349609300494194,-21.341796875,2.430859327316284,-48,284,-187,-1.272851586341858,10.55126953125,3.85205078125
36,47,30,4.239648342132568,-30.907325744628906,4.038671970367432,-69,169,-90,1.5886719226837158,18.360645294189453,18.753026962280273
102,-68,-119,2.201171875,-17.891698837280273,2.27294921875,53,-43,4,4.675097942352295,19.15498161315918,20.39912223815918
106,-121,-194,1.009667992591858,-12.862500190734863,-1.670019507408142,52,-192,113,2.6749024391174316,15.537403106689453,11.38388729095459
121,-143,-198,2.646191358566284,-4.2109375,-4.488476753234863,31,-240,159,0.55029296875,9.053515434265137,1.8757812976837158
81,-120,-147,4.7373046875,1.454687476158142,-7.091601848602295,-18,-211,152,1.119726538658142,3.502734422683716,-6.560449123382568
20,-51,-53,6.349902629852295,6.287695407867432,-9.718652725219727,-20,-102,89,2.287304639816284,-1.047949194908142,-13.94873046875
-44,35,67,6.2685546875,6.19677734375,-8.857324600219727,1,63,-22,2.473925828933716,-2.071972608566284,-13.929590225219727
-132,96,197,3.4740235805511475,3.2012696266174316,-7.84765625,-13,194,-129,0.6747070550918579,-1.33984375,-9.18271541595459
-161,132,290,-0.3636718690395355,-3.0337891578674316,-6.062793254852295,-26,279,-206,-2.46435546875,3.4500977993011475,-2.593554735183716
-84,131,259,-0.50244140625,-20.31298828125,1.2919921875,-57,255,-183,-1.215429663658142,13.915234565734863,12.001172065734863
21,42,65,3.7037110328674316,-30.883399963378906,7.460058689117432,22,43,-74,3.1151368618011475,20.068944931030273,24.978515625
31,-77,-110,3.478808641433716,-20.98291015625,5.244531154632568,139,-146,43,3.430957078933716,19.45166015625,17.805566787719727
94,-136,-196,2.359081983566284,-12.27392578125,-0.19140625,79,-237,155,0.32539063692092896,13.0634765625,5.737402439117432
124,-146,-195,3.2586915493011475,-4.335351467132568,-4.397558689117432,17,-231,187,-0.2823242247104645,6.680078029632568,-2.99072265625
74,-111,-141,4.746875286102295,1.392480492591858,-7.8955078125,-20,-158,140,1.1340820789337158,0.875683605670929,-10.106249809265137
10,-40,-54,5.947949409484863,6.359472751617432,-10.245019912719727,1,-26,44,2.3973634243011475,-1.1819336414337158,-14.097070693969727
-52,34,63,5.713476657867432,6.53173828125,-8.598925590515137,-6,111,-57,2.6509766578674316,-1.392480492591858,-11.757128715515137
-152,90,203,2.8519532680511475,3.2730469703674316,-7.771093845367432,-20,220,-141,1.1149414777755737,0.88525390625,-6.684863567352295
-172,125,290,0.07177734375,-5.7421875,-6.134570598602295,-38,286,-184,-0.83740234375,6.48388671875,0.851757824420929
-73,120,222,2.0289063453674316,-22.236621856689453,2.4212892055511475,-56,219,-120,1.717871069908142,14.833984375,13.819531440734863
